src,tgt,rel,data
claim:0000,entity:unknown,ABOUT,"{""rel"":""ABOUT"",""source"":""claim:0000"",""target"":""entity:unknown""}"
claim:0000,metric:active_billing_accounts,MEASURES,"{""rel"":""MEASURES"",""source"":""claim:0000"",""target"":""metric:active_billing_accounts""}"
claim:0000,perimeter:unknown,SCOPED_TO,"{""rel"":""SCOPED_TO"",""source"":""claim:0000"",""target"":""perimeter:unknown""}"
claim:0000,source:src-cim,FROM_SOURCE,"{""rel"":""FROM_SOURCE"",""source"":""claim:0000"",""target"":""source:src-cim""}"
claim:0000,area:customer,IN_AREA,"{""rel"":""IN_AREA"",""source"":""claim:0000"",""target"":""area:customer""}"
claim:0000,claim:0001,SUPPORTS,"{""rel"":""SUPPORTS"",""source"":""claim:0000"",""target"":""claim:0001""}"
claim:0000,claim:0003,SUPPORTS,"{""rel"":""SUPPORTS"",""source"":""claim:0000"",""target"":""claim:0003""}"
claim:0001,entity:unknown,ABOUT,"{""rel"":""ABOUT"",""source"":""claim:0001"",""target"":""entity:unknown""}"
claim:0001,metric:customer_concentration,MEASURES,"{""rel"":""MEASURES"",""source"":""claim:0001"",""target"":""metric:customer_concentration""}"
claim:0001,perimeter:unknown,SCOPED_TO,"{""rel"":""SCOPED_TO"",""source"":""claim:0001"",""target"":""perimeter:unknown""}"
claim:0001,source:src-cim,FROM_SOURCE,"{""rel"":""FROM_SOURCE"",""source"":""claim:0001"",""target"":""source:src-cim""}"
claim:0001,area:customer,IN_AREA,"{""rel"":""IN_AREA"",""source"":""claim:0001"",""target"":""area:customer""}"
claim:0001,claim:0064,CONTRADICTS,"{""rel"":""CONTRADICTS"",""source"":""claim:0001"",""target"":""claim:0064""}"
claim:0002,entity:alderstone_standalone,ABOUT,"{""rel"":""ABOUT"",""source"":""claim:0002"",""target"":""entity:alderstone_standalone""}"
claim:0002,metric:acquisition_count,MEASURES,"{""rel"":""MEASURES"",""source"":""claim:0002"",""target"":""metric:acquisition_count""}"
claim:0002,perimeter:alderstone_standalone,SCOPED_TO,"{""rel"":""SCOPED_TO"",""source"":""claim:0002"",""target"":""perimeter:alderstone_standalone""}"
claim:0002,source:src-cim,FROM_SOURCE,"{""rel"":""FROM_SOURCE"",""source"":""claim:0002"",""target"":""source:src-cim""}"
claim:0002,author:management,BY_AUTHOR,"{""rel"":""BY_AUTHOR"",""source"":""claim:0002"",""target"":""author:management""}"
claim:0002,area:operations,IN_AREA,"{""rel"":""IN_AREA"",""source"":""claim:0002"",""target"":""area:operations""}"
claim:0003,entity:unknown,ABOUT,"{""rel"":""ABOUT"",""source"":""claim:0003"",""target"":""entity:unknown""}"
claim:0003,metric:customer_contract_terms,MEASURES,"{""rel"":""MEASURES"",""source"":""claim:0003"",""target"":""metric:customer_contract_terms""}"
claim:0003,perimeter:unknown,SCOPED_TO,"{""rel"":""SCOPED_TO"",""source"":""claim:0003"",""target"":""perimeter:unknown""}"
claim:0003,source:src-cim,FROM_SOURCE,"{""rel"":""FROM_SOURCE"",""source"":""claim:0003"",""target"":""source:src-cim""}"
claim:0003,author:management,BY_AUTHOR,"{""rel"":""BY_AUTHOR"",""source"":""claim:0003"",""target"":""author:management""}"
claim:0003,area:customer,IN_AREA,"{""rel"":""IN_AREA"",""source"":""claim:0003"",""target"":""area:customer""}"
claim:0004,entity:unknown,ABOUT,"{""rel"":""ABOUT"",""source"":""claim:0004"",""target"":""entity:unknown""}"
claim:0004,metric:systems_integration_risk,MEASURES,"{""rel"":""MEASURES"",""source"":""claim:0004"",""target"":""metric:systems_integration_risk""}"
claim:0004,perimeter:unknown,SCOPED_TO,"{""rel"":""SCOPED_TO"",""source"":""claim:0004"",""target"":""perimeter:unknown""}"
claim:0004,source:src-cim,FROM_SOURCE,"{""rel"":""FROM_SOURCE"",""source"":""claim:0004"",""target"":""source:src-cim""}"
claim:0004,author:management,BY_AUTHOR,"{""rel"":""BY_AUTHOR"",""source"":""claim:0004"",""target"":""author:management""}"
claim:0004,area:operations,IN_AREA,"{""rel"":""IN_AREA"",""source"":""claim:0004"",""target"":""area:operations""}"
claim:0005,entity:unknown,ABOUT,"{""rel"":""ABOUT"",""source"":""claim:0005"",""target"":""entity:unknown""}"
claim:0005,metric:key_person_risk,MEASURES,"{""rel"":""MEASURES"",""source"":""claim:0005"",""target"":""metric:key_person_risk""}"
claim:0005,perimeter:unknown,SCOPED_TO,"{""rel"":""SCOPED_TO"",""source"":""claim:0005"",""target"":""perimeter:unknown""}"
claim:0005,source:src-cim,FROM_SOURCE,"{""rel"":""FROM_SOURCE"",""source"":""claim:0005"",""target"":""source:src-cim""}"
claim:0005,author:management,BY_AUTHOR,"{""rel"":""BY_AUTHOR"",""source"":""claim:0005"",""target"":""author:management""}"
claim:0005,area:governance,IN_AREA,"{""rel"":""IN_AREA"",""source"":""claim:0005"",""target"":""area:governance""}"
claim:0006,entity:unknown,ABOUT,"{""rel"":""ABOUT"",""source"":""claim:0006"",""target"":""entity:unknown""}"
claim:0006,metric:integration_risk,MEASURES,"{""rel"":""MEASURES"",""source"":""claim:0006"",""target"":""metric:integration_risk""}"
claim:0006,perimeter:unknown,SCOPED_TO,"{""rel"":""SCOPED_TO"",""source"":""claim:0006"",""target"":""perimeter:unknown""}"
claim:0006,source:src-cim,FROM_SOURCE,"{""rel"":""FROM_SOURCE"",""source"":""claim:0006"",""target"":""source:src-cim""}"
claim:0006,author:management,BY_AUTHOR,"{""rel"":""BY_AUTHOR"",""source"":""claim:0006"",""target"":""author:management""}"
claim:0006,area:operations,IN_AREA,"{""rel"":""IN_AREA"",""source"":""claim:0006"",""target"":""area:operations""}"
claim:0007,entity:unknown,ABOUT,"{""rel"":""ABOUT"",""source"":""claim:0007"",""target"":""entity:unknown""}"
claim:0007,metric:ebitda,MEASURES,"{""rel"":""MEASURES"",""source"":""claim:0007"",""target"":""metric:ebitda""}"
claim:0007,period:fy2025a,IN_PERIOD,"{""rel"":""IN_PERIOD"",""source"":""claim:0007"",""target"":""period:fy2025a""}"
claim:0007,perimeter:unknown,SCOPED_TO,"{""rel"":""SCOPED_TO"",""source"":""claim:0007"",""target"":""perimeter:unknown""}"
claim:0007,source:src-dr,FROM_SOURCE,"{""rel"":""FROM_SOURCE"",""source"":""claim:0007"",""target"":""source:src-dr""}"
claim:0007,claim:0142,TRACKS,"{""rel"":""TRACKS"",""source"":""claim:0007"",""target"":""claim:0142""}"
claim:0007,claim:0249,TRACKS,"{""rel"":""TRACKS"",""source"":""claim:0007"",""target"":""claim:0249""}"
claim:0007,claim:0250,TRACKS,"{""rel"":""TRACKS"",""source"":""claim:0007"",""target"":""claim:0250""}"
claim:0008,entity:unknown,ABOUT,"{""rel"":""ABOUT"",""source"":""claim:0008"",""target"":""entity:unknown""}"
claim:0008,metric:ebitda_margin,MEASURES,"{""rel"":""MEASURES"",""source"":""claim:0008"",""target"":""metric:ebitda_margin""}"
claim:0008,period:fy2025a,IN_PERIOD,"{""rel"":""IN_PERIOD"",""source"":""claim:0008"",""target"":""period:fy2025a""}"
claim:0008,perimeter:unknown,SCOPED_TO,"{""rel"":""SCOPED_TO"",""source"":""claim:0008"",""target"":""perimeter:unknown""}"
claim:0008,source:src-dr,FROM_SOURCE,"{""rel"":""FROM_SOURCE"",""source"":""claim:0008"",""target"":""source:src-dr""}"
claim:0008,claim:0142,TRACKS,"{""rel"":""TRACKS"",""source"":""claim:0008"",""target"":""claim:0142""}"
claim:0009,entity:unknown,ABOUT,"{""rel"":""ABOUT"",""source"":""claim:0009"",""target"":""entity:unknown""}"
claim:0009,metric:net_income,MEASURES,"{""rel"":""MEASURES"",""source"":""claim:0009"",""target"":""metric:net_income""}"
claim:0009,period:fy2025a,IN_PERIOD,"{""rel"":""IN_PERIOD"",""source"":""claim:0009"",""target"":""period:fy2025a""}"
claim:0009,perimeter:unknown,SCOPED_TO,"{""rel"":""SCOPED_TO"",""source"":""claim:0009"",""target"":""perimeter:unknown""}"
claim:0009,source:src-dr,FROM_SOURCE,"{""rel"":""FROM_SOURCE"",""source"":""claim:0009"",""target"":""source:src-dr""}"
claim:0010,entity:unknown,ABOUT,"{""rel"":""ABOUT"",""source"":""claim:0010"",""target"":""entity:unknown""}"
claim:0010,metric:gross_debt,MEASURES,"{""rel"":""MEASURES"",""source"":""claim:0010"",""target"":""metric:gross_debt""}"
claim:0010,period:fy2025a,IN_PERIOD,"{""rel"":""IN_PERIOD"",""source"":""claim:0010"",""target"":""period:fy2025a""}"
claim:0010,perimeter:unknown,SCOPED_TO,"{""rel"":""SCOPED_TO"",""source"":""claim:0010"",""target"":""perimeter:unknown""}"
claim:0010,source:src-dr,FROM_SOURCE,"{""rel"":""FROM_SOURCE"",""source"":""claim:0010"",""target"":""source:src-dr""}"
claim:0010,area:structure,IN_AREA,"{""rel"":""IN_AREA"",""source"":""claim:0010"",""target"":""area:structure""}"
claim:0010,claim:0011,TRACKS,"{""rel"":""TRACKS"",""source"":""claim:0010"",""target"":""claim:0011""}"
claim:0010,claim:0012,TRACKS,"{""rel"":""TRACKS"",""source"":""claim:0010"",""target"":""claim:0012""}"
claim:0010,claim:0237,TRACKS,"{""rel"":""TRACKS"",""source"":""claim:0010"",""target"":""claim:0237""}"
claim:0011,entity:unknown,ABOUT,"{""rel"":""ABOUT"",""source"":""claim:0011"",""target"":""entity:unknown""}"
claim:0011,metric:gross_debt,MEASURES,"{""rel"":""MEASURES"",""source"":""claim:0011"",""target"":""metric:gross_debt""}"
claim:0011,period:fy2026e,IN_PERIOD,"{""rel"":""IN_PERIOD"",""source"":""claim:0011"",""target"":""period:fy2026e""}"
claim:0011,perimeter:unknown,SCOPED_TO,"{""rel"":""SCOPED_TO"",""source"":""claim:0011"",""target"":""perimeter:unknown""}"
claim:0011,source:src-dr,FROM_SOURCE,"{""rel"":""FROM_SOURCE"",""source"":""claim:0011"",""target"":""source:src-dr""}"
claim:0011,area:structure,IN_AREA,"{""rel"":""IN_AREA"",""source"":""claim:0011"",""target"":""area:structure""}"
claim:0011,claim:0012,TRACKS,"{""rel"":""TRACKS"",""source"":""claim:0011"",""target"":""claim:0012""}"
claim:0011,claim:0237,TRACKS,"{""rel"":""TRACKS"",""source"":""claim:0011"",""target"":""claim:0237""}"
claim:0012,entity:unknown,ABOUT,"{""rel"":""ABOUT"",""source"":""claim:0012"",""target"":""entity:unknown""}"
claim:0012,metric:gross_debt,MEASURES,"{""rel"":""MEASURES"",""source"":""claim:0012"",""target"":""metric:gross_debt""}"
claim:0012,period:fy2027e,IN_PERIOD,"{""rel"":""IN_PERIOD"",""source"":""claim:0012"",""target"":""period:fy2027e""}"
claim:0012,perimeter:unknown,SCOPED_TO,"{""rel"":""SCOPED_TO"",""source"":""claim:0012"",""target"":""perimeter:unknown""}"
claim:0012,source:src-dr,FROM_SOURCE,"{""rel"":""FROM_SOURCE"",""source"":""claim:0012"",""target"":""source:src-dr""}"
claim:0012,area:structure,IN_AREA,"{""rel"":""IN_AREA"",""source"":""claim:0012"",""target"":""area:structure""}"
claim:0012,claim:0237,TRACKS,"{""rel"":""TRACKS"",""source"":""claim:0012"",""target"":""claim:0237""}"
claim:0013,entity:unknown,ABOUT,"{""rel"":""ABOUT"",""source"":""claim:0013"",""target"":""entity:unknown""}"
claim:0013,metric:revenue,MEASURES,"{""rel"":""MEASURES"",""source"":""claim:0013"",""target"":""metric:revenue""}"
claim:0013,period:fy2025,IN_PERIOD,"{""rel"":""IN_PERIOD"",""source"":""claim:0013"",""target"":""period:fy2025""}"
claim:0013,perimeter:unknown,SCOPED_TO,"{""rel"":""SCOPED_TO"",""source"":""claim:0013"",""target"":""perimeter:unknown""}"
claim:0013,source:src-dr,FROM_SOURCE,"{""rel"":""FROM_SOURCE"",""source"":""claim:0013"",""target"":""source:src-dr""}"
claim:0013,claim:0035,TRACKS,"{""rel"":""TRACKS"",""source"":""claim:0013"",""target"":""claim:0035""}"
claim:0013,claim:0111,TRACKS,"{""rel"":""TRACKS"",""source"":""claim:0013"",""target"":""claim:0111""}"
claim:0014,entity:unknown,ABOUT,"{""rel"":""ABOUT"",""source"":""claim:0014"",""target"":""entity:unknown""}"
claim:0014,metric:gross_profit,MEASURES,"{""rel"":""MEASURES"",""source"":""claim:0014"",""target"":""metric:gross_profit""}"
claim:0014,period:fy2025,IN_PERIOD,"{""rel"":""IN_PERIOD"",""source"":""claim:0014"",""target"":""period:fy2025""}"
claim:0014,perimeter:unknown,SCOPED_TO,"{""rel"":""SCOPED_TO"",""source"":""claim:0014"",""target"":""perimeter:unknown""}"
claim:0014,source:src-dr,FROM_SOURCE,"{""rel"":""FROM_SOURCE"",""source"":""claim:0014"",""target"":""source:src-dr""}"
claim:0015,entity:unknown,ABOUT,"{""rel"":""ABOUT"",""source"":""claim:0015"",""target"":""entity:unknown""}"
claim:0015,metric:gross_margin,MEASURES,"{""rel"":""MEASURES"",""source"":""claim:0015"",""target"":""metric:gross_margin""}"
claim:0015,period:fy2025,IN_PERIOD,"{""rel"":""IN_PERIOD"",""source"":""claim:0015"",""target"":""period:fy2025""}"
claim:0015,perimeter:unknown,SCOPED_TO,"{""rel"":""SCOPED_TO"",""source"":""claim:0015"",""target"":""perimeter:unknown""}"
claim:0015,source:src-dr,FROM_SOURCE,"{""rel"":""FROM_SOURCE"",""source"":""claim:0015"",""target"":""source:src-dr""}"
claim:0015,claim:0139,TRACKS,"{""rel"":""TRACKS"",""source"":""claim:0015"",""target"":""claim:0139""}"
claim:0015,claim:0140,TRACKS,"{""rel"":""TRACKS"",""source"":""claim:0015"",""target"":""claim:0140""}"
claim:0015,claim:0141,TRACKS,"{""rel"":""TRACKS"",""source"":""claim:0015"",""target"":""claim:0141""}"
claim:0016,entity:unknown,ABOUT,"{""rel"":""ABOUT"",""source"":""claim:0016"",""target"":""entity:unknown""}"
claim:0016,metric:revenue,MEASURES,"{""rel"":""MEASURES"",""source"":""claim:0016"",""target"":""metric:revenue""}"
claim:0016,perimeter:unknown,SCOPED_TO,"{""rel"":""SCOPED_TO"",""source"":""claim:0016"",""target"":""perimeter:unknown""}"
claim:0016,source:src-dr,FROM_SOURCE,"{""rel"":""FROM_SOURCE"",""source"":""claim:0016"",""target"":""source:src-dr""}"
claim:0016,claim:0013,CHALLENGES,"{""rel"":""CHALLENGES"",""source"":""claim:0016"",""target"":""claim:0013""}"
claim:0016,claim:0111,CHALLENGES,"{""rel"":""CHALLENGES"",""source"":""claim:0016"",""target"":""claim:0111""}"
claim:0016,claim:0225,CHALLENGES,"{""rel"":""CHALLENGES"",""source"":""claim:0016"",""target"":""claim:0225""}"
claim:0017,entity:unknown,ABOUT,"{""rel"":""ABOUT"",""source"":""claim:0017"",""target"":""entity:unknown""}"
claim:0017,metric:revenue,MEASURES,"{""rel"":""MEASURES"",""source"":""claim:0017"",""target"":""metric:revenue""}"
claim:0017,perimeter:unknown,SCOPED_TO,"{""rel"":""SCOPED_TO"",""source"":""claim:0017"",""target"":""perimeter:unknown""}"
claim:0017,source:src-dr,FROM_SOURCE,"{""rel"":""FROM_SOURCE"",""source"":""claim:0017"",""target"":""source:src-dr""}"
claim:0017,claim:0013,CHALLENGES,"{""rel"":""CHALLENGES"",""source"":""claim:0017"",""target"":""claim:0013""}"
claim:0017,claim:0111,CHALLENGES,"{""rel"":""CHALLENGES"",""source"":""claim:0017"",""target"":""claim:0111""}"
claim:0017,claim:0225,CHALLENGES,"{""rel"":""CHALLENGES"",""source"":""claim:0017"",""target"":""claim:0225""}"
claim:0018,entity:unknown,ABOUT,"{""rel"":""ABOUT"",""source"":""claim:0018"",""target"":""entity:unknown""}"
claim:0018,metric:revenue,MEASURES,"{""rel"":""MEASURES"",""source"":""claim:0018"",""target"":""metric:revenue""}"
claim:0018,perimeter:unknown,SCOPED_TO,"{""rel"":""SCOPED_TO"",""source"":""claim:0018"",""target"":""perimeter:unknown""}"
claim:0018,source:src-dr,FROM_SOURCE,"{""rel"":""FROM_SOURCE"",""source"":""claim:0018"",""target"":""source:src-dr""}"
claim:0018,claim:0013,CHALLENGES,"{""rel"":""CHALLENGES"",""source"":""claim:0018"",""target"":""claim:0013""}"
claim:0018,claim:0111,CHALLENGES,"{""rel"":""CHALLENGES"",""source"":""claim:0018"",""target"":""claim:0111""}"
claim:0018,claim:0225,CHALLENGES,"{""rel"":""CHALLENGES"",""source"":""claim:0018"",""target"":""claim:0225""}"
claim:0019,entity:unknown,ABOUT,"{""rel"":""ABOUT"",""source"":""claim:0019"",""target"":""entity:unknown""}"
claim:0019,metric:customer_concentration,MEASURES,"{""rel"":""MEASURES"",""source"":""claim:0019"",""target"":""metric:customer_concentration""}"
claim:0019,perimeter:unknown,SCOPED_TO,"{""rel"":""SCOPED_TO"",""source"":""claim:0019"",""target"":""perimeter:unknown""}"
claim:0019,source:src-dr,FROM_SOURCE,"{""rel"":""FROM_SOURCE"",""source"":""claim:0019"",""target"":""source:src-dr""}"
claim:0019,area:customer,IN_AREA,"{""rel"":""IN_AREA"",""source"":""claim:0019"",""target"":""area:customer""}"
claim:0019,claim:0078,CHALLENGES,"{""rel"":""CHALLENGES"",""source"":""claim:0019"",""target"":""claim:0078""}"
claim:0019,claim:0001,SUPPORTS,"{""rel"":""SUPPORTS"",""source"":""claim:0019"",""target"":""claim:0001""}"
claim:0019,claim:0003,SUPPORTS,"{""rel"":""SUPPORTS"",""source"":""claim:0019"",""target"":""claim:0003""}"
claim:0020,entity:riverton_group,ABOUT,"{""rel"":""ABOUT"",""source"":""claim:0020"",""target"":""entity:riverton_group""}"
claim:0020,metric:revenue,MEASURES,"{""rel"":""MEASURES"",""source"":""claim:0020"",""target"":""metric:revenue""}"
claim:0020,period:fy2025a,IN_PERIOD,"{""rel"":""IN_PERIOD"",""source"":""claim:0020"",""target"":""period:fy2025a""}"
claim:0020,perimeter:riverton_group,SCOPED_TO,"{""rel"":""SCOPED_TO"",""source"":""claim:0020"",""target"":""perimeter:riverton_group""}"
claim:0020,source:src-dr,FROM_SOURCE,"{""rel"":""FROM_SOURCE"",""source"":""claim:0020"",""target"":""source:src-dr""}"
claim:0020,claim:0036,TRACKS,"{""rel"":""TRACKS"",""source"":""claim:0020"",""target"":""claim:0036""}"
claim:0020,claim:0037,TRACKS,"{""rel"":""TRACKS"",""source"":""claim:0020"",""target"":""claim:0037""}"
claim:0020,claim:0038,TRACKS,"{""rel"":""TRACKS"",""source"":""claim:0020"",""target"":""claim:0038""}"
claim:0020,claim:0166,CHALLENGES,"{""rel"":""CHALLENGES"",""source"":""claim:0020"",""target"":""claim:0166""}"
claim:0020,claim:0167,CHALLENGES,"{""rel"":""CHALLENGES"",""source"":""claim:0020"",""target"":""claim:0167""}"
claim:0021,entity:riverton_group,ABOUT,"{""rel"":""ABOUT"",""source"":""claim:0021"",""target"":""entity:riverton_group""}"
claim:0021,metric:customer_concentration,MEASURES,"{""rel"":""MEASURES"",""source"":""claim:0021"",""target"":""metric:customer_concentration""}"
claim:0021,period:fy2025a,IN_PERIOD,"{""rel"":""IN_PERIOD"",""source"":""claim:0021"",""target"":""period:fy2025a""}"
claim:0021,perimeter:riverton_group,SCOPED_TO,"{""rel"":""SCOPED_TO"",""source"":""claim:0021"",""target"":""perimeter:riverton_group""}"
claim:0021,source:src-dr,FROM_SOURCE,"{""rel"":""FROM_SOURCE"",""source"":""claim:0021"",""target"":""source:src-dr""}"
claim:0021,area:customer,IN_AREA,"{""rel"":""IN_AREA"",""source"":""claim:0021"",""target"":""area:customer""}"
claim:0021,claim:0022,SUPPORTS,"{""rel"":""SUPPORTS"",""source"":""claim:0021"",""target"":""claim:0022""}"
claim:0022,entity:riverton_group,ABOUT,"{""rel"":""ABOUT"",""source"":""claim:0022"",""target"":""entity:riverton_group""}"
claim:0022,metric:customer_contract_terms,MEASURES,"{""rel"":""MEASURES"",""source"":""claim:0022"",""target"":""metric:customer_contract_terms""}"
claim:0022,period:fy2025a,IN_PERIOD,"{""rel"":""IN_PERIOD"",""source"":""claim:0022"",""target"":""period:fy2025a""}"
claim:0022,perimeter:riverton_group,SCOPED_TO,"{""rel"":""SCOPED_TO"",""source"":""claim:0022"",""target"":""perimeter:riverton_group""}"
claim:0022,source:src-dr,FROM_SOURCE,"{""rel"":""FROM_SOURCE"",""source"":""claim:0022"",""target"":""source:src-dr""}"
claim:0022,area:customer,IN_AREA,"{""rel"":""IN_AREA"",""source"":""claim:0022"",""target"":""area:customer""}"
claim:0023,entity:riverton_group,ABOUT,"{""rel"":""ABOUT"",""source"":""claim:0023"",""target"":""entity:riverton_group""}"
claim:0023,metric:customer_retention,MEASURES,"{""rel"":""MEASURES"",""source"":""claim:0023"",""target"":""metric:customer_retention""}"
claim:0023,period:fy2025a,IN_PERIOD,"{""rel"":""IN_PERIOD"",""source"":""claim:0023"",""target"":""period:fy2025a""}"
claim:0023,perimeter:riverton_group,SCOPED_TO,"{""rel"":""SCOPED_TO"",""source"":""claim:0023"",""target"":""perimeter:riverton_group""}"
claim:0023,source:src-dr,FROM_SOURCE,"{""rel"":""FROM_SOURCE"",""source"":""claim:0023"",""target"":""source:src-dr""}"
claim:0023,area:customer,IN_AREA,"{""rel"":""IN_AREA"",""source"":""claim:0023"",""target"":""area:customer""}"
claim:0023,claim:0022,SUPPORTS,"{""rel"":""SUPPORTS"",""source"":""claim:0023"",""target"":""claim:0022""}"
claim:0024,entity:riverton_group,ABOUT,"{""rel"":""ABOUT"",""source"":""claim:0024"",""target"":""entity:riverton_group""}"
claim:0024,metric:customer_concentration,MEASURES,"{""rel"":""MEASURES"",""source"":""claim:0024"",""target"":""metric:customer_concentration""}"
claim:0024,perimeter:riverton_group,SCOPED_TO,"{""rel"":""SCOPED_TO"",""source"":""claim:0024"",""target"":""perimeter:riverton_group""}"
claim:0024,source:src-dr,FROM_SOURCE,"{""rel"":""FROM_SOURCE"",""source"":""claim:0024"",""target"":""source:src-dr""}"
claim:0024,author:keystone_data_room,BY_AUTHOR,"{""rel"":""BY_AUTHOR"",""source"":""claim:0024"",""target"":""author:keystone_data_room""}"
claim:0024,area:customer,IN_AREA,"{""rel"":""IN_AREA"",""source"":""claim:0024"",""target"":""area:customer""}"
claim:0024,claim:0022,SUPPORTS,"{""rel"":""SUPPORTS"",""source"":""claim:0024"",""target"":""claim:0022""}"
claim:0025,entity:riverton_group,ABOUT,"{""rel"":""ABOUT"",""source"":""claim:0025"",""target"":""entity:riverton_group""}"
claim:0025,metric:customer_concentration,MEASURES,"{""rel"":""MEASURES"",""source"":""claim:0025"",""target"":""metric:customer_concentration""}"
claim:0025,perimeter:riverton_group,SCOPED_TO,"{""rel"":""SCOPED_TO"",""source"":""claim:0025"",""target"":""perimeter:riverton_group""}"
claim:0025,source:src-dr,FROM_SOURCE,"{""rel"":""FROM_SOURCE"",""source"":""claim:0025"",""target"":""source:src-dr""}"
claim:0025,author:keystone_data_room,BY_AUTHOR,"{""rel"":""BY_AUTHOR"",""source"":""claim:0025"",""target"":""author:keystone_data_room""}"
claim:0025,area:customer,IN_AREA,"{""rel"":""IN_AREA"",""source"":""claim:0025"",""target"":""area:customer""}"
claim:0025,claim:0022,SUPPORTS,"{""rel"":""SUPPORTS"",""source"":""claim:0025"",""target"":""claim:0022""}"
claim:0026,entity:riverton_group,ABOUT,"{""rel"":""ABOUT"",""source"":""claim:0026"",""target"":""entity:riverton_group""}"
claim:0026,metric:customer_concentration,MEASURES,"{""rel"":""MEASURES"",""source"":""claim:0026"",""target"":""metric:customer_concentration""}"
claim:0026,perimeter:riverton_group,SCOPED_TO,"{""rel"":""SCOPED_TO"",""source"":""claim:0026"",""target"":""perimeter:riverton_group""}"
claim:0026,source:src-dr,FROM_SOURCE,"{""rel"":""FROM_SOURCE"",""source"":""claim:0026"",""target"":""source:src-dr""}"
claim:0026,author:keystone_data_room,BY_AUTHOR,"{""rel"":""BY_AUTHOR"",""source"":""claim:0026"",""target"":""author:keystone_data_room""}"
claim:0026,area:customer,IN_AREA,"{""rel"":""IN_AREA"",""source"":""claim:0026"",""target"":""area:customer""}"
claim:0026,claim:0022,SUPPORTS,"{""rel"":""SUPPORTS"",""source"":""claim:0026"",""target"":""claim:0022""}"
claim:0027,entity:riverton_group,ABOUT,"{""rel"":""ABOUT"",""source"":""claim:0027"",""target"":""entity:riverton_group""}"
claim:0027,metric:customer_concentration,MEASURES,"{""rel"":""MEASURES"",""source"":""claim:0027"",""target"":""metric:customer_concentration""}"
claim:0027,perimeter:riverton_group,SCOPED_TO,"{""rel"":""SCOPED_TO"",""source"":""claim:0027"",""target"":""perimeter:riverton_group""}"
claim:0027,source:src-dr,FROM_SOURCE,"{""rel"":""FROM_SOURCE"",""source"":""claim:0027"",""target"":""source:src-dr""}"
claim:0027,author:keystone_data_room,BY_AUTHOR,"{""rel"":""BY_AUTHOR"",""source"":""claim:0027"",""target"":""author:keystone_data_room""}"
claim:0027,area:customer,IN_AREA,"{""rel"":""IN_AREA"",""source"":""claim:0027"",""target"":""area:customer""}"
claim:0027,claim:0022,SUPPORTS,"{""rel"":""SUPPORTS"",""source"":""claim:0027"",""target"":""claim:0022""}"
claim:0028,entity:unknown,ABOUT,"{""rel"":""ABOUT"",""source"":""claim:0028"",""target"":""entity:unknown""}"
claim:0028,metric:customer_concentration,MEASURES,"{""rel"":""MEASURES"",""source"":""claim:0028"",""target"":""metric:customer_concentration""}"
claim:0028,perimeter:unknown,SCOPED_TO,"{""rel"":""SCOPED_TO"",""source"":""claim:0028"",""target"":""perimeter:unknown""}"
claim:0028,source:src-dr,FROM_SOURCE,"{""rel"":""FROM_SOURCE"",""source"":""claim:0028"",""target"":""source:src-dr""}"
claim:0028,author:keystone_data_room,BY_AUTHOR,"{""rel"":""BY_AUTHOR"",""source"":""claim:0028"",""target"":""author:keystone_data_room""}"
claim:0028,area:customer,IN_AREA,"{""rel"":""IN_AREA"",""source"":""claim:0028"",""target"":""area:customer""}"
claim:0028,claim:0078,CHALLENGES,"{""rel"":""CHALLENGES"",""source"":""claim:0028"",""target"":""claim:0078""}"
claim:0028,claim:0001,SUPPORTS,"{""rel"":""SUPPORTS"",""source"":""claim:0028"",""target"":""claim:0001""}"
claim:0028,claim:0003,SUPPORTS,"{""rel"":""SUPPORTS"",""source"":""claim:0028"",""target"":""claim:0003""}"
claim:0029,entity:unknown,ABOUT,"{""rel"":""ABOUT"",""source"":""claim:0029"",""target"":""entity:unknown""}"
claim:0029,metric:customer_concentration,MEASURES,"{""rel"":""MEASURES"",""source"":""claim:0029"",""target"":""metric:customer_concentration""}"
claim:0029,perimeter:unknown,SCOPED_TO,"{""rel"":""SCOPED_TO"",""source"":""claim:0029"",""target"":""perimeter:unknown""}"
claim:0029,source:src-dr,FROM_SOURCE,"{""rel"":""FROM_SOURCE"",""source"":""claim:0029"",""target"":""source:src-dr""}"
claim:0029,author:keystone_data_room,BY_AUTHOR,"{""rel"":""BY_AUTHOR"",""source"":""claim:0029"",""target"":""author:keystone_data_room""}"
claim:0029,area:customer,IN_AREA,"{""rel"":""IN_AREA"",""source"":""claim:0029"",""target"":""area:customer""}"
claim:0029,claim:0078,CHALLENGES,"{""rel"":""CHALLENGES"",""source"":""claim:0029"",""target"":""claim:0078""}"
claim:0029,claim:0001,SUPPORTS,"{""rel"":""SUPPORTS"",""source"":""claim:0029"",""target"":""claim:0001""}"
claim:0029,claim:0003,SUPPORTS,"{""rel"":""SUPPORTS"",""source"":""claim:0029"",""target"":""claim:0003""}"
claim:0030,entity:unknown,ABOUT,"{""rel"":""ABOUT"",""source"":""claim:0030"",""target"":""entity:unknown""}"
claim:0030,metric:customer_concentration,MEASURES,"{""rel"":""MEASURES"",""source"":""claim:0030"",""target"":""metric:customer_concentration""}"
claim:0030,perimeter:unknown,SCOPED_TO,"{""rel"":""SCOPED_TO"",""source"":""claim:0030"",""target"":""perimeter:unknown""}"
claim:0030,source:src-dr,FROM_SOURCE,"{""rel"":""FROM_SOURCE"",""source"":""claim:0030"",""target"":""source:src-dr""}"
claim:0030,author:keystone_data_room,BY_AUTHOR,"{""rel"":""BY_AUTHOR"",""source"":""claim:0030"",""target"":""author:keystone_data_room""}"
claim:0030,area:customer,IN_AREA,"{""rel"":""IN_AREA"",""source"":""claim:0030"",""target"":""area:customer""}"
claim:0030,claim:0078,CHALLENGES,"{""rel"":""CHALLENGES"",""source"":""claim:0030"",""target"":""claim:0078""}"
claim:0030,claim:0001,SUPPORTS,"{""rel"":""SUPPORTS"",""source"":""claim:0030"",""target"":""claim:0001""}"
claim:0030,claim:0003,SUPPORTS,"{""rel"":""SUPPORTS"",""source"":""claim:0030"",""target"":""claim:0003""}"
claim:0031,entity:unknown,ABOUT,"{""rel"":""ABOUT"",""source"":""claim:0031"",""target"":""entity:unknown""}"
claim:0031,metric:customer_concentration,MEASURES,"{""rel"":""MEASURES"",""source"":""claim:0031"",""target"":""metric:customer_concentration""}"
claim:0031,perimeter:unknown,SCOPED_TO,"{""rel"":""SCOPED_TO"",""source"":""claim:0031"",""target"":""perimeter:unknown""}"
claim:0031,source:src-dr,FROM_SOURCE,"{""rel"":""FROM_SOURCE"",""source"":""claim:0031"",""target"":""source:src-dr""}"
claim:0031,author:keystone_data_room,BY_AUTHOR,"{""rel"":""BY_AUTHOR"",""source"":""claim:0031"",""target"":""author:keystone_data_room""}"
claim:0031,area:customer,IN_AREA,"{""rel"":""IN_AREA"",""source"":""claim:0031"",""target"":""area:customer""}"
claim:0031,claim:0078,CHALLENGES,"{""rel"":""CHALLENGES"",""source"":""claim:0031"",""target"":""claim:0078""}"
claim:0031,claim:0001,SUPPORTS,"{""rel"":""SUPPORTS"",""source"":""claim:0031"",""target"":""claim:0001""}"
claim:0031,claim:0003,SUPPORTS,"{""rel"":""SUPPORTS"",""source"":""claim:0031"",""target"":""claim:0003""}"
claim:0032,entity:unknown,ABOUT,"{""rel"":""ABOUT"",""source"":""claim:0032"",""target"":""entity:unknown""}"
claim:0032,metric:customer_concentration,MEASURES,"{""rel"":""MEASURES"",""source"":""claim:0032"",""target"":""metric:customer_concentration""}"
claim:0032,perimeter:unknown,SCOPED_TO,"{""rel"":""SCOPED_TO"",""source"":""claim:0032"",""target"":""perimeter:unknown""}"
claim:0032,source:src-dr,FROM_SOURCE,"{""rel"":""FROM_SOURCE"",""source"":""claim:0032"",""target"":""source:src-dr""}"
claim:0032,author:qoe_provider,BY_AUTHOR,"{""rel"":""BY_AUTHOR"",""source"":""claim:0032"",""target"":""author:qoe_provider""}"
claim:0032,area:customer,IN_AREA,"{""rel"":""IN_AREA"",""source"":""claim:0032"",""target"":""area:customer""}"
claim:0032,claim:0078,CHALLENGES,"{""rel"":""CHALLENGES"",""source"":""claim:0032"",""target"":""claim:0078""}"
claim:0032,claim:0001,SUPPORTS,"{""rel"":""SUPPORTS"",""source"":""claim:0032"",""target"":""claim:0001""}"
claim:0032,claim:0003,SUPPORTS,"{""rel"":""SUPPORTS"",""source"":""claim:0032"",""target"":""claim:0003""}"
claim:0033,entity:unknown,ABOUT,"{""rel"":""ABOUT"",""source"":""claim:0033"",""target"":""entity:unknown""}"
claim:0033,metric:customer_concentration,MEASURES,"{""rel"":""MEASURES"",""source"":""claim:0033"",""target"":""metric:customer_concentration""}"
claim:0033,perimeter:unknown,SCOPED_TO,"{""rel"":""SCOPED_TO"",""source"":""claim:0033"",""target"":""perimeter:unknown""}"
claim:0033,source:src-dr,FROM_SOURCE,"{""rel"":""FROM_SOURCE"",""source"":""claim:0033"",""target"":""source:src-dr""}"
claim:0033,author:qoe_provider,BY_AUTHOR,"{""rel"":""BY_AUTHOR"",""source"":""claim:0033"",""target"":""author:qoe_provider""}"
claim:0033,area:customer,IN_AREA,"{""rel"":""IN_AREA"",""source"":""claim:0033"",""target"":""area:customer""}"
claim:0033,claim:0078,CHALLENGES,"{""rel"":""CHALLENGES"",""source"":""claim:0033"",""target"":""claim:0078""}"
claim:0033,claim:0001,SUPPORTS,"{""rel"":""SUPPORTS"",""source"":""claim:0033"",""target"":""claim:0001""}"
claim:0033,claim:0003,SUPPORTS,"{""rel"":""SUPPORTS"",""source"":""claim:0033"",""target"":""claim:0003""}"
claim:0034,entity:unknown,ABOUT,"{""rel"":""ABOUT"",""source"":""claim:0034"",""target"":""entity:unknown""}"
claim:0034,metric:customer_concentration,MEASURES,"{""rel"":""MEASURES"",""source"":""claim:0034"",""target"":""metric:customer_concentration""}"
claim:0034,perimeter:unknown,SCOPED_TO,"{""rel"":""SCOPED_TO"",""source"":""claim:0034"",""target"":""perimeter:unknown""}"
claim:0034,source:src-dr,FROM_SOURCE,"{""rel"":""FROM_SOURCE"",""source"":""claim:0034"",""target"":""source:src-dr""}"
claim:0034,author:qoe_provider,BY_AUTHOR,"{""rel"":""BY_AUTHOR"",""source"":""claim:0034"",""target"":""author:qoe_provider""}"
claim:0034,area:customer,IN_AREA,"{""rel"":""IN_AREA"",""source"":""claim:0034"",""target"":""area:customer""}"
claim:0034,claim:0078,CHALLENGES,"{""rel"":""CHALLENGES"",""source"":""claim:0034"",""target"":""claim:0078""}"
claim:0034,claim:0001,SUPPORTS,"{""rel"":""SUPPORTS"",""source"":""claim:0034"",""target"":""claim:0001""}"
claim:0034,claim:0003,SUPPORTS,"{""rel"":""SUPPORTS"",""source"":""claim:0034"",""target"":""claim:0003""}"
claim:0035,entity:unknown,ABOUT,"{""rel"":""ABOUT"",""source"":""claim:0035"",""target"":""entity:unknown""}"
claim:0035,metric:revenue,MEASURES,"{""rel"":""MEASURES"",""source"":""claim:0035"",""target"":""metric:revenue""}"
claim:0035,period:fy2025a,IN_PERIOD,"{""rel"":""IN_PERIOD"",""source"":""claim:0035"",""target"":""period:fy2025a""}"
claim:0035,perimeter:unknown,SCOPED_TO,"{""rel"":""SCOPED_TO"",""source"":""claim:0035"",""target"":""perimeter:unknown""}"
claim:0035,source:src-dr,FROM_SOURCE,"{""rel"":""FROM_SOURCE"",""source"":""claim:0035"",""target"":""source:src-dr""}"
claim:0035,author:qoe_provider,BY_AUTHOR,"{""rel"":""BY_AUTHOR"",""source"":""claim:0035"",""target"":""author:qoe_provider""}"
claim:0035,claim:0111,TRACKS,"{""rel"":""TRACKS"",""source"":""claim:0035"",""target"":""claim:0111""}"
claim:0035,claim:0225,CHALLENGES,"{""rel"":""CHALLENGES"",""source"":""claim:0035"",""target"":""claim:0225""}"
claim:0036,entity:riverton_group,ABOUT,"{""rel"":""ABOUT"",""source"":""claim:0036"",""target"":""entity:riverton_group""}"
claim:0036,metric:revenue,MEASURES,"{""rel"":""MEASURES"",""source"":""claim:0036"",""target"":""metric:revenue""}"
claim:0036,period:fy2025,IN_PERIOD,"{""rel"":""IN_PERIOD"",""source"":""claim:0036"",""target"":""period:fy2025""}"
claim:0036,perimeter:riverton_group,SCOPED_TO,"{""rel"":""SCOPED_TO"",""source"":""claim:0036"",""target"":""perimeter:riverton_group""}"
claim:0036,source:src-dr,FROM_SOURCE,"{""rel"":""FROM_SOURCE"",""source"":""claim:0036"",""target"":""source:src-dr""}"
claim:0036,claim:0159,TRACKS,"{""rel"":""TRACKS"",""source"":""claim:0036"",""target"":""claim:0159""}"
claim:0036,claim:0166,CHALLENGES,"{""rel"":""CHALLENGES"",""source"":""claim:0036"",""target"":""claim:0166""}"
claim:0036,claim:0167,CHALLENGES,"{""rel"":""CHALLENGES"",""source"":""claim:0036"",""target"":""claim:0167""}"
claim:0037,entity:riverton_group,ABOUT,"{""rel"":""ABOUT"",""source"":""claim:0037"",""target"":""entity:riverton_group""}"
claim:0037,metric:revenue,MEASURES,"{""rel"":""MEASURES"",""source"":""claim:0037"",""target"":""metric:revenue""}"
claim:0037,period:fy2025,IN_PERIOD,"{""rel"":""IN_PERIOD"",""source"":""claim:0037"",""target"":""period:fy2025""}"
claim:0037,perimeter:riverton_group,SCOPED_TO,"{""rel"":""SCOPED_TO"",""source"":""claim:0037"",""target"":""perimeter:riverton_group""}"
claim:0037,source:src-dr,FROM_SOURCE,"{""rel"":""FROM_SOURCE"",""source"":""claim:0037"",""target"":""source:src-dr""}"
claim:0037,claim:0159,TRACKS,"{""rel"":""TRACKS"",""source"":""claim:0037"",""target"":""claim:0159""}"
claim:0037,claim:0166,CHALLENGES,"{""rel"":""CHALLENGES"",""source"":""claim:0037"",""target"":""claim:0166""}"
claim:0037,claim:0167,CHALLENGES,"{""rel"":""CHALLENGES"",""source"":""claim:0037"",""target"":""claim:0167""}"
claim:0038,entity:riverton_group,ABOUT,"{""rel"":""ABOUT"",""source"":""claim:0038"",""target"":""entity:riverton_group""}"
claim:0038,metric:revenue,MEASURES,"{""rel"":""MEASURES"",""source"":""claim:0038"",""target"":""metric:revenue""}"
claim:0038,period:fy2025,IN_PERIOD,"{""rel"":""IN_PERIOD"",""source"":""claim:0038"",""target"":""period:fy2025""}"
claim:0038,perimeter:riverton_group,SCOPED_TO,"{""rel"":""SCOPED_TO"",""source"":""claim:0038"",""target"":""perimeter:riverton_group""}"
claim:0038,source:src-dr,FROM_SOURCE,"{""rel"":""FROM_SOURCE"",""source"":""claim:0038"",""target"":""source:src-dr""}"
claim:0038,claim:0159,TRACKS,"{""rel"":""TRACKS"",""source"":""claim:0038"",""target"":""claim:0159""}"
claim:0038,claim:0166,CHALLENGES,"{""rel"":""CHALLENGES"",""source"":""claim:0038"",""target"":""claim:0166""}"
claim:0038,claim:0167,CHALLENGES,"{""rel"":""CHALLENGES"",""source"":""claim:0038"",""target"":""claim:0167""}"
claim:0039,entity:keystone,ABOUT,"{""rel"":""ABOUT"",""source"":""claim:0039"",""target"":""entity:keystone""}"
claim:0039,metric:recurring_revenue,MEASURES,"{""rel"":""MEASURES"",""source"":""claim:0039"",""target"":""metric:recurring_revenue""}"
claim:0039,perimeter:keystone,SCOPED_TO,"{""rel"":""SCOPED_TO"",""source"":""claim:0039"",""target"":""perimeter:keystone""}"
claim:0039,source:src-dr,FROM_SOURCE,"{""rel"":""FROM_SOURCE"",""source"":""claim:0039"",""target"":""source:src-dr""}"
claim:0039,claim:0136,REFINES,"{""rel"":""REFINES"",""source"":""claim:0039"",""target"":""claim:0136""}"
claim:0039,claim:0137,REFINES,"{""rel"":""REFINES"",""source"":""claim:0039"",""target"":""claim:0137""}"
claim:0039,claim:0138,REFINES,"{""rel"":""REFINES"",""source"":""claim:0039"",""target"":""claim:0138""}"
claim:0039,claim:0143,REFINES,"{""rel"":""REFINES"",""source"":""claim:0039"",""target"":""claim:0143""}"
claim:0039,claim:0144,REFINES,"{""rel"":""REFINES"",""source"":""claim:0039"",""target"":""claim:0144""}"
claim:0039,claim:0193,REFINES,"{""rel"":""REFINES"",""source"":""claim:0039"",""target"":""claim:0193""}"
claim:0039,claim:0194,REFINES,"{""rel"":""REFINES"",""source"":""claim:0039"",""target"":""claim:0194""}"
claim:0039,claim:0200,REFINES,"{""rel"":""REFINES"",""source"":""claim:0039"",""target"":""claim:0200""}"
claim:0039,claim:0212,REFINES,"{""rel"":""REFINES"",""source"":""claim:0039"",""target"":""claim:0212""}"
claim:0040,entity:keystone,ABOUT,"{""rel"":""ABOUT"",""source"":""claim:0040"",""target"":""entity:keystone""}"
claim:0040,metric:contract_terms,MEASURES,"{""rel"":""MEASURES"",""source"":""claim:0040"",""target"":""metric:contract_terms""}"
claim:0040,perimeter:keystone,SCOPED_TO,"{""rel"":""SCOPED_TO"",""source"":""claim:0040"",""target"":""perimeter:keystone""}"
claim:0040,source:src-dr,FROM_SOURCE,"{""rel"":""FROM_SOURCE"",""source"":""claim:0040"",""target"":""source:src-dr""}"
claim:0040,area:customer,IN_AREA,"{""rel"":""IN_AREA"",""source"":""claim:0040"",""target"":""area:customer""}"
claim:0041,entity:keystone,ABOUT,"{""rel"":""ABOUT"",""source"":""claim:0041"",""target"":""entity:keystone""}"
claim:0041,metric:recurring_revenue,MEASURES,"{""rel"":""MEASURES"",""source"":""claim:0041"",""target"":""metric:recurring_revenue""}"
claim:0041,perimeter:keystone,SCOPED_TO,"{""rel"":""SCOPED_TO"",""source"":""claim:0041"",""target"":""perimeter:keystone""}"
claim:0041,source:src-dr,FROM_SOURCE,"{""rel"":""FROM_SOURCE"",""source"":""claim:0041"",""target"":""source:src-dr""}"
claim:0041,claim:0136,REFINES,"{""rel"":""REFINES"",""source"":""claim:0041"",""target"":""claim:0136""}"
claim:0041,claim:0137,REFINES,"{""rel"":""REFINES"",""source"":""claim:0041"",""target"":""claim:0137""}"
claim:0041,claim:0138,REFINES,"{""rel"":""REFINES"",""source"":""claim:0041"",""target"":""claim:0138""}"
claim:0041,claim:0143,REFINES,"{""rel"":""REFINES"",""source"":""claim:0041"",""target"":""claim:0143""}"
claim:0041,claim:0144,REFINES,"{""rel"":""REFINES"",""source"":""claim:0041"",""target"":""claim:0144""}"
claim:0041,claim:0193,REFINES,"{""rel"":""REFINES"",""source"":""claim:0041"",""target"":""claim:0193""}"
claim:0041,claim:0194,REFINES,"{""rel"":""REFINES"",""source"":""claim:0041"",""target"":""claim:0194""}"
claim:0041,claim:0200,REFINES,"{""rel"":""REFINES"",""source"":""claim:0041"",""target"":""claim:0200""}"
claim:0041,claim:0212,REFINES,"{""rel"":""REFINES"",""source"":""claim:0041"",""target"":""claim:0212""}"
claim:0042,entity:unknown,ABOUT,"{""rel"":""ABOUT"",""source"":""claim:0042"",""target"":""entity:unknown""}"
claim:0042,metric:recurring_revenue,MEASURES,"{""rel"":""MEASURES"",""source"":""claim:0042"",""target"":""metric:recurring_revenue""}"
claim:0042,perimeter:unknown,SCOPED_TO,"{""rel"":""SCOPED_TO"",""source"":""claim:0042"",""target"":""perimeter:unknown""}"
claim:0042,source:src-dr,FROM_SOURCE,"{""rel"":""FROM_SOURCE"",""source"":""claim:0042"",""target"":""source:src-dr""}"
claim:0042,author:data_room_project_ledger,BY_AUTHOR,"{""rel"":""BY_AUTHOR"",""source"":""claim:0042"",""target"":""author:data_room_project_ledger""}"
claim:0043,entity:unknown,ABOUT,"{""rel"":""ABOUT"",""source"":""claim:0043"",""target"":""entity:unknown""}"
claim:0043,metric:customer_concentration,MEASURES,"{""rel"":""MEASURES"",""source"":""claim:0043"",""target"":""metric:customer_concentration""}"
claim:0043,perimeter:unknown,SCOPED_TO,"{""rel"":""SCOPED_TO"",""source"":""claim:0043"",""target"":""perimeter:unknown""}"
claim:0043,source:src-dr,FROM_SOURCE,"{""rel"":""FROM_SOURCE"",""source"":""claim:0043"",""target"":""source:src-dr""}"
claim:0043,author:data_room_project_ledger,BY_AUTHOR,"{""rel"":""BY_AUTHOR"",""source"":""claim:0043"",""target"":""author:data_room_project_ledger""}"
claim:0043,area:customer,IN_AREA,"{""rel"":""IN_AREA"",""source"":""claim:0043"",""target"":""area:customer""}"
claim:0043,claim:0078,CHALLENGES,"{""rel"":""CHALLENGES"",""source"":""claim:0043"",""target"":""claim:0078""}"
claim:0043,claim:0001,SUPPORTS,"{""rel"":""SUPPORTS"",""source"":""claim:0043"",""target"":""claim:0001""}"
claim:0043,claim:0003,SUPPORTS,"{""rel"":""SUPPORTS"",""source"":""claim:0043"",""target"":""claim:0003""}"
claim:0044,entity:unknown,ABOUT,"{""rel"":""ABOUT"",""source"":""claim:0044"",""target"":""entity:unknown""}"
claim:0044,metric:contract_terms,MEASURES,"{""rel"":""MEASURES"",""source"":""claim:0044"",""target"":""metric:contract_terms""}"
claim:0044,perimeter:unknown,SCOPED_TO,"{""rel"":""SCOPED_TO"",""source"":""claim:0044"",""target"":""perimeter:unknown""}"
claim:0044,source:src-dr,FROM_SOURCE,"{""rel"":""FROM_SOURCE"",""source"":""claim:0044"",""target"":""source:src-dr""}"
claim:0044,author:project_ledger,BY_AUTHOR,"{""rel"":""BY_AUTHOR"",""source"":""claim:0044"",""target"":""author:project_ledger""}"
claim:0044,area:customer,IN_AREA,"{""rel"":""IN_AREA"",""source"":""claim:0044"",""target"":""area:customer""}"
claim:0044,claim:0001,SUPPORTS,"{""rel"":""SUPPORTS"",""source"":""claim:0044"",""target"":""claim:0001""}"
claim:0044,claim:0003,SUPPORTS,"{""rel"":""SUPPORTS"",""source"":""claim:0044"",""target"":""claim:0003""}"
claim:0045,entity:unknown,ABOUT,"{""rel"":""ABOUT"",""source"":""claim:0045"",""target"":""entity:unknown""}"
claim:0045,metric:customer_count,MEASURES,"{""rel"":""MEASURES"",""source"":""claim:0045"",""target"":""metric:customer_count""}"
claim:0045,perimeter:unknown,SCOPED_TO,"{""rel"":""SCOPED_TO"",""source"":""claim:0045"",""target"":""perimeter:unknown""}"
claim:0045,source:src-dr,FROM_SOURCE,"{""rel"":""FROM_SOURCE"",""source"":""claim:0045"",""target"":""source:src-dr""}"
claim:0045,area:customer,IN_AREA,"{""rel"":""IN_AREA"",""source"":""claim:0045"",""target"":""area:customer""}"
claim:0045,claim:0001,SUPPORTS,"{""rel"":""SUPPORTS"",""source"":""claim:0045"",""target"":""claim:0001""}"
claim:0045,claim:0003,SUPPORTS,"{""rel"":""SUPPORTS"",""source"":""claim:0045"",""target"":""claim:0003""}"
claim:0046,entity:riverton_group,ABOUT,"{""rel"":""ABOUT"",""source"":""claim:0046"",""target"":""entity:riverton_group""}"
claim:0046,metric:contract_terms,MEASURES,"{""rel"":""MEASURES"",""source"":""claim:0046"",""target"":""metric:contract_terms""}"
claim:0046,perimeter:riverton_group,SCOPED_TO,"{""rel"":""SCOPED_TO"",""source"":""claim:0046"",""target"":""perimeter:riverton_group""}"
claim:0046,source:src-dr,FROM_SOURCE,"{""rel"":""FROM_SOURCE"",""source"":""claim:0046"",""target"":""source:src-dr""}"
claim:0046,author:data_room,BY_AUTHOR,"{""rel"":""BY_AUTHOR"",""source"":""claim:0046"",""target"":""author:data_room""}"
claim:0046,area:customer,IN_AREA,"{""rel"":""IN_AREA"",""source"":""claim:0046"",""target"":""area:customer""}"
claim:0046,claim:0022,SUPPORTS,"{""rel"":""SUPPORTS"",""source"":""claim:0046"",""target"":""claim:0022""}"
claim:0047,entity:riverton_group,ABOUT,"{""rel"":""ABOUT"",""source"":""claim:0047"",""target"":""entity:riverton_group""}"
claim:0047,metric:customer_concentration,MEASURES,"{""rel"":""MEASURES"",""source"":""claim:0047"",""target"":""metric:customer_concentration""}"
claim:0047,perimeter:riverton_group,SCOPED_TO,"{""rel"":""SCOPED_TO"",""source"":""claim:0047"",""target"":""perimeter:riverton_group""}"
claim:0047,source:src-dr,FROM_SOURCE,"{""rel"":""FROM_SOURCE"",""source"":""claim:0047"",""target"":""source:src-dr""}"
claim:0047,area:customer,IN_AREA,"{""rel"":""IN_AREA"",""source"":""claim:0047"",""target"":""area:customer""}"
claim:0047,claim:0022,SUPPORTS,"{""rel"":""SUPPORTS"",""source"":""claim:0047"",""target"":""claim:0022""}"
claim:0048,entity:riverton_group,ABOUT,"{""rel"":""ABOUT"",""source"":""claim:0048"",""target"":""entity:riverton_group""}"
claim:0048,metric:customer_count,MEASURES,"{""rel"":""MEASURES"",""source"":""claim:0048"",""target"":""metric:customer_count""}"
claim:0048,perimeter:riverton_group,SCOPED_TO,"{""rel"":""SCOPED_TO"",""source"":""claim:0048"",""target"":""perimeter:riverton_group""}"
claim:0048,source:src-dr,FROM_SOURCE,"{""rel"":""FROM_SOURCE"",""source"":""claim:0048"",""target"":""source:src-dr""}"
claim:0048,author:data_room,BY_AUTHOR,"{""rel"":""BY_AUTHOR"",""source"":""claim:0048"",""target"":""author:data_room""}"
claim:0048,area:customer,IN_AREA,"{""rel"":""IN_AREA"",""source"":""claim:0048"",""target"":""area:customer""}"
claim:0048,claim:0022,SUPPORTS,"{""rel"":""SUPPORTS"",""source"":""claim:0048"",""target"":""claim:0022""}"
claim:0049,entity:unknown,ABOUT,"{""rel"":""ABOUT"",""source"":""claim:0049"",""target"":""entity:unknown""}"
claim:0049,metric:headcount,MEASURES,"{""rel"":""MEASURES"",""source"":""claim:0049"",""target"":""metric:headcount""}"
claim:0049,period:2025-12-31,IN_PERIOD,"{""rel"":""IN_PERIOD"",""source"":""claim:0049"",""target"":""period:2025-12-31""}"
claim:0049,perimeter:unknown,SCOPED_TO,"{""rel"":""SCOPED_TO"",""source"":""claim:0049"",""target"":""perimeter:unknown""}"
claim:0049,source:src-dr,FROM_SOURCE,"{""rel"":""FROM_SOURCE"",""source"":""claim:0049"",""target"":""source:src-dr""}"
claim:0049,author:hris_/_ks-dl-1.2,BY_AUTHOR,"{""rel"":""BY_AUTHOR"",""source"":""claim:0049"",""target"":""author:hris_/_ks-dl-1.2""}"
claim:0049,area:governance,IN_AREA,"{""rel"":""IN_AREA"",""source"":""claim:0049"",""target"":""area:governance""}"
claim:0049,claim:0168,TRACKS,"{""rel"":""TRACKS"",""source"":""claim:0049"",""target"":""claim:0168""}"
claim:0049,claim:0005,SUPPORTS,"{""rel"":""SUPPORTS"",""source"":""claim:0049"",""target"":""claim:0005""}"
claim:0049,claim:0052,SUPPORTS,"{""rel"":""SUPPORTS"",""source"":""claim:0049"",""target"":""claim:0052""}"
claim:0050,entity:unknown,ABOUT,"{""rel"":""ABOUT"",""source"":""claim:0050"",""target"":""entity:unknown""}"
claim:0050,metric:team_tenure,MEASURES,"{""rel"":""MEASURES"",""source"":""claim:0050"",""target"":""metric:team_tenure""}"
claim:0050,period:2025-12-31,IN_PERIOD,"{""rel"":""IN_PERIOD"",""source"":""claim:0050"",""target"":""period:2025-12-31""}"
claim:0050,perimeter:unknown,SCOPED_TO,"{""rel"":""SCOPED_TO"",""source"":""claim:0050"",""target"":""perimeter:unknown""}"
claim:0050,source:src-dr,FROM_SOURCE,"{""rel"":""FROM_SOURCE"",""source"":""claim:0050"",""target"":""source:src-dr""}"
claim:0050,area:governance,IN_AREA,"{""rel"":""IN_AREA"",""source"":""claim:0050"",""target"":""area:governance""}"
claim:0050,claim:0169,TRACKS,"{""rel"":""TRACKS"",""source"":""claim:0050"",""target"":""claim:0169""}"
claim:0050,claim:0005,SUPPORTS,"{""rel"":""SUPPORTS"",""source"":""claim:0050"",""target"":""claim:0005""}"
claim:0050,claim:0052,SUPPORTS,"{""rel"":""SUPPORTS"",""source"":""claim:0050"",""target"":""claim:0052""}"
claim:0051,entity:unknown,ABOUT,"{""rel"":""ABOUT"",""source"":""claim:0051"",""target"":""entity:unknown""}"
claim:0051,metric:headcount,MEASURES,"{""rel"":""MEASURES"",""source"":""claim:0051"",""target"":""metric:headcount""}"
claim:0051,perimeter:unknown,SCOPED_TO,"{""rel"":""SCOPED_TO"",""source"":""claim:0051"",""target"":""perimeter:unknown""}"
claim:0051,source:src-dr,FROM_SOURCE,"{""rel"":""FROM_SOURCE"",""source"":""claim:0051"",""target"":""source:src-dr""}"
claim:0051,area:governance,IN_AREA,"{""rel"":""IN_AREA"",""source"":""claim:0051"",""target"":""area:governance""}"
claim:0051,claim:0168,CHALLENGES,"{""rel"":""CHALLENGES"",""source"":""claim:0051"",""target"":""claim:0168""}"
claim:0051,claim:0005,SUPPORTS,"{""rel"":""SUPPORTS"",""source"":""claim:0051"",""target"":""claim:0005""}"
claim:0051,claim:0052,SUPPORTS,"{""rel"":""SUPPORTS"",""source"":""claim:0051"",""target"":""claim:0052""}"
claim:0052,entity:unknown,ABOUT,"{""rel"":""ABOUT"",""source"":""claim:0052"",""target"":""entity:unknown""}"
claim:0052,metric:team_tenure,MEASURES,"{""rel"":""MEASURES"",""source"":""claim:0052"",""target"":""metric:team_tenure""}"
claim:0052,perimeter:unknown,SCOPED_TO,"{""rel"":""SCOPED_TO"",""source"":""claim:0052"",""target"":""perimeter:unknown""}"
claim:0052,source:src-dr,FROM_SOURCE,"{""rel"":""FROM_SOURCE"",""source"":""claim:0052"",""target"":""source:src-dr""}"
claim:0052,area:governance,IN_AREA,"{""rel"":""IN_AREA"",""source"":""claim:0052"",""target"":""area:governance""}"
claim:0053,entity:unknown,ABOUT,"{""rel"":""ABOUT"",""source"":""claim:0053"",""target"":""entity:unknown""}"
claim:0053,metric:headcount,MEASURES,"{""rel"":""MEASURES"",""source"":""claim:0053"",""target"":""metric:headcount""}"
claim:0053,perimeter:unknown,SCOPED_TO,"{""rel"":""SCOPED_TO"",""source"":""claim:0053"",""target"":""perimeter:unknown""}"
claim:0053,source:src-dr,FROM_SOURCE,"{""rel"":""FROM_SOURCE"",""source"":""claim:0053"",""target"":""source:src-dr""}"
claim:0053,author:hris_system,BY_AUTHOR,"{""rel"":""BY_AUTHOR"",""source"":""claim:0053"",""target"":""author:hris_system""}"
claim:0053,area:governance,IN_AREA,"{""rel"":""IN_AREA"",""source"":""claim:0053"",""target"":""area:governance""}"
claim:0053,claim:0168,CHALLENGES,"{""rel"":""CHALLENGES"",""source"":""claim:0053"",""target"":""claim:0168""}"
claim:0053,claim:0005,SUPPORTS,"{""rel"":""SUPPORTS"",""source"":""claim:0053"",""target"":""claim:0005""}"
claim:0053,claim:0052,SUPPORTS,"{""rel"":""SUPPORTS"",""source"":""claim:0053"",""target"":""claim:0052""}"
claim:0054,entity:unknown,ABOUT,"{""rel"":""ABOUT"",""source"":""claim:0054"",""target"":""entity:unknown""}"
claim:0054,metric:team_tenure,MEASURES,"{""rel"":""MEASURES"",""source"":""claim:0054"",""target"":""metric:team_tenure""}"
claim:0054,perimeter:unknown,SCOPED_TO,"{""rel"":""SCOPED_TO"",""source"":""claim:0054"",""target"":""perimeter:unknown""}"
claim:0054,source:src-dr,FROM_SOURCE,"{""rel"":""FROM_SOURCE"",""source"":""claim:0054"",""target"":""source:src-dr""}"
claim:0054,area:governance,IN_AREA,"{""rel"":""IN_AREA"",""source"":""claim:0054"",""target"":""area:governance""}"
claim:0054,claim:0005,SUPPORTS,"{""rel"":""SUPPORTS"",""source"":""claim:0054"",""target"":""claim:0005""}"
claim:0054,claim:0052,SUPPORTS,"{""rel"":""SUPPORTS"",""source"":""claim:0054"",""target"":""claim:0052""}"
claim:0055,entity:unknown,ABOUT,"{""rel"":""ABOUT"",""source"":""claim:0055"",""target"":""entity:unknown""}"
claim:0055,metric:headcount,MEASURES,"{""rel"":""MEASURES"",""source"":""claim:0055"",""target"":""metric:headcount""}"
claim:0055,perimeter:unknown,SCOPED_TO,"{""rel"":""SCOPED_TO"",""source"":""claim:0055"",""target"":""perimeter:unknown""}"
claim:0055,source:src-dr,FROM_SOURCE,"{""rel"":""FROM_SOURCE"",""source"":""claim:0055"",""target"":""source:src-dr""}"
claim:0055,area:governance,IN_AREA,"{""rel"":""IN_AREA"",""source"":""claim:0055"",""target"":""area:governance""}"
claim:0055,claim:0168,CHALLENGES,"{""rel"":""CHALLENGES"",""source"":""claim:0055"",""target"":""claim:0168""}"
claim:0055,claim:0005,SUPPORTS,"{""rel"":""SUPPORTS"",""source"":""claim:0055"",""target"":""claim:0005""}"
claim:0055,claim:0052,SUPPORTS,"{""rel"":""SUPPORTS"",""source"":""claim:0055"",""target"":""claim:0052""}"
claim:0056,entity:unknown,ABOUT,"{""rel"":""ABOUT"",""source"":""claim:0056"",""target"":""entity:unknown""}"
claim:0056,metric:team_tenure,MEASURES,"{""rel"":""MEASURES"",""source"":""claim:0056"",""target"":""metric:team_tenure""}"
claim:0056,perimeter:unknown,SCOPED_TO,"{""rel"":""SCOPED_TO"",""source"":""claim:0056"",""target"":""perimeter:unknown""}"
claim:0056,source:src-dr,FROM_SOURCE,"{""rel"":""FROM_SOURCE"",""source"":""claim:0056"",""target"":""source:src-dr""}"
claim:0056,area:governance,IN_AREA,"{""rel"":""IN_AREA"",""source"":""claim:0056"",""target"":""area:governance""}"
claim:0056,claim:0005,SUPPORTS,"{""rel"":""SUPPORTS"",""source"":""claim:0056"",""target"":""claim:0005""}"
claim:0056,claim:0052,SUPPORTS,"{""rel"":""SUPPORTS"",""source"":""claim:0056"",""target"":""claim:0052""}"
claim:0057,entity:alderstone_standalone,ABOUT,"{""rel"":""ABOUT"",""source"":""claim:0057"",""target"":""entity:alderstone_standalone""}"
claim:0057,metric:headcount,MEASURES,"{""rel"":""MEASURES"",""source"":""claim:0057"",""target"":""metric:headcount""}"
claim:0057,perimeter:alderstone_standalone,SCOPED_TO,"{""rel"":""SCOPED_TO"",""source"":""claim:0057"",""target"":""perimeter:alderstone_standalone""}"
claim:0057,source:src-dr,FROM_SOURCE,"{""rel"":""FROM_SOURCE"",""source"":""claim:0057"",""target"":""source:src-dr""}"
claim:0057,author:hris_system,BY_AUTHOR,"{""rel"":""BY_AUTHOR"",""source"":""claim:0057"",""target"":""author:hris_system""}"
claim:0057,area:governance,IN_AREA,"{""rel"":""IN_AREA"",""source"":""claim:0057"",""target"":""area:governance""}"
claim:0058,entity:alderstone_standalone,ABOUT,"{""rel"":""ABOUT"",""source"":""claim:0058"",""target"":""entity:alderstone_standalone""}"
claim:0058,metric:team_tenure,MEASURES,"{""rel"":""MEASURES"",""source"":""claim:0058"",""target"":""metric:team_tenure""}"
claim:0058,perimeter:alderstone_standalone,SCOPED_TO,"{""rel"":""SCOPED_TO"",""source"":""claim:0058"",""target"":""perimeter:alderstone_standalone""}"
claim:0058,source:src-dr,FROM_SOURCE,"{""rel"":""FROM_SOURCE"",""source"":""claim:0058"",""target"":""source:src-dr""}"
claim:0058,area:governance,IN_AREA,"{""rel"":""IN_AREA"",""source"":""claim:0058"",""target"":""area:governance""}"
claim:0059,entity:alderstone_consolidated,ABOUT,"{""rel"":""ABOUT"",""source"":""claim:0059"",""target"":""entity:alderstone_consolidated""}"
claim:0059,metric:headcount,MEASURES,"{""rel"":""MEASURES"",""source"":""claim:0059"",""target"":""metric:headcount""}"
claim:0059,period:opening,IN_PERIOD,"{""rel"":""IN_PERIOD"",""source"":""claim:0059"",""target"":""period:opening""}"
claim:0059,perimeter:alderstone_consolidated,SCOPED_TO,"{""rel"":""SCOPED_TO"",""source"":""claim:0059"",""target"":""perimeter:alderstone_consolidated""}"
claim:0059,source:src-dr,FROM_SOURCE,"{""rel"":""FROM_SOURCE"",""source"":""claim:0059"",""target"":""source:src-dr""}"
claim:0059,author:keystone_hris_data_room_extract,BY_AUTHOR,"{""rel"":""BY_AUTHOR"",""source"":""claim:0059"",""target"":""author:keystone_hris_data_room_extract""}"
claim:0059,area:governance,IN_AREA,"{""rel"":""IN_AREA"",""source"":""claim:0059"",""target"":""area:governance""}"
claim:0060,entity:alderstone_consolidated,ABOUT,"{""rel"":""ABOUT"",""source"":""claim:0060"",""target"":""entity:alderstone_consolidated""}"
claim:0060,metric:team_tenure,MEASURES,"{""rel"":""MEASURES"",""source"":""claim:0060"",""target"":""metric:team_tenure""}"
claim:0060,period:opening,IN_PERIOD,"{""rel"":""IN_PERIOD"",""source"":""claim:0060"",""target"":""period:opening""}"
claim:0060,perimeter:alderstone_consolidated,SCOPED_TO,"{""rel"":""SCOPED_TO"",""source"":""claim:0060"",""target"":""perimeter:alderstone_consolidated""}"
claim:0060,source:src-dr,FROM_SOURCE,"{""rel"":""FROM_SOURCE"",""source"":""claim:0060"",""target"":""source:src-dr""}"
claim:0060,author:keystone_hris_data_room_extract,BY_AUTHOR,"{""rel"":""BY_AUTHOR"",""source"":""claim:0060"",""target"":""author:keystone_hris_data_room_extract""}"
claim:0060,area:governance,IN_AREA,"{""rel"":""IN_AREA"",""source"":""claim:0060"",""target"":""area:governance""}"
claim:0061,entity:alderstone_consolidated,ABOUT,"{""rel"":""ABOUT"",""source"":""claim:0061"",""target"":""entity:alderstone_consolidated""}"
claim:0061,metric:team_tenure,MEASURES,"{""rel"":""MEASURES"",""source"":""claim:0061"",""target"":""metric:team_tenure""}"
claim:0061,period:opening,IN_PERIOD,"{""rel"":""IN_PERIOD"",""source"":""claim:0061"",""target"":""period:opening""}"
claim:0061,perimeter:alderstone_consolidated,SCOPED_TO,"{""rel"":""SCOPED_TO"",""source"":""claim:0061"",""target"":""perimeter:alderstone_consolidated""}"
claim:0061,source:src-dr,FROM_SOURCE,"{""rel"":""FROM_SOURCE"",""source"":""claim:0061"",""target"":""source:src-dr""}"
claim:0061,author:keystone_hris_data_room_extract,BY_AUTHOR,"{""rel"":""BY_AUTHOR"",""source"":""claim:0061"",""target"":""author:keystone_hris_data_room_extract""}"
claim:0061,area:governance,IN_AREA,"{""rel"":""IN_AREA"",""source"":""claim:0061"",""target"":""area:governance""}"
claim:0062,entity:unknown,ABOUT,"{""rel"":""ABOUT"",""source"":""claim:0062"",""target"":""entity:unknown""}"
claim:0062,metric:headcount,MEASURES,"{""rel"":""MEASURES"",""source"":""claim:0062"",""target"":""metric:headcount""}"
claim:0062,perimeter:unknown,SCOPED_TO,"{""rel"":""SCOPED_TO"",""source"":""claim:0062"",""target"":""perimeter:unknown""}"
claim:0062,source:src-dr,FROM_SOURCE,"{""rel"":""FROM_SOURCE"",""source"":""claim:0062"",""target"":""source:src-dr""}"
claim:0062,author:hris_system,BY_AUTHOR,"{""rel"":""BY_AUTHOR"",""source"":""claim:0062"",""target"":""author:hris_system""}"
claim:0062,area:governance,IN_AREA,"{""rel"":""IN_AREA"",""source"":""claim:0062"",""target"":""area:governance""}"
claim:0062,claim:0168,CHALLENGES,"{""rel"":""CHALLENGES"",""source"":""claim:0062"",""target"":""claim:0168""}"
claim:0062,claim:0005,SUPPORTS,"{""rel"":""SUPPORTS"",""source"":""claim:0062"",""target"":""claim:0005""}"
claim:0062,claim:0052,SUPPORTS,"{""rel"":""SUPPORTS"",""source"":""claim:0062"",""target"":""claim:0052""}"
claim:0063,entity:unknown,ABOUT,"{""rel"":""ABOUT"",""source"":""claim:0063"",""target"":""entity:unknown""}"
claim:0063,metric:active_billing_accounts,MEASURES,"{""rel"":""MEASURES"",""source"":""claim:0063"",""target"":""metric:active_billing_accounts""}"
claim:0063,period:fy2025a,IN_PERIOD,"{""rel"":""IN_PERIOD"",""source"":""claim:0063"",""target"":""period:fy2025a""}"
claim:0063,perimeter:unknown,SCOPED_TO,"{""rel"":""SCOPED_TO"",""source"":""claim:0063"",""target"":""perimeter:unknown""}"
claim:0063,source:src-dr,FROM_SOURCE,"{""rel"":""FROM_SOURCE"",""source"":""claim:0063"",""target"":""source:src-dr""}"
claim:0063,author:hris/data_room,BY_AUTHOR,"{""rel"":""BY_AUTHOR"",""source"":""claim:0063"",""target"":""author:hris/data_room""}"
claim:0063,area:customer,IN_AREA,"{""rel"":""IN_AREA"",""source"":""claim:0063"",""target"":""area:customer""}"
claim:0063,claim:0000,CHALLENGES,"{""rel"":""CHALLENGES"",""source"":""claim:0063"",""target"":""claim:0000""}"
claim:0063,claim:0001,SUPPORTS,"{""rel"":""SUPPORTS"",""source"":""claim:0063"",""target"":""claim:0001""}"
claim:0063,claim:0003,SUPPORTS,"{""rel"":""SUPPORTS"",""source"":""claim:0063"",""target"":""claim:0003""}"
claim:0064,entity:unknown,ABOUT,"{""rel"":""ABOUT"",""source"":""claim:0064"",""target"":""entity:unknown""}"
claim:0064,metric:customer_concentration,MEASURES,"{""rel"":""MEASURES"",""source"":""claim:0064"",""target"":""metric:customer_concentration""}"
claim:0064,period:fy2025a,IN_PERIOD,"{""rel"":""IN_PERIOD"",""source"":""claim:0064"",""target"":""period:fy2025a""}"
claim:0064,perimeter:unknown,SCOPED_TO,"{""rel"":""SCOPED_TO"",""source"":""claim:0064"",""target"":""perimeter:unknown""}"
claim:0064,source:src-dr,FROM_SOURCE,"{""rel"":""FROM_SOURCE"",""source"":""claim:0064"",""target"":""source:src-dr""}"
claim:0064,area:customer,IN_AREA,"{""rel"":""IN_AREA"",""source"":""claim:0064"",""target"":""area:customer""}"
claim:0064,claim:0078,CHALLENGES,"{""rel"":""CHALLENGES"",""source"":""claim:0064"",""target"":""claim:0078""}"
claim:0064,claim:0001,SUPPORTS,"{""rel"":""SUPPORTS"",""source"":""claim:0064"",""target"":""claim:0001""}"
claim:0064,claim:0003,SUPPORTS,"{""rel"":""SUPPORTS"",""source"":""claim:0064"",""target"":""claim:0003""}"
claim:0065,entity:unknown,ABOUT,"{""rel"":""ABOUT"",""source"":""claim:0065"",""target"":""entity:unknown""}"
claim:0065,metric:dso,MEASURES,"{""rel"":""MEASURES"",""source"":""claim:0065"",""target"":""metric:dso""}"
claim:0065,period:fy2025a,IN_PERIOD,"{""rel"":""IN_PERIOD"",""source"":""claim:0065"",""target"":""period:fy2025a""}"
claim:0065,perimeter:unknown,SCOPED_TO,"{""rel"":""SCOPED_TO"",""source"":""claim:0065"",""target"":""perimeter:unknown""}"
claim:0065,source:src-dr,FROM_SOURCE,"{""rel"":""FROM_SOURCE"",""source"":""claim:0065"",""target"":""source:src-dr""}"
claim:0066,entity:unknown,ABOUT,"{""rel"":""ABOUT"",""source"":""claim:0066"",""target"":""entity:unknown""}"
claim:0066,metric:customer_concentration,MEASURES,"{""rel"":""MEASURES"",""source"":""claim:0066"",""target"":""metric:customer_concentration""}"
claim:0066,perimeter:unknown,SCOPED_TO,"{""rel"":""SCOPED_TO"",""source"":""claim:0066"",""target"":""perimeter:unknown""}"
claim:0066,source:src-dr,FROM_SOURCE,"{""rel"":""FROM_SOURCE"",""source"":""claim:0066"",""target"":""source:src-dr""}"
claim:0066,author:data_room_source,BY_AUTHOR,"{""rel"":""BY_AUTHOR"",""source"":""claim:0066"",""target"":""author:data_room_source""}"
claim:0066,area:customer,IN_AREA,"{""rel"":""IN_AREA"",""source"":""claim:0066"",""target"":""area:customer""}"
claim:0066,claim:0078,CHALLENGES,"{""rel"":""CHALLENGES"",""source"":""claim:0066"",""target"":""claim:0078""}"
claim:0066,claim:0001,SUPPORTS,"{""rel"":""SUPPORTS"",""source"":""claim:0066"",""target"":""claim:0001""}"
claim:0066,claim:0003,SUPPORTS,"{""rel"":""SUPPORTS"",""source"":""claim:0066"",""target"":""claim:0003""}"
claim:0067,entity:unknown,ABOUT,"{""rel"":""ABOUT"",""source"":""claim:0067"",""target"":""entity:unknown""}"
claim:0067,metric:customer_concentration,MEASURES,"{""rel"":""MEASURES"",""source"":""claim:0067"",""target"":""metric:customer_concentration""}"
claim:0067,perimeter:unknown,SCOPED_TO,"{""rel"":""SCOPED_TO"",""source"":""claim:0067"",""target"":""perimeter:unknown""}"
claim:0067,source:src-dr,FROM_SOURCE,"{""rel"":""FROM_SOURCE"",""source"":""claim:0067"",""target"":""source:src-dr""}"
claim:0067,author:data_room_source,BY_AUTHOR,"{""rel"":""BY_AUTHOR"",""source"":""claim:0067"",""target"":""author:data_room_source""}"
claim:0067,area:customer,IN_AREA,"{""rel"":""IN_AREA"",""source"":""claim:0067"",""target"":""area:customer""}"
claim:0067,claim:0078,CHALLENGES,"{""rel"":""CHALLENGES"",""source"":""claim:0067"",""target"":""claim:0078""}"
claim:0067,claim:0001,SUPPORTS,"{""rel"":""SUPPORTS"",""source"":""claim:0067"",""target"":""claim:0001""}"
claim:0067,claim:0003,SUPPORTS,"{""rel"":""SUPPORTS"",""source"":""claim:0067"",""target"":""claim:0003""}"
claim:0068,entity:unknown,ABOUT,"{""rel"":""ABOUT"",""source"":""claim:0068"",""target"":""entity:unknown""}"
claim:0068,metric:customer_retention,MEASURES,"{""rel"":""MEASURES"",""source"":""claim:0068"",""target"":""metric:customer_retention""}"
claim:0068,perimeter:unknown,SCOPED_TO,"{""rel"":""SCOPED_TO"",""source"":""claim:0068"",""target"":""perimeter:unknown""}"
claim:0068,source:src-dr,FROM_SOURCE,"{""rel"":""FROM_SOURCE"",""source"":""claim:0068"",""target"":""source:src-dr""}"
claim:0068,author:data_room_source,BY_AUTHOR,"{""rel"":""BY_AUTHOR"",""source"":""claim:0068"",""target"":""author:data_room_source""}"
claim:0068,area:customer,IN_AREA,"{""rel"":""IN_AREA"",""source"":""claim:0068"",""target"":""area:customer""}"
claim:0068,claim:0001,SUPPORTS,"{""rel"":""SUPPORTS"",""source"":""claim:0068"",""target"":""claim:0001""}"
claim:0068,claim:0003,SUPPORTS,"{""rel"":""SUPPORTS"",""source"":""claim:0068"",""target"":""claim:0003""}"
claim:0069,entity:unknown,ABOUT,"{""rel"":""ABOUT"",""source"":""claim:0069"",""target"":""entity:unknown""}"
claim:0069,metric:revenue,MEASURES,"{""rel"":""MEASURES"",""source"":""claim:0069"",""target"":""metric:revenue""}"
claim:0069,perimeter:unknown,SCOPED_TO,"{""rel"":""SCOPED_TO"",""source"":""claim:0069"",""target"":""perimeter:unknown""}"
claim:0069,source:src-dr,FROM_SOURCE,"{""rel"":""FROM_SOURCE"",""source"":""claim:0069"",""target"":""source:src-dr""}"
claim:0069,claim:0013,CHALLENGES,"{""rel"":""CHALLENGES"",""source"":""claim:0069"",""target"":""claim:0013""}"
claim:0069,claim:0111,CHALLENGES,"{""rel"":""CHALLENGES"",""source"":""claim:0069"",""target"":""claim:0111""}"
claim:0069,claim:0225,CHALLENGES,"{""rel"":""CHALLENGES"",""source"":""claim:0069"",""target"":""claim:0225""}"
claim:0070,entity:unknown,ABOUT,"{""rel"":""ABOUT"",""source"":""claim:0070"",""target"":""entity:unknown""}"
claim:0070,metric:revenue,MEASURES,"{""rel"":""MEASURES"",""source"":""claim:0070"",""target"":""metric:revenue""}"
claim:0070,perimeter:unknown,SCOPED_TO,"{""rel"":""SCOPED_TO"",""source"":""claim:0070"",""target"":""perimeter:unknown""}"
claim:0070,source:src-dr,FROM_SOURCE,"{""rel"":""FROM_SOURCE"",""source"":""claim:0070"",""target"":""source:src-dr""}"
claim:0070,claim:0013,CHALLENGES,"{""rel"":""CHALLENGES"",""source"":""claim:0070"",""target"":""claim:0013""}"
claim:0070,claim:0111,CHALLENGES,"{""rel"":""CHALLENGES"",""source"":""claim:0070"",""target"":""claim:0111""}"
claim:0070,claim:0225,CHALLENGES,"{""rel"":""CHALLENGES"",""source"":""claim:0070"",""target"":""claim:0225""}"
claim:0071,entity:unknown,ABOUT,"{""rel"":""ABOUT"",""source"":""claim:0071"",""target"":""entity:unknown""}"
claim:0071,metric:revenue,MEASURES,"{""rel"":""MEASURES"",""source"":""claim:0071"",""target"":""metric:revenue""}"
claim:0071,perimeter:unknown,SCOPED_TO,"{""rel"":""SCOPED_TO"",""source"":""claim:0071"",""target"":""perimeter:unknown""}"
claim:0071,source:src-dr,FROM_SOURCE,"{""rel"":""FROM_SOURCE"",""source"":""claim:0071"",""target"":""source:src-dr""}"
claim:0071,claim:0013,CHALLENGES,"{""rel"":""CHALLENGES"",""source"":""claim:0071"",""target"":""claim:0013""}"
claim:0071,claim:0111,CHALLENGES,"{""rel"":""CHALLENGES"",""source"":""claim:0071"",""target"":""claim:0111""}"
claim:0071,claim:0225,CHALLENGES,"{""rel"":""CHALLENGES"",""source"":""claim:0071"",""target"":""claim:0225""}"
claim:0072,entity:unknown,ABOUT,"{""rel"":""ABOUT"",""source"":""claim:0072"",""target"":""entity:unknown""}"
claim:0072,metric:revenue,MEASURES,"{""rel"":""MEASURES"",""source"":""claim:0072"",""target"":""metric:revenue""}"
claim:0072,perimeter:unknown,SCOPED_TO,"{""rel"":""SCOPED_TO"",""source"":""claim:0072"",""target"":""perimeter:unknown""}"
claim:0072,source:src-dr,FROM_SOURCE,"{""rel"":""FROM_SOURCE"",""source"":""claim:0072"",""target"":""source:src-dr""}"
claim:0072,claim:0013,CHALLENGES,"{""rel"":""CHALLENGES"",""source"":""claim:0072"",""target"":""claim:0013""}"
claim:0072,claim:0111,CHALLENGES,"{""rel"":""CHALLENGES"",""source"":""claim:0072"",""target"":""claim:0111""}"
claim:0072,claim:0225,CHALLENGES,"{""rel"":""CHALLENGES"",""source"":""claim:0072"",""target"":""claim:0225""}"
claim:0073,entity:unknown,ABOUT,"{""rel"":""ABOUT"",""source"":""claim:0073"",""target"":""entity:unknown""}"
claim:0073,metric:enterprise_value,MEASURES,"{""rel"":""MEASURES"",""source"":""claim:0073"",""target"":""metric:enterprise_value""}"
claim:0073,perimeter:unknown,SCOPED_TO,"{""rel"":""SCOPED_TO"",""source"":""claim:0073"",""target"":""perimeter:unknown""}"
claim:0073,source:src-ia,FROM_SOURCE,"{""rel"":""FROM_SOURCE"",""source"":""claim:0073"",""target"":""source:src-ia""}"
claim:0073,author:firm_management,BY_AUTHOR,"{""rel"":""BY_AUTHOR"",""source"":""claim:0073"",""target"":""author:firm_management""}"
claim:0073,area:returns,IN_AREA,"{""rel"":""IN_AREA"",""source"":""claim:0073"",""target"":""area:returns""}"
claim:0074,entity:alderstone_standalone,ABOUT,"{""rel"":""ABOUT"",""source"":""claim:0074"",""target"":""entity:alderstone_standalone""}"
claim:0074,metric:recurring_revenue,MEASURES,"{""rel"":""MEASURES"",""source"":""claim:0074"",""target"":""metric:recurring_revenue""}"
claim:0074,perimeter:alderstone_standalone,SCOPED_TO,"{""rel"":""SCOPED_TO"",""source"":""claim:0074"",""target"":""perimeter:alderstone_standalone""}"
claim:0074,source:src-ia,FROM_SOURCE,"{""rel"":""FROM_SOURCE"",""source"":""claim:0074"",""target"":""source:src-ia""}"
claim:0074,author:management,BY_AUTHOR,"{""rel"":""BY_AUTHOR"",""source"":""claim:0074"",""target"":""author:management""}"
claim:0075,entity:alderstone_standalone,ABOUT,"{""rel"":""ABOUT"",""source"":""claim:0075"",""target"":""entity:alderstone_standalone""}"
claim:0075,metric:revenue_quality,MEASURES,"{""rel"":""MEASURES"",""source"":""claim:0075"",""target"":""metric:revenue_quality""}"
claim:0075,perimeter:alderstone_standalone,SCOPED_TO,"{""rel"":""SCOPED_TO"",""source"":""claim:0075"",""target"":""perimeter:alderstone_standalone""}"
claim:0075,source:src-ia,FROM_SOURCE,"{""rel"":""FROM_SOURCE"",""source"":""claim:0075"",""target"":""source:src-ia""}"
claim:0075,author:management,BY_AUTHOR,"{""rel"":""BY_AUTHOR"",""source"":""claim:0075"",""target"":""author:management""}"
claim:0075,area:earnings,IN_AREA,"{""rel"":""IN_AREA"",""source"":""claim:0075"",""target"":""area:earnings""}"
claim:0076,entity:alderstone_standalone,ABOUT,"{""rel"":""ABOUT"",""source"":""claim:0076"",""target"":""entity:alderstone_standalone""}"
claim:0076,metric:capex,MEASURES,"{""rel"":""MEASURES"",""source"":""claim:0076"",""target"":""metric:capex""}"
claim:0076,perimeter:alderstone_standalone,SCOPED_TO,"{""rel"":""SCOPED_TO"",""source"":""claim:0076"",""target"":""perimeter:alderstone_standalone""}"
claim:0076,source:src-ia,FROM_SOURCE,"{""rel"":""FROM_SOURCE"",""source"":""claim:0076"",""target"":""source:src-ia""}"
claim:0076,author:management,BY_AUTHOR,"{""rel"":""BY_AUTHOR"",""source"":""claim:0076"",""target"":""author:management""}"
claim:0077,entity:alderstone_standalone,ABOUT,"{""rel"":""ABOUT"",""source"":""claim:0077"",""target"":""entity:alderstone_standalone""}"
claim:0077,metric:seller_rollover,MEASURES,"{""rel"":""MEASURES"",""source"":""claim:0077"",""target"":""metric:seller_rollover""}"
claim:0077,perimeter:alderstone_standalone,SCOPED_TO,"{""rel"":""SCOPED_TO"",""source"":""claim:0077"",""target"":""perimeter:alderstone_standalone""}"
claim:0077,source:src-ia,FROM_SOURCE,"{""rel"":""FROM_SOURCE"",""source"":""claim:0077"",""target"":""source:src-ia""}"
claim:0077,author:management,BY_AUTHOR,"{""rel"":""BY_AUTHOR"",""source"":""claim:0077"",""target"":""author:management""}"
claim:0077,area:returns,IN_AREA,"{""rel"":""IN_AREA"",""source"":""claim:0077"",""target"":""area:returns""}"
claim:0078,entity:unknown,ABOUT,"{""rel"":""ABOUT"",""source"":""claim:0078"",""target"":""entity:unknown""}"
claim:0078,metric:customer_concentration,MEASURES,"{""rel"":""MEASURES"",""source"":""claim:0078"",""target"":""metric:customer_concentration""}"
claim:0078,perimeter:unknown,SCOPED_TO,"{""rel"":""SCOPED_TO"",""source"":""claim:0078"",""target"":""perimeter:unknown""}"
claim:0078,source:src-ia,FROM_SOURCE,"{""rel"":""FROM_SOURCE"",""source"":""claim:0078"",""target"":""source:src-ia""}"
claim:0078,author:seller,BY_AUTHOR,"{""rel"":""BY_AUTHOR"",""source"":""claim:0078"",""target"":""author:seller""}"
claim:0078,area:customer,IN_AREA,"{""rel"":""IN_AREA"",""source"":""claim:0078"",""target"":""area:customer""}"
claim:0078,claim:0001,SUPPORTS,"{""rel"":""SUPPORTS"",""source"":""claim:0078"",""target"":""claim:0001""}"
claim:0078,claim:0003,SUPPORTS,"{""rel"":""SUPPORTS"",""source"":""claim:0078"",""target"":""claim:0003""}"
claim:0079,entity:unknown,ABOUT,"{""rel"":""ABOUT"",""source"":""claim:0079"",""target"":""entity:unknown""}"
claim:0079,metric:acquisition_count,MEASURES,"{""rel"":""MEASURES"",""source"":""claim:0079"",""target"":""metric:acquisition_count""}"
claim:0079,perimeter:unknown,SCOPED_TO,"{""rel"":""SCOPED_TO"",""source"":""claim:0079"",""target"":""perimeter:unknown""}"
claim:0079,source:src-ia,FROM_SOURCE,"{""rel"":""FROM_SOURCE"",""source"":""claim:0079"",""target"":""source:src-ia""}"
claim:0079,author:firm_internal_assessment,BY_AUTHOR,"{""rel"":""BY_AUTHOR"",""source"":""claim:0079"",""target"":""author:firm_internal_assessment""}"
claim:0079,area:operations,IN_AREA,"{""rel"":""IN_AREA"",""source"":""claim:0079"",""target"":""area:operations""}"
claim:0079,claim:0004,SUPPORTS,"{""rel"":""SUPPORTS"",""source"":""claim:0079"",""target"":""claim:0004""}"
claim:0079,claim:0006,SUPPORTS,"{""rel"":""SUPPORTS"",""source"":""claim:0079"",""target"":""claim:0006""}"
claim:0080,entity:unknown,ABOUT,"{""rel"":""ABOUT"",""source"":""claim:0080"",""target"":""entity:unknown""}"
claim:0080,metric:ebitda_adjustment,MEASURES,"{""rel"":""MEASURES"",""source"":""claim:0080"",""target"":""metric:ebitda_adjustment""}"
claim:0080,perimeter:unknown,SCOPED_TO,"{""rel"":""SCOPED_TO"",""source"":""claim:0080"",""target"":""perimeter:unknown""}"
claim:0080,source:src-ia,FROM_SOURCE,"{""rel"":""FROM_SOURCE"",""source"":""claim:0080"",""target"":""source:src-ia""}"
claim:0080,author:seller,BY_AUTHOR,"{""rel"":""BY_AUTHOR"",""source"":""claim:0080"",""target"":""author:seller""}"
claim:0080,area:earnings,IN_AREA,"{""rel"":""IN_AREA"",""source"":""claim:0080"",""target"":""area:earnings""}"
claim:0081,entity:unknown,ABOUT,"{""rel"":""ABOUT"",""source"":""claim:0081"",""target"":""entity:unknown""}"
claim:0081,metric:adjustment_supportability,MEASURES,"{""rel"":""MEASURES"",""source"":""claim:0081"",""target"":""metric:adjustment_supportability""}"
claim:0081,perimeter:unknown,SCOPED_TO,"{""rel"":""SCOPED_TO"",""source"":""claim:0081"",""target"":""perimeter:unknown""}"
claim:0081,source:src-ia,FROM_SOURCE,"{""rel"":""FROM_SOURCE"",""source"":""claim:0081"",""target"":""source:src-ia""}"
claim:0081,author:management,BY_AUTHOR,"{""rel"":""BY_AUTHOR"",""source"":""claim:0081"",""target"":""author:management""}"
claim:0081,area:earnings,IN_AREA,"{""rel"":""IN_AREA"",""source"":""claim:0081"",""target"":""area:earnings""}"
claim:0082,entity:unknown,ABOUT,"{""rel"":""ABOUT"",""source"":""claim:0082"",""target"":""entity:unknown""}"
claim:0082,metric:enterprise_value,MEASURES,"{""rel"":""MEASURES"",""source"":""claim:0082"",""target"":""metric:enterprise_value""}"
claim:0082,perimeter:unknown,SCOPED_TO,"{""rel"":""SCOPED_TO"",""source"":""claim:0082"",""target"":""perimeter:unknown""}"
claim:0082,source:src-ia,FROM_SOURCE,"{""rel"":""FROM_SOURCE"",""source"":""claim:0082"",""target"":""source:src-ia""}"
claim:0082,author:firm_(internal_assessment),BY_AUTHOR,"{""rel"":""BY_AUTHOR"",""source"":""claim:0082"",""target"":""author:firm_(internal_assessment)""}"
claim:0082,area:returns,IN_AREA,"{""rel"":""IN_AREA"",""source"":""claim:0082"",""target"":""area:returns""}"
claim:0083,entity:unknown,ABOUT,"{""rel"":""ABOUT"",""source"":""claim:0083"",""target"":""entity:unknown""}"
claim:0083,metric:exit_multiple,MEASURES,"{""rel"":""MEASURES"",""source"":""claim:0083"",""target"":""metric:exit_multiple""}"
claim:0083,perimeter:unknown,SCOPED_TO,"{""rel"":""SCOPED_TO"",""source"":""claim:0083"",""target"":""perimeter:unknown""}"
claim:0083,source:src-ia,FROM_SOURCE,"{""rel"":""FROM_SOURCE"",""source"":""claim:0083"",""target"":""source:src-ia""}"
claim:0083,author:firm_(internal_assessment),BY_AUTHOR,"{""rel"":""BY_AUTHOR"",""source"":""claim:0083"",""target"":""author:firm_(internal_assessment)""}"
claim:0083,area:returns,IN_AREA,"{""rel"":""IN_AREA"",""source"":""claim:0083"",""target"":""area:returns""}"
claim:0084,entity:unknown,ABOUT,"{""rel"":""ABOUT"",""source"":""claim:0084"",""target"":""entity:unknown""}"
claim:0084,metric:ebitda_adjustment,MEASURES,"{""rel"":""MEASURES"",""source"":""claim:0084"",""target"":""metric:ebitda_adjustment""}"
claim:0084,perimeter:unknown,SCOPED_TO,"{""rel"":""SCOPED_TO"",""source"":""claim:0084"",""target"":""perimeter:unknown""}"
claim:0084,source:src-ia,FROM_SOURCE,"{""rel"":""FROM_SOURCE"",""source"":""claim:0084"",""target"":""source:src-ia""}"
claim:0084,author:firm_(internal_assessment),BY_AUTHOR,"{""rel"":""BY_AUTHOR"",""source"":""claim:0084"",""target"":""author:firm_(internal_assessment)""}"
claim:0084,area:operations,IN_AREA,"{""rel"":""IN_AREA"",""source"":""claim:0084"",""target"":""area:operations""}"
claim:0084,claim:0004,SUPPORTS,"{""rel"":""SUPPORTS"",""source"":""claim:0084"",""target"":""claim:0004""}"
claim:0084,claim:0006,SUPPORTS,"{""rel"":""SUPPORTS"",""source"":""claim:0084"",""target"":""claim:0006""}"
claim:0085,entity:alderstone_standalone,ABOUT,"{""rel"":""ABOUT"",""source"":""claim:0085"",""target"":""entity:alderstone_standalone""}"
claim:0085,metric:revenue,MEASURES,"{""rel"":""MEASURES"",""source"":""claim:0085"",""target"":""metric:revenue""}"
claim:0085,period:fy2025a,IN_PERIOD,"{""rel"":""IN_PERIOD"",""source"":""claim:0085"",""target"":""period:fy2025a""}"
claim:0085,perimeter:alderstone_standalone,SCOPED_TO,"{""rel"":""SCOPED_TO"",""source"":""claim:0085"",""target"":""perimeter:alderstone_standalone""}"
claim:0085,source:src-qoe,FROM_SOURCE,"{""rel"":""FROM_SOURCE"",""source"":""claim:0085"",""target"":""source:src-qoe""}"
claim:0085,claim:0112,TRACKS,"{""rel"":""TRACKS"",""source"":""claim:0085"",""target"":""claim:0112""}"
claim:0085,claim:0219,TRACKS,"{""rel"":""TRACKS"",""source"":""claim:0085"",""target"":""claim:0219""}"
claim:0086,entity:alderstone_standalone,ABOUT,"{""rel"":""ABOUT"",""source"":""claim:0086"",""target"":""entity:alderstone_standalone""}"
claim:0086,metric:ebitda,MEASURES,"{""rel"":""MEASURES"",""source"":""claim:0086"",""target"":""metric:ebitda""}"
claim:0086,period:fy2025a,IN_PERIOD,"{""rel"":""IN_PERIOD"",""source"":""claim:0086"",""target"":""period:fy2025a""}"
claim:0086,perimeter:alderstone_standalone,SCOPED_TO,"{""rel"":""SCOPED_TO"",""source"":""claim:0086"",""target"":""perimeter:alderstone_standalone""}"
claim:0086,source:src-qoe,FROM_SOURCE,"{""rel"":""FROM_SOURCE"",""source"":""claim:0086"",""target"":""source:src-qoe""}"
claim:0086,claim:0113,TRACKS,"{""rel"":""TRACKS"",""source"":""claim:0086"",""target"":""claim:0113""}"
claim:0086,claim:0126,TRACKS,"{""rel"":""TRACKS"",""source"":""claim:0086"",""target"":""claim:0126""}"
claim:0086,claim:0221,TRACKS,"{""rel"":""TRACKS"",""source"":""claim:0086"",""target"":""claim:0221""}"
claim:0087,entity:alderstone_qoe-normalized,ABOUT,"{""rel"":""ABOUT"",""source"":""claim:0087"",""target"":""entity:alderstone_qoe-normalized""}"
claim:0087,metric:ebitda,MEASURES,"{""rel"":""MEASURES"",""source"":""claim:0087"",""target"":""metric:ebitda""}"
claim:0087,period:fy2025a,IN_PERIOD,"{""rel"":""IN_PERIOD"",""source"":""claim:0087"",""target"":""period:fy2025a""}"
claim:0087,perimeter:alderstone_qoe-normalized,SCOPED_TO,"{""rel"":""SCOPED_TO"",""source"":""claim:0087"",""target"":""perimeter:alderstone_qoe-normalized""}"
claim:0087,source:src-qoe,FROM_SOURCE,"{""rel"":""FROM_SOURCE"",""source"":""claim:0087"",""target"":""source:src-qoe""}"
claim:0087,author:qoe_provider,BY_AUTHOR,"{""rel"":""BY_AUTHOR"",""source"":""claim:0087"",""target"":""author:qoe_provider""}"
claim:0088,entity:unknown,ABOUT,"{""rel"":""ABOUT"",""source"":""claim:0088"",""target"":""entity:unknown""}"
claim:0088,metric:net_working_capital_target,MEASURES,"{""rel"":""MEASURES"",""source"":""claim:0088"",""target"":""metric:net_working_capital_target""}"
claim:0088,perimeter:unknown,SCOPED_TO,"{""rel"":""SCOPED_TO"",""source"":""claim:0088"",""target"":""perimeter:unknown""}"
claim:0088,source:src-qoe,FROM_SOURCE,"{""rel"":""FROM_SOURCE"",""source"":""claim:0088"",""target"":""source:src-qoe""}"
claim:0088,author:seller,BY_AUTHOR,"{""rel"":""BY_AUTHOR"",""source"":""claim:0088"",""target"":""author:seller""}"
claim:0088,area:operations,IN_AREA,"{""rel"":""IN_AREA"",""source"":""claim:0088"",""target"":""area:operations""}"
claim:0088,claim:0004,SUPPORTS,"{""rel"":""SUPPORTS"",""source"":""claim:0088"",""target"":""claim:0004""}"
claim:0088,claim:0006,SUPPORTS,"{""rel"":""SUPPORTS"",""source"":""claim:0088"",""target"":""claim:0006""}"
claim:0089,entity:unknown,ABOUT,"{""rel"":""ABOUT"",""source"":""claim:0089"",""target"":""entity:unknown""}"
claim:0089,metric:net_working_capital,MEASURES,"{""rel"":""MEASURES"",""source"":""claim:0089"",""target"":""metric:net_working_capital""}"
claim:0089,perimeter:unknown,SCOPED_TO,"{""rel"":""SCOPED_TO"",""source"":""claim:0089"",""target"":""perimeter:unknown""}"
claim:0089,source:src-qoe,FROM_SOURCE,"{""rel"":""FROM_SOURCE"",""source"":""claim:0089"",""target"":""source:src-qoe""}"
claim:0089,author:qoe_provider,BY_AUTHOR,"{""rel"":""BY_AUTHOR"",""source"":""claim:0089"",""target"":""author:qoe_provider""}"
claim:0089,area:operations,IN_AREA,"{""rel"":""IN_AREA"",""source"":""claim:0089"",""target"":""area:operations""}"
claim:0089,claim:0088,CHALLENGES,"{""rel"":""CHALLENGES"",""source"":""claim:0089"",""target"":""claim:0088""}"
claim:0089,claim:0090,CHALLENGES,"{""rel"":""CHALLENGES"",""source"":""claim:0089"",""target"":""claim:0090""}"
claim:0089,claim:0203,CHALLENGES,"{""rel"":""CHALLENGES"",""source"":""claim:0089"",""target"":""claim:0203""}"
claim:0089,claim:0205,CHALLENGES,"{""rel"":""CHALLENGES"",""source"":""claim:0089"",""target"":""claim:0205""}"
claim:0089,claim:0233,CHALLENGES,"{""rel"":""CHALLENGES"",""source"":""claim:0089"",""target"":""claim:0233""}"
claim:0089,claim:0234,CHALLENGES,"{""rel"":""CHALLENGES"",""source"":""claim:0089"",""target"":""claim:0234""}"
claim:0089,claim:0004,SUPPORTS,"{""rel"":""SUPPORTS"",""source"":""claim:0089"",""target"":""claim:0004""}"
claim:0089,claim:0006,SUPPORTS,"{""rel"":""SUPPORTS"",""source"":""claim:0089"",""target"":""claim:0006""}"
claim:0090,entity:unknown,ABOUT,"{""rel"":""ABOUT"",""source"":""claim:0090"",""target"":""entity:unknown""}"
claim:0090,metric:net_working_capital_adjustment,MEASURES,"{""rel"":""MEASURES"",""source"":""claim:0090"",""target"":""metric:net_working_capital_adjustment""}"
claim:0090,perimeter:unknown,SCOPED_TO,"{""rel"":""SCOPED_TO"",""source"":""claim:0090"",""target"":""perimeter:unknown""}"
claim:0090,source:src-qoe,FROM_SOURCE,"{""rel"":""FROM_SOURCE"",""source"":""claim:0090"",""target"":""source:src-qoe""}"
claim:0090,author:qoe_provider,BY_AUTHOR,"{""rel"":""BY_AUTHOR"",""source"":""claim:0090"",""target"":""author:qoe_provider""}"
claim:0090,area:operations,IN_AREA,"{""rel"":""IN_AREA"",""source"":""claim:0090"",""target"":""area:operations""}"
claim:0090,claim:0203,CHALLENGES,"{""rel"":""CHALLENGES"",""source"":""claim:0090"",""target"":""claim:0203""}"
claim:0090,claim:0205,CHALLENGES,"{""rel"":""CHALLENGES"",""source"":""claim:0090"",""target"":""claim:0205""}"
claim:0090,claim:0233,CHALLENGES,"{""rel"":""CHALLENGES"",""source"":""claim:0090"",""target"":""claim:0233""}"
claim:0090,claim:0234,CHALLENGES,"{""rel"":""CHALLENGES"",""source"":""claim:0090"",""target"":""claim:0234""}"
claim:0090,claim:0004,SUPPORTS,"{""rel"":""SUPPORTS"",""source"":""claim:0090"",""target"":""claim:0004""}"
claim:0090,claim:0006,SUPPORTS,"{""rel"":""SUPPORTS"",""source"":""claim:0090"",""target"":""claim:0006""}"
claim:0091,entity:keystone,ABOUT,"{""rel"":""ABOUT"",""source"":""claim:0091"",""target"":""entity:keystone""}"
claim:0091,metric:ebitda_adjustment,MEASURES,"{""rel"":""MEASURES"",""source"":""claim:0091"",""target"":""metric:ebitda_adjustment""}"
claim:0091,perimeter:keystone,SCOPED_TO,"{""rel"":""SCOPED_TO"",""source"":""claim:0091"",""target"":""perimeter:keystone""}"
claim:0091,source:src-qoe,FROM_SOURCE,"{""rel"":""FROM_SOURCE"",""source"":""claim:0091"",""target"":""source:src-qoe""}"
claim:0091,author:qoe_provider,BY_AUTHOR,"{""rel"":""BY_AUTHOR"",""source"":""claim:0091"",""target"":""author:qoe_provider""}"
claim:0091,area:earnings,IN_AREA,"{""rel"":""IN_AREA"",""source"":""claim:0091"",""target"":""area:earnings""}"
claim:0091,claim:0093,REFINES,"{""rel"":""REFINES"",""source"":""claim:0091"",""target"":""claim:0093""}"
claim:0091,claim:0094,REFINES,"{""rel"":""REFINES"",""source"":""claim:0091"",""target"":""claim:0094""}"
claim:0091,claim:0095,REFINES,"{""rel"":""REFINES"",""source"":""claim:0091"",""target"":""claim:0095""}"
claim:0091,claim:0096,REFINES,"{""rel"":""REFINES"",""source"":""claim:0091"",""target"":""claim:0096""}"
claim:0091,claim:0101,REFINES,"{""rel"":""REFINES"",""source"":""claim:0091"",""target"":""claim:0101""}"
claim:0091,claim:0102,REFINES,"{""rel"":""REFINES"",""source"":""claim:0091"",""target"":""claim:0102""}"
claim:0091,claim:0103,REFINES,"{""rel"":""REFINES"",""source"":""claim:0091"",""target"":""claim:0103""}"
claim:0091,claim:0186,REFINES,"{""rel"":""REFINES"",""source"":""claim:0091"",""target"":""claim:0186""}"
claim:0091,claim:0187,REFINES,"{""rel"":""REFINES"",""source"":""claim:0091"",""target"":""claim:0187""}"
claim:0091,claim:0188,REFINES,"{""rel"":""REFINES"",""source"":""claim:0091"",""target"":""claim:0188""}"
claim:0091,claim:0195,REFINES,"{""rel"":""REFINES"",""source"":""claim:0091"",""target"":""claim:0195""}"
claim:0091,claim:0202,REFINES,"{""rel"":""REFINES"",""source"":""claim:0091"",""target"":""claim:0202""}"
claim:0091,claim:0211,REFINES,"{""rel"":""REFINES"",""source"":""claim:0091"",""target"":""claim:0211""}"
claim:0091,claim:0214,REFINES,"{""rel"":""REFINES"",""source"":""claim:0091"",""target"":""claim:0214""}"
claim:0091,claim:0092,SUPPORTS,"{""rel"":""SUPPORTS"",""source"":""claim:0091"",""target"":""claim:0092""}"
claim:0092,entity:keystone,ABOUT,"{""rel"":""ABOUT"",""source"":""claim:0092"",""target"":""entity:keystone""}"
claim:0092,metric:ebitda_add-back,MEASURES,"{""rel"":""MEASURES"",""source"":""claim:0092"",""target"":""metric:ebitda_add-back""}"
claim:0092,perimeter:keystone,SCOPED_TO,"{""rel"":""SCOPED_TO"",""source"":""claim:0092"",""target"":""perimeter:keystone""}"
claim:0092,source:src-qoe,FROM_SOURCE,"{""rel"":""FROM_SOURCE"",""source"":""claim:0092"",""target"":""source:src-qoe""}"
claim:0092,author:qoe_provider,BY_AUTHOR,"{""rel"":""BY_AUTHOR"",""source"":""claim:0092"",""target"":""author:qoe_provider""}"
claim:0092,area:earnings,IN_AREA,"{""rel"":""IN_AREA"",""source"":""claim:0092"",""target"":""area:earnings""}"
claim:0092,claim:0093,REFINES,"{""rel"":""REFINES"",""source"":""claim:0092"",""target"":""claim:0093""}"
claim:0092,claim:0096,REFINES,"{""rel"":""REFINES"",""source"":""claim:0092"",""target"":""claim:0096""}"
claim:0092,claim:0103,REFINES,"{""rel"":""REFINES"",""source"":""claim:0092"",""target"":""claim:0103""}"
claim:0092,claim:0187,REFINES,"{""rel"":""REFINES"",""source"":""claim:0092"",""target"":""claim:0187""}"
claim:0092,claim:0188,REFINES,"{""rel"":""REFINES"",""source"":""claim:0092"",""target"":""claim:0188""}"
claim:0092,claim:0195,REFINES,"{""rel"":""REFINES"",""source"":""claim:0092"",""target"":""claim:0195""}"
claim:0092,claim:0202,REFINES,"{""rel"":""REFINES"",""source"":""claim:0092"",""target"":""claim:0202""}"
claim:0092,claim:0214,REFINES,"{""rel"":""REFINES"",""source"":""claim:0092"",""target"":""claim:0214""}"
claim:0093,entity:keystone_standalone,ABOUT,"{""rel"":""ABOUT"",""source"":""claim:0093"",""target"":""entity:keystone_standalone""}"
claim:0093,metric:ebitda,MEASURES,"{""rel"":""MEASURES"",""source"":""claim:0093"",""target"":""metric:ebitda""}"
claim:0093,perimeter:keystone_standalone,SCOPED_TO,"{""rel"":""SCOPED_TO"",""source"":""claim:0093"",""target"":""perimeter:keystone_standalone""}"
claim:0093,source:src-qoe,FROM_SOURCE,"{""rel"":""FROM_SOURCE"",""source"":""claim:0093"",""target"":""source:src-qoe""}"
claim:0093,author:qoe_provider,BY_AUTHOR,"{""rel"":""BY_AUTHOR"",""source"":""claim:0093"",""target"":""author:qoe_provider""}"
claim:0093,claim:0101,CHALLENGES,"{""rel"":""CHALLENGES"",""source"":""claim:0093"",""target"":""claim:0101""}"
claim:0093,claim:0102,CHALLENGES,"{""rel"":""CHALLENGES"",""source"":""claim:0093"",""target"":""claim:0102""}"
claim:0093,claim:0124,CHALLENGES,"{""rel"":""CHALLENGES"",""source"":""claim:0093"",""target"":""claim:0124""}"
claim:0093,claim:0195,CHALLENGES,"{""rel"":""CHALLENGES"",""source"":""claim:0093"",""target"":""claim:0195""}"
claim:0093,claim:0202,CHALLENGES,"{""rel"":""CHALLENGES"",""source"":""claim:0093"",""target"":""claim:0202""}"
claim:0093,claim:0211,CHALLENGES,"{""rel"":""CHALLENGES"",""source"":""claim:0093"",""target"":""claim:0211""}"
claim:0094,entity:keystone_standalone,ABOUT,"{""rel"":""ABOUT"",""source"":""claim:0094"",""target"":""entity:keystone_standalone""}"
claim:0094,metric:ebitda_adjustment,MEASURES,"{""rel"":""MEASURES"",""source"":""claim:0094"",""target"":""metric:ebitda_adjustment""}"
claim:0094,perimeter:keystone_standalone,SCOPED_TO,"{""rel"":""SCOPED_TO"",""source"":""claim:0094"",""target"":""perimeter:keystone_standalone""}"
claim:0094,source:src-qoe,FROM_SOURCE,"{""rel"":""FROM_SOURCE"",""source"":""claim:0094"",""target"":""source:src-qoe""}"
claim:0094,author:qoe_provider,BY_AUTHOR,"{""rel"":""BY_AUTHOR"",""source"":""claim:0094"",""target"":""author:qoe_provider""}"
claim:0094,area:earnings,IN_AREA,"{""rel"":""IN_AREA"",""source"":""claim:0094"",""target"":""area:earnings""}"
claim:0094,claim:0095,CONTRADICTS,"{""rel"":""CONTRADICTS"",""source"":""claim:0094"",""target"":""claim:0095""}"
claim:0094,claim:0102,CONTRADICTS,"{""rel"":""CONTRADICTS"",""source"":""claim:0094"",""target"":""claim:0102""}"
claim:0094,claim:0093,CHALLENGES,"{""rel"":""CHALLENGES"",""source"":""claim:0094"",""target"":""claim:0093""}"
claim:0094,claim:0101,CHALLENGES,"{""rel"":""CHALLENGES"",""source"":""claim:0094"",""target"":""claim:0101""}"
claim:0094,claim:0103,CHALLENGES,"{""rel"":""CHALLENGES"",""source"":""claim:0094"",""target"":""claim:0103""}"
claim:0094,claim:0195,CHALLENGES,"{""rel"":""CHALLENGES"",""source"":""claim:0094"",""target"":""claim:0195""}"
claim:0094,claim:0202,CHALLENGES,"{""rel"":""CHALLENGES"",""source"":""claim:0094"",""target"":""claim:0202""}"
claim:0094,claim:0211,CHALLENGES,"{""rel"":""CHALLENGES"",""source"":""claim:0094"",""target"":""claim:0211""}"
claim:0094,claim:0214,CHALLENGES,"{""rel"":""CHALLENGES"",""source"":""claim:0094"",""target"":""claim:0214""}"
claim:0094,claim:0092,SUPPORTS,"{""rel"":""SUPPORTS"",""source"":""claim:0094"",""target"":""claim:0092""}"
claim:0095,entity:keystone_standalone,ABOUT,"{""rel"":""ABOUT"",""source"":""claim:0095"",""target"":""entity:keystone_standalone""}"
claim:0095,metric:ebitda_adjustment,MEASURES,"{""rel"":""MEASURES"",""source"":""claim:0095"",""target"":""metric:ebitda_adjustment""}"
claim:0095,perimeter:keystone_standalone,SCOPED_TO,"{""rel"":""SCOPED_TO"",""source"":""claim:0095"",""target"":""perimeter:keystone_standalone""}"
claim:0095,source:src-qoe,FROM_SOURCE,"{""rel"":""FROM_SOURCE"",""source"":""claim:0095"",""target"":""source:src-qoe""}"
claim:0095,author:qoe_provider,BY_AUTHOR,"{""rel"":""BY_AUTHOR"",""source"":""claim:0095"",""target"":""author:qoe_provider""}"
claim:0095,area:earnings,IN_AREA,"{""rel"":""IN_AREA"",""source"":""claim:0095"",""target"":""area:earnings""}"
claim:0095,claim:0093,CHALLENGES,"{""rel"":""CHALLENGES"",""source"":""claim:0095"",""target"":""claim:0093""}"
claim:0095,claim:0101,CHALLENGES,"{""rel"":""CHALLENGES"",""source"":""claim:0095"",""target"":""claim:0101""}"
claim:0095,claim:0102,CHALLENGES,"{""rel"":""CHALLENGES"",""source"":""claim:0095"",""target"":""claim:0102""}"
claim:0095,claim:0103,CHALLENGES,"{""rel"":""CHALLENGES"",""source"":""claim:0095"",""target"":""claim:0103""}"
claim:0095,claim:0195,CHALLENGES,"{""rel"":""CHALLENGES"",""source"":""claim:0095"",""target"":""claim:0195""}"
claim:0095,claim:0202,CHALLENGES,"{""rel"":""CHALLENGES"",""source"":""claim:0095"",""target"":""claim:0202""}"
claim:0095,claim:0211,CHALLENGES,"{""rel"":""CHALLENGES"",""source"":""claim:0095"",""target"":""claim:0211""}"
claim:0095,claim:0214,CHALLENGES,"{""rel"":""CHALLENGES"",""source"":""claim:0095"",""target"":""claim:0214""}"
claim:0095,claim:0092,SUPPORTS,"{""rel"":""SUPPORTS"",""source"":""claim:0095"",""target"":""claim:0092""}"
claim:0096,entity:keystone_qoe-normalized,ABOUT,"{""rel"":""ABOUT"",""source"":""claim:0096"",""target"":""entity:keystone_qoe-normalized""}"
claim:0096,metric:ebitda,MEASURES,"{""rel"":""MEASURES"",""source"":""claim:0096"",""target"":""metric:ebitda""}"
claim:0096,perimeter:keystone_qoe-normalized,SCOPED_TO,"{""rel"":""SCOPED_TO"",""source"":""claim:0096"",""target"":""perimeter:keystone_qoe-normalized""}"
claim:0096,source:src-qoe,FROM_SOURCE,"{""rel"":""FROM_SOURCE"",""source"":""claim:0096"",""target"":""source:src-qoe""}"
claim:0096,author:qoe_provider,BY_AUTHOR,"{""rel"":""BY_AUTHOR"",""source"":""claim:0096"",""target"":""author:qoe_provider""}"
claim:0097,entity:keystone_standalone,ABOUT,"{""rel"":""ABOUT"",""source"":""claim:0097"",""target"":""entity:keystone_standalone""}"
claim:0097,metric:gross_debt,MEASURES,"{""rel"":""MEASURES"",""source"":""claim:0097"",""target"":""metric:gross_debt""}"
claim:0097,period:opening,IN_PERIOD,"{""rel"":""IN_PERIOD"",""source"":""claim:0097"",""target"":""period:opening""}"
claim:0097,perimeter:keystone_standalone,SCOPED_TO,"{""rel"":""SCOPED_TO"",""source"":""claim:0097"",""target"":""perimeter:keystone_standalone""}"
claim:0097,source:src-qoe,FROM_SOURCE,"{""rel"":""FROM_SOURCE"",""source"":""claim:0097"",""target"":""source:src-qoe""}"
claim:0097,author:qoe_provider,BY_AUTHOR,"{""rel"":""BY_AUTHOR"",""source"":""claim:0097"",""target"":""author:qoe_provider""}"
claim:0097,area:structure,IN_AREA,"{""rel"":""IN_AREA"",""source"":""claim:0097"",""target"":""area:structure""}"
claim:0098,entity:keystone_standalone,ABOUT,"{""rel"":""ABOUT"",""source"":""claim:0098"",""target"":""entity:keystone_standalone""}"
claim:0098,metric:net_debt,MEASURES,"{""rel"":""MEASURES"",""source"":""claim:0098"",""target"":""metric:net_debt""}"
claim:0098,period:opening,IN_PERIOD,"{""rel"":""IN_PERIOD"",""source"":""claim:0098"",""target"":""period:opening""}"
claim:0098,perimeter:keystone_standalone,SCOPED_TO,"{""rel"":""SCOPED_TO"",""source"":""claim:0098"",""target"":""perimeter:keystone_standalone""}"
claim:0098,source:src-qoe,FROM_SOURCE,"{""rel"":""FROM_SOURCE"",""source"":""claim:0098"",""target"":""source:src-qoe""}"
claim:0098,author:qoe_provider,BY_AUTHOR,"{""rel"":""BY_AUTHOR"",""source"":""claim:0098"",""target"":""author:qoe_provider""}"
claim:0098,area:structure,IN_AREA,"{""rel"":""IN_AREA"",""source"":""claim:0098"",""target"":""area:structure""}"
claim:0099,entity:keystone_standalone,ABOUT,"{""rel"":""ABOUT"",""source"":""claim:0099"",""target"":""entity:keystone_standalone""}"
claim:0099,metric:first-lien_debt,MEASURES,"{""rel"":""MEASURES"",""source"":""claim:0099"",""target"":""metric:first-lien_debt""}"
claim:0099,period:opening,IN_PERIOD,"{""rel"":""IN_PERIOD"",""source"":""claim:0099"",""target"":""period:opening""}"
claim:0099,perimeter:keystone_standalone,SCOPED_TO,"{""rel"":""SCOPED_TO"",""source"":""claim:0099"",""target"":""perimeter:keystone_standalone""}"
claim:0099,source:src-qoe,FROM_SOURCE,"{""rel"":""FROM_SOURCE"",""source"":""claim:0099"",""target"":""source:src-qoe""}"
claim:0099,author:qoe_provider,BY_AUTHOR,"{""rel"":""BY_AUTHOR"",""source"":""claim:0099"",""target"":""author:qoe_provider""}"
claim:0099,area:structure,IN_AREA,"{""rel"":""IN_AREA"",""source"":""claim:0099"",""target"":""area:structure""}"
claim:0100,entity:unknown,ABOUT,"{""rel"":""ABOUT"",""source"":""claim:0100"",""target"":""entity:unknown""}"
claim:0100,metric:earnings_quality_risk,MEASURES,"{""rel"":""MEASURES"",""source"":""claim:0100"",""target"":""metric:earnings_quality_risk""}"
claim:0100,perimeter:unknown,SCOPED_TO,"{""rel"":""SCOPED_TO"",""source"":""claim:0100"",""target"":""perimeter:unknown""}"
claim:0100,source:src-qoe,FROM_SOURCE,"{""rel"":""FROM_SOURCE"",""source"":""claim:0100"",""target"":""source:src-qoe""}"
claim:0100,author:qoe_provider,BY_AUTHOR,"{""rel"":""BY_AUTHOR"",""source"":""claim:0100"",""target"":""author:qoe_provider""}"
claim:0100,area:earnings,IN_AREA,"{""rel"":""IN_AREA"",""source"":""claim:0100"",""target"":""area:earnings""}"
claim:0101,entity:keystone_standalone,ABOUT,"{""rel"":""ABOUT"",""source"":""claim:0101"",""target"":""entity:keystone_standalone""}"
claim:0101,metric:ebitda_adjustment,MEASURES,"{""rel"":""MEASURES"",""source"":""claim:0101"",""target"":""metric:ebitda_adjustment""}"
claim:0101,perimeter:keystone_standalone,SCOPED_TO,"{""rel"":""SCOPED_TO"",""source"":""claim:0101"",""target"":""perimeter:keystone_standalone""}"
claim:0101,source:src-model-sum,FROM_SOURCE,"{""rel"":""FROM_SOURCE"",""source"":""claim:0101"",""target"":""source:src-model-sum""}"
claim:0101,author:management,BY_AUTHOR,"{""rel"":""BY_AUTHOR"",""source"":""claim:0101"",""target"":""author:management""}"
claim:0101,area:earnings,IN_AREA,"{""rel"":""IN_AREA"",""source"":""claim:0101"",""target"":""area:earnings""}"
claim:0101,claim:0095,CONTRADICTS,"{""rel"":""CONTRADICTS"",""source"":""claim:0101"",""target"":""claim:0095""}"
claim:0101,claim:0102,CONTRADICTS,"{""rel"":""CONTRADICTS"",""source"":""claim:0101"",""target"":""claim:0102""}"
claim:0101,claim:0092,SUPPORTS,"{""rel"":""SUPPORTS"",""source"":""claim:0101"",""target"":""claim:0092""}"
claim:0102,entity:keystone_standalone,ABOUT,"{""rel"":""ABOUT"",""source"":""claim:0102"",""target"":""entity:keystone_standalone""}"
claim:0102,metric:ebitda_adjustment,MEASURES,"{""rel"":""MEASURES"",""source"":""claim:0102"",""target"":""metric:ebitda_adjustment""}"
claim:0102,perimeter:keystone_standalone,SCOPED_TO,"{""rel"":""SCOPED_TO"",""source"":""claim:0102"",""target"":""perimeter:keystone_standalone""}"
claim:0102,source:src-model-sum,FROM_SOURCE,"{""rel"":""FROM_SOURCE"",""source"":""claim:0102"",""target"":""source:src-model-sum""}"
claim:0102,author:management,BY_AUTHOR,"{""rel"":""BY_AUTHOR"",""source"":""claim:0102"",""target"":""author:management""}"
claim:0102,area:earnings,IN_AREA,"{""rel"":""IN_AREA"",""source"":""claim:0102"",""target"":""area:earnings""}"
claim:0102,claim:0092,SUPPORTS,"{""rel"":""SUPPORTS"",""source"":""claim:0102"",""target"":""claim:0092""}"
claim:0103,entity:keystone_standalone,ABOUT,"{""rel"":""ABOUT"",""source"":""claim:0103"",""target"":""entity:keystone_standalone""}"
claim:0103,metric:ebitda,MEASURES,"{""rel"":""MEASURES"",""source"":""claim:0103"",""target"":""metric:ebitda""}"
claim:0103,perimeter:keystone_standalone,SCOPED_TO,"{""rel"":""SCOPED_TO"",""source"":""claim:0103"",""target"":""perimeter:keystone_standalone""}"
claim:0103,source:src-model-sum,FROM_SOURCE,"{""rel"":""FROM_SOURCE"",""source"":""claim:0103"",""target"":""source:src-model-sum""}"
claim:0103,author:management,BY_AUTHOR,"{""rel"":""BY_AUTHOR"",""source"":""claim:0103"",""target"":""author:management""}"
claim:0103,claim:0101,CHALLENGES,"{""rel"":""CHALLENGES"",""source"":""claim:0103"",""target"":""claim:0101""}"
claim:0103,claim:0102,CHALLENGES,"{""rel"":""CHALLENGES"",""source"":""claim:0103"",""target"":""claim:0102""}"
claim:0103,claim:0124,CHALLENGES,"{""rel"":""CHALLENGES"",""source"":""claim:0103"",""target"":""claim:0124""}"
claim:0103,claim:0195,CHALLENGES,"{""rel"":""CHALLENGES"",""source"":""claim:0103"",""target"":""claim:0195""}"
claim:0103,claim:0202,CHALLENGES,"{""rel"":""CHALLENGES"",""source"":""claim:0103"",""target"":""claim:0202""}"
claim:0103,claim:0211,CHALLENGES,"{""rel"":""CHALLENGES"",""source"":""claim:0103"",""target"":""claim:0211""}"
claim:0104,entity:keystone_standalone,ABOUT,"{""rel"":""ABOUT"",""source"":""claim:0104"",""target"":""entity:keystone_standalone""}"
claim:0104,metric:revenue_growth,MEASURES,"{""rel"":""MEASURES"",""source"":""claim:0104"",""target"":""metric:revenue_growth""}"
claim:0104,perimeter:keystone_standalone,SCOPED_TO,"{""rel"":""SCOPED_TO"",""source"":""claim:0104"",""target"":""perimeter:keystone_standalone""}"
claim:0104,source:src-model-sum,FROM_SOURCE,"{""rel"":""FROM_SOURCE"",""source"":""claim:0104"",""target"":""source:src-model-sum""}"
claim:0104,claim:0164,REFINES,"{""rel"":""REFINES"",""source"":""claim:0104"",""target"":""claim:0164""}"
claim:0105,entity:keystone_standalone,ABOUT,"{""rel"":""ABOUT"",""source"":""claim:0105"",""target"":""entity:keystone_standalone""}"
claim:0105,metric:gross_margin,MEASURES,"{""rel"":""MEASURES"",""source"":""claim:0105"",""target"":""metric:gross_margin""}"
claim:0105,period:opening,IN_PERIOD,"{""rel"":""IN_PERIOD"",""source"":""claim:0105"",""target"":""period:opening""}"
claim:0105,perimeter:keystone_standalone,SCOPED_TO,"{""rel"":""SCOPED_TO"",""source"":""claim:0105"",""target"":""perimeter:keystone_standalone""}"
claim:0105,source:src-model-sum,FROM_SOURCE,"{""rel"":""FROM_SOURCE"",""source"":""claim:0105"",""target"":""source:src-model-sum""}"
claim:0105,claim:0201,TRACKS,"{""rel"":""TRACKS"",""source"":""claim:0105"",""target"":""claim:0201""}"
claim:0105,claim:0213,TRACKS,"{""rel"":""TRACKS"",""source"":""claim:0105"",""target"":""claim:0213""}"
claim:0106,entity:keystone_standalone,ABOUT,"{""rel"":""ABOUT"",""source"":""claim:0106"",""target"":""entity:keystone_standalone""}"
claim:0106,metric:exit_multiple,MEASURES,"{""rel"":""MEASURES"",""source"":""claim:0106"",""target"":""metric:exit_multiple""}"
claim:0106,perimeter:keystone_standalone,SCOPED_TO,"{""rel"":""SCOPED_TO"",""source"":""claim:0106"",""target"":""perimeter:keystone_standalone""}"
claim:0106,source:src-model-sum,FROM_SOURCE,"{""rel"":""FROM_SOURCE"",""source"":""claim:0106"",""target"":""source:src-model-sum""}"
claim:0106,area:returns,IN_AREA,"{""rel"":""IN_AREA"",""source"":""claim:0106"",""target"":""area:returns""}"
claim:0107,entity:keystone_standalone,ABOUT,"{""rel"":""ABOUT"",""source"":""claim:0107"",""target"":""entity:keystone_standalone""}"
claim:0107,metric:exit_horizon,MEASURES,"{""rel"":""MEASURES"",""source"":""claim:0107"",""target"":""metric:exit_horizon""}"
claim:0107,period:fy2031,IN_PERIOD,"{""rel"":""IN_PERIOD"",""source"":""claim:0107"",""target"":""period:fy2031""}"
claim:0107,perimeter:keystone_standalone,SCOPED_TO,"{""rel"":""SCOPED_TO"",""source"":""claim:0107"",""target"":""perimeter:keystone_standalone""}"
claim:0107,source:src-model-sum,FROM_SOURCE,"{""rel"":""FROM_SOURCE"",""source"":""claim:0107"",""target"":""source:src-model-sum""}"
claim:0107,area:returns,IN_AREA,"{""rel"":""IN_AREA"",""source"":""claim:0107"",""target"":""area:returns""}"
claim:0108,entity:unknown,ABOUT,"{""rel"":""ABOUT"",""source"":""claim:0108"",""target"":""entity:unknown""}"
claim:0108,metric:acquisition_count,MEASURES,"{""rel"":""MEASURES"",""source"":""claim:0108"",""target"":""metric:acquisition_count""}"
claim:0108,period:fy2026,IN_PERIOD,"{""rel"":""IN_PERIOD"",""source"":""claim:0108"",""target"":""period:fy2026""}"
claim:0108,perimeter:unknown,SCOPED_TO,"{""rel"":""SCOPED_TO"",""source"":""claim:0108"",""target"":""perimeter:unknown""}"
claim:0108,source:src-model-sum,FROM_SOURCE,"{""rel"":""FROM_SOURCE"",""source"":""claim:0108"",""target"":""source:src-model-sum""}"
claim:0108,area:operations,IN_AREA,"{""rel"":""IN_AREA"",""source"":""claim:0108"",""target"":""area:operations""}"
claim:0108,claim:0004,SUPPORTS,"{""rel"":""SUPPORTS"",""source"":""claim:0108"",""target"":""claim:0004""}"
claim:0108,claim:0006,SUPPORTS,"{""rel"":""SUPPORTS"",""source"":""claim:0108"",""target"":""claim:0006""}"
claim:0109,entity:unknown,ABOUT,"{""rel"":""ABOUT"",""source"":""claim:0109"",""target"":""entity:unknown""}"
claim:0109,metric:ddtl_availability,MEASURES,"{""rel"":""MEASURES"",""source"":""claim:0109"",""target"":""metric:ddtl_availability""}"
claim:0109,period:fy2026,IN_PERIOD,"{""rel"":""IN_PERIOD"",""source"":""claim:0109"",""target"":""period:fy2026""}"
claim:0109,perimeter:unknown,SCOPED_TO,"{""rel"":""SCOPED_TO"",""source"":""claim:0109"",""target"":""perimeter:unknown""}"
claim:0109,source:src-model-sum,FROM_SOURCE,"{""rel"":""FROM_SOURCE"",""source"":""claim:0109"",""target"":""source:src-model-sum""}"
claim:0109,area:structure,IN_AREA,"{""rel"":""IN_AREA"",""source"":""claim:0109"",""target"":""area:structure""}"
claim:0109,claim:0236,TRACKS,"{""rel"":""TRACKS"",""source"":""claim:0109"",""target"":""claim:0236""}"
claim:0109,claim:0247,TRACKS,"{""rel"":""TRACKS"",""source"":""claim:0109"",""target"":""claim:0247""}"
claim:0110,entity:unknown,ABOUT,"{""rel"":""ABOUT"",""source"":""claim:0110"",""target"":""entity:unknown""}"
claim:0110,metric:sponsor_equity,MEASURES,"{""rel"":""MEASURES"",""source"":""claim:0110"",""target"":""metric:sponsor_equity""}"
claim:0110,period:fy2026,IN_PERIOD,"{""rel"":""IN_PERIOD"",""source"":""claim:0110"",""target"":""period:fy2026""}"
claim:0110,perimeter:unknown,SCOPED_TO,"{""rel"":""SCOPED_TO"",""source"":""claim:0110"",""target"":""perimeter:unknown""}"
claim:0110,source:src-model-sum,FROM_SOURCE,"{""rel"":""FROM_SOURCE"",""source"":""claim:0110"",""target"":""source:src-model-sum""}"
claim:0110,area:structure,IN_AREA,"{""rel"":""IN_AREA"",""source"":""claim:0110"",""target"":""area:structure""}"
claim:0110,claim:0122,TRACKS,"{""rel"":""TRACKS"",""source"":""claim:0110"",""target"":""claim:0122""}"
claim:0110,claim:0235,TRACKS,"{""rel"":""TRACKS"",""source"":""claim:0110"",""target"":""claim:0235""}"
claim:0110,claim:0239,TRACKS,"{""rel"":""TRACKS"",""source"":""claim:0110"",""target"":""claim:0239""}"
claim:0111,entity:unknown,ABOUT,"{""rel"":""ABOUT"",""source"":""claim:0111"",""target"":""entity:unknown""}"
claim:0111,metric:revenue_growth,MEASURES,"{""rel"":""MEASURES"",""source"":""claim:0111"",""target"":""metric:revenue_growth""}"
claim:0111,period:fy2026,IN_PERIOD,"{""rel"":""IN_PERIOD"",""source"":""claim:0111"",""target"":""period:fy2026""}"
claim:0111,perimeter:unknown,SCOPED_TO,"{""rel"":""SCOPED_TO"",""source"":""claim:0111"",""target"":""perimeter:unknown""}"
claim:0111,source:src-model-sum,FROM_SOURCE,"{""rel"":""FROM_SOURCE"",""source"":""claim:0111"",""target"":""source:src-model-sum""}"
claim:0112,entity:alderstone_standalone,ABOUT,"{""rel"":""ABOUT"",""source"":""claim:0112"",""target"":""entity:alderstone_standalone""}"
claim:0112,metric:revenue,MEASURES,"{""rel"":""MEASURES"",""source"":""claim:0112"",""target"":""metric:revenue""}"
claim:0112,period:ltm,IN_PERIOD,"{""rel"":""IN_PERIOD"",""source"":""claim:0112"",""target"":""period:ltm""}"
claim:0112,perimeter:alderstone_standalone,SCOPED_TO,"{""rel"":""SCOPED_TO"",""source"":""claim:0112"",""target"":""perimeter:alderstone_standalone""}"
claim:0112,source:src-model-sum,FROM_SOURCE,"{""rel"":""FROM_SOURCE"",""source"":""claim:0112"",""target"":""source:src-model-sum""}"
claim:0112,claim:0074,CHALLENGES,"{""rel"":""CHALLENGES"",""source"":""claim:0112"",""target"":""claim:0074""}"
claim:0112,claim:0075,CHALLENGES,"{""rel"":""CHALLENGES"",""source"":""claim:0112"",""target"":""claim:0075""}"
claim:0112,claim:0219,TRACKS,"{""rel"":""TRACKS"",""source"":""claim:0112"",""target"":""claim:0219""}"
claim:0112,claim:0013,DERIVES_FROM,"{""rel"":""DERIVES_FROM"",""source"":""claim:0112"",""target"":""claim:0013""}"
claim:0112,claim:0016,DERIVES_FROM,"{""rel"":""DERIVES_FROM"",""source"":""claim:0112"",""target"":""claim:0016""}"
claim:0112,claim:0017,DERIVES_FROM,"{""rel"":""DERIVES_FROM"",""source"":""claim:0112"",""target"":""claim:0017""}"
claim:0112,claim:0018,DERIVES_FROM,"{""rel"":""DERIVES_FROM"",""source"":""claim:0112"",""target"":""claim:0018""}"
claim:0112,claim:0020,DERIVES_FROM,"{""rel"":""DERIVES_FROM"",""source"":""claim:0112"",""target"":""claim:0020""}"
claim:0112,claim:0035,DERIVES_FROM,"{""rel"":""DERIVES_FROM"",""source"":""claim:0112"",""target"":""claim:0035""}"
claim:0112,claim:0036,DERIVES_FROM,"{""rel"":""DERIVES_FROM"",""source"":""claim:0112"",""target"":""claim:0036""}"
claim:0112,claim:0037,DERIVES_FROM,"{""rel"":""DERIVES_FROM"",""source"":""claim:0112"",""target"":""claim:0037""}"
claim:0112,claim:0038,DERIVES_FROM,"{""rel"":""DERIVES_FROM"",""source"":""claim:0112"",""target"":""claim:0038""}"
claim:0112,claim:0069,DERIVES_FROM,"{""rel"":""DERIVES_FROM"",""source"":""claim:0112"",""target"":""claim:0069""}"
claim:0112,claim:0070,DERIVES_FROM,"{""rel"":""DERIVES_FROM"",""source"":""claim:0112"",""target"":""claim:0070""}"
claim:0112,claim:0071,DERIVES_FROM,"{""rel"":""DERIVES_FROM"",""source"":""claim:0112"",""target"":""claim:0071""}"
claim:0112,claim:0072,DERIVES_FROM,"{""rel"":""DERIVES_FROM"",""source"":""claim:0112"",""target"":""claim:0072""}"
claim:0112,claim:0085,DERIVES_FROM,"{""rel"":""DERIVES_FROM"",""source"":""claim:0112"",""target"":""claim:0085""}"
claim:0112,claim:0136,DERIVES_FROM,"{""rel"":""DERIVES_FROM"",""source"":""claim:0112"",""target"":""claim:0136""}"
claim:0112,claim:0137,DERIVES_FROM,"{""rel"":""DERIVES_FROM"",""source"":""claim:0112"",""target"":""claim:0137""}"
claim:0112,claim:0138,DERIVES_FROM,"{""rel"":""DERIVES_FROM"",""source"":""claim:0112"",""target"":""claim:0138""}"
claim:0112,claim:0143,DERIVES_FROM,"{""rel"":""DERIVES_FROM"",""source"":""claim:0112"",""target"":""claim:0143""}"
claim:0112,claim:0144,DERIVES_FROM,"{""rel"":""DERIVES_FROM"",""source"":""claim:0112"",""target"":""claim:0144""}"
claim:0112,claim:0164,DERIVES_FROM,"{""rel"":""DERIVES_FROM"",""source"":""claim:0112"",""target"":""claim:0164""}"
claim:0112,claim:0166,DERIVES_FROM,"{""rel"":""DERIVES_FROM"",""source"":""claim:0112"",""target"":""claim:0166""}"
claim:0112,claim:0167,DERIVES_FROM,"{""rel"":""DERIVES_FROM"",""source"":""claim:0112"",""target"":""claim:0167""}"
claim:0112,claim:0193,DERIVES_FROM,"{""rel"":""DERIVES_FROM"",""source"":""claim:0112"",""target"":""claim:0193""}"
claim:0112,claim:0194,DERIVES_FROM,"{""rel"":""DERIVES_FROM"",""source"":""claim:0112"",""target"":""claim:0194""}"
claim:0112,claim:0200,DERIVES_FROM,"{""rel"":""DERIVES_FROM"",""source"":""claim:0112"",""target"":""claim:0200""}"
claim:0112,claim:0212,DERIVES_FROM,"{""rel"":""DERIVES_FROM"",""source"":""claim:0112"",""target"":""claim:0212""}"
claim:0112,claim:0225,DERIVES_FROM,"{""rel"":""DERIVES_FROM"",""source"":""claim:0112"",""target"":""claim:0225""}"
claim:0113,entity:alderstone_standalone,ABOUT,"{""rel"":""ABOUT"",""source"":""claim:0113"",""target"":""entity:alderstone_standalone""}"
claim:0113,metric:ebitda,MEASURES,"{""rel"":""MEASURES"",""source"":""claim:0113"",""target"":""metric:ebitda""}"
claim:0113,period:ltm,IN_PERIOD,"{""rel"":""IN_PERIOD"",""source"":""claim:0113"",""target"":""period:ltm""}"
claim:0113,perimeter:alderstone_standalone,SCOPED_TO,"{""rel"":""SCOPED_TO"",""source"":""claim:0113"",""target"":""perimeter:alderstone_standalone""}"
claim:0113,source:src-model-sum,FROM_SOURCE,"{""rel"":""FROM_SOURCE"",""source"":""claim:0113"",""target"":""source:src-model-sum""}"
claim:0113,claim:0126,TRACKS,"{""rel"":""TRACKS"",""source"":""claim:0113"",""target"":""claim:0126""}"
claim:0113,claim:0221,TRACKS,"{""rel"":""TRACKS"",""source"":""claim:0113"",""target"":""claim:0221""}"
claim:0113,claim:0227,TRACKS,"{""rel"":""TRACKS"",""source"":""claim:0113"",""target"":""claim:0227""}"
claim:0113,claim:0228,TRACKS,"{""rel"":""TRACKS"",""source"":""claim:0113"",""target"":""claim:0228""}"
claim:0113,claim:0007,DERIVES_FROM,"{""rel"":""DERIVES_FROM"",""source"":""claim:0113"",""target"":""claim:0007""}"
claim:0113,claim:0086,DERIVES_FROM,"{""rel"":""DERIVES_FROM"",""source"":""claim:0113"",""target"":""claim:0086""}"
claim:0113,claim:0087,DERIVES_FROM,"{""rel"":""DERIVES_FROM"",""source"":""claim:0113"",""target"":""claim:0087""}"
claim:0113,claim:0093,DERIVES_FROM,"{""rel"":""DERIVES_FROM"",""source"":""claim:0113"",""target"":""claim:0093""}"
claim:0113,claim:0096,DERIVES_FROM,"{""rel"":""DERIVES_FROM"",""source"":""claim:0113"",""target"":""claim:0096""}"
claim:0113,claim:0103,DERIVES_FROM,"{""rel"":""DERIVES_FROM"",""source"":""claim:0113"",""target"":""claim:0103""}"
claim:0113,claim:0187,DERIVES_FROM,"{""rel"":""DERIVES_FROM"",""source"":""claim:0113"",""target"":""claim:0187""}"
claim:0113,claim:0188,DERIVES_FROM,"{""rel"":""DERIVES_FROM"",""source"":""claim:0113"",""target"":""claim:0188""}"
claim:0113,claim:0195,DERIVES_FROM,"{""rel"":""DERIVES_FROM"",""source"":""claim:0113"",""target"":""claim:0195""}"
claim:0113,claim:0202,DERIVES_FROM,"{""rel"":""DERIVES_FROM"",""source"":""claim:0113"",""target"":""claim:0202""}"
claim:0113,claim:0214,DERIVES_FROM,"{""rel"":""DERIVES_FROM"",""source"":""claim:0113"",""target"":""claim:0214""}"
claim:0114,entity:alderstone_standalone,ABOUT,"{""rel"":""ABOUT"",""source"":""claim:0114"",""target"":""entity:alderstone_standalone""}"
claim:0114,metric:exit_multiple,MEASURES,"{""rel"":""MEASURES"",""source"":""claim:0114"",""target"":""metric:exit_multiple""}"
claim:0114,period:ltm,IN_PERIOD,"{""rel"":""IN_PERIOD"",""source"":""claim:0114"",""target"":""period:ltm""}"
claim:0114,perimeter:alderstone_standalone,SCOPED_TO,"{""rel"":""SCOPED_TO"",""source"":""claim:0114"",""target"":""perimeter:alderstone_standalone""}"
claim:0114,source:src-model-sum,FROM_SOURCE,"{""rel"":""FROM_SOURCE"",""source"":""claim:0114"",""target"":""source:src-model-sum""}"
claim:0114,area:returns,IN_AREA,"{""rel"":""IN_AREA"",""source"":""claim:0114"",""target"":""area:returns""}"
claim:0114,claim:0083,DERIVES_FROM,"{""rel"":""DERIVES_FROM"",""source"":""claim:0114"",""target"":""claim:0083""}"
claim:0114,claim:0106,DERIVES_FROM,"{""rel"":""DERIVES_FROM"",""source"":""claim:0114"",""target"":""claim:0106""}"
claim:0114,claim:0123,DERIVES_FROM,"{""rel"":""DERIVES_FROM"",""source"":""claim:0114"",""target"":""claim:0123""}"
claim:0115,entity:alderstone_standalone,ABOUT,"{""rel"":""ABOUT"",""source"":""claim:0115"",""target"":""entity:alderstone_standalone""}"
claim:0115,metric:moic,MEASURES,"{""rel"":""MEASURES"",""source"":""claim:0115"",""target"":""metric:moic""}"
claim:0115,perimeter:alderstone_standalone,SCOPED_TO,"{""rel"":""SCOPED_TO"",""source"":""claim:0115"",""target"":""perimeter:alderstone_standalone""}"
claim:0115,source:src-model-sum,FROM_SOURCE,"{""rel"":""FROM_SOURCE"",""source"":""claim:0115"",""target"":""source:src-model-sum""}"
claim:0115,area:returns,IN_AREA,"{""rel"":""IN_AREA"",""source"":""claim:0115"",""target"":""area:returns""}"
claim:0116,entity:unknown,ABOUT,"{""rel"":""ABOUT"",""source"":""claim:0116"",""target"":""entity:unknown""}"
claim:0116,metric:net_debt,MEASURES,"{""rel"":""MEASURES"",""source"":""claim:0116"",""target"":""metric:net_debt""}"
claim:0116,perimeter:unknown,SCOPED_TO,"{""rel"":""SCOPED_TO"",""source"":""claim:0116"",""target"":""perimeter:unknown""}"
claim:0116,source:src-model,FROM_SOURCE,"{""rel"":""FROM_SOURCE"",""source"":""claim:0116"",""target"":""source:src-model""}"
claim:0116,author:lbo_model,BY_AUTHOR,"{""rel"":""BY_AUTHOR"",""source"":""claim:0116"",""target"":""author:lbo_model""}"
claim:0116,area:structure,IN_AREA,"{""rel"":""IN_AREA"",""source"":""claim:0116"",""target"":""area:structure""}"
claim:0117,entity:unknown,ABOUT,"{""rel"":""ABOUT"",""source"":""claim:0117"",""target"":""entity:unknown""}"
claim:0117,metric:revolver_capacity,MEASURES,"{""rel"":""MEASURES"",""source"":""claim:0117"",""target"":""metric:revolver_capacity""}"
claim:0117,perimeter:unknown,SCOPED_TO,"{""rel"":""SCOPED_TO"",""source"":""claim:0117"",""target"":""perimeter:unknown""}"
claim:0117,source:src-model,FROM_SOURCE,"{""rel"":""FROM_SOURCE"",""source"":""claim:0117"",""target"":""source:src-model""}"
claim:0117,author:lbo_model,BY_AUTHOR,"{""rel"":""BY_AUTHOR"",""source"":""claim:0117"",""target"":""author:lbo_model""}"
claim:0117,area:structure,IN_AREA,"{""rel"":""IN_AREA"",""source"":""claim:0117"",""target"":""area:structure""}"
claim:0118,entity:unknown,ABOUT,"{""rel"":""ABOUT"",""source"":""claim:0118"",""target"":""entity:unknown""}"
claim:0118,metric:ddtl_availability,MEASURES,"{""rel"":""MEASURES"",""source"":""claim:0118"",""target"":""metric:ddtl_availability""}"
claim:0118,perimeter:unknown,SCOPED_TO,"{""rel"":""SCOPED_TO"",""source"":""claim:0118"",""target"":""perimeter:unknown""}"
claim:0118,source:src-model,FROM_SOURCE,"{""rel"":""FROM_SOURCE"",""source"":""claim:0118"",""target"":""source:src-model""}"
claim:0118,author:lbo_model,BY_AUTHOR,"{""rel"":""BY_AUTHOR"",""source"":""claim:0118"",""target"":""author:lbo_model""}"
claim:0118,area:structure,IN_AREA,"{""rel"":""IN_AREA"",""source"":""claim:0118"",""target"":""area:structure""}"
claim:0119,entity:unknown,ABOUT,"{""rel"":""ABOUT"",""source"":""claim:0119"",""target"":""entity:unknown""}"
claim:0119,metric:ddtl_availability,MEASURES,"{""rel"":""MEASURES"",""source"":""claim:0119"",""target"":""metric:ddtl_availability""}"
claim:0119,perimeter:unknown,SCOPED_TO,"{""rel"":""SCOPED_TO"",""source"":""claim:0119"",""target"":""perimeter:unknown""}"
claim:0119,source:src-model,FROM_SOURCE,"{""rel"":""FROM_SOURCE"",""source"":""claim:0119"",""target"":""source:src-model""}"
claim:0119,author:management,BY_AUTHOR,"{""rel"":""BY_AUTHOR"",""source"":""claim:0119"",""target"":""author:management""}"
claim:0119,area:structure,IN_AREA,"{""rel"":""IN_AREA"",""source"":""claim:0119"",""target"":""area:structure""}"
claim:0120,entity:unknown,ABOUT,"{""rel"":""ABOUT"",""source"":""claim:0120"",""target"":""entity:unknown""}"
claim:0120,metric:revolver_capacity,MEASURES,"{""rel"":""MEASURES"",""source"":""claim:0120"",""target"":""metric:revolver_capacity""}"
claim:0120,perimeter:unknown,SCOPED_TO,"{""rel"":""SCOPED_TO"",""source"":""claim:0120"",""target"":""perimeter:unknown""}"
claim:0120,source:src-model,FROM_SOURCE,"{""rel"":""FROM_SOURCE"",""source"":""claim:0120"",""target"":""source:src-model""}"
claim:0120,author:management,BY_AUTHOR,"{""rel"":""BY_AUTHOR"",""source"":""claim:0120"",""target"":""author:management""}"
claim:0120,area:structure,IN_AREA,"{""rel"":""IN_AREA"",""source"":""claim:0120"",""target"":""area:structure""}"
claim:0121,entity:unknown,ABOUT,"{""rel"":""ABOUT"",""source"":""claim:0121"",""target"":""entity:unknown""}"
claim:0121,metric:ebitda_add-back,MEASURES,"{""rel"":""MEASURES"",""source"":""claim:0121"",""target"":""metric:ebitda_add-back""}"
claim:0121,perimeter:unknown,SCOPED_TO,"{""rel"":""SCOPED_TO"",""source"":""claim:0121"",""target"":""perimeter:unknown""}"
claim:0121,source:src-model,FROM_SOURCE,"{""rel"":""FROM_SOURCE"",""source"":""claim:0121"",""target"":""source:src-model""}"
claim:0121,author:management,BY_AUTHOR,"{""rel"":""BY_AUTHOR"",""source"":""claim:0121"",""target"":""author:management""}"
claim:0121,area:structure,IN_AREA,"{""rel"":""IN_AREA"",""source"":""claim:0121"",""target"":""area:structure""}"
claim:0122,entity:unknown,ABOUT,"{""rel"":""ABOUT"",""source"":""claim:0122"",""target"":""entity:unknown""}"
claim:0122,metric:sponsor_equity,MEASURES,"{""rel"":""MEASURES"",""source"":""claim:0122"",""target"":""metric:sponsor_equity""}"
claim:0122,period:opening,IN_PERIOD,"{""rel"":""IN_PERIOD"",""source"":""claim:0122"",""target"":""period:opening""}"
claim:0122,perimeter:unknown,SCOPED_TO,"{""rel"":""SCOPED_TO"",""source"":""claim:0122"",""target"":""perimeter:unknown""}"
claim:0122,source:src-model,FROM_SOURCE,"{""rel"":""FROM_SOURCE"",""source"":""claim:0122"",""target"":""source:src-model""}"
claim:0122,area:structure,IN_AREA,"{""rel"":""IN_AREA"",""source"":""claim:0122"",""target"":""area:structure""}"
claim:0122,claim:0235,CHALLENGES,"{""rel"":""CHALLENGES"",""source"":""claim:0122"",""target"":""claim:0235""}"
claim:0122,claim:0239,CHALLENGES,"{""rel"":""CHALLENGES"",""source"":""claim:0122"",""target"":""claim:0239""}"
claim:0122,claim:0252,CHALLENGES,"{""rel"":""CHALLENGES"",""source"":""claim:0122"",""target"":""claim:0252""}"
claim:0123,entity:keystone_standalone,ABOUT,"{""rel"":""ABOUT"",""source"":""claim:0123"",""target"":""entity:keystone_standalone""}"
claim:0123,metric:exit_multiple,MEASURES,"{""rel"":""MEASURES"",""source"":""claim:0123"",""target"":""metric:exit_multiple""}"
claim:0123,perimeter:keystone_standalone,SCOPED_TO,"{""rel"":""SCOPED_TO"",""source"":""claim:0123"",""target"":""perimeter:keystone_standalone""}"
claim:0123,source:src-model,FROM_SOURCE,"{""rel"":""FROM_SOURCE"",""source"":""claim:0123"",""target"":""source:src-model""}"
claim:0123,author:management,BY_AUTHOR,"{""rel"":""BY_AUTHOR"",""source"":""claim:0123"",""target"":""author:management""}"
claim:0123,area:returns,IN_AREA,"{""rel"":""IN_AREA"",""source"":""claim:0123"",""target"":""area:returns""}"
claim:0124,entity:keystone_standalone,ABOUT,"{""rel"":""ABOUT"",""source"":""claim:0124"",""target"":""entity:keystone_standalone""}"
claim:0124,metric:ebitda_margin,MEASURES,"{""rel"":""MEASURES"",""source"":""claim:0124"",""target"":""metric:ebitda_margin""}"
claim:0124,perimeter:keystone_standalone,SCOPED_TO,"{""rel"":""SCOPED_TO"",""source"":""claim:0124"",""target"":""perimeter:keystone_standalone""}"
claim:0124,source:src-model,FROM_SOURCE,"{""rel"":""FROM_SOURCE"",""source"":""claim:0124"",""target"":""source:src-model""}"
claim:0124,author:management,BY_AUTHOR,"{""rel"":""BY_AUTHOR"",""source"":""claim:0124"",""target"":""author:management""}"
claim:0125,entity:keystone_standalone,ABOUT,"{""rel"":""ABOUT"",""source"":""claim:0125"",""target"":""entity:keystone_standalone""}"
claim:0125,metric:revenue_growth,MEASURES,"{""rel"":""MEASURES"",""source"":""claim:0125"",""target"":""metric:revenue_growth""}"
claim:0125,perimeter:keystone_standalone,SCOPED_TO,"{""rel"":""SCOPED_TO"",""source"":""claim:0125"",""target"":""perimeter:keystone_standalone""}"
claim:0125,source:src-model,FROM_SOURCE,"{""rel"":""FROM_SOURCE"",""source"":""claim:0125"",""target"":""source:src-model""}"
claim:0125,author:management,BY_AUTHOR,"{""rel"":""BY_AUTHOR"",""source"":""claim:0125"",""target"":""author:management""}"
claim:0125,claim:0164,REFINES,"{""rel"":""REFINES"",""source"":""claim:0125"",""target"":""claim:0164""}"
claim:0126,entity:alderstone_standalone,ABOUT,"{""rel"":""ABOUT"",""source"":""claim:0126"",""target"":""entity:alderstone_standalone""}"
claim:0126,metric:ebitda_margin,MEASURES,"{""rel"":""MEASURES"",""source"":""claim:0126"",""target"":""metric:ebitda_margin""}"
claim:0126,period:fy2029e,IN_PERIOD,"{""rel"":""IN_PERIOD"",""source"":""claim:0126"",""target"":""period:fy2029e""}"
claim:0126,perimeter:alderstone_standalone,SCOPED_TO,"{""rel"":""SCOPED_TO"",""source"":""claim:0126"",""target"":""perimeter:alderstone_standalone""}"
claim:0126,source:src-model,FROM_SOURCE,"{""rel"":""FROM_SOURCE"",""source"":""claim:0126"",""target"":""source:src-model""}"
claim:0126,claim:0221,TRACKS,"{""rel"":""TRACKS"",""source"":""claim:0126"",""target"":""claim:0221""}"
claim:0126,claim:0227,TRACKS,"{""rel"":""TRACKS"",""source"":""claim:0126"",""target"":""claim:0227""}"
claim:0127,entity:alderstone_standalone,ABOUT,"{""rel"":""ABOUT"",""source"":""claim:0127"",""target"":""entity:alderstone_standalone""}"
claim:0127,metric:dso,MEASURES,"{""rel"":""MEASURES"",""source"":""claim:0127"",""target"":""metric:dso""}"
claim:0127,period:fy2028e,IN_PERIOD,"{""rel"":""IN_PERIOD"",""source"":""claim:0127"",""target"":""period:fy2028e""}"
claim:0127,perimeter:alderstone_standalone,SCOPED_TO,"{""rel"":""SCOPED_TO"",""source"":""claim:0127"",""target"":""perimeter:alderstone_standalone""}"
claim:0127,source:src-model,FROM_SOURCE,"{""rel"":""FROM_SOURCE"",""source"":""claim:0127"",""target"":""source:src-model""}"
claim:0128,entity:alderstone_consolidated,ABOUT,"{""rel"":""ABOUT"",""source"":""claim:0128"",""target"":""entity:alderstone_consolidated""}"
claim:0128,metric:ebitda_margin,MEASURES,"{""rel"":""MEASURES"",""source"":""claim:0128"",""target"":""metric:ebitda_margin""}"
claim:0128,period:fy2026,IN_PERIOD,"{""rel"":""IN_PERIOD"",""source"":""claim:0128"",""target"":""period:fy2026""}"
claim:0128,perimeter:alderstone_consolidated,SCOPED_TO,"{""rel"":""SCOPED_TO"",""source"":""claim:0128"",""target"":""perimeter:alderstone_consolidated""}"
claim:0128,source:src-model,FROM_SOURCE,"{""rel"":""FROM_SOURCE"",""source"":""claim:0128"",""target"":""source:src-model""}"
claim:0129,entity:alderstone_consolidated,ABOUT,"{""rel"":""ABOUT"",""source"":""claim:0129"",""target"":""entity:alderstone_consolidated""}"
claim:0129,metric:gross_margin,MEASURES,"{""rel"":""MEASURES"",""source"":""claim:0129"",""target"":""metric:gross_margin""}"
claim:0129,period:fy2026,IN_PERIOD,"{""rel"":""IN_PERIOD"",""source"":""claim:0129"",""target"":""period:fy2026""}"
claim:0129,perimeter:alderstone_consolidated,SCOPED_TO,"{""rel"":""SCOPED_TO"",""source"":""claim:0129"",""target"":""perimeter:alderstone_consolidated""}"
claim:0129,source:src-model,FROM_SOURCE,"{""rel"":""FROM_SOURCE"",""source"":""claim:0129"",""target"":""source:src-model""}"
claim:0130,entity:alderstone_consolidated,ABOUT,"{""rel"":""ABOUT"",""source"":""claim:0130"",""target"":""entity:alderstone_consolidated""}"
claim:0130,metric:dso,MEASURES,"{""rel"":""MEASURES"",""source"":""claim:0130"",""target"":""metric:dso""}"
claim:0130,period:fy2026,IN_PERIOD,"{""rel"":""IN_PERIOD"",""source"":""claim:0130"",""target"":""period:fy2026""}"
claim:0130,perimeter:alderstone_consolidated,SCOPED_TO,"{""rel"":""SCOPED_TO"",""source"":""claim:0130"",""target"":""perimeter:alderstone_consolidated""}"
claim:0130,source:src-model,FROM_SOURCE,"{""rel"":""FROM_SOURCE"",""source"":""claim:0130"",""target"":""source:src-model""}"
claim:0131,entity:alderstone_consolidated,ABOUT,"{""rel"":""ABOUT"",""source"":""claim:0131"",""target"":""entity:alderstone_consolidated""}"
claim:0131,metric:revenue_growth,MEASURES,"{""rel"":""MEASURES"",""source"":""claim:0131"",""target"":""metric:revenue_growth""}"
claim:0131,period:fy2026,IN_PERIOD,"{""rel"":""IN_PERIOD"",""source"":""claim:0131"",""target"":""period:fy2026""}"
claim:0131,perimeter:alderstone_consolidated,SCOPED_TO,"{""rel"":""SCOPED_TO"",""source"":""claim:0131"",""target"":""perimeter:alderstone_consolidated""}"
claim:0131,source:src-model,FROM_SOURCE,"{""rel"":""FROM_SOURCE"",""source"":""claim:0131"",""target"":""source:src-model""}"
claim:0132,entity:keystone_standalone,ABOUT,"{""rel"":""ABOUT"",""source"":""claim:0132"",""target"":""entity:keystone_standalone""}"
claim:0132,metric:net_income,MEASURES,"{""rel"":""MEASURES"",""source"":""claim:0132"",""target"":""metric:net_income""}"
claim:0132,period:fy2025a,IN_PERIOD,"{""rel"":""IN_PERIOD"",""source"":""claim:0132"",""target"":""period:fy2025a""}"
claim:0132,perimeter:keystone_standalone,SCOPED_TO,"{""rel"":""SCOPED_TO"",""source"":""claim:0132"",""target"":""perimeter:keystone_standalone""}"
claim:0132,source:src-model,FROM_SOURCE,"{""rel"":""FROM_SOURCE"",""source"":""claim:0132"",""target"":""source:src-model""}"
claim:0133,entity:keystone_standalone,ABOUT,"{""rel"":""ABOUT"",""source"":""claim:0133"",""target"":""entity:keystone_standalone""}"
claim:0133,metric:working_capital,MEASURES,"{""rel"":""MEASURES"",""source"":""claim:0133"",""target"":""metric:working_capital""}"
claim:0133,period:fy2025a,IN_PERIOD,"{""rel"":""IN_PERIOD"",""source"":""claim:0133"",""target"":""period:fy2025a""}"
claim:0133,perimeter:keystone_standalone,SCOPED_TO,"{""rel"":""SCOPED_TO"",""source"":""claim:0133"",""target"":""perimeter:keystone_standalone""}"
claim:0133,source:src-model,FROM_SOURCE,"{""rel"":""FROM_SOURCE"",""source"":""claim:0133"",""target"":""source:src-model""}"
claim:0133,claim:0190,TRACKS,"{""rel"":""TRACKS"",""source"":""claim:0133"",""target"":""claim:0190""}"
claim:0134,entity:unknown,ABOUT,"{""rel"":""ABOUT"",""source"":""claim:0134"",""target"":""entity:unknown""}"
claim:0134,metric:operating_cash_flow,MEASURES,"{""rel"":""MEASURES"",""source"":""claim:0134"",""target"":""metric:operating_cash_flow""}"
claim:0134,period:fy2025a,IN_PERIOD,"{""rel"":""IN_PERIOD"",""source"":""claim:0134"",""target"":""period:fy2025a""}"
claim:0134,perimeter:unknown,SCOPED_TO,"{""rel"":""SCOPED_TO"",""source"":""claim:0134"",""target"":""perimeter:unknown""}"
claim:0134,source:src-model,FROM_SOURCE,"{""rel"":""FROM_SOURCE"",""source"":""claim:0134"",""target"":""source:src-model""}"
claim:0135,entity:unknown,ABOUT,"{""rel"":""ABOUT"",""source"":""claim:0135"",""target"":""entity:unknown""}"
claim:0135,metric:capex,MEASURES,"{""rel"":""MEASURES"",""source"":""claim:0135"",""target"":""metric:capex""}"
claim:0135,period:fy2025a,IN_PERIOD,"{""rel"":""IN_PERIOD"",""source"":""claim:0135"",""target"":""period:fy2025a""}"
claim:0135,perimeter:unknown,SCOPED_TO,"{""rel"":""SCOPED_TO"",""source"":""claim:0135"",""target"":""perimeter:unknown""}"
claim:0135,source:src-model,FROM_SOURCE,"{""rel"":""FROM_SOURCE"",""source"":""claim:0135"",""target"":""source:src-model""}"
claim:0136,entity:keystone_standalone,ABOUT,"{""rel"":""ABOUT"",""source"":""claim:0136"",""target"":""entity:keystone_standalone""}"
claim:0136,metric:revenue,MEASURES,"{""rel"":""MEASURES"",""source"":""claim:0136"",""target"":""metric:revenue""}"
claim:0136,period:fy2025a,IN_PERIOD,"{""rel"":""IN_PERIOD"",""source"":""claim:0136"",""target"":""period:fy2025a""}"
claim:0136,perimeter:keystone_standalone,SCOPED_TO,"{""rel"":""SCOPED_TO"",""source"":""claim:0136"",""target"":""perimeter:keystone_standalone""}"
claim:0136,source:src-model,FROM_SOURCE,"{""rel"":""FROM_SOURCE"",""source"":""claim:0136"",""target"":""source:src-model""}"
claim:0136,claim:0164,REFINES,"{""rel"":""REFINES"",""source"":""claim:0136"",""target"":""claim:0164""}"
claim:0136,claim:0194,TRACKS,"{""rel"":""TRACKS"",""source"":""claim:0136"",""target"":""claim:0194""}"
claim:0136,claim:0200,TRACKS,"{""rel"":""TRACKS"",""source"":""claim:0136"",""target"":""claim:0200""}"
claim:0137,entity:keystone_standalone,ABOUT,"{""rel"":""ABOUT"",""source"":""claim:0137"",""target"":""entity:keystone_standalone""}"
claim:0137,metric:revenue,MEASURES,"{""rel"":""MEASURES"",""source"":""claim:0137"",""target"":""metric:revenue""}"
claim:0137,period:fy2025a,IN_PERIOD,"{""rel"":""IN_PERIOD"",""source"":""claim:0137"",""target"":""period:fy2025a""}"
claim:0137,perimeter:keystone_standalone,SCOPED_TO,"{""rel"":""SCOPED_TO"",""source"":""claim:0137"",""target"":""perimeter:keystone_standalone""}"
claim:0137,source:src-model,FROM_SOURCE,"{""rel"":""FROM_SOURCE"",""source"":""claim:0137"",""target"":""source:src-model""}"
claim:0137,claim:0164,REFINES,"{""rel"":""REFINES"",""source"":""claim:0137"",""target"":""claim:0164""}"
claim:0137,claim:0194,TRACKS,"{""rel"":""TRACKS"",""source"":""claim:0137"",""target"":""claim:0194""}"
claim:0137,claim:0200,TRACKS,"{""rel"":""TRACKS"",""source"":""claim:0137"",""target"":""claim:0200""}"
claim:0138,entity:keystone_standalone,ABOUT,"{""rel"":""ABOUT"",""source"":""claim:0138"",""target"":""entity:keystone_standalone""}"
claim:0138,metric:revenue,MEASURES,"{""rel"":""MEASURES"",""source"":""claim:0138"",""target"":""metric:revenue""}"
claim:0138,period:fy2025a,IN_PERIOD,"{""rel"":""IN_PERIOD"",""source"":""claim:0138"",""target"":""period:fy2025a""}"
claim:0138,perimeter:keystone_standalone,SCOPED_TO,"{""rel"":""SCOPED_TO"",""source"":""claim:0138"",""target"":""perimeter:keystone_standalone""}"
claim:0138,source:src-model,FROM_SOURCE,"{""rel"":""FROM_SOURCE"",""source"":""claim:0138"",""target"":""source:src-model""}"
claim:0138,claim:0164,REFINES,"{""rel"":""REFINES"",""source"":""claim:0138"",""target"":""claim:0164""}"
claim:0138,claim:0194,TRACKS,"{""rel"":""TRACKS"",""source"":""claim:0138"",""target"":""claim:0194""}"
claim:0138,claim:0200,TRACKS,"{""rel"":""TRACKS"",""source"":""claim:0138"",""target"":""claim:0200""}"
claim:0139,entity:unknown,ABOUT,"{""rel"":""ABOUT"",""source"":""claim:0139"",""target"":""entity:unknown""}"
claim:0139,metric:gross_margin,MEASURES,"{""rel"":""MEASURES"",""source"":""claim:0139"",""target"":""metric:gross_margin""}"
claim:0139,period:ltm,IN_PERIOD,"{""rel"":""IN_PERIOD"",""source"":""claim:0139"",""target"":""period:ltm""}"
claim:0139,perimeter:unknown,SCOPED_TO,"{""rel"":""SCOPED_TO"",""source"":""claim:0139"",""target"":""perimeter:unknown""}"
claim:0139,source:src-model,FROM_SOURCE,"{""rel"":""FROM_SOURCE"",""source"":""claim:0139"",""target"":""source:src-model""}"
claim:0140,entity:unknown,ABOUT,"{""rel"":""ABOUT"",""source"":""claim:0140"",""target"":""entity:unknown""}"
claim:0140,metric:gross_margin,MEASURES,"{""rel"":""MEASURES"",""source"":""claim:0140"",""target"":""metric:gross_margin""}"
claim:0140,period:ltm,IN_PERIOD,"{""rel"":""IN_PERIOD"",""source"":""claim:0140"",""target"":""period:ltm""}"
claim:0140,perimeter:unknown,SCOPED_TO,"{""rel"":""SCOPED_TO"",""source"":""claim:0140"",""target"":""perimeter:unknown""}"
claim:0140,source:src-model,FROM_SOURCE,"{""rel"":""FROM_SOURCE"",""source"":""claim:0140"",""target"":""source:src-model""}"
claim:0141,entity:unknown,ABOUT,"{""rel"":""ABOUT"",""source"":""claim:0141"",""target"":""entity:unknown""}"
claim:0141,metric:gross_margin,MEASURES,"{""rel"":""MEASURES"",""source"":""claim:0141"",""target"":""metric:gross_margin""}"
claim:0141,period:ltm,IN_PERIOD,"{""rel"":""IN_PERIOD"",""source"":""claim:0141"",""target"":""period:ltm""}"
claim:0141,perimeter:unknown,SCOPED_TO,"{""rel"":""SCOPED_TO"",""source"":""claim:0141"",""target"":""perimeter:unknown""}"
claim:0141,source:src-model,FROM_SOURCE,"{""rel"":""FROM_SOURCE"",""source"":""claim:0141"",""target"":""source:src-model""}"
claim:0142,entity:unknown,ABOUT,"{""rel"":""ABOUT"",""source"":""claim:0142"",""target"":""entity:unknown""}"
claim:0142,metric:ebitda_margin,MEASURES,"{""rel"":""MEASURES"",""source"":""claim:0142"",""target"":""metric:ebitda_margin""}"
claim:0142,period:ltm,IN_PERIOD,"{""rel"":""IN_PERIOD"",""source"":""claim:0142"",""target"":""period:ltm""}"
claim:0142,perimeter:unknown,SCOPED_TO,"{""rel"":""SCOPED_TO"",""source"":""claim:0142"",""target"":""perimeter:unknown""}"
claim:0142,source:src-model,FROM_SOURCE,"{""rel"":""FROM_SOURCE"",""source"":""claim:0142"",""target"":""source:src-model""}"
claim:0143,entity:keystone_standalone,ABOUT,"{""rel"":""ABOUT"",""source"":""claim:0143"",""target"":""entity:keystone_standalone""}"
claim:0143,metric:revenue,MEASURES,"{""rel"":""MEASURES"",""source"":""claim:0143"",""target"":""metric:revenue""}"
claim:0143,period:fy2025a,IN_PERIOD,"{""rel"":""IN_PERIOD"",""source"":""claim:0143"",""target"":""period:fy2025a""}"
claim:0143,perimeter:keystone_standalone,SCOPED_TO,"{""rel"":""SCOPED_TO"",""source"":""claim:0143"",""target"":""perimeter:keystone_standalone""}"
claim:0143,source:src-model,FROM_SOURCE,"{""rel"":""FROM_SOURCE"",""source"":""claim:0143"",""target"":""source:src-model""}"
claim:0143,author:management,BY_AUTHOR,"{""rel"":""BY_AUTHOR"",""source"":""claim:0143"",""target"":""author:management""}"
claim:0143,claim:0164,REFINES,"{""rel"":""REFINES"",""source"":""claim:0143"",""target"":""claim:0164""}"
claim:0143,claim:0194,TRACKS,"{""rel"":""TRACKS"",""source"":""claim:0143"",""target"":""claim:0194""}"
claim:0143,claim:0200,TRACKS,"{""rel"":""TRACKS"",""source"":""claim:0143"",""target"":""claim:0200""}"
claim:0144,entity:keystone_standalone,ABOUT,"{""rel"":""ABOUT"",""source"":""claim:0144"",""target"":""entity:keystone_standalone""}"
claim:0144,metric:revenue,MEASURES,"{""rel"":""MEASURES"",""source"":""claim:0144"",""target"":""metric:revenue""}"
claim:0144,period:fy2025a,IN_PERIOD,"{""rel"":""IN_PERIOD"",""source"":""claim:0144"",""target"":""period:fy2025a""}"
claim:0144,perimeter:keystone_standalone,SCOPED_TO,"{""rel"":""SCOPED_TO"",""source"":""claim:0144"",""target"":""perimeter:keystone_standalone""}"
claim:0144,source:src-model,FROM_SOURCE,"{""rel"":""FROM_SOURCE"",""source"":""claim:0144"",""target"":""source:src-model""}"
claim:0144,author:management,BY_AUTHOR,"{""rel"":""BY_AUTHOR"",""source"":""claim:0144"",""target"":""author:management""}"
claim:0144,claim:0164,REFINES,"{""rel"":""REFINES"",""source"":""claim:0144"",""target"":""claim:0164""}"
claim:0144,claim:0194,TRACKS,"{""rel"":""TRACKS"",""source"":""claim:0144"",""target"":""claim:0194""}"
claim:0144,claim:0200,TRACKS,"{""rel"":""TRACKS"",""source"":""claim:0144"",""target"":""claim:0200""}"
claim:0145,entity:keystone_standalone,ABOUT,"{""rel"":""ABOUT"",""source"":""claim:0145"",""target"":""entity:keystone_standalone""}"
claim:0145,metric:customer_concentration,MEASURES,"{""rel"":""MEASURES"",""source"":""claim:0145"",""target"":""metric:customer_concentration""}"
claim:0145,period:fy2025a,IN_PERIOD,"{""rel"":""IN_PERIOD"",""source"":""claim:0145"",""target"":""period:fy2025a""}"
claim:0145,perimeter:keystone_standalone,SCOPED_TO,"{""rel"":""SCOPED_TO"",""source"":""claim:0145"",""target"":""perimeter:keystone_standalone""}"
claim:0145,source:src-model,FROM_SOURCE,"{""rel"":""FROM_SOURCE"",""source"":""claim:0145"",""target"":""source:src-model""}"
claim:0145,author:management,BY_AUTHOR,"{""rel"":""BY_AUTHOR"",""source"":""claim:0145"",""target"":""author:management""}"
claim:0145,area:customer,IN_AREA,"{""rel"":""IN_AREA"",""source"":""claim:0145"",""target"":""area:customer""}"
claim:0145,claim:0161,REFINES,"{""rel"":""REFINES"",""source"":""claim:0145"",""target"":""claim:0161""}"
claim:0145,claim:0162,REFINES,"{""rel"":""REFINES"",""source"":""claim:0145"",""target"":""claim:0162""}"
claim:0145,claim:0163,REFINES,"{""rel"":""REFINES"",""source"":""claim:0145"",""target"":""claim:0163""}"
claim:0146,entity:keystone_standalone,ABOUT,"{""rel"":""ABOUT"",""source"":""claim:0146"",""target"":""entity:keystone_standalone""}"
claim:0146,metric:customer_concentration,MEASURES,"{""rel"":""MEASURES"",""source"":""claim:0146"",""target"":""metric:customer_concentration""}"
claim:0146,period:fy2025a,IN_PERIOD,"{""rel"":""IN_PERIOD"",""source"":""claim:0146"",""target"":""period:fy2025a""}"
claim:0146,perimeter:keystone_standalone,SCOPED_TO,"{""rel"":""SCOPED_TO"",""source"":""claim:0146"",""target"":""perimeter:keystone_standalone""}"
claim:0146,source:src-model,FROM_SOURCE,"{""rel"":""FROM_SOURCE"",""source"":""claim:0146"",""target"":""source:src-model""}"
claim:0146,author:management,BY_AUTHOR,"{""rel"":""BY_AUTHOR"",""source"":""claim:0146"",""target"":""author:management""}"
claim:0146,area:customer,IN_AREA,"{""rel"":""IN_AREA"",""source"":""claim:0146"",""target"":""area:customer""}"
claim:0146,claim:0161,REFINES,"{""rel"":""REFINES"",""source"":""claim:0146"",""target"":""claim:0161""}"
claim:0146,claim:0162,REFINES,"{""rel"":""REFINES"",""source"":""claim:0146"",""target"":""claim:0162""}"
claim:0146,claim:0163,REFINES,"{""rel"":""REFINES"",""source"":""claim:0146"",""target"":""claim:0163""}"
claim:0147,entity:unknown,ABOUT,"{""rel"":""ABOUT"",""source"":""claim:0147"",""target"":""entity:unknown""}"
claim:0147,metric:customer_concentration,MEASURES,"{""rel"":""MEASURES"",""source"":""claim:0147"",""target"":""metric:customer_concentration""}"
claim:0147,perimeter:unknown,SCOPED_TO,"{""rel"":""SCOPED_TO"",""source"":""claim:0147"",""target"":""perimeter:unknown""}"
claim:0147,source:src-model,FROM_SOURCE,"{""rel"":""FROM_SOURCE"",""source"":""claim:0147"",""target"":""source:src-model""}"
claim:0147,author:qoe_provider,BY_AUTHOR,"{""rel"":""BY_AUTHOR"",""source"":""claim:0147"",""target"":""author:qoe_provider""}"
claim:0147,area:customer,IN_AREA,"{""rel"":""IN_AREA"",""source"":""claim:0147"",""target"":""area:customer""}"
claim:0147,claim:0078,CHALLENGES,"{""rel"":""CHALLENGES"",""source"":""claim:0147"",""target"":""claim:0078""}"
claim:0147,claim:0001,SUPPORTS,"{""rel"":""SUPPORTS"",""source"":""claim:0147"",""target"":""claim:0001""}"
claim:0147,claim:0003,SUPPORTS,"{""rel"":""SUPPORTS"",""source"":""claim:0147"",""target"":""claim:0003""}"
claim:0148,entity:unknown,ABOUT,"{""rel"":""ABOUT"",""source"":""claim:0148"",""target"":""entity:unknown""}"
claim:0148,metric:customer_concentration,MEASURES,"{""rel"":""MEASURES"",""source"":""claim:0148"",""target"":""metric:customer_concentration""}"
claim:0148,perimeter:unknown,SCOPED_TO,"{""rel"":""SCOPED_TO"",""source"":""claim:0148"",""target"":""perimeter:unknown""}"
claim:0148,source:src-model,FROM_SOURCE,"{""rel"":""FROM_SOURCE"",""source"":""claim:0148"",""target"":""source:src-model""}"
claim:0148,author:qoe_provider,BY_AUTHOR,"{""rel"":""BY_AUTHOR"",""source"":""claim:0148"",""target"":""author:qoe_provider""}"
claim:0148,area:customer,IN_AREA,"{""rel"":""IN_AREA"",""source"":""claim:0148"",""target"":""area:customer""}"
claim:0148,claim:0078,CHALLENGES,"{""rel"":""CHALLENGES"",""source"":""claim:0148"",""target"":""claim:0078""}"
claim:0148,claim:0001,SUPPORTS,"{""rel"":""SUPPORTS"",""source"":""claim:0148"",""target"":""claim:0001""}"
claim:0148,claim:0003,SUPPORTS,"{""rel"":""SUPPORTS"",""source"":""claim:0148"",""target"":""claim:0003""}"
claim:0149,entity:unknown,ABOUT,"{""rel"":""ABOUT"",""source"":""claim:0149"",""target"":""entity:unknown""}"
claim:0149,metric:customer_concentration,MEASURES,"{""rel"":""MEASURES"",""source"":""claim:0149"",""target"":""metric:customer_concentration""}"
claim:0149,perimeter:unknown,SCOPED_TO,"{""rel"":""SCOPED_TO"",""source"":""claim:0149"",""target"":""perimeter:unknown""}"
claim:0149,source:src-model,FROM_SOURCE,"{""rel"":""FROM_SOURCE"",""source"":""claim:0149"",""target"":""source:src-model""}"
claim:0149,author:qoe_provider,BY_AUTHOR,"{""rel"":""BY_AUTHOR"",""source"":""claim:0149"",""target"":""author:qoe_provider""}"
claim:0149,area:customer,IN_AREA,"{""rel"":""IN_AREA"",""source"":""claim:0149"",""target"":""area:customer""}"
claim:0149,claim:0078,CHALLENGES,"{""rel"":""CHALLENGES"",""source"":""claim:0149"",""target"":""claim:0078""}"
claim:0149,claim:0001,SUPPORTS,"{""rel"":""SUPPORTS"",""source"":""claim:0149"",""target"":""claim:0001""}"
claim:0149,claim:0003,SUPPORTS,"{""rel"":""SUPPORTS"",""source"":""claim:0149"",""target"":""claim:0003""}"
claim:0150,entity:unknown,ABOUT,"{""rel"":""ABOUT"",""source"":""claim:0150"",""target"":""entity:unknown""}"
claim:0150,metric:customer_concentration,MEASURES,"{""rel"":""MEASURES"",""source"":""claim:0150"",""target"":""metric:customer_concentration""}"
claim:0150,perimeter:unknown,SCOPED_TO,"{""rel"":""SCOPED_TO"",""source"":""claim:0150"",""target"":""perimeter:unknown""}"
claim:0150,source:src-model,FROM_SOURCE,"{""rel"":""FROM_SOURCE"",""source"":""claim:0150"",""target"":""source:src-model""}"
claim:0150,author:qoe_provider,BY_AUTHOR,"{""rel"":""BY_AUTHOR"",""source"":""claim:0150"",""target"":""author:qoe_provider""}"
claim:0150,area:customer,IN_AREA,"{""rel"":""IN_AREA"",""source"":""claim:0150"",""target"":""area:customer""}"
claim:0150,claim:0078,CHALLENGES,"{""rel"":""CHALLENGES"",""source"":""claim:0150"",""target"":""claim:0078""}"
claim:0150,claim:0001,SUPPORTS,"{""rel"":""SUPPORTS"",""source"":""claim:0150"",""target"":""claim:0001""}"
claim:0150,claim:0003,SUPPORTS,"{""rel"":""SUPPORTS"",""source"":""claim:0150"",""target"":""claim:0003""}"
claim:0151,entity:alderstone_standalone,ABOUT,"{""rel"":""ABOUT"",""source"":""claim:0151"",""target"":""entity:alderstone_standalone""}"
claim:0151,metric:customer_count,MEASURES,"{""rel"":""MEASURES"",""source"":""claim:0151"",""target"":""metric:customer_count""}"
claim:0151,perimeter:alderstone_standalone,SCOPED_TO,"{""rel"":""SCOPED_TO"",""source"":""claim:0151"",""target"":""perimeter:alderstone_standalone""}"
claim:0151,source:src-model,FROM_SOURCE,"{""rel"":""FROM_SOURCE"",""source"":""claim:0151"",""target"":""source:src-model""}"
claim:0151,area:customer,IN_AREA,"{""rel"":""IN_AREA"",""source"":""claim:0151"",""target"":""area:customer""}"
claim:0152,entity:alderstone_standalone,ABOUT,"{""rel"":""ABOUT"",""source"":""claim:0152"",""target"":""entity:alderstone_standalone""}"
claim:0152,metric:customer_concentration,MEASURES,"{""rel"":""MEASURES"",""source"":""claim:0152"",""target"":""metric:customer_concentration""}"
claim:0152,perimeter:alderstone_standalone,SCOPED_TO,"{""rel"":""SCOPED_TO"",""source"":""claim:0152"",""target"":""perimeter:alderstone_standalone""}"
claim:0152,source:src-model,FROM_SOURCE,"{""rel"":""FROM_SOURCE"",""source"":""claim:0152"",""target"":""source:src-model""}"
claim:0152,area:customer,IN_AREA,"{""rel"":""IN_AREA"",""source"":""claim:0152"",""target"":""area:customer""}"
claim:0153,entity:alderstone_standalone,ABOUT,"{""rel"":""ABOUT"",""source"":""claim:0153"",""target"":""entity:alderstone_standalone""}"
claim:0153,metric:customer_contract_terms,MEASURES,"{""rel"":""MEASURES"",""source"":""claim:0153"",""target"":""metric:customer_contract_terms""}"
claim:0153,perimeter:alderstone_standalone,SCOPED_TO,"{""rel"":""SCOPED_TO"",""source"":""claim:0153"",""target"":""perimeter:alderstone_standalone""}"
claim:0153,source:src-model,FROM_SOURCE,"{""rel"":""FROM_SOURCE"",""source"":""claim:0153"",""target"":""source:src-model""}"
claim:0153,area:customer,IN_AREA,"{""rel"":""IN_AREA"",""source"":""claim:0153"",""target"":""area:customer""}"
claim:0154,entity:alderstone_standalone,ABOUT,"{""rel"":""ABOUT"",""source"":""claim:0154"",""target"":""entity:alderstone_standalone""}"
claim:0154,metric:customer_retention,MEASURES,"{""rel"":""MEASURES"",""source"":""claim:0154"",""target"":""metric:customer_retention""}"
claim:0154,perimeter:alderstone_standalone,SCOPED_TO,"{""rel"":""SCOPED_TO"",""source"":""claim:0154"",""target"":""perimeter:alderstone_standalone""}"
claim:0154,source:src-model,FROM_SOURCE,"{""rel"":""FROM_SOURCE"",""source"":""claim:0154"",""target"":""source:src-model""}"
claim:0154,area:customer,IN_AREA,"{""rel"":""IN_AREA"",""source"":""claim:0154"",""target"":""area:customer""}"
claim:0155,entity:unknown,ABOUT,"{""rel"":""ABOUT"",""source"":""claim:0155"",""target"":""entity:unknown""}"
claim:0155,metric:customer_concentration,MEASURES,"{""rel"":""MEASURES"",""source"":""claim:0155"",""target"":""metric:customer_concentration""}"
claim:0155,perimeter:unknown,SCOPED_TO,"{""rel"":""SCOPED_TO"",""source"":""claim:0155"",""target"":""perimeter:unknown""}"
claim:0155,source:src-model,FROM_SOURCE,"{""rel"":""FROM_SOURCE"",""source"":""claim:0155"",""target"":""source:src-model""}"
claim:0155,author:lbo_model,BY_AUTHOR,"{""rel"":""BY_AUTHOR"",""source"":""claim:0155"",""target"":""author:lbo_model""}"
claim:0155,area:customer,IN_AREA,"{""rel"":""IN_AREA"",""source"":""claim:0155"",""target"":""area:customer""}"
claim:0155,claim:0078,CHALLENGES,"{""rel"":""CHALLENGES"",""source"":""claim:0155"",""target"":""claim:0078""}"
claim:0155,claim:0001,SUPPORTS,"{""rel"":""SUPPORTS"",""source"":""claim:0155"",""target"":""claim:0001""}"
claim:0155,claim:0003,SUPPORTS,"{""rel"":""SUPPORTS"",""source"":""claim:0155"",""target"":""claim:0003""}"
claim:0156,entity:unknown,ABOUT,"{""rel"":""ABOUT"",""source"":""claim:0156"",""target"":""entity:unknown""}"
claim:0156,metric:recurring_revenue,MEASURES,"{""rel"":""MEASURES"",""source"":""claim:0156"",""target"":""metric:recurring_revenue""}"
claim:0156,perimeter:unknown,SCOPED_TO,"{""rel"":""SCOPED_TO"",""source"":""claim:0156"",""target"":""perimeter:unknown""}"
claim:0156,source:src-model,FROM_SOURCE,"{""rel"":""FROM_SOURCE"",""source"":""claim:0156"",""target"":""source:src-model""}"
claim:0156,author:lbo_model,BY_AUTHOR,"{""rel"":""BY_AUTHOR"",""source"":""claim:0156"",""target"":""author:lbo_model""}"
claim:0156,claim:0013,CHALLENGES,"{""rel"":""CHALLENGES"",""source"":""claim:0156"",""target"":""claim:0013""}"
claim:0156,claim:0225,CHALLENGES,"{""rel"":""CHALLENGES"",""source"":""claim:0156"",""target"":""claim:0225""}"
claim:0157,entity:unknown,ABOUT,"{""rel"":""ABOUT"",""source"":""claim:0157"",""target"":""entity:unknown""}"
claim:0157,metric:customer_count,MEASURES,"{""rel"":""MEASURES"",""source"":""claim:0157"",""target"":""metric:customer_count""}"
claim:0157,perimeter:unknown,SCOPED_TO,"{""rel"":""SCOPED_TO"",""source"":""claim:0157"",""target"":""perimeter:unknown""}"
claim:0157,source:src-model,FROM_SOURCE,"{""rel"":""FROM_SOURCE"",""source"":""claim:0157"",""target"":""source:src-model""}"
claim:0157,author:deal_operations,BY_AUTHOR,"{""rel"":""BY_AUTHOR"",""source"":""claim:0157"",""target"":""author:deal_operations""}"
claim:0157,area:customer,IN_AREA,"{""rel"":""IN_AREA"",""source"":""claim:0157"",""target"":""area:customer""}"
claim:0157,claim:0001,SUPPORTS,"{""rel"":""SUPPORTS"",""source"":""claim:0157"",""target"":""claim:0001""}"
claim:0157,claim:0003,SUPPORTS,"{""rel"":""SUPPORTS"",""source"":""claim:0157"",""target"":""claim:0003""}"
claim:0158,entity:unknown,ABOUT,"{""rel"":""ABOUT"",""source"":""claim:0158"",""target"":""entity:unknown""}"
claim:0158,metric:customer_concentration,MEASURES,"{""rel"":""MEASURES"",""source"":""claim:0158"",""target"":""metric:customer_concentration""}"
claim:0158,perimeter:unknown,SCOPED_TO,"{""rel"":""SCOPED_TO"",""source"":""claim:0158"",""target"":""perimeter:unknown""}"
claim:0158,source:src-model,FROM_SOURCE,"{""rel"":""FROM_SOURCE"",""source"":""claim:0158"",""target"":""source:src-model""}"
claim:0158,author:deal_operations,BY_AUTHOR,"{""rel"":""BY_AUTHOR"",""source"":""claim:0158"",""target"":""author:deal_operations""}"
claim:0158,area:customer,IN_AREA,"{""rel"":""IN_AREA"",""source"":""claim:0158"",""target"":""area:customer""}"
claim:0158,claim:0078,CHALLENGES,"{""rel"":""CHALLENGES"",""source"":""claim:0158"",""target"":""claim:0078""}"
claim:0158,claim:0001,SUPPORTS,"{""rel"":""SUPPORTS"",""source"":""claim:0158"",""target"":""claim:0001""}"
claim:0158,claim:0003,SUPPORTS,"{""rel"":""SUPPORTS"",""source"":""claim:0158"",""target"":""claim:0003""}"
claim:0159,entity:riverton_group,ABOUT,"{""rel"":""ABOUT"",""source"":""claim:0159"",""target"":""entity:riverton_group""}"
claim:0159,metric:recurring_revenue,MEASURES,"{""rel"":""MEASURES"",""source"":""claim:0159"",""target"":""metric:recurring_revenue""}"
claim:0159,period:fy2025a,IN_PERIOD,"{""rel"":""IN_PERIOD"",""source"":""claim:0159"",""target"":""period:fy2025a""}"
claim:0159,perimeter:riverton_group,SCOPED_TO,"{""rel"":""SCOPED_TO"",""source"":""claim:0159"",""target"":""perimeter:riverton_group""}"
claim:0159,source:src-model,FROM_SOURCE,"{""rel"":""FROM_SOURCE"",""source"":""claim:0159"",""target"":""source:src-model""}"
claim:0159,claim:0166,CHALLENGES,"{""rel"":""CHALLENGES"",""source"":""claim:0159"",""target"":""claim:0166""}"
claim:0159,claim:0167,CHALLENGES,"{""rel"":""CHALLENGES"",""source"":""claim:0159"",""target"":""claim:0167""}"
claim:0160,entity:unknown,ABOUT,"{""rel"":""ABOUT"",""source"":""claim:0160"",""target"":""entity:unknown""}"
claim:0160,metric:customer_retention,MEASURES,"{""rel"":""MEASURES"",""source"":""claim:0160"",""target"":""metric:customer_retention""}"
claim:0160,perimeter:unknown,SCOPED_TO,"{""rel"":""SCOPED_TO"",""source"":""claim:0160"",""target"":""perimeter:unknown""}"
claim:0160,source:src-model,FROM_SOURCE,"{""rel"":""FROM_SOURCE"",""source"":""claim:0160"",""target"":""source:src-model""}"
claim:0160,author:lbo_model,BY_AUTHOR,"{""rel"":""BY_AUTHOR"",""source"":""claim:0160"",""target"":""author:lbo_model""}"
claim:0160,area:customer,IN_AREA,"{""rel"":""IN_AREA"",""source"":""claim:0160"",""target"":""area:customer""}"
claim:0160,claim:0001,SUPPORTS,"{""rel"":""SUPPORTS"",""source"":""claim:0160"",""target"":""claim:0001""}"
claim:0160,claim:0003,SUPPORTS,"{""rel"":""SUPPORTS"",""source"":""claim:0160"",""target"":""claim:0003""}"
claim:0161,entity:keystone,ABOUT,"{""rel"":""ABOUT"",""source"":""claim:0161"",""target"":""entity:keystone""}"
claim:0161,metric:customer_concentration,MEASURES,"{""rel"":""MEASURES"",""source"":""claim:0161"",""target"":""metric:customer_concentration""}"
claim:0161,perimeter:keystone,SCOPED_TO,"{""rel"":""SCOPED_TO"",""source"":""claim:0161"",""target"":""perimeter:keystone""}"
claim:0161,source:src-model,FROM_SOURCE,"{""rel"":""FROM_SOURCE"",""source"":""claim:0161"",""target"":""source:src-model""}"
claim:0161,author:model,BY_AUTHOR,"{""rel"":""BY_AUTHOR"",""source"":""claim:0161"",""target"":""author:model""}"
claim:0161,area:customer,IN_AREA,"{""rel"":""IN_AREA"",""source"":""claim:0161"",""target"":""area:customer""}"
claim:0162,entity:keystone,ABOUT,"{""rel"":""ABOUT"",""source"":""claim:0162"",""target"":""entity:keystone""}"
claim:0162,metric:customer_concentration,MEASURES,"{""rel"":""MEASURES"",""source"":""claim:0162"",""target"":""metric:customer_concentration""}"
claim:0162,perimeter:keystone,SCOPED_TO,"{""rel"":""SCOPED_TO"",""source"":""claim:0162"",""target"":""perimeter:keystone""}"
claim:0162,source:src-model,FROM_SOURCE,"{""rel"":""FROM_SOURCE"",""source"":""claim:0162"",""target"":""source:src-model""}"
claim:0162,author:model,BY_AUTHOR,"{""rel"":""BY_AUTHOR"",""source"":""claim:0162"",""target"":""author:model""}"
claim:0162,area:customer,IN_AREA,"{""rel"":""IN_AREA"",""source"":""claim:0162"",""target"":""area:customer""}"
claim:0163,entity:keystone,ABOUT,"{""rel"":""ABOUT"",""source"":""claim:0163"",""target"":""entity:keystone""}"
claim:0163,metric:customer_concentration,MEASURES,"{""rel"":""MEASURES"",""source"":""claim:0163"",""target"":""metric:customer_concentration""}"
claim:0163,perimeter:keystone,SCOPED_TO,"{""rel"":""SCOPED_TO"",""source"":""claim:0163"",""target"":""perimeter:keystone""}"
claim:0163,source:src-model,FROM_SOURCE,"{""rel"":""FROM_SOURCE"",""source"":""claim:0163"",""target"":""source:src-model""}"
claim:0163,author:model,BY_AUTHOR,"{""rel"":""BY_AUTHOR"",""source"":""claim:0163"",""target"":""author:model""}"
claim:0163,area:customer,IN_AREA,"{""rel"":""IN_AREA"",""source"":""claim:0163"",""target"":""area:customer""}"
claim:0164,entity:keystone,ABOUT,"{""rel"":""ABOUT"",""source"":""claim:0164"",""target"":""entity:keystone""}"
claim:0164,metric:revenue,MEASURES,"{""rel"":""MEASURES"",""source"":""claim:0164"",""target"":""metric:revenue""}"
claim:0164,perimeter:keystone,SCOPED_TO,"{""rel"":""SCOPED_TO"",""source"":""claim:0164"",""target"":""perimeter:keystone""}"
claim:0164,source:src-model,FROM_SOURCE,"{""rel"":""FROM_SOURCE"",""source"":""claim:0164"",""target"":""source:src-model""}"
claim:0164,author:model,BY_AUTHOR,"{""rel"":""BY_AUTHOR"",""source"":""claim:0164"",""target"":""author:model""}"
claim:0164,claim:0193,REFINES,"{""rel"":""REFINES"",""source"":""claim:0164"",""target"":""claim:0193""}"
claim:0164,claim:0194,REFINES,"{""rel"":""REFINES"",""source"":""claim:0164"",""target"":""claim:0194""}"
claim:0164,claim:0200,REFINES,"{""rel"":""REFINES"",""source"":""claim:0164"",""target"":""claim:0200""}"
claim:0164,claim:0212,REFINES,"{""rel"":""REFINES"",""source"":""claim:0164"",""target"":""claim:0212""}"
claim:0165,entity:unknown,ABOUT,"{""rel"":""ABOUT"",""source"":""claim:0165"",""target"":""entity:unknown""}"
claim:0165,metric:recurring_revenue,MEASURES,"{""rel"":""MEASURES"",""source"":""claim:0165"",""target"":""metric:recurring_revenue""}"
claim:0165,perimeter:unknown,SCOPED_TO,"{""rel"":""SCOPED_TO"",""source"":""claim:0165"",""target"":""perimeter:unknown""}"
claim:0165,source:src-model,FROM_SOURCE,"{""rel"":""FROM_SOURCE"",""source"":""claim:0165"",""target"":""source:src-model""}"
claim:0165,claim:0013,CHALLENGES,"{""rel"":""CHALLENGES"",""source"":""claim:0165"",""target"":""claim:0013""}"
claim:0165,claim:0225,CHALLENGES,"{""rel"":""CHALLENGES"",""source"":""claim:0165"",""target"":""claim:0225""}"
claim:0166,entity:riverton_group,ABOUT,"{""rel"":""ABOUT"",""source"":""claim:0166"",""target"":""entity:riverton_group""}"
claim:0166,metric:revenue,MEASURES,"{""rel"":""MEASURES"",""source"":""claim:0166"",""target"":""metric:revenue""}"
claim:0166,perimeter:riverton_group,SCOPED_TO,"{""rel"":""SCOPED_TO"",""source"":""claim:0166"",""target"":""perimeter:riverton_group""}"
claim:0166,source:src-model,FROM_SOURCE,"{""rel"":""FROM_SOURCE"",""source"":""claim:0166"",""target"":""source:src-model""}"
claim:0166,author:management,BY_AUTHOR,"{""rel"":""BY_AUTHOR"",""source"":""claim:0166"",""target"":""author:management""}"
claim:0167,entity:riverton_group,ABOUT,"{""rel"":""ABOUT"",""source"":""claim:0167"",""target"":""entity:riverton_group""}"
claim:0167,metric:revenue,MEASURES,"{""rel"":""MEASURES"",""source"":""claim:0167"",""target"":""metric:revenue""}"
claim:0167,perimeter:riverton_group,SCOPED_TO,"{""rel"":""SCOPED_TO"",""source"":""claim:0167"",""target"":""perimeter:riverton_group""}"
claim:0167,source:src-model,FROM_SOURCE,"{""rel"":""FROM_SOURCE"",""source"":""claim:0167"",""target"":""source:src-model""}"
claim:0167,author:management,BY_AUTHOR,"{""rel"":""BY_AUTHOR"",""source"":""claim:0167"",""target"":""author:management""}"
claim:0168,entity:unknown,ABOUT,"{""rel"":""ABOUT"",""source"":""claim:0168"",""target"":""entity:unknown""}"
claim:0168,metric:headcount,MEASURES,"{""rel"":""MEASURES"",""source"":""claim:0168"",""target"":""metric:headcount""}"
claim:0168,period:fy2025a,IN_PERIOD,"{""rel"":""IN_PERIOD"",""source"":""claim:0168"",""target"":""period:fy2025a""}"
claim:0168,perimeter:unknown,SCOPED_TO,"{""rel"":""SCOPED_TO"",""source"":""claim:0168"",""target"":""perimeter:unknown""}"
claim:0168,source:src-model,FROM_SOURCE,"{""rel"":""FROM_SOURCE"",""source"":""claim:0168"",""target"":""source:src-model""}"
claim:0168,area:governance,IN_AREA,"{""rel"":""IN_AREA"",""source"":""claim:0168"",""target"":""area:governance""}"
claim:0168,claim:0005,SUPPORTS,"{""rel"":""SUPPORTS"",""source"":""claim:0168"",""target"":""claim:0005""}"
claim:0168,claim:0052,SUPPORTS,"{""rel"":""SUPPORTS"",""source"":""claim:0168"",""target"":""claim:0052""}"
claim:0169,entity:unknown,ABOUT,"{""rel"":""ABOUT"",""source"":""claim:0169"",""target"":""entity:unknown""}"
claim:0169,metric:team_tenure,MEASURES,"{""rel"":""MEASURES"",""source"":""claim:0169"",""target"":""metric:team_tenure""}"
claim:0169,period:fy2025a,IN_PERIOD,"{""rel"":""IN_PERIOD"",""source"":""claim:0169"",""target"":""period:fy2025a""}"
claim:0169,perimeter:unknown,SCOPED_TO,"{""rel"":""SCOPED_TO"",""source"":""claim:0169"",""target"":""perimeter:unknown""}"
claim:0169,source:src-model,FROM_SOURCE,"{""rel"":""FROM_SOURCE"",""source"":""claim:0169"",""target"":""source:src-model""}"
claim:0169,area:governance,IN_AREA,"{""rel"":""IN_AREA"",""source"":""claim:0169"",""target"":""area:governance""}"
claim:0169,claim:0005,SUPPORTS,"{""rel"":""SUPPORTS"",""source"":""claim:0169"",""target"":""claim:0005""}"
claim:0169,claim:0052,SUPPORTS,"{""rel"":""SUPPORTS"",""source"":""claim:0169"",""target"":""claim:0052""}"
claim:0170,entity:unknown,ABOUT,"{""rel"":""ABOUT"",""source"":""claim:0170"",""target"":""entity:unknown""}"
claim:0170,metric:team_tenure,MEASURES,"{""rel"":""MEASURES"",""source"":""claim:0170"",""target"":""metric:team_tenure""}"
claim:0170,perimeter:unknown,SCOPED_TO,"{""rel"":""SCOPED_TO"",""source"":""claim:0170"",""target"":""perimeter:unknown""}"
claim:0170,source:src-model,FROM_SOURCE,"{""rel"":""FROM_SOURCE"",""source"":""claim:0170"",""target"":""source:src-model""}"
claim:0170,area:governance,IN_AREA,"{""rel"":""IN_AREA"",""source"":""claim:0170"",""target"":""area:governance""}"
claim:0170,claim:0005,SUPPORTS,"{""rel"":""SUPPORTS"",""source"":""claim:0170"",""target"":""claim:0005""}"
claim:0170,claim:0052,SUPPORTS,"{""rel"":""SUPPORTS"",""source"":""claim:0170"",""target"":""claim:0052""}"
claim:0171,entity:unknown,ABOUT,"{""rel"":""ABOUT"",""source"":""claim:0171"",""target"":""entity:unknown""}"
claim:0171,metric:team_tenure,MEASURES,"{""rel"":""MEASURES"",""source"":""claim:0171"",""target"":""metric:team_tenure""}"
claim:0171,perimeter:unknown,SCOPED_TO,"{""rel"":""SCOPED_TO"",""source"":""claim:0171"",""target"":""perimeter:unknown""}"
claim:0171,source:src-model,FROM_SOURCE,"{""rel"":""FROM_SOURCE"",""source"":""claim:0171"",""target"":""source:src-model""}"
claim:0171,area:governance,IN_AREA,"{""rel"":""IN_AREA"",""source"":""claim:0171"",""target"":""area:governance""}"
claim:0171,claim:0005,SUPPORTS,"{""rel"":""SUPPORTS"",""source"":""claim:0171"",""target"":""claim:0005""}"
claim:0171,claim:0052,SUPPORTS,"{""rel"":""SUPPORTS"",""source"":""claim:0171"",""target"":""claim:0052""}"
claim:0172,entity:unknown,ABOUT,"{""rel"":""ABOUT"",""source"":""claim:0172"",""target"":""entity:unknown""}"
claim:0172,metric:headcount,MEASURES,"{""rel"":""MEASURES"",""source"":""claim:0172"",""target"":""metric:headcount""}"
claim:0172,perimeter:unknown,SCOPED_TO,"{""rel"":""SCOPED_TO"",""source"":""claim:0172"",""target"":""perimeter:unknown""}"
claim:0172,source:src-model,FROM_SOURCE,"{""rel"":""FROM_SOURCE"",""source"":""claim:0172"",""target"":""source:src-model""}"
claim:0172,author:model_builder,BY_AUTHOR,"{""rel"":""BY_AUTHOR"",""source"":""claim:0172"",""target"":""author:model_builder""}"
claim:0172,area:governance,IN_AREA,"{""rel"":""IN_AREA"",""source"":""claim:0172"",""target"":""area:governance""}"
claim:0172,claim:0168,CHALLENGES,"{""rel"":""CHALLENGES"",""source"":""claim:0172"",""target"":""claim:0168""}"
claim:0172,claim:0005,SUPPORTS,"{""rel"":""SUPPORTS"",""source"":""claim:0172"",""target"":""claim:0005""}"
claim:0172,claim:0052,SUPPORTS,"{""rel"":""SUPPORTS"",""source"":""claim:0172"",""target"":""claim:0052""}"
claim:0173,entity:unknown,ABOUT,"{""rel"":""ABOUT"",""source"":""claim:0173"",""target"":""entity:unknown""}"
claim:0173,metric:dso,MEASURES,"{""rel"":""MEASURES"",""source"":""claim:0173"",""target"":""metric:dso""}"
claim:0173,period:fy2025a,IN_PERIOD,"{""rel"":""IN_PERIOD"",""source"":""claim:0173"",""target"":""period:fy2025a""}"
claim:0173,perimeter:unknown,SCOPED_TO,"{""rel"":""SCOPED_TO"",""source"":""claim:0173"",""target"":""perimeter:unknown""}"
claim:0173,source:src-model,FROM_SOURCE,"{""rel"":""FROM_SOURCE"",""source"":""claim:0173"",""target"":""source:src-model""}"
claim:0174,entity:unknown,ABOUT,"{""rel"":""ABOUT"",""source"":""claim:0174"",""target"":""entity:unknown""}"
claim:0174,metric:customer_concentration,MEASURES,"{""rel"":""MEASURES"",""source"":""claim:0174"",""target"":""metric:customer_concentration""}"
claim:0174,period:fy2025a,IN_PERIOD,"{""rel"":""IN_PERIOD"",""source"":""claim:0174"",""target"":""period:fy2025a""}"
claim:0174,perimeter:unknown,SCOPED_TO,"{""rel"":""SCOPED_TO"",""source"":""claim:0174"",""target"":""perimeter:unknown""}"
claim:0174,source:src-model,FROM_SOURCE,"{""rel"":""FROM_SOURCE"",""source"":""claim:0174"",""target"":""source:src-model""}"
claim:0174,area:customer,IN_AREA,"{""rel"":""IN_AREA"",""source"":""claim:0174"",""target"":""area:customer""}"
claim:0174,claim:0078,CHALLENGES,"{""rel"":""CHALLENGES"",""source"":""claim:0174"",""target"":""claim:0078""}"
claim:0174,claim:0001,SUPPORTS,"{""rel"":""SUPPORTS"",""source"":""claim:0174"",""target"":""claim:0001""}"
claim:0174,claim:0003,SUPPORTS,"{""rel"":""SUPPORTS"",""source"":""claim:0174"",""target"":""claim:0003""}"
claim:0175,entity:riverton_group,ABOUT,"{""rel"":""ABOUT"",""source"":""claim:0175"",""target"":""entity:riverton_group""}"
claim:0175,metric:working_capital,MEASURES,"{""rel"":""MEASURES"",""source"":""claim:0175"",""target"":""metric:working_capital""}"
claim:0175,perimeter:riverton_group,SCOPED_TO,"{""rel"":""SCOPED_TO"",""source"":""claim:0175"",""target"":""perimeter:riverton_group""}"
claim:0175,source:src-model,FROM_SOURCE,"{""rel"":""FROM_SOURCE"",""source"":""claim:0175"",""target"":""source:src-model""}"
claim:0175,author:lbo_model_data_room,BY_AUTHOR,"{""rel"":""BY_AUTHOR"",""source"":""claim:0175"",""target"":""author:lbo_model_data_room""}"
claim:0176,entity:riverton_group,ABOUT,"{""rel"":""ABOUT"",""source"":""claim:0176"",""target"":""entity:riverton_group""}"
claim:0176,metric:net_working_capital,MEASURES,"{""rel"":""MEASURES"",""source"":""claim:0176"",""target"":""metric:net_working_capital""}"
claim:0176,perimeter:riverton_group,SCOPED_TO,"{""rel"":""SCOPED_TO"",""source"":""claim:0176"",""target"":""perimeter:riverton_group""}"
claim:0176,source:src-model,FROM_SOURCE,"{""rel"":""FROM_SOURCE"",""source"":""claim:0176"",""target"":""source:src-model""}"
claim:0176,author:lbo_model,BY_AUTHOR,"{""rel"":""BY_AUTHOR"",""source"":""claim:0176"",""target"":""author:lbo_model""}"
claim:0177,entity:riverton_group,ABOUT,"{""rel"":""ABOUT"",""source"":""claim:0177"",""target"":""entity:riverton_group""}"
claim:0177,metric:dso,MEASURES,"{""rel"":""MEASURES"",""source"":""claim:0177"",""target"":""metric:dso""}"
claim:0177,perimeter:riverton_group,SCOPED_TO,"{""rel"":""SCOPED_TO"",""source"":""claim:0177"",""target"":""perimeter:riverton_group""}"
claim:0177,source:src-model,FROM_SOURCE,"{""rel"":""FROM_SOURCE"",""source"":""claim:0177"",""target"":""source:src-model""}"
claim:0178,entity:unknown,ABOUT,"{""rel"":""ABOUT"",""source"":""claim:0178"",""target"":""entity:unknown""}"
claim:0178,metric:enterprise_value,MEASURES,"{""rel"":""MEASURES"",""source"":""claim:0178"",""target"":""metric:enterprise_value""}"
claim:0178,period:opening,IN_PERIOD,"{""rel"":""IN_PERIOD"",""source"":""claim:0178"",""target"":""period:opening""}"
claim:0178,perimeter:unknown,SCOPED_TO,"{""rel"":""SCOPED_TO"",""source"":""claim:0178"",""target"":""perimeter:unknown""}"
claim:0178,source:src-model,FROM_SOURCE,"{""rel"":""FROM_SOURCE"",""source"":""claim:0178"",""target"":""source:src-model""}"
claim:0178,area:returns,IN_AREA,"{""rel"":""IN_AREA"",""source"":""claim:0178"",""target"":""area:returns""}"
claim:0179,entity:unknown,ABOUT,"{""rel"":""ABOUT"",""source"":""claim:0179"",""target"":""entity:unknown""}"
claim:0179,metric:net_debt,MEASURES,"{""rel"":""MEASURES"",""source"":""claim:0179"",""target"":""metric:net_debt""}"
claim:0179,period:opening,IN_PERIOD,"{""rel"":""IN_PERIOD"",""source"":""claim:0179"",""target"":""period:opening""}"
claim:0179,perimeter:unknown,SCOPED_TO,"{""rel"":""SCOPED_TO"",""source"":""claim:0179"",""target"":""perimeter:unknown""}"
claim:0179,source:src-model,FROM_SOURCE,"{""rel"":""FROM_SOURCE"",""source"":""claim:0179"",""target"":""source:src-model""}"
claim:0179,area:structure,IN_AREA,"{""rel"":""IN_AREA"",""source"":""claim:0179"",""target"":""area:structure""}"
claim:0180,entity:unknown,ABOUT,"{""rel"":""ABOUT"",""source"":""claim:0180"",""target"":""entity:unknown""}"
claim:0180,metric:equity_value,MEASURES,"{""rel"":""MEASURES"",""source"":""claim:0180"",""target"":""metric:equity_value""}"
claim:0180,period:opening,IN_PERIOD,"{""rel"":""IN_PERIOD"",""source"":""claim:0180"",""target"":""period:opening""}"
claim:0180,perimeter:unknown,SCOPED_TO,"{""rel"":""SCOPED_TO"",""source"":""claim:0180"",""target"":""perimeter:unknown""}"
claim:0180,source:src-model,FROM_SOURCE,"{""rel"":""FROM_SOURCE"",""source"":""claim:0180"",""target"":""source:src-model""}"
claim:0180,area:returns,IN_AREA,"{""rel"":""IN_AREA"",""source"":""claim:0180"",""target"":""area:returns""}"
claim:0181,entity:unknown,ABOUT,"{""rel"":""ABOUT"",""source"":""claim:0181"",""target"":""entity:unknown""}"
claim:0181,metric:seller_rollover,MEASURES,"{""rel"":""MEASURES"",""source"":""claim:0181"",""target"":""metric:seller_rollover""}"
claim:0181,period:opening,IN_PERIOD,"{""rel"":""IN_PERIOD"",""source"":""claim:0181"",""target"":""period:opening""}"
claim:0181,perimeter:unknown,SCOPED_TO,"{""rel"":""SCOPED_TO"",""source"":""claim:0181"",""target"":""perimeter:unknown""}"
claim:0181,source:src-model,FROM_SOURCE,"{""rel"":""FROM_SOURCE"",""source"":""claim:0181"",""target"":""source:src-model""}"
claim:0181,area:structure,IN_AREA,"{""rel"":""IN_AREA"",""source"":""claim:0181"",""target"":""area:structure""}"
claim:0182,entity:alderstone_covenant_definition,ABOUT,"{""rel"":""ABOUT"",""source"":""claim:0182"",""target"":""entity:alderstone_covenant_definition""}"
claim:0182,metric:ebitda_adjustment,MEASURES,"{""rel"":""MEASURES"",""source"":""claim:0182"",""target"":""metric:ebitda_adjustment""}"
claim:0182,period:fy2026e,IN_PERIOD,"{""rel"":""IN_PERIOD"",""source"":""claim:0182"",""target"":""period:fy2026e""}"
claim:0182,perimeter:alderstone_covenant_definition,SCOPED_TO,"{""rel"":""SCOPED_TO"",""source"":""claim:0182"",""target"":""perimeter:alderstone_covenant_definition""}"
claim:0182,source:src-model,FROM_SOURCE,"{""rel"":""FROM_SOURCE"",""source"":""claim:0182"",""target"":""source:src-model""}"
claim:0182,area:earnings,IN_AREA,"{""rel"":""IN_AREA"",""source"":""claim:0182"",""target"":""area:earnings""}"
claim:0183,entity:alderstone_covenant_definition,ABOUT,"{""rel"":""ABOUT"",""source"":""claim:0183"",""target"":""entity:alderstone_covenant_definition""}"
claim:0183,metric:ebitda_adjustment,MEASURES,"{""rel"":""MEASURES"",""source"":""claim:0183"",""target"":""metric:ebitda_adjustment""}"
claim:0183,period:fy2026e,IN_PERIOD,"{""rel"":""IN_PERIOD"",""source"":""claim:0183"",""target"":""period:fy2026e""}"
claim:0183,perimeter:alderstone_covenant_definition,SCOPED_TO,"{""rel"":""SCOPED_TO"",""source"":""claim:0183"",""target"":""perimeter:alderstone_covenant_definition""}"
claim:0183,source:src-model,FROM_SOURCE,"{""rel"":""FROM_SOURCE"",""source"":""claim:0183"",""target"":""source:src-model""}"
claim:0183,area:earnings,IN_AREA,"{""rel"":""IN_AREA"",""source"":""claim:0183"",""target"":""area:earnings""}"
claim:0184,entity:alderstone_covenant_definition,ABOUT,"{""rel"":""ABOUT"",""source"":""claim:0184"",""target"":""entity:alderstone_covenant_definition""}"
claim:0184,metric:ebitda_adjustment,MEASURES,"{""rel"":""MEASURES"",""source"":""claim:0184"",""target"":""metric:ebitda_adjustment""}"
claim:0184,period:fy2026e,IN_PERIOD,"{""rel"":""IN_PERIOD"",""source"":""claim:0184"",""target"":""period:fy2026e""}"
claim:0184,perimeter:alderstone_covenant_definition,SCOPED_TO,"{""rel"":""SCOPED_TO"",""source"":""claim:0184"",""target"":""perimeter:alderstone_covenant_definition""}"
claim:0184,source:src-model,FROM_SOURCE,"{""rel"":""FROM_SOURCE"",""source"":""claim:0184"",""target"":""source:src-model""}"
claim:0184,area:earnings,IN_AREA,"{""rel"":""IN_AREA"",""source"":""claim:0184"",""target"":""area:earnings""}"
claim:0185,entity:alderstone_covenant_definition,ABOUT,"{""rel"":""ABOUT"",""source"":""claim:0185"",""target"":""entity:alderstone_covenant_definition""}"
claim:0185,metric:ebitda_adjustment,MEASURES,"{""rel"":""MEASURES"",""source"":""claim:0185"",""target"":""metric:ebitda_adjustment""}"
claim:0185,period:fy2026e,IN_PERIOD,"{""rel"":""IN_PERIOD"",""source"":""claim:0185"",""target"":""period:fy2026e""}"
claim:0185,perimeter:alderstone_covenant_definition,SCOPED_TO,"{""rel"":""SCOPED_TO"",""source"":""claim:0185"",""target"":""perimeter:alderstone_covenant_definition""}"
claim:0185,source:src-model,FROM_SOURCE,"{""rel"":""FROM_SOURCE"",""source"":""claim:0185"",""target"":""source:src-model""}"
claim:0185,claim:0182,CONTRADICTS,"{""rel"":""CONTRADICTS"",""source"":""claim:0185"",""target"":""claim:0182""}"
claim:0185,claim:0183,CONTRADICTS,"{""rel"":""CONTRADICTS"",""source"":""claim:0185"",""target"":""claim:0183""}"
claim:0185,claim:0184,CONTRADICTS,"{""rel"":""CONTRADICTS"",""source"":""claim:0185"",""target"":""claim:0184""}"
claim:0186,entity:keystone_standalone,ABOUT,"{""rel"":""ABOUT"",""source"":""claim:0186"",""target"":""entity:keystone_standalone""}"
claim:0186,metric:ebitda_adjustment,MEASURES,"{""rel"":""MEASURES"",""source"":""claim:0186"",""target"":""metric:ebitda_adjustment""}"
claim:0186,perimeter:keystone_standalone,SCOPED_TO,"{""rel"":""SCOPED_TO"",""source"":""claim:0186"",""target"":""perimeter:keystone_standalone""}"
claim:0186,source:src-model,FROM_SOURCE,"{""rel"":""FROM_SOURCE"",""source"":""claim:0186"",""target"":""source:src-model""}"
claim:0186,author:qoe_provider,BY_AUTHOR,"{""rel"":""BY_AUTHOR"",""source"":""claim:0186"",""target"":""author:qoe_provider""}"
claim:0186,claim:0095,CONTRADICTS,"{""rel"":""CONTRADICTS"",""source"":""claim:0186"",""target"":""claim:0095""}"
claim:0186,claim:0102,CONTRADICTS,"{""rel"":""CONTRADICTS"",""source"":""claim:0186"",""target"":""claim:0102""}"
claim:0186,claim:0093,CHALLENGES,"{""rel"":""CHALLENGES"",""source"":""claim:0186"",""target"":""claim:0093""}"
claim:0186,claim:0101,CHALLENGES,"{""rel"":""CHALLENGES"",""source"":""claim:0186"",""target"":""claim:0101""}"
claim:0186,claim:0103,CHALLENGES,"{""rel"":""CHALLENGES"",""source"":""claim:0186"",""target"":""claim:0103""}"
claim:0186,claim:0195,CHALLENGES,"{""rel"":""CHALLENGES"",""source"":""claim:0186"",""target"":""claim:0195""}"
claim:0186,claim:0202,CHALLENGES,"{""rel"":""CHALLENGES"",""source"":""claim:0186"",""target"":""claim:0202""}"
claim:0186,claim:0211,CHALLENGES,"{""rel"":""CHALLENGES"",""source"":""claim:0186"",""target"":""claim:0211""}"
claim:0186,claim:0214,CHALLENGES,"{""rel"":""CHALLENGES"",""source"":""claim:0186"",""target"":""claim:0214""}"
claim:0187,entity:keystone_standalone,ABOUT,"{""rel"":""ABOUT"",""source"":""claim:0187"",""target"":""entity:keystone_standalone""}"
claim:0187,metric:ebitda,MEASURES,"{""rel"":""MEASURES"",""source"":""claim:0187"",""target"":""metric:ebitda""}"
claim:0187,perimeter:keystone_standalone,SCOPED_TO,"{""rel"":""SCOPED_TO"",""source"":""claim:0187"",""target"":""perimeter:keystone_standalone""}"
claim:0187,source:src-model,FROM_SOURCE,"{""rel"":""FROM_SOURCE"",""source"":""claim:0187"",""target"":""source:src-model""}"
claim:0187,author:qoe_provider,BY_AUTHOR,"{""rel"":""BY_AUTHOR"",""source"":""claim:0187"",""target"":""author:qoe_provider""}"
claim:0187,claim:0093,CHALLENGES,"{""rel"":""CHALLENGES"",""source"":""claim:0187"",""target"":""claim:0093""}"
claim:0187,claim:0101,CHALLENGES,"{""rel"":""CHALLENGES"",""source"":""claim:0187"",""target"":""claim:0101""}"
claim:0187,claim:0102,CHALLENGES,"{""rel"":""CHALLENGES"",""source"":""claim:0187"",""target"":""claim:0102""}"
claim:0187,claim:0103,CHALLENGES,"{""rel"":""CHALLENGES"",""source"":""claim:0187"",""target"":""claim:0103""}"
claim:0187,claim:0124,CHALLENGES,"{""rel"":""CHALLENGES"",""source"":""claim:0187"",""target"":""claim:0124""}"
claim:0187,claim:0195,CHALLENGES,"{""rel"":""CHALLENGES"",""source"":""claim:0187"",""target"":""claim:0195""}"
claim:0187,claim:0196,CHALLENGES,"{""rel"":""CHALLENGES"",""source"":""claim:0187"",""target"":""claim:0196""}"
claim:0187,claim:0202,CHALLENGES,"{""rel"":""CHALLENGES"",""source"":""claim:0187"",""target"":""claim:0202""}"
claim:0187,claim:0211,CHALLENGES,"{""rel"":""CHALLENGES"",""source"":""claim:0187"",""target"":""claim:0211""}"
claim:0187,claim:0214,CHALLENGES,"{""rel"":""CHALLENGES"",""source"":""claim:0187"",""target"":""claim:0214""}"
claim:0188,entity:keystone_covenant_definition,ABOUT,"{""rel"":""ABOUT"",""source"":""claim:0188"",""target"":""entity:keystone_covenant_definition""}"
claim:0188,metric:ebitda,MEASURES,"{""rel"":""MEASURES"",""source"":""claim:0188"",""target"":""metric:ebitda""}"
claim:0188,perimeter:keystone_covenant_definition,SCOPED_TO,"{""rel"":""SCOPED_TO"",""source"":""claim:0188"",""target"":""perimeter:keystone_covenant_definition""}"
claim:0188,source:src-model,FROM_SOURCE,"{""rel"":""FROM_SOURCE"",""source"":""claim:0188"",""target"":""source:src-model""}"
claim:0188,author:qoe_provider,BY_AUTHOR,"{""rel"":""BY_AUTHOR"",""source"":""claim:0188"",""target"":""author:qoe_provider""}"
claim:0189,entity:unknown,ABOUT,"{""rel"":""ABOUT"",""source"":""claim:0189"",""target"":""entity:unknown""}"
claim:0189,metric:ebitda_adjustment,MEASURES,"{""rel"":""MEASURES"",""source"":""claim:0189"",""target"":""metric:ebitda_adjustment""}"
claim:0189,perimeter:unknown,SCOPED_TO,"{""rel"":""SCOPED_TO"",""source"":""claim:0189"",""target"":""perimeter:unknown""}"
claim:0189,source:src-model,FROM_SOURCE,"{""rel"":""FROM_SOURCE"",""source"":""claim:0189"",""target"":""source:src-model""}"
claim:0189,author:lbo_model,BY_AUTHOR,"{""rel"":""BY_AUTHOR"",""source"":""claim:0189"",""target"":""author:lbo_model""}"
claim:0190,entity:keystone_standalone,ABOUT,"{""rel"":""ABOUT"",""source"":""claim:0190"",""target"":""entity:keystone_standalone""}"
claim:0190,metric:net_working_capital,MEASURES,"{""rel"":""MEASURES"",""source"":""claim:0190"",""target"":""metric:net_working_capital""}"
claim:0190,period:opening,IN_PERIOD,"{""rel"":""IN_PERIOD"",""source"":""claim:0190"",""target"":""period:opening""}"
claim:0190,perimeter:keystone_standalone,SCOPED_TO,"{""rel"":""SCOPED_TO"",""source"":""claim:0190"",""target"":""perimeter:keystone_standalone""}"
claim:0190,source:src-model,FROM_SOURCE,"{""rel"":""FROM_SOURCE"",""source"":""claim:0190"",""target"":""source:src-model""}"
claim:0191,entity:keystone_standalone,ABOUT,"{""rel"":""ABOUT"",""source"":""claim:0191"",""target"":""entity:keystone_standalone""}"
claim:0191,metric:enterprise_value,MEASURES,"{""rel"":""MEASURES"",""source"":""claim:0191"",""target"":""metric:enterprise_value""}"
claim:0191,period:opening,IN_PERIOD,"{""rel"":""IN_PERIOD"",""source"":""claim:0191"",""target"":""period:opening""}"
claim:0191,perimeter:keystone_standalone,SCOPED_TO,"{""rel"":""SCOPED_TO"",""source"":""claim:0191"",""target"":""perimeter:keystone_standalone""}"
claim:0191,source:src-model,FROM_SOURCE,"{""rel"":""FROM_SOURCE"",""source"":""claim:0191"",""target"":""source:src-model""}"
claim:0191,area:returns,IN_AREA,"{""rel"":""IN_AREA"",""source"":""claim:0191"",""target"":""area:returns""}"
claim:0191,claim:0013,DERIVES_FROM,"{""rel"":""DERIVES_FROM"",""source"":""claim:0191"",""target"":""claim:0013""}"
claim:0191,claim:0016,DERIVES_FROM,"{""rel"":""DERIVES_FROM"",""source"":""claim:0191"",""target"":""claim:0016""}"
claim:0191,claim:0017,DERIVES_FROM,"{""rel"":""DERIVES_FROM"",""source"":""claim:0191"",""target"":""claim:0017""}"
claim:0191,claim:0018,DERIVES_FROM,"{""rel"":""DERIVES_FROM"",""source"":""claim:0191"",""target"":""claim:0018""}"
claim:0191,claim:0020,DERIVES_FROM,"{""rel"":""DERIVES_FROM"",""source"":""claim:0191"",""target"":""claim:0020""}"
claim:0191,claim:0035,DERIVES_FROM,"{""rel"":""DERIVES_FROM"",""source"":""claim:0191"",""target"":""claim:0035""}"
claim:0191,claim:0036,DERIVES_FROM,"{""rel"":""DERIVES_FROM"",""source"":""claim:0191"",""target"":""claim:0036""}"
claim:0191,claim:0037,DERIVES_FROM,"{""rel"":""DERIVES_FROM"",""source"":""claim:0191"",""target"":""claim:0037""}"
claim:0191,claim:0038,DERIVES_FROM,"{""rel"":""DERIVES_FROM"",""source"":""claim:0191"",""target"":""claim:0038""}"
claim:0191,claim:0069,DERIVES_FROM,"{""rel"":""DERIVES_FROM"",""source"":""claim:0191"",""target"":""claim:0069""}"
claim:0191,claim:0070,DERIVES_FROM,"{""rel"":""DERIVES_FROM"",""source"":""claim:0191"",""target"":""claim:0070""}"
claim:0191,claim:0071,DERIVES_FROM,"{""rel"":""DERIVES_FROM"",""source"":""claim:0191"",""target"":""claim:0071""}"
claim:0191,claim:0072,DERIVES_FROM,"{""rel"":""DERIVES_FROM"",""source"":""claim:0191"",""target"":""claim:0072""}"
claim:0191,claim:0073,DERIVES_FROM,"{""rel"":""DERIVES_FROM"",""source"":""claim:0191"",""target"":""claim:0073""}"
claim:0191,claim:0082,DERIVES_FROM,"{""rel"":""DERIVES_FROM"",""source"":""claim:0191"",""target"":""claim:0082""}"
claim:0191,claim:0085,DERIVES_FROM,"{""rel"":""DERIVES_FROM"",""source"":""claim:0191"",""target"":""claim:0085""}"
claim:0191,claim:0112,DERIVES_FROM,"{""rel"":""DERIVES_FROM"",""source"":""claim:0191"",""target"":""claim:0112""}"
claim:0191,claim:0136,DERIVES_FROM,"{""rel"":""DERIVES_FROM"",""source"":""claim:0191"",""target"":""claim:0136""}"
claim:0191,claim:0137,DERIVES_FROM,"{""rel"":""DERIVES_FROM"",""source"":""claim:0191"",""target"":""claim:0137""}"
claim:0191,claim:0138,DERIVES_FROM,"{""rel"":""DERIVES_FROM"",""source"":""claim:0191"",""target"":""claim:0138""}"
claim:0191,claim:0143,DERIVES_FROM,"{""rel"":""DERIVES_FROM"",""source"":""claim:0191"",""target"":""claim:0143""}"
claim:0191,claim:0144,DERIVES_FROM,"{""rel"":""DERIVES_FROM"",""source"":""claim:0191"",""target"":""claim:0144""}"
claim:0191,claim:0164,DERIVES_FROM,"{""rel"":""DERIVES_FROM"",""source"":""claim:0191"",""target"":""claim:0164""}"
claim:0191,claim:0166,DERIVES_FROM,"{""rel"":""DERIVES_FROM"",""source"":""claim:0191"",""target"":""claim:0166""}"
claim:0191,claim:0167,DERIVES_FROM,"{""rel"":""DERIVES_FROM"",""source"":""claim:0191"",""target"":""claim:0167""}"
claim:0191,claim:0178,DERIVES_FROM,"{""rel"":""DERIVES_FROM"",""source"":""claim:0191"",""target"":""claim:0178""}"
claim:0191,claim:0193,DERIVES_FROM,"{""rel"":""DERIVES_FROM"",""source"":""claim:0191"",""target"":""claim:0193""}"
claim:0191,claim:0194,DERIVES_FROM,"{""rel"":""DERIVES_FROM"",""source"":""claim:0191"",""target"":""claim:0194""}"
claim:0191,claim:0200,DERIVES_FROM,"{""rel"":""DERIVES_FROM"",""source"":""claim:0191"",""target"":""claim:0200""}"
claim:0191,claim:0212,DERIVES_FROM,"{""rel"":""DERIVES_FROM"",""source"":""claim:0191"",""target"":""claim:0212""}"
claim:0191,claim:0219,DERIVES_FROM,"{""rel"":""DERIVES_FROM"",""source"":""claim:0191"",""target"":""claim:0219""}"
claim:0191,claim:0225,DERIVES_FROM,"{""rel"":""DERIVES_FROM"",""source"":""claim:0191"",""target"":""claim:0225""}"
claim:0191,claim:0231,DERIVES_FROM,"{""rel"":""DERIVES_FROM"",""source"":""claim:0191"",""target"":""claim:0231""}"
claim:0191,claim:0232,DERIVES_FROM,"{""rel"":""DERIVES_FROM"",""source"":""claim:0191"",""target"":""claim:0232""}"
claim:0192,entity:keystone_standalone,ABOUT,"{""rel"":""ABOUT"",""source"":""claim:0192"",""target"":""entity:keystone_standalone""}"
claim:0192,metric:sponsor_equity,MEASURES,"{""rel"":""MEASURES"",""source"":""claim:0192"",""target"":""metric:sponsor_equity""}"
claim:0192,period:opening,IN_PERIOD,"{""rel"":""IN_PERIOD"",""source"":""claim:0192"",""target"":""period:opening""}"
claim:0192,perimeter:keystone_standalone,SCOPED_TO,"{""rel"":""SCOPED_TO"",""source"":""claim:0192"",""target"":""perimeter:keystone_standalone""}"
claim:0192,source:src-model,FROM_SOURCE,"{""rel"":""FROM_SOURCE"",""source"":""claim:0192"",""target"":""source:src-model""}"
claim:0192,area:structure,IN_AREA,"{""rel"":""IN_AREA"",""source"":""claim:0192"",""target"":""area:structure""}"
claim:0193,entity:keystone_standalone,ABOUT,"{""rel"":""ABOUT"",""source"":""claim:0193"",""target"":""entity:keystone_standalone""}"
claim:0193,metric:revenue,MEASURES,"{""rel"":""MEASURES"",""source"":""claim:0193"",""target"":""metric:revenue""}"
claim:0193,period:fy2025a,IN_PERIOD,"{""rel"":""IN_PERIOD"",""source"":""claim:0193"",""target"":""period:fy2025a""}"
claim:0193,perimeter:keystone_standalone,SCOPED_TO,"{""rel"":""SCOPED_TO"",""source"":""claim:0193"",""target"":""perimeter:keystone_standalone""}"
claim:0193,source:src-model,FROM_SOURCE,"{""rel"":""FROM_SOURCE"",""source"":""claim:0193"",""target"":""source:src-model""}"
claim:0193,claim:0194,TRACKS,"{""rel"":""TRACKS"",""source"":""claim:0193"",""target"":""claim:0194""}"
claim:0193,claim:0200,TRACKS,"{""rel"":""TRACKS"",""source"":""claim:0193"",""target"":""claim:0200""}"
claim:0194,entity:keystone_standalone,ABOUT,"{""rel"":""ABOUT"",""source"":""claim:0194"",""target"":""entity:keystone_standalone""}"
claim:0194,metric:revenue,MEASURES,"{""rel"":""MEASURES"",""source"":""claim:0194"",""target"":""metric:revenue""}"
claim:0194,period:fy2026e,IN_PERIOD,"{""rel"":""IN_PERIOD"",""source"":""claim:0194"",""target"":""period:fy2026e""}"
claim:0194,perimeter:keystone_standalone,SCOPED_TO,"{""rel"":""SCOPED_TO"",""source"":""claim:0194"",""target"":""perimeter:keystone_standalone""}"
claim:0194,source:src-model,FROM_SOURCE,"{""rel"":""FROM_SOURCE"",""source"":""claim:0194"",""target"":""source:src-model""}"
claim:0194,claim:0200,TRACKS,"{""rel"":""TRACKS"",""source"":""claim:0194"",""target"":""claim:0200""}"
claim:0194,claim:0212,TRACKS,"{""rel"":""TRACKS"",""source"":""claim:0194"",""target"":""claim:0212""}"
claim:0195,entity:keystone_standalone,ABOUT,"{""rel"":""ABOUT"",""source"":""claim:0195"",""target"":""entity:keystone_standalone""}"
claim:0195,metric:ebitda,MEASURES,"{""rel"":""MEASURES"",""source"":""claim:0195"",""target"":""metric:ebitda""}"
claim:0195,period:fy2025a,IN_PERIOD,"{""rel"":""IN_PERIOD"",""source"":""claim:0195"",""target"":""period:fy2025a""}"
claim:0195,perimeter:keystone_standalone,SCOPED_TO,"{""rel"":""SCOPED_TO"",""source"":""claim:0195"",""target"":""perimeter:keystone_standalone""}"
claim:0195,source:src-model,FROM_SOURCE,"{""rel"":""FROM_SOURCE"",""source"":""claim:0195"",""target"":""source:src-model""}"
claim:0195,claim:0202,TRACKS,"{""rel"":""TRACKS"",""source"":""claim:0195"",""target"":""claim:0202""}"
claim:0196,entity:keystone_standalone,ABOUT,"{""rel"":""ABOUT"",""source"":""claim:0196"",""target"":""entity:keystone_standalone""}"
claim:0196,metric:ebitda_margin,MEASURES,"{""rel"":""MEASURES"",""source"":""claim:0196"",""target"":""metric:ebitda_margin""}"
claim:0196,period:fy2025a,IN_PERIOD,"{""rel"":""IN_PERIOD"",""source"":""claim:0196"",""target"":""period:fy2025a""}"
claim:0196,perimeter:keystone_standalone,SCOPED_TO,"{""rel"":""SCOPED_TO"",""source"":""claim:0196"",""target"":""perimeter:keystone_standalone""}"
claim:0196,source:src-model,FROM_SOURCE,"{""rel"":""FROM_SOURCE"",""source"":""claim:0196"",""target"":""source:src-model""}"
claim:0196,claim:0124,CHALLENGES,"{""rel"":""CHALLENGES"",""source"":""claim:0196"",""target"":""claim:0124""}"
claim:0196,claim:0195,CHALLENGES,"{""rel"":""CHALLENGES"",""source"":""claim:0196"",""target"":""claim:0195""}"
claim:0196,claim:0202,TRACKS,"{""rel"":""TRACKS"",""source"":""claim:0196"",""target"":""claim:0202""}"
claim:0196,claim:0007,DERIVES_FROM,"{""rel"":""DERIVES_FROM"",""source"":""claim:0196"",""target"":""claim:0007""}"
claim:0196,claim:0013,DERIVES_FROM,"{""rel"":""DERIVES_FROM"",""source"":""claim:0196"",""target"":""claim:0013""}"
claim:0196,claim:0016,DERIVES_FROM,"{""rel"":""DERIVES_FROM"",""source"":""claim:0196"",""target"":""claim:0016""}"
claim:0196,claim:0017,DERIVES_FROM,"{""rel"":""DERIVES_FROM"",""source"":""claim:0196"",""target"":""claim:0017""}"
claim:0196,claim:0018,DERIVES_FROM,"{""rel"":""DERIVES_FROM"",""source"":""claim:0196"",""target"":""claim:0018""}"
claim:0196,claim:0020,DERIVES_FROM,"{""rel"":""DERIVES_FROM"",""source"":""claim:0196"",""target"":""claim:0020""}"
claim:0196,claim:0035,DERIVES_FROM,"{""rel"":""DERIVES_FROM"",""source"":""claim:0196"",""target"":""claim:0035""}"
claim:0196,claim:0036,DERIVES_FROM,"{""rel"":""DERIVES_FROM"",""source"":""claim:0196"",""target"":""claim:0036""}"
claim:0196,claim:0037,DERIVES_FROM,"{""rel"":""DERIVES_FROM"",""source"":""claim:0196"",""target"":""claim:0037""}"
claim:0196,claim:0038,DERIVES_FROM,"{""rel"":""DERIVES_FROM"",""source"":""claim:0196"",""target"":""claim:0038""}"
claim:0196,claim:0069,DERIVES_FROM,"{""rel"":""DERIVES_FROM"",""source"":""claim:0196"",""target"":""claim:0069""}"
claim:0196,claim:0070,DERIVES_FROM,"{""rel"":""DERIVES_FROM"",""source"":""claim:0196"",""target"":""claim:0070""}"
claim:0196,claim:0071,DERIVES_FROM,"{""rel"":""DERIVES_FROM"",""source"":""claim:0196"",""target"":""claim:0071""}"
claim:0196,claim:0072,DERIVES_FROM,"{""rel"":""DERIVES_FROM"",""source"":""claim:0196"",""target"":""claim:0072""}"
claim:0196,claim:0085,DERIVES_FROM,"{""rel"":""DERIVES_FROM"",""source"":""claim:0196"",""target"":""claim:0085""}"
claim:0196,claim:0086,DERIVES_FROM,"{""rel"":""DERIVES_FROM"",""source"":""claim:0196"",""target"":""claim:0086""}"
claim:0196,claim:0087,DERIVES_FROM,"{""rel"":""DERIVES_FROM"",""source"":""claim:0196"",""target"":""claim:0087""}"
claim:0196,claim:0093,DERIVES_FROM,"{""rel"":""DERIVES_FROM"",""source"":""claim:0196"",""target"":""claim:0093""}"
claim:0196,claim:0096,DERIVES_FROM,"{""rel"":""DERIVES_FROM"",""source"":""claim:0196"",""target"":""claim:0096""}"
claim:0196,claim:0103,DERIVES_FROM,"{""rel"":""DERIVES_FROM"",""source"":""claim:0196"",""target"":""claim:0103""}"
claim:0196,claim:0112,DERIVES_FROM,"{""rel"":""DERIVES_FROM"",""source"":""claim:0196"",""target"":""claim:0112""}"
claim:0196,claim:0113,DERIVES_FROM,"{""rel"":""DERIVES_FROM"",""source"":""claim:0196"",""target"":""claim:0113""}"
claim:0196,claim:0136,DERIVES_FROM,"{""rel"":""DERIVES_FROM"",""source"":""claim:0196"",""target"":""claim:0136""}"
claim:0196,claim:0137,DERIVES_FROM,"{""rel"":""DERIVES_FROM"",""source"":""claim:0196"",""target"":""claim:0137""}"
claim:0196,claim:0138,DERIVES_FROM,"{""rel"":""DERIVES_FROM"",""source"":""claim:0196"",""target"":""claim:0138""}"
claim:0196,claim:0143,DERIVES_FROM,"{""rel"":""DERIVES_FROM"",""source"":""claim:0196"",""target"":""claim:0143""}"
claim:0196,claim:0144,DERIVES_FROM,"{""rel"":""DERIVES_FROM"",""source"":""claim:0196"",""target"":""claim:0144""}"
claim:0196,claim:0164,DERIVES_FROM,"{""rel"":""DERIVES_FROM"",""source"":""claim:0196"",""target"":""claim:0164""}"
claim:0196,claim:0166,DERIVES_FROM,"{""rel"":""DERIVES_FROM"",""source"":""claim:0196"",""target"":""claim:0166""}"
claim:0196,claim:0167,DERIVES_FROM,"{""rel"":""DERIVES_FROM"",""source"":""claim:0196"",""target"":""claim:0167""}"
claim:0196,claim:0187,DERIVES_FROM,"{""rel"":""DERIVES_FROM"",""source"":""claim:0196"",""target"":""claim:0187""}"
claim:0196,claim:0188,DERIVES_FROM,"{""rel"":""DERIVES_FROM"",""source"":""claim:0196"",""target"":""claim:0188""}"
claim:0196,claim:0193,DERIVES_FROM,"{""rel"":""DERIVES_FROM"",""source"":""claim:0196"",""target"":""claim:0193""}"
claim:0196,claim:0194,DERIVES_FROM,"{""rel"":""DERIVES_FROM"",""source"":""claim:0196"",""target"":""claim:0194""}"
claim:0196,claim:0200,DERIVES_FROM,"{""rel"":""DERIVES_FROM"",""source"":""claim:0196"",""target"":""claim:0200""}"
claim:0196,claim:0212,DERIVES_FROM,"{""rel"":""DERIVES_FROM"",""source"":""claim:0196"",""target"":""claim:0212""}"
claim:0196,claim:0214,DERIVES_FROM,"{""rel"":""DERIVES_FROM"",""source"":""claim:0196"",""target"":""claim:0214""}"
claim:0196,claim:0219,DERIVES_FROM,"{""rel"":""DERIVES_FROM"",""source"":""claim:0196"",""target"":""claim:0219""}"
claim:0196,claim:0221,DERIVES_FROM,"{""rel"":""DERIVES_FROM"",""source"":""claim:0196"",""target"":""claim:0221""}"
claim:0196,claim:0225,DERIVES_FROM,"{""rel"":""DERIVES_FROM"",""source"":""claim:0196"",""target"":""claim:0225""}"
claim:0196,claim:0227,DERIVES_FROM,"{""rel"":""DERIVES_FROM"",""source"":""claim:0196"",""target"":""claim:0227""}"
claim:0197,entity:unknown,ABOUT,"{""rel"":""ABOUT"",""source"":""claim:0197"",""target"":""entity:unknown""}"
claim:0197,metric:dso,MEASURES,"{""rel"":""MEASURES"",""source"":""claim:0197"",""target"":""metric:dso""}"
claim:0197,period:fy2025,IN_PERIOD,"{""rel"":""IN_PERIOD"",""source"":""claim:0197"",""target"":""period:fy2025""}"
claim:0197,perimeter:unknown,SCOPED_TO,"{""rel"":""SCOPED_TO"",""source"":""claim:0197"",""target"":""perimeter:unknown""}"
claim:0197,source:src-model,FROM_SOURCE,"{""rel"":""FROM_SOURCE"",""source"":""claim:0197"",""target"":""source:src-model""}"
claim:0197,area:operations,IN_AREA,"{""rel"":""IN_AREA"",""source"":""claim:0197"",""target"":""area:operations""}"
claim:0197,claim:0004,SUPPORTS,"{""rel"":""SUPPORTS"",""source"":""claim:0197"",""target"":""claim:0004""}"
claim:0197,claim:0006,SUPPORTS,"{""rel"":""SUPPORTS"",""source"":""claim:0197"",""target"":""claim:0006""}"
claim:0198,entity:unknown,ABOUT,"{""rel"":""ABOUT"",""source"":""claim:0198"",""target"":""entity:unknown""}"
claim:0198,metric:dso,MEASURES,"{""rel"":""MEASURES"",""source"":""claim:0198"",""target"":""metric:dso""}"
claim:0198,period:fy2026e,IN_PERIOD,"{""rel"":""IN_PERIOD"",""source"":""claim:0198"",""target"":""period:fy2026e""}"
claim:0198,perimeter:unknown,SCOPED_TO,"{""rel"":""SCOPED_TO"",""source"":""claim:0198"",""target"":""perimeter:unknown""}"
claim:0198,source:src-model,FROM_SOURCE,"{""rel"":""FROM_SOURCE"",""source"":""claim:0198"",""target"":""source:src-model""}"
claim:0198,area:operations,IN_AREA,"{""rel"":""IN_AREA"",""source"":""claim:0198"",""target"":""area:operations""}"
claim:0198,claim:0004,SUPPORTS,"{""rel"":""SUPPORTS"",""source"":""claim:0198"",""target"":""claim:0004""}"
claim:0198,claim:0006,SUPPORTS,"{""rel"":""SUPPORTS"",""source"":""claim:0198"",""target"":""claim:0006""}"
claim:0199,entity:unknown,ABOUT,"{""rel"":""ABOUT"",""source"":""claim:0199"",""target"":""entity:unknown""}"
claim:0199,metric:ebitda_adjustment,MEASURES,"{""rel"":""MEASURES"",""source"":""claim:0199"",""target"":""metric:ebitda_adjustment""}"
claim:0199,perimeter:unknown,SCOPED_TO,"{""rel"":""SCOPED_TO"",""source"":""claim:0199"",""target"":""perimeter:unknown""}"
claim:0199,source:src-model,FROM_SOURCE,"{""rel"":""FROM_SOURCE"",""source"":""claim:0199"",""target"":""source:src-model""}"
claim:0200,entity:keystone_standalone,ABOUT,"{""rel"":""ABOUT"",""source"":""claim:0200"",""target"":""entity:keystone_standalone""}"
claim:0200,metric:revenue,MEASURES,"{""rel"":""MEASURES"",""source"":""claim:0200"",""target"":""metric:revenue""}"
claim:0200,period:q2_2026,IN_PERIOD,"{""rel"":""IN_PERIOD"",""source"":""claim:0200"",""target"":""period:q2_2026""}"
claim:0200,perimeter:keystone_standalone,SCOPED_TO,"{""rel"":""SCOPED_TO"",""source"":""claim:0200"",""target"":""perimeter:keystone_standalone""}"
claim:0200,source:src-model,FROM_SOURCE,"{""rel"":""FROM_SOURCE"",""source"":""claim:0200"",""target"":""source:src-model""}"
claim:0200,claim:0212,TRACKS,"{""rel"":""TRACKS"",""source"":""claim:0200"",""target"":""claim:0212""}"
claim:0201,entity:keystone_standalone,ABOUT,"{""rel"":""ABOUT"",""source"":""claim:0201"",""target"":""entity:keystone_standalone""}"
claim:0201,metric:gross_margin,MEASURES,"{""rel"":""MEASURES"",""source"":""claim:0201"",""target"":""metric:gross_margin""}"
claim:0201,period:q2_2026,IN_PERIOD,"{""rel"":""IN_PERIOD"",""source"":""claim:0201"",""target"":""period:q2_2026""}"
claim:0201,perimeter:keystone_standalone,SCOPED_TO,"{""rel"":""SCOPED_TO"",""source"":""claim:0201"",""target"":""perimeter:keystone_standalone""}"
claim:0201,source:src-model,FROM_SOURCE,"{""rel"":""FROM_SOURCE"",""source"":""claim:0201"",""target"":""source:src-model""}"
claim:0201,claim:0213,TRACKS,"{""rel"":""TRACKS"",""source"":""claim:0201"",""target"":""claim:0213""}"
claim:0202,entity:keystone_standalone,ABOUT,"{""rel"":""ABOUT"",""source"":""claim:0202"",""target"":""entity:keystone_standalone""}"
claim:0202,metric:ebitda,MEASURES,"{""rel"":""MEASURES"",""source"":""claim:0202"",""target"":""metric:ebitda""}"
claim:0202,period:q2_2026,IN_PERIOD,"{""rel"":""IN_PERIOD"",""source"":""claim:0202"",""target"":""period:q2_2026""}"
claim:0202,perimeter:keystone_standalone,SCOPED_TO,"{""rel"":""SCOPED_TO"",""source"":""claim:0202"",""target"":""perimeter:keystone_standalone""}"
claim:0202,source:src-model,FROM_SOURCE,"{""rel"":""FROM_SOURCE"",""source"":""claim:0202"",""target"":""source:src-model""}"
claim:0202,claim:0214,TRACKS,"{""rel"":""TRACKS"",""source"":""claim:0202"",""target"":""claim:0214""}"
claim:0203,entity:unknown,ABOUT,"{""rel"":""ABOUT"",""source"":""claim:0203"",""target"":""entity:unknown""}"
claim:0203,metric:working_capital,MEASURES,"{""rel"":""MEASURES"",""source"":""claim:0203"",""target"":""metric:working_capital""}"
claim:0203,perimeter:unknown,SCOPED_TO,"{""rel"":""SCOPED_TO"",""source"":""claim:0203"",""target"":""perimeter:unknown""}"
claim:0203,source:src-model,FROM_SOURCE,"{""rel"":""FROM_SOURCE"",""source"":""claim:0203"",""target"":""source:src-model""}"
claim:0203,area:operations,IN_AREA,"{""rel"":""IN_AREA"",""source"":""claim:0203"",""target"":""area:operations""}"
claim:0203,claim:0004,SUPPORTS,"{""rel"":""SUPPORTS"",""source"":""claim:0203"",""target"":""claim:0004""}"
claim:0203,claim:0006,SUPPORTS,"{""rel"":""SUPPORTS"",""source"":""claim:0203"",""target"":""claim:0006""}"
claim:0204,entity:unknown,ABOUT,"{""rel"":""ABOUT"",""source"":""claim:0204"",""target"":""entity:unknown""}"
claim:0204,metric:ebitda_adjustment,MEASURES,"{""rel"":""MEASURES"",""source"":""claim:0204"",""target"":""metric:ebitda_adjustment""}"
claim:0204,perimeter:unknown,SCOPED_TO,"{""rel"":""SCOPED_TO"",""source"":""claim:0204"",""target"":""perimeter:unknown""}"
claim:0204,source:src-model,FROM_SOURCE,"{""rel"":""FROM_SOURCE"",""source"":""claim:0204"",""target"":""source:src-model""}"
claim:0204,area:earnings,IN_AREA,"{""rel"":""IN_AREA"",""source"":""claim:0204"",""target"":""area:earnings""}"
claim:0204,claim:0080,SUPPORTS,"{""rel"":""SUPPORTS"",""source"":""claim:0204"",""target"":""claim:0080""}"
claim:0204,claim:0081,SUPPORTS,"{""rel"":""SUPPORTS"",""source"":""claim:0204"",""target"":""claim:0081""}"
claim:0204,claim:0100,SUPPORTS,"{""rel"":""SUPPORTS"",""source"":""claim:0204"",""target"":""claim:0100""}"
claim:0205,entity:unknown,ABOUT,"{""rel"":""ABOUT"",""source"":""claim:0205"",""target"":""entity:unknown""}"
claim:0205,metric:net_working_capital,MEASURES,"{""rel"":""MEASURES"",""source"":""claim:0205"",""target"":""metric:net_working_capital""}"
claim:0205,perimeter:unknown,SCOPED_TO,"{""rel"":""SCOPED_TO"",""source"":""claim:0205"",""target"":""perimeter:unknown""}"
claim:0205,source:src-model,FROM_SOURCE,"{""rel"":""FROM_SOURCE"",""source"":""claim:0205"",""target"":""source:src-model""}"
claim:0205,area:operations,IN_AREA,"{""rel"":""IN_AREA"",""source"":""claim:0205"",""target"":""area:operations""}"
claim:0205,claim:0004,SUPPORTS,"{""rel"":""SUPPORTS"",""source"":""claim:0205"",""target"":""claim:0004""}"
claim:0205,claim:0006,SUPPORTS,"{""rel"":""SUPPORTS"",""source"":""claim:0205"",""target"":""claim:0006""}"
claim:0206,entity:unknown,ABOUT,"{""rel"":""ABOUT"",""source"":""claim:0206"",""target"":""entity:unknown""}"
claim:0206,metric:capex,MEASURES,"{""rel"":""MEASURES"",""source"":""claim:0206"",""target"":""metric:capex""}"
claim:0206,perimeter:unknown,SCOPED_TO,"{""rel"":""SCOPED_TO"",""source"":""claim:0206"",""target"":""perimeter:unknown""}"
claim:0206,source:src-model,FROM_SOURCE,"{""rel"":""FROM_SOURCE"",""source"":""claim:0206"",""target"":""source:src-model""}"
claim:0206,area:operations,IN_AREA,"{""rel"":""IN_AREA"",""source"":""claim:0206"",""target"":""area:operations""}"
claim:0206,claim:0004,SUPPORTS,"{""rel"":""SUPPORTS"",""source"":""claim:0206"",""target"":""claim:0004""}"
claim:0206,claim:0006,SUPPORTS,"{""rel"":""SUPPORTS"",""source"":""claim:0206"",""target"":""claim:0006""}"
claim:0207,entity:unknown,ABOUT,"{""rel"":""ABOUT"",""source"":""claim:0207"",""target"":""entity:unknown""}"
claim:0207,metric:covenant_threshold,MEASURES,"{""rel"":""MEASURES"",""source"":""claim:0207"",""target"":""metric:covenant_threshold""}"
claim:0207,period:fy2025,IN_PERIOD,"{""rel"":""IN_PERIOD"",""source"":""claim:0207"",""target"":""period:fy2025""}"
claim:0207,perimeter:unknown,SCOPED_TO,"{""rel"":""SCOPED_TO"",""source"":""claim:0207"",""target"":""perimeter:unknown""}"
claim:0207,source:src-model,FROM_SOURCE,"{""rel"":""FROM_SOURCE"",""source"":""claim:0207"",""target"":""source:src-model""}"
claim:0207,author:management,BY_AUTHOR,"{""rel"":""BY_AUTHOR"",""source"":""claim:0207"",""target"":""author:management""}"
claim:0207,area:structure,IN_AREA,"{""rel"":""IN_AREA"",""source"":""claim:0207"",""target"":""area:structure""}"
claim:0207,claim:0208,TRACKS,"{""rel"":""TRACKS"",""source"":""claim:0207"",""target"":""claim:0208""}"
claim:0207,claim:0209,TRACKS,"{""rel"":""TRACKS"",""source"":""claim:0207"",""target"":""claim:0209""}"
claim:0207,claim:0210,TRACKS,"{""rel"":""TRACKS"",""source"":""claim:0207"",""target"":""claim:0210""}"
claim:0207,claim:0215,TRACKS,"{""rel"":""TRACKS"",""source"":""claim:0207"",""target"":""claim:0215""}"
claim:0207,claim:0216,TRACKS,"{""rel"":""TRACKS"",""source"":""claim:0207"",""target"":""claim:0216""}"
claim:0208,entity:unknown,ABOUT,"{""rel"":""ABOUT"",""source"":""claim:0208"",""target"":""entity:unknown""}"
claim:0208,metric:covenant_threshold,MEASURES,"{""rel"":""MEASURES"",""source"":""claim:0208"",""target"":""metric:covenant_threshold""}"
claim:0208,period:fy2026,IN_PERIOD,"{""rel"":""IN_PERIOD"",""source"":""claim:0208"",""target"":""period:fy2026""}"
claim:0208,perimeter:unknown,SCOPED_TO,"{""rel"":""SCOPED_TO"",""source"":""claim:0208"",""target"":""perimeter:unknown""}"
claim:0208,source:src-model,FROM_SOURCE,"{""rel"":""FROM_SOURCE"",""source"":""claim:0208"",""target"":""source:src-model""}"
claim:0208,author:management,BY_AUTHOR,"{""rel"":""BY_AUTHOR"",""source"":""claim:0208"",""target"":""author:management""}"
claim:0208,area:structure,IN_AREA,"{""rel"":""IN_AREA"",""source"":""claim:0208"",""target"":""area:structure""}"
claim:0208,claim:0209,TRACKS,"{""rel"":""TRACKS"",""source"":""claim:0208"",""target"":""claim:0209""}"
claim:0208,claim:0210,TRACKS,"{""rel"":""TRACKS"",""source"":""claim:0208"",""target"":""claim:0210""}"
claim:0208,claim:0215,TRACKS,"{""rel"":""TRACKS"",""source"":""claim:0208"",""target"":""claim:0215""}"
claim:0208,claim:0216,TRACKS,"{""rel"":""TRACKS"",""source"":""claim:0208"",""target"":""claim:0216""}"
claim:0209,entity:unknown,ABOUT,"{""rel"":""ABOUT"",""source"":""claim:0209"",""target"":""entity:unknown""}"
claim:0209,metric:covenant_threshold,MEASURES,"{""rel"":""MEASURES"",""source"":""claim:0209"",""target"":""metric:covenant_threshold""}"
claim:0209,period:fy2027,IN_PERIOD,"{""rel"":""IN_PERIOD"",""source"":""claim:0209"",""target"":""period:fy2027""}"
claim:0209,perimeter:unknown,SCOPED_TO,"{""rel"":""SCOPED_TO"",""source"":""claim:0209"",""target"":""perimeter:unknown""}"
claim:0209,source:src-model,FROM_SOURCE,"{""rel"":""FROM_SOURCE"",""source"":""claim:0209"",""target"":""source:src-model""}"
claim:0209,author:management,BY_AUTHOR,"{""rel"":""BY_AUTHOR"",""source"":""claim:0209"",""target"":""author:management""}"
claim:0209,area:structure,IN_AREA,"{""rel"":""IN_AREA"",""source"":""claim:0209"",""target"":""area:structure""}"
claim:0209,claim:0210,TRACKS,"{""rel"":""TRACKS"",""source"":""claim:0209"",""target"":""claim:0210""}"
claim:0209,claim:0215,TRACKS,"{""rel"":""TRACKS"",""source"":""claim:0209"",""target"":""claim:0215""}"
claim:0209,claim:0216,TRACKS,"{""rel"":""TRACKS"",""source"":""claim:0209"",""target"":""claim:0216""}"
claim:0210,entity:unknown,ABOUT,"{""rel"":""ABOUT"",""source"":""claim:0210"",""target"":""entity:unknown""}"
claim:0210,metric:covenant_threshold,MEASURES,"{""rel"":""MEASURES"",""source"":""claim:0210"",""target"":""metric:covenant_threshold""}"
claim:0210,period:fy2028,IN_PERIOD,"{""rel"":""IN_PERIOD"",""source"":""claim:0210"",""target"":""period:fy2028""}"
claim:0210,perimeter:unknown,SCOPED_TO,"{""rel"":""SCOPED_TO"",""source"":""claim:0210"",""target"":""perimeter:unknown""}"
claim:0210,source:src-model,FROM_SOURCE,"{""rel"":""FROM_SOURCE"",""source"":""claim:0210"",""target"":""source:src-model""}"
claim:0210,author:management,BY_AUTHOR,"{""rel"":""BY_AUTHOR"",""source"":""claim:0210"",""target"":""author:management""}"
claim:0210,area:structure,IN_AREA,"{""rel"":""IN_AREA"",""source"":""claim:0210"",""target"":""area:structure""}"
claim:0210,claim:0215,TRACKS,"{""rel"":""TRACKS"",""source"":""claim:0210"",""target"":""claim:0215""}"
claim:0210,claim:0216,TRACKS,"{""rel"":""TRACKS"",""source"":""claim:0210"",""target"":""claim:0216""}"
claim:0211,entity:keystone_standalone,ABOUT,"{""rel"":""ABOUT"",""source"":""claim:0211"",""target"":""entity:keystone_standalone""}"
claim:0211,metric:ebitda_adjustment,MEASURES,"{""rel"":""MEASURES"",""source"":""claim:0211"",""target"":""metric:ebitda_adjustment""}"
claim:0211,perimeter:keystone_standalone,SCOPED_TO,"{""rel"":""SCOPED_TO"",""source"":""claim:0211"",""target"":""perimeter:keystone_standalone""}"
claim:0211,source:src-model,FROM_SOURCE,"{""rel"":""FROM_SOURCE"",""source"":""claim:0211"",""target"":""source:src-model""}"
claim:0211,author:management/model,BY_AUTHOR,"{""rel"":""BY_AUTHOR"",""source"":""claim:0211"",""target"":""author:management/model""}"
claim:0212,entity:keystone_standalone,ABOUT,"{""rel"":""ABOUT"",""source"":""claim:0212"",""target"":""entity:keystone_standalone""}"
claim:0212,metric:revenue,MEASURES,"{""rel"":""MEASURES"",""source"":""claim:0212"",""target"":""metric:revenue""}"
claim:0212,period:fy2025a,IN_PERIOD,"{""rel"":""IN_PERIOD"",""source"":""claim:0212"",""target"":""period:fy2025a""}"
claim:0212,perimeter:keystone_standalone,SCOPED_TO,"{""rel"":""SCOPED_TO"",""source"":""claim:0212"",""target"":""perimeter:keystone_standalone""}"
claim:0212,source:src-model,FROM_SOURCE,"{""rel"":""FROM_SOURCE"",""source"":""claim:0212"",""target"":""source:src-model""}"
claim:0212,author:management/model,BY_AUTHOR,"{""rel"":""BY_AUTHOR"",""source"":""claim:0212"",""target"":""author:management/model""}"
claim:0213,entity:keystone_standalone,ABOUT,"{""rel"":""ABOUT"",""source"":""claim:0213"",""target"":""entity:keystone_standalone""}"
claim:0213,metric:gross_margin,MEASURES,"{""rel"":""MEASURES"",""source"":""claim:0213"",""target"":""metric:gross_margin""}"
claim:0213,period:fy2025a,IN_PERIOD,"{""rel"":""IN_PERIOD"",""source"":""claim:0213"",""target"":""period:fy2025a""}"
claim:0213,perimeter:keystone_standalone,SCOPED_TO,"{""rel"":""SCOPED_TO"",""source"":""claim:0213"",""target"":""perimeter:keystone_standalone""}"
claim:0213,source:src-model,FROM_SOURCE,"{""rel"":""FROM_SOURCE"",""source"":""claim:0213"",""target"":""source:src-model""}"
claim:0213,author:management/model,BY_AUTHOR,"{""rel"":""BY_AUTHOR"",""source"":""claim:0213"",""target"":""author:management/model""}"
claim:0214,entity:keystone_standalone,ABOUT,"{""rel"":""ABOUT"",""source"":""claim:0214"",""target"":""entity:keystone_standalone""}"
claim:0214,metric:ebitda,MEASURES,"{""rel"":""MEASURES"",""source"":""claim:0214"",""target"":""metric:ebitda""}"
claim:0214,period:fy2025a,IN_PERIOD,"{""rel"":""IN_PERIOD"",""source"":""claim:0214"",""target"":""period:fy2025a""}"
claim:0214,perimeter:keystone_standalone,SCOPED_TO,"{""rel"":""SCOPED_TO"",""source"":""claim:0214"",""target"":""perimeter:keystone_standalone""}"
claim:0214,source:src-model,FROM_SOURCE,"{""rel"":""FROM_SOURCE"",""source"":""claim:0214"",""target"":""source:src-model""}"
claim:0214,claim:0101,CHALLENGES,"{""rel"":""CHALLENGES"",""source"":""claim:0214"",""target"":""claim:0101""}"
claim:0214,claim:0102,CHALLENGES,"{""rel"":""CHALLENGES"",""source"":""claim:0214"",""target"":""claim:0102""}"
claim:0214,claim:0124,CHALLENGES,"{""rel"":""CHALLENGES"",""source"":""claim:0214"",""target"":""claim:0124""}"
claim:0214,claim:0195,CHALLENGES,"{""rel"":""CHALLENGES"",""source"":""claim:0214"",""target"":""claim:0195""}"
claim:0214,claim:0211,CHALLENGES,"{""rel"":""CHALLENGES"",""source"":""claim:0214"",""target"":""claim:0211""}"
claim:0214,claim:0007,DERIVES_FROM,"{""rel"":""DERIVES_FROM"",""source"":""claim:0214"",""target"":""claim:0007""}"
claim:0214,claim:0013,DERIVES_FROM,"{""rel"":""DERIVES_FROM"",""source"":""claim:0214"",""target"":""claim:0013""}"
claim:0214,claim:0014,DERIVES_FROM,"{""rel"":""DERIVES_FROM"",""source"":""claim:0214"",""target"":""claim:0014""}"
claim:0214,claim:0015,DERIVES_FROM,"{""rel"":""DERIVES_FROM"",""source"":""claim:0214"",""target"":""claim:0015""}"
claim:0214,claim:0016,DERIVES_FROM,"{""rel"":""DERIVES_FROM"",""source"":""claim:0214"",""target"":""claim:0016""}"
claim:0214,claim:0017,DERIVES_FROM,"{""rel"":""DERIVES_FROM"",""source"":""claim:0214"",""target"":""claim:0017""}"
claim:0214,claim:0018,DERIVES_FROM,"{""rel"":""DERIVES_FROM"",""source"":""claim:0214"",""target"":""claim:0018""}"
claim:0214,claim:0020,DERIVES_FROM,"{""rel"":""DERIVES_FROM"",""source"":""claim:0214"",""target"":""claim:0020""}"
claim:0214,claim:0035,DERIVES_FROM,"{""rel"":""DERIVES_FROM"",""source"":""claim:0214"",""target"":""claim:0035""}"
claim:0214,claim:0036,DERIVES_FROM,"{""rel"":""DERIVES_FROM"",""source"":""claim:0214"",""target"":""claim:0036""}"
claim:0214,claim:0037,DERIVES_FROM,"{""rel"":""DERIVES_FROM"",""source"":""claim:0214"",""target"":""claim:0037""}"
claim:0214,claim:0038,DERIVES_FROM,"{""rel"":""DERIVES_FROM"",""source"":""claim:0214"",""target"":""claim:0038""}"
claim:0214,claim:0069,DERIVES_FROM,"{""rel"":""DERIVES_FROM"",""source"":""claim:0214"",""target"":""claim:0069""}"
claim:0214,claim:0070,DERIVES_FROM,"{""rel"":""DERIVES_FROM"",""source"":""claim:0214"",""target"":""claim:0070""}"
claim:0214,claim:0071,DERIVES_FROM,"{""rel"":""DERIVES_FROM"",""source"":""claim:0214"",""target"":""claim:0071""}"
claim:0214,claim:0072,DERIVES_FROM,"{""rel"":""DERIVES_FROM"",""source"":""claim:0214"",""target"":""claim:0072""}"
claim:0214,claim:0085,DERIVES_FROM,"{""rel"":""DERIVES_FROM"",""source"":""claim:0214"",""target"":""claim:0085""}"
claim:0214,claim:0086,DERIVES_FROM,"{""rel"":""DERIVES_FROM"",""source"":""claim:0214"",""target"":""claim:0086""}"
claim:0214,claim:0087,DERIVES_FROM,"{""rel"":""DERIVES_FROM"",""source"":""claim:0214"",""target"":""claim:0087""}"
claim:0214,claim:0093,DERIVES_FROM,"{""rel"":""DERIVES_FROM"",""source"":""claim:0214"",""target"":""claim:0093""}"
claim:0214,claim:0096,DERIVES_FROM,"{""rel"":""DERIVES_FROM"",""source"":""claim:0214"",""target"":""claim:0096""}"
claim:0214,claim:0103,DERIVES_FROM,"{""rel"":""DERIVES_FROM"",""source"":""claim:0214"",""target"":""claim:0103""}"
claim:0214,claim:0105,DERIVES_FROM,"{""rel"":""DERIVES_FROM"",""source"":""claim:0214"",""target"":""claim:0105""}"
claim:0214,claim:0112,DERIVES_FROM,"{""rel"":""DERIVES_FROM"",""source"":""claim:0214"",""target"":""claim:0112""}"
claim:0214,claim:0113,DERIVES_FROM,"{""rel"":""DERIVES_FROM"",""source"":""claim:0214"",""target"":""claim:0113""}"
claim:0214,claim:0129,DERIVES_FROM,"{""rel"":""DERIVES_FROM"",""source"":""claim:0214"",""target"":""claim:0129""}"
claim:0214,claim:0136,DERIVES_FROM,"{""rel"":""DERIVES_FROM"",""source"":""claim:0214"",""target"":""claim:0136""}"
claim:0214,claim:0137,DERIVES_FROM,"{""rel"":""DERIVES_FROM"",""source"":""claim:0214"",""target"":""claim:0137""}"
claim:0214,claim:0138,DERIVES_FROM,"{""rel"":""DERIVES_FROM"",""source"":""claim:0214"",""target"":""claim:0138""}"
claim:0214,claim:0139,DERIVES_FROM,"{""rel"":""DERIVES_FROM"",""source"":""claim:0214"",""target"":""claim:0139""}"
claim:0214,claim:0140,DERIVES_FROM,"{""rel"":""DERIVES_FROM"",""source"":""claim:0214"",""target"":""claim:0140""}"
claim:0214,claim:0141,DERIVES_FROM,"{""rel"":""DERIVES_FROM"",""source"":""claim:0214"",""target"":""claim:0141""}"
claim:0214,claim:0143,DERIVES_FROM,"{""rel"":""DERIVES_FROM"",""source"":""claim:0214"",""target"":""claim:0143""}"
claim:0214,claim:0144,DERIVES_FROM,"{""rel"":""DERIVES_FROM"",""source"":""claim:0214"",""target"":""claim:0144""}"
claim:0214,claim:0164,DERIVES_FROM,"{""rel"":""DERIVES_FROM"",""source"":""claim:0214"",""target"":""claim:0164""}"
claim:0214,claim:0166,DERIVES_FROM,"{""rel"":""DERIVES_FROM"",""source"":""claim:0214"",""target"":""claim:0166""}"
claim:0214,claim:0167,DERIVES_FROM,"{""rel"":""DERIVES_FROM"",""source"":""claim:0214"",""target"":""claim:0167""}"
claim:0214,claim:0187,DERIVES_FROM,"{""rel"":""DERIVES_FROM"",""source"":""claim:0214"",""target"":""claim:0187""}"
claim:0214,claim:0188,DERIVES_FROM,"{""rel"":""DERIVES_FROM"",""source"":""claim:0214"",""target"":""claim:0188""}"
claim:0214,claim:0193,DERIVES_FROM,"{""rel"":""DERIVES_FROM"",""source"":""claim:0214"",""target"":""claim:0193""}"
claim:0214,claim:0194,DERIVES_FROM,"{""rel"":""DERIVES_FROM"",""source"":""claim:0214"",""target"":""claim:0194""}"
claim:0214,claim:0200,DERIVES_FROM,"{""rel"":""DERIVES_FROM"",""source"":""claim:0214"",""target"":""claim:0200""}"
claim:0214,claim:0201,DERIVES_FROM,"{""rel"":""DERIVES_FROM"",""source"":""claim:0214"",""target"":""claim:0201""}"
claim:0214,claim:0202,DERIVES_FROM,"{""rel"":""DERIVES_FROM"",""source"":""claim:0214"",""target"":""claim:0202""}"
claim:0214,claim:0212,DERIVES_FROM,"{""rel"":""DERIVES_FROM"",""source"":""claim:0214"",""target"":""claim:0212""}"
claim:0214,claim:0213,DERIVES_FROM,"{""rel"":""DERIVES_FROM"",""source"":""claim:0214"",""target"":""claim:0213""}"
claim:0214,claim:0219,DERIVES_FROM,"{""rel"":""DERIVES_FROM"",""source"":""claim:0214"",""target"":""claim:0219""}"
claim:0214,claim:0220,DERIVES_FROM,"{""rel"":""DERIVES_FROM"",""source"":""claim:0214"",""target"":""claim:0220""}"
claim:0214,claim:0221,DERIVES_FROM,"{""rel"":""DERIVES_FROM"",""source"":""claim:0214"",""target"":""claim:0221""}"
claim:0214,claim:0225,DERIVES_FROM,"{""rel"":""DERIVES_FROM"",""source"":""claim:0214"",""target"":""claim:0225""}"
claim:0214,claim:0226,DERIVES_FROM,"{""rel"":""DERIVES_FROM"",""source"":""claim:0214"",""target"":""claim:0226""}"
claim:0214,claim:0227,DERIVES_FROM,"{""rel"":""DERIVES_FROM"",""source"":""claim:0214"",""target"":""claim:0227""}"
claim:0215,entity:unknown,ABOUT,"{""rel"":""ABOUT"",""source"":""claim:0215"",""target"":""entity:unknown""}"
claim:0215,metric:covenant_threshold,MEASURES,"{""rel"":""MEASURES"",""source"":""claim:0215"",""target"":""metric:covenant_threshold""}"
claim:0215,period:fy2026e,IN_PERIOD,"{""rel"":""IN_PERIOD"",""source"":""claim:0215"",""target"":""period:fy2026e""}"
claim:0215,perimeter:unknown,SCOPED_TO,"{""rel"":""SCOPED_TO"",""source"":""claim:0215"",""target"":""perimeter:unknown""}"
claim:0215,source:src-model,FROM_SOURCE,"{""rel"":""FROM_SOURCE"",""source"":""claim:0215"",""target"":""source:src-model""}"
claim:0215,area:structure,IN_AREA,"{""rel"":""IN_AREA"",""source"":""claim:0215"",""target"":""area:structure""}"
claim:0215,claim:0216,TRACKS,"{""rel"":""TRACKS"",""source"":""claim:0215"",""target"":""claim:0216""}"
claim:0216,entity:unknown,ABOUT,"{""rel"":""ABOUT"",""source"":""claim:0216"",""target"":""entity:unknown""}"
claim:0216,metric:covenant_threshold,MEASURES,"{""rel"":""MEASURES"",""source"":""claim:0216"",""target"":""metric:covenant_threshold""}"
claim:0216,period:fy2027e,IN_PERIOD,"{""rel"":""IN_PERIOD"",""source"":""claim:0216"",""target"":""period:fy2027e""}"
claim:0216,perimeter:unknown,SCOPED_TO,"{""rel"":""SCOPED_TO"",""source"":""claim:0216"",""target"":""perimeter:unknown""}"
claim:0216,source:src-model,FROM_SOURCE,"{""rel"":""FROM_SOURCE"",""source"":""claim:0216"",""target"":""source:src-model""}"
claim:0216,area:structure,IN_AREA,"{""rel"":""IN_AREA"",""source"":""claim:0216"",""target"":""area:structure""}"
claim:0217,entity:unknown,ABOUT,"{""rel"":""ABOUT"",""source"":""claim:0217"",""target"":""entity:unknown""}"
claim:0217,metric:dso,MEASURES,"{""rel"":""MEASURES"",""source"":""claim:0217"",""target"":""metric:dso""}"
claim:0217,perimeter:unknown,SCOPED_TO,"{""rel"":""SCOPED_TO"",""source"":""claim:0217"",""target"":""perimeter:unknown""}"
claim:0217,source:src-model,FROM_SOURCE,"{""rel"":""FROM_SOURCE"",""source"":""claim:0217"",""target"":""source:src-model""}"
claim:0218,entity:unknown,ABOUT,"{""rel"":""ABOUT"",""source"":""claim:0218"",""target"":""entity:unknown""}"
claim:0218,metric:ebitda_add-back,MEASURES,"{""rel"":""MEASURES"",""source"":""claim:0218"",""target"":""metric:ebitda_add-back""}"
claim:0218,perimeter:unknown,SCOPED_TO,"{""rel"":""SCOPED_TO"",""source"":""claim:0218"",""target"":""perimeter:unknown""}"
claim:0218,source:src-model,FROM_SOURCE,"{""rel"":""FROM_SOURCE"",""source"":""claim:0218"",""target"":""source:src-model""}"
claim:0218,author:management,BY_AUTHOR,"{""rel"":""BY_AUTHOR"",""source"":""claim:0218"",""target"":""author:management""}"
claim:0219,entity:alderstone_standalone,ABOUT,"{""rel"":""ABOUT"",""source"":""claim:0219"",""target"":""entity:alderstone_standalone""}"
claim:0219,metric:revenue,MEASURES,"{""rel"":""MEASURES"",""source"":""claim:0219"",""target"":""metric:revenue""}"
claim:0219,period:fy2026e,IN_PERIOD,"{""rel"":""IN_PERIOD"",""source"":""claim:0219"",""target"":""period:fy2026e""}"
claim:0219,perimeter:alderstone_standalone,SCOPED_TO,"{""rel"":""SCOPED_TO"",""source"":""claim:0219"",""target"":""perimeter:alderstone_standalone""}"
claim:0219,source:src-model,FROM_SOURCE,"{""rel"":""FROM_SOURCE"",""source"":""claim:0219"",""target"":""source:src-model""}"
claim:0219,author:management,BY_AUTHOR,"{""rel"":""BY_AUTHOR"",""source"":""claim:0219"",""target"":""author:management""}"
claim:0220,entity:alderstone_standalone,ABOUT,"{""rel"":""ABOUT"",""source"":""claim:0220"",""target"":""entity:alderstone_standalone""}"
claim:0220,metric:gross_margin,MEASURES,"{""rel"":""MEASURES"",""source"":""claim:0220"",""target"":""metric:gross_margin""}"
claim:0220,period:fy2026e,IN_PERIOD,"{""rel"":""IN_PERIOD"",""source"":""claim:0220"",""target"":""period:fy2026e""}"
claim:0220,perimeter:alderstone_standalone,SCOPED_TO,"{""rel"":""SCOPED_TO"",""source"":""claim:0220"",""target"":""perimeter:alderstone_standalone""}"
claim:0220,source:src-model,FROM_SOURCE,"{""rel"":""FROM_SOURCE"",""source"":""claim:0220"",""target"":""source:src-model""}"
claim:0220,author:management,BY_AUTHOR,"{""rel"":""BY_AUTHOR"",""source"":""claim:0220"",""target"":""author:management""}"
claim:0221,entity:alderstone_standalone,ABOUT,"{""rel"":""ABOUT"",""source"":""claim:0221"",""target"":""entity:alderstone_standalone""}"
claim:0221,metric:ebitda,MEASURES,"{""rel"":""MEASURES"",""source"":""claim:0221"",""target"":""metric:ebitda""}"
claim:0221,period:fy2026e,IN_PERIOD,"{""rel"":""IN_PERIOD"",""source"":""claim:0221"",""target"":""period:fy2026e""}"
claim:0221,perimeter:alderstone_standalone,SCOPED_TO,"{""rel"":""SCOPED_TO"",""source"":""claim:0221"",""target"":""perimeter:alderstone_standalone""}"
claim:0221,source:src-model,FROM_SOURCE,"{""rel"":""FROM_SOURCE"",""source"":""claim:0221"",""target"":""source:src-model""}"
claim:0221,author:management,BY_AUTHOR,"{""rel"":""BY_AUTHOR"",""source"":""claim:0221"",""target"":""author:management""}"
claim:0221,claim:0227,TRACKS,"{""rel"":""TRACKS"",""source"":""claim:0221"",""target"":""claim:0227""}"
claim:0221,claim:0228,TRACKS,"{""rel"":""TRACKS"",""source"":""claim:0221"",""target"":""claim:0228""}"
claim:0221,claim:0007,DERIVES_FROM,"{""rel"":""DERIVES_FROM"",""source"":""claim:0221"",""target"":""claim:0007""}"
claim:0221,claim:0013,DERIVES_FROM,"{""rel"":""DERIVES_FROM"",""source"":""claim:0221"",""target"":""claim:0013""}"
claim:0221,claim:0014,DERIVES_FROM,"{""rel"":""DERIVES_FROM"",""source"":""claim:0221"",""target"":""claim:0014""}"
claim:0221,claim:0015,DERIVES_FROM,"{""rel"":""DERIVES_FROM"",""source"":""claim:0221"",""target"":""claim:0015""}"
claim:0221,claim:0016,DERIVES_FROM,"{""rel"":""DERIVES_FROM"",""source"":""claim:0221"",""target"":""claim:0016""}"
claim:0221,claim:0017,DERIVES_FROM,"{""rel"":""DERIVES_FROM"",""source"":""claim:0221"",""target"":""claim:0017""}"
claim:0221,claim:0018,DERIVES_FROM,"{""rel"":""DERIVES_FROM"",""source"":""claim:0221"",""target"":""claim:0018""}"
claim:0221,claim:0020,DERIVES_FROM,"{""rel"":""DERIVES_FROM"",""source"":""claim:0221"",""target"":""claim:0020""}"
claim:0221,claim:0035,DERIVES_FROM,"{""rel"":""DERIVES_FROM"",""source"":""claim:0221"",""target"":""claim:0035""}"
claim:0221,claim:0036,DERIVES_FROM,"{""rel"":""DERIVES_FROM"",""source"":""claim:0221"",""target"":""claim:0036""}"
claim:0221,claim:0037,DERIVES_FROM,"{""rel"":""DERIVES_FROM"",""source"":""claim:0221"",""target"":""claim:0037""}"
claim:0221,claim:0038,DERIVES_FROM,"{""rel"":""DERIVES_FROM"",""source"":""claim:0221"",""target"":""claim:0038""}"
claim:0221,claim:0069,DERIVES_FROM,"{""rel"":""DERIVES_FROM"",""source"":""claim:0221"",""target"":""claim:0069""}"
claim:0221,claim:0070,DERIVES_FROM,"{""rel"":""DERIVES_FROM"",""source"":""claim:0221"",""target"":""claim:0070""}"
claim:0221,claim:0071,DERIVES_FROM,"{""rel"":""DERIVES_FROM"",""source"":""claim:0221"",""target"":""claim:0071""}"
claim:0221,claim:0072,DERIVES_FROM,"{""rel"":""DERIVES_FROM"",""source"":""claim:0221"",""target"":""claim:0072""}"
claim:0221,claim:0085,DERIVES_FROM,"{""rel"":""DERIVES_FROM"",""source"":""claim:0221"",""target"":""claim:0085""}"
claim:0221,claim:0086,DERIVES_FROM,"{""rel"":""DERIVES_FROM"",""source"":""claim:0221"",""target"":""claim:0086""}"
claim:0221,claim:0087,DERIVES_FROM,"{""rel"":""DERIVES_FROM"",""source"":""claim:0221"",""target"":""claim:0087""}"
claim:0221,claim:0093,DERIVES_FROM,"{""rel"":""DERIVES_FROM"",""source"":""claim:0221"",""target"":""claim:0093""}"
claim:0221,claim:0096,DERIVES_FROM,"{""rel"":""DERIVES_FROM"",""source"":""claim:0221"",""target"":""claim:0096""}"
claim:0221,claim:0103,DERIVES_FROM,"{""rel"":""DERIVES_FROM"",""source"":""claim:0221"",""target"":""claim:0103""}"
claim:0221,claim:0105,DERIVES_FROM,"{""rel"":""DERIVES_FROM"",""source"":""claim:0221"",""target"":""claim:0105""}"
claim:0221,claim:0112,DERIVES_FROM,"{""rel"":""DERIVES_FROM"",""source"":""claim:0221"",""target"":""claim:0112""}"
claim:0221,claim:0113,DERIVES_FROM,"{""rel"":""DERIVES_FROM"",""source"":""claim:0221"",""target"":""claim:0113""}"
claim:0221,claim:0129,DERIVES_FROM,"{""rel"":""DERIVES_FROM"",""source"":""claim:0221"",""target"":""claim:0129""}"
claim:0221,claim:0136,DERIVES_FROM,"{""rel"":""DERIVES_FROM"",""source"":""claim:0221"",""target"":""claim:0136""}"
claim:0221,claim:0137,DERIVES_FROM,"{""rel"":""DERIVES_FROM"",""source"":""claim:0221"",""target"":""claim:0137""}"
claim:0221,claim:0138,DERIVES_FROM,"{""rel"":""DERIVES_FROM"",""source"":""claim:0221"",""target"":""claim:0138""}"
claim:0221,claim:0139,DERIVES_FROM,"{""rel"":""DERIVES_FROM"",""source"":""claim:0221"",""target"":""claim:0139""}"
claim:0221,claim:0140,DERIVES_FROM,"{""rel"":""DERIVES_FROM"",""source"":""claim:0221"",""target"":""claim:0140""}"
claim:0221,claim:0141,DERIVES_FROM,"{""rel"":""DERIVES_FROM"",""source"":""claim:0221"",""target"":""claim:0141""}"
claim:0221,claim:0143,DERIVES_FROM,"{""rel"":""DERIVES_FROM"",""source"":""claim:0221"",""target"":""claim:0143""}"
claim:0221,claim:0144,DERIVES_FROM,"{""rel"":""DERIVES_FROM"",""source"":""claim:0221"",""target"":""claim:0144""}"
claim:0221,claim:0164,DERIVES_FROM,"{""rel"":""DERIVES_FROM"",""source"":""claim:0221"",""target"":""claim:0164""}"
claim:0221,claim:0166,DERIVES_FROM,"{""rel"":""DERIVES_FROM"",""source"":""claim:0221"",""target"":""claim:0166""}"
claim:0221,claim:0167,DERIVES_FROM,"{""rel"":""DERIVES_FROM"",""source"":""claim:0221"",""target"":""claim:0167""}"
claim:0221,claim:0187,DERIVES_FROM,"{""rel"":""DERIVES_FROM"",""source"":""claim:0221"",""target"":""claim:0187""}"
claim:0221,claim:0188,DERIVES_FROM,"{""rel"":""DERIVES_FROM"",""source"":""claim:0221"",""target"":""claim:0188""}"
claim:0221,claim:0193,DERIVES_FROM,"{""rel"":""DERIVES_FROM"",""source"":""claim:0221"",""target"":""claim:0193""}"
claim:0221,claim:0194,DERIVES_FROM,"{""rel"":""DERIVES_FROM"",""source"":""claim:0221"",""target"":""claim:0194""}"
claim:0221,claim:0195,DERIVES_FROM,"{""rel"":""DERIVES_FROM"",""source"":""claim:0221"",""target"":""claim:0195""}"
claim:0221,claim:0200,DERIVES_FROM,"{""rel"":""DERIVES_FROM"",""source"":""claim:0221"",""target"":""claim:0200""}"
claim:0221,claim:0201,DERIVES_FROM,"{""rel"":""DERIVES_FROM"",""source"":""claim:0221"",""target"":""claim:0201""}"
claim:0221,claim:0202,DERIVES_FROM,"{""rel"":""DERIVES_FROM"",""source"":""claim:0221"",""target"":""claim:0202""}"
claim:0221,claim:0212,DERIVES_FROM,"{""rel"":""DERIVES_FROM"",""source"":""claim:0221"",""target"":""claim:0212""}"
claim:0221,claim:0213,DERIVES_FROM,"{""rel"":""DERIVES_FROM"",""source"":""claim:0221"",""target"":""claim:0213""}"
claim:0221,claim:0214,DERIVES_FROM,"{""rel"":""DERIVES_FROM"",""source"":""claim:0221"",""target"":""claim:0214""}"
claim:0221,claim:0219,DERIVES_FROM,"{""rel"":""DERIVES_FROM"",""source"":""claim:0221"",""target"":""claim:0219""}"
claim:0221,claim:0220,DERIVES_FROM,"{""rel"":""DERIVES_FROM"",""source"":""claim:0221"",""target"":""claim:0220""}"
claim:0221,claim:0225,DERIVES_FROM,"{""rel"":""DERIVES_FROM"",""source"":""claim:0221"",""target"":""claim:0225""}"
claim:0221,claim:0226,DERIVES_FROM,"{""rel"":""DERIVES_FROM"",""source"":""claim:0221"",""target"":""claim:0226""}"
claim:0222,entity:unknown,ABOUT,"{""rel"":""ABOUT"",""source"":""claim:0222"",""target"":""entity:unknown""}"
claim:0222,metric:dso,MEASURES,"{""rel"":""MEASURES"",""source"":""claim:0222"",""target"":""metric:dso""}"
claim:0222,perimeter:unknown,SCOPED_TO,"{""rel"":""SCOPED_TO"",""source"":""claim:0222"",""target"":""perimeter:unknown""}"
claim:0222,source:src-model,FROM_SOURCE,"{""rel"":""FROM_SOURCE"",""source"":""claim:0222"",""target"":""source:src-model""}"
claim:0222,area:operations,IN_AREA,"{""rel"":""IN_AREA"",""source"":""claim:0222"",""target"":""area:operations""}"
claim:0222,claim:0013,DERIVES_FROM,"{""rel"":""DERIVES_FROM"",""source"":""claim:0222"",""target"":""claim:0013""}"
claim:0222,claim:0016,DERIVES_FROM,"{""rel"":""DERIVES_FROM"",""source"":""claim:0222"",""target"":""claim:0016""}"
claim:0222,claim:0017,DERIVES_FROM,"{""rel"":""DERIVES_FROM"",""source"":""claim:0222"",""target"":""claim:0017""}"
claim:0222,claim:0018,DERIVES_FROM,"{""rel"":""DERIVES_FROM"",""source"":""claim:0222"",""target"":""claim:0018""}"
claim:0222,claim:0020,DERIVES_FROM,"{""rel"":""DERIVES_FROM"",""source"":""claim:0222"",""target"":""claim:0020""}"
claim:0222,claim:0035,DERIVES_FROM,"{""rel"":""DERIVES_FROM"",""source"":""claim:0222"",""target"":""claim:0035""}"
claim:0222,claim:0036,DERIVES_FROM,"{""rel"":""DERIVES_FROM"",""source"":""claim:0222"",""target"":""claim:0036""}"
claim:0222,claim:0037,DERIVES_FROM,"{""rel"":""DERIVES_FROM"",""source"":""claim:0222"",""target"":""claim:0037""}"
claim:0222,claim:0038,DERIVES_FROM,"{""rel"":""DERIVES_FROM"",""source"":""claim:0222"",""target"":""claim:0038""}"
claim:0222,claim:0069,DERIVES_FROM,"{""rel"":""DERIVES_FROM"",""source"":""claim:0222"",""target"":""claim:0069""}"
claim:0222,claim:0070,DERIVES_FROM,"{""rel"":""DERIVES_FROM"",""source"":""claim:0222"",""target"":""claim:0070""}"
claim:0222,claim:0071,DERIVES_FROM,"{""rel"":""DERIVES_FROM"",""source"":""claim:0222"",""target"":""claim:0071""}"
claim:0222,claim:0072,DERIVES_FROM,"{""rel"":""DERIVES_FROM"",""source"":""claim:0222"",""target"":""claim:0072""}"
claim:0222,claim:0085,DERIVES_FROM,"{""rel"":""DERIVES_FROM"",""source"":""claim:0222"",""target"":""claim:0085""}"
claim:0222,claim:0112,DERIVES_FROM,"{""rel"":""DERIVES_FROM"",""source"":""claim:0222"",""target"":""claim:0112""}"
claim:0222,claim:0136,DERIVES_FROM,"{""rel"":""DERIVES_FROM"",""source"":""claim:0222"",""target"":""claim:0136""}"
claim:0222,claim:0137,DERIVES_FROM,"{""rel"":""DERIVES_FROM"",""source"":""claim:0222"",""target"":""claim:0137""}"
claim:0222,claim:0138,DERIVES_FROM,"{""rel"":""DERIVES_FROM"",""source"":""claim:0222"",""target"":""claim:0138""}"
claim:0222,claim:0143,DERIVES_FROM,"{""rel"":""DERIVES_FROM"",""source"":""claim:0222"",""target"":""claim:0143""}"
claim:0222,claim:0144,DERIVES_FROM,"{""rel"":""DERIVES_FROM"",""source"":""claim:0222"",""target"":""claim:0144""}"
claim:0222,claim:0164,DERIVES_FROM,"{""rel"":""DERIVES_FROM"",""source"":""claim:0222"",""target"":""claim:0164""}"
claim:0222,claim:0166,DERIVES_FROM,"{""rel"":""DERIVES_FROM"",""source"":""claim:0222"",""target"":""claim:0166""}"
claim:0222,claim:0167,DERIVES_FROM,"{""rel"":""DERIVES_FROM"",""source"":""claim:0222"",""target"":""claim:0167""}"
claim:0222,claim:0193,DERIVES_FROM,"{""rel"":""DERIVES_FROM"",""source"":""claim:0222"",""target"":""claim:0193""}"
claim:0222,claim:0194,DERIVES_FROM,"{""rel"":""DERIVES_FROM"",""source"":""claim:0222"",""target"":""claim:0194""}"
claim:0222,claim:0200,DERIVES_FROM,"{""rel"":""DERIVES_FROM"",""source"":""claim:0222"",""target"":""claim:0200""}"
claim:0222,claim:0212,DERIVES_FROM,"{""rel"":""DERIVES_FROM"",""source"":""claim:0222"",""target"":""claim:0212""}"
claim:0222,claim:0219,DERIVES_FROM,"{""rel"":""DERIVES_FROM"",""source"":""claim:0222"",""target"":""claim:0219""}"
claim:0222,claim:0225,DERIVES_FROM,"{""rel"":""DERIVES_FROM"",""source"":""claim:0222"",""target"":""claim:0225""}"
claim:0222,claim:0004,SUPPORTS,"{""rel"":""SUPPORTS"",""source"":""claim:0222"",""target"":""claim:0004""}"
claim:0222,claim:0006,SUPPORTS,"{""rel"":""SUPPORTS"",""source"":""claim:0222"",""target"":""claim:0006""}"
claim:0223,entity:unknown,ABOUT,"{""rel"":""ABOUT"",""source"":""claim:0223"",""target"":""entity:unknown""}"
claim:0223,metric:dpo,MEASURES,"{""rel"":""MEASURES"",""source"":""claim:0223"",""target"":""metric:dpo""}"
claim:0223,perimeter:unknown,SCOPED_TO,"{""rel"":""SCOPED_TO"",""source"":""claim:0223"",""target"":""perimeter:unknown""}"
claim:0223,source:src-model,FROM_SOURCE,"{""rel"":""FROM_SOURCE"",""source"":""claim:0223"",""target"":""source:src-model""}"
claim:0223,area:operations,IN_AREA,"{""rel"":""IN_AREA"",""source"":""claim:0223"",""target"":""area:operations""}"
claim:0223,claim:0013,DERIVES_FROM,"{""rel"":""DERIVES_FROM"",""source"":""claim:0223"",""target"":""claim:0013""}"
claim:0223,claim:0016,DERIVES_FROM,"{""rel"":""DERIVES_FROM"",""source"":""claim:0223"",""target"":""claim:0016""}"
claim:0223,claim:0017,DERIVES_FROM,"{""rel"":""DERIVES_FROM"",""source"":""claim:0223"",""target"":""claim:0017""}"
claim:0223,claim:0018,DERIVES_FROM,"{""rel"":""DERIVES_FROM"",""source"":""claim:0223"",""target"":""claim:0018""}"
claim:0223,claim:0020,DERIVES_FROM,"{""rel"":""DERIVES_FROM"",""source"":""claim:0223"",""target"":""claim:0020""}"
claim:0223,claim:0035,DERIVES_FROM,"{""rel"":""DERIVES_FROM"",""source"":""claim:0223"",""target"":""claim:0035""}"
claim:0223,claim:0036,DERIVES_FROM,"{""rel"":""DERIVES_FROM"",""source"":""claim:0223"",""target"":""claim:0036""}"
claim:0223,claim:0037,DERIVES_FROM,"{""rel"":""DERIVES_FROM"",""source"":""claim:0223"",""target"":""claim:0037""}"
claim:0223,claim:0038,DERIVES_FROM,"{""rel"":""DERIVES_FROM"",""source"":""claim:0223"",""target"":""claim:0038""}"
claim:0223,claim:0069,DERIVES_FROM,"{""rel"":""DERIVES_FROM"",""source"":""claim:0223"",""target"":""claim:0069""}"
claim:0223,claim:0070,DERIVES_FROM,"{""rel"":""DERIVES_FROM"",""source"":""claim:0223"",""target"":""claim:0070""}"
claim:0223,claim:0071,DERIVES_FROM,"{""rel"":""DERIVES_FROM"",""source"":""claim:0223"",""target"":""claim:0071""}"
claim:0223,claim:0072,DERIVES_FROM,"{""rel"":""DERIVES_FROM"",""source"":""claim:0223"",""target"":""claim:0072""}"
claim:0223,claim:0085,DERIVES_FROM,"{""rel"":""DERIVES_FROM"",""source"":""claim:0223"",""target"":""claim:0085""}"
claim:0223,claim:0112,DERIVES_FROM,"{""rel"":""DERIVES_FROM"",""source"":""claim:0223"",""target"":""claim:0112""}"
claim:0223,claim:0136,DERIVES_FROM,"{""rel"":""DERIVES_FROM"",""source"":""claim:0223"",""target"":""claim:0136""}"
claim:0223,claim:0137,DERIVES_FROM,"{""rel"":""DERIVES_FROM"",""source"":""claim:0223"",""target"":""claim:0137""}"
claim:0223,claim:0138,DERIVES_FROM,"{""rel"":""DERIVES_FROM"",""source"":""claim:0223"",""target"":""claim:0138""}"
claim:0223,claim:0143,DERIVES_FROM,"{""rel"":""DERIVES_FROM"",""source"":""claim:0223"",""target"":""claim:0143""}"
claim:0223,claim:0144,DERIVES_FROM,"{""rel"":""DERIVES_FROM"",""source"":""claim:0223"",""target"":""claim:0144""}"
claim:0223,claim:0164,DERIVES_FROM,"{""rel"":""DERIVES_FROM"",""source"":""claim:0223"",""target"":""claim:0164""}"
claim:0223,claim:0166,DERIVES_FROM,"{""rel"":""DERIVES_FROM"",""source"":""claim:0223"",""target"":""claim:0166""}"
claim:0223,claim:0167,DERIVES_FROM,"{""rel"":""DERIVES_FROM"",""source"":""claim:0223"",""target"":""claim:0167""}"
claim:0223,claim:0193,DERIVES_FROM,"{""rel"":""DERIVES_FROM"",""source"":""claim:0223"",""target"":""claim:0193""}"
claim:0223,claim:0194,DERIVES_FROM,"{""rel"":""DERIVES_FROM"",""source"":""claim:0223"",""target"":""claim:0194""}"
claim:0223,claim:0200,DERIVES_FROM,"{""rel"":""DERIVES_FROM"",""source"":""claim:0223"",""target"":""claim:0200""}"
claim:0223,claim:0212,DERIVES_FROM,"{""rel"":""DERIVES_FROM"",""source"":""claim:0223"",""target"":""claim:0212""}"
claim:0223,claim:0219,DERIVES_FROM,"{""rel"":""DERIVES_FROM"",""source"":""claim:0223"",""target"":""claim:0219""}"
claim:0223,claim:0225,DERIVES_FROM,"{""rel"":""DERIVES_FROM"",""source"":""claim:0223"",""target"":""claim:0225""}"
claim:0223,claim:0004,SUPPORTS,"{""rel"":""SUPPORTS"",""source"":""claim:0223"",""target"":""claim:0004""}"
claim:0223,claim:0006,SUPPORTS,"{""rel"":""SUPPORTS"",""source"":""claim:0223"",""target"":""claim:0006""}"
claim:0224,entity:unknown,ABOUT,"{""rel"":""ABOUT"",""source"":""claim:0224"",""target"":""entity:unknown""}"
claim:0224,metric:capex,MEASURES,"{""rel"":""MEASURES"",""source"":""claim:0224"",""target"":""metric:capex""}"
claim:0224,perimeter:unknown,SCOPED_TO,"{""rel"":""SCOPED_TO"",""source"":""claim:0224"",""target"":""perimeter:unknown""}"
claim:0224,source:src-model,FROM_SOURCE,"{""rel"":""FROM_SOURCE"",""source"":""claim:0224"",""target"":""source:src-model""}"
claim:0224,author:management,BY_AUTHOR,"{""rel"":""BY_AUTHOR"",""source"":""claim:0224"",""target"":""author:management""}"
claim:0224,area:operations,IN_AREA,"{""rel"":""IN_AREA"",""source"":""claim:0224"",""target"":""area:operations""}"
claim:0224,claim:0004,SUPPORTS,"{""rel"":""SUPPORTS"",""source"":""claim:0224"",""target"":""claim:0004""}"
claim:0224,claim:0006,SUPPORTS,"{""rel"":""SUPPORTS"",""source"":""claim:0224"",""target"":""claim:0006""}"
claim:0225,entity:unknown,ABOUT,"{""rel"":""ABOUT"",""source"":""claim:0225"",""target"":""entity:unknown""}"
claim:0225,metric:revenue,MEASURES,"{""rel"":""MEASURES"",""source"":""claim:0225"",""target"":""metric:revenue""}"
claim:0225,perimeter:unknown,SCOPED_TO,"{""rel"":""SCOPED_TO"",""source"":""claim:0225"",""target"":""perimeter:unknown""}"
claim:0225,source:src-model,FROM_SOURCE,"{""rel"":""FROM_SOURCE"",""source"":""claim:0225"",""target"":""source:src-model""}"
claim:0225,author:management,BY_AUTHOR,"{""rel"":""BY_AUTHOR"",""source"":""claim:0225"",""target"":""author:management""}"
claim:0226,entity:unknown,ABOUT,"{""rel"":""ABOUT"",""source"":""claim:0226"",""target"":""entity:unknown""}"
claim:0226,metric:gross_margin,MEASURES,"{""rel"":""MEASURES"",""source"":""claim:0226"",""target"":""metric:gross_margin""}"
claim:0226,perimeter:unknown,SCOPED_TO,"{""rel"":""SCOPED_TO"",""source"":""claim:0226"",""target"":""perimeter:unknown""}"
claim:0226,source:src-model,FROM_SOURCE,"{""rel"":""FROM_SOURCE"",""source"":""claim:0226"",""target"":""source:src-model""}"
claim:0226,author:management,BY_AUTHOR,"{""rel"":""BY_AUTHOR"",""source"":""claim:0226"",""target"":""author:management""}"
claim:0227,entity:alderstone_standalone,ABOUT,"{""rel"":""ABOUT"",""source"":""claim:0227"",""target"":""entity:alderstone_standalone""}"
claim:0227,metric:ebitda,MEASURES,"{""rel"":""MEASURES"",""source"":""claim:0227"",""target"":""metric:ebitda""}"
claim:0227,period:fy2025a,IN_PERIOD,"{""rel"":""IN_PERIOD"",""source"":""claim:0227"",""target"":""period:fy2025a""}"
claim:0227,perimeter:alderstone_standalone,SCOPED_TO,"{""rel"":""SCOPED_TO"",""source"":""claim:0227"",""target"":""perimeter:alderstone_standalone""}"
claim:0227,source:src-model,FROM_SOURCE,"{""rel"":""FROM_SOURCE"",""source"":""claim:0227"",""target"":""source:src-model""}"
claim:0227,author:management,BY_AUTHOR,"{""rel"":""BY_AUTHOR"",""source"":""claim:0227"",""target"":""author:management""}"
claim:0228,entity:alderstone_standalone,ABOUT,"{""rel"":""ABOUT"",""source"":""claim:0228"",""target"":""entity:alderstone_standalone""}"
claim:0228,metric:ebitda_add-back,MEASURES,"{""rel"":""MEASURES"",""source"":""claim:0228"",""target"":""metric:ebitda_add-back""}"
claim:0228,period:fy2025a,IN_PERIOD,"{""rel"":""IN_PERIOD"",""source"":""claim:0228"",""target"":""period:fy2025a""}"
claim:0228,perimeter:alderstone_standalone,SCOPED_TO,"{""rel"":""SCOPED_TO"",""source"":""claim:0228"",""target"":""perimeter:alderstone_standalone""}"
claim:0228,source:src-model,FROM_SOURCE,"{""rel"":""FROM_SOURCE"",""source"":""claim:0228"",""target"":""source:src-model""}"
claim:0228,author:management,BY_AUTHOR,"{""rel"":""BY_AUTHOR"",""source"":""claim:0228"",""target"":""author:management""}"
claim:0229,entity:alderstone_standalone,ABOUT,"{""rel"":""ABOUT"",""source"":""claim:0229"",""target"":""entity:alderstone_standalone""}"
claim:0229,metric:dso,MEASURES,"{""rel"":""MEASURES"",""source"":""claim:0229"",""target"":""metric:dso""}"
claim:0229,period:fy2025a,IN_PERIOD,"{""rel"":""IN_PERIOD"",""source"":""claim:0229"",""target"":""period:fy2025a""}"
claim:0229,perimeter:alderstone_standalone,SCOPED_TO,"{""rel"":""SCOPED_TO"",""source"":""claim:0229"",""target"":""perimeter:alderstone_standalone""}"
claim:0229,source:src-model,FROM_SOURCE,"{""rel"":""FROM_SOURCE"",""source"":""claim:0229"",""target"":""source:src-model""}"
claim:0229,author:management,BY_AUTHOR,"{""rel"":""BY_AUTHOR"",""source"":""claim:0229"",""target"":""author:management""}"
claim:0230,entity:alderstone_standalone,ABOUT,"{""rel"":""ABOUT"",""source"":""claim:0230"",""target"":""entity:alderstone_standalone""}"
claim:0230,metric:working_capital,MEASURES,"{""rel"":""MEASURES"",""source"":""claim:0230"",""target"":""metric:working_capital""}"
claim:0230,period:fy2025a,IN_PERIOD,"{""rel"":""IN_PERIOD"",""source"":""claim:0230"",""target"":""period:fy2025a""}"
claim:0230,perimeter:alderstone_standalone,SCOPED_TO,"{""rel"":""SCOPED_TO"",""source"":""claim:0230"",""target"":""perimeter:alderstone_standalone""}"
claim:0230,source:src-model,FROM_SOURCE,"{""rel"":""FROM_SOURCE"",""source"":""claim:0230"",""target"":""source:src-model""}"
claim:0230,author:management,BY_AUTHOR,"{""rel"":""BY_AUTHOR"",""source"":""claim:0230"",""target"":""author:management""}"
claim:0231,entity:unknown,ABOUT,"{""rel"":""ABOUT"",""source"":""claim:0231"",""target"":""entity:unknown""}"
claim:0231,metric:enterprise_value,MEASURES,"{""rel"":""MEASURES"",""source"":""claim:0231"",""target"":""metric:enterprise_value""}"
claim:0231,perimeter:unknown,SCOPED_TO,"{""rel"":""SCOPED_TO"",""source"":""claim:0231"",""target"":""perimeter:unknown""}"
claim:0231,source:src-model,FROM_SOURCE,"{""rel"":""FROM_SOURCE"",""source"":""claim:0231"",""target"":""source:src-model""}"
claim:0231,area:returns,IN_AREA,"{""rel"":""IN_AREA"",""source"":""claim:0231"",""target"":""area:returns""}"
claim:0232,entity:unknown,ABOUT,"{""rel"":""ABOUT"",""source"":""claim:0232"",""target"":""entity:unknown""}"
claim:0232,metric:enterprise_value,MEASURES,"{""rel"":""MEASURES"",""source"":""claim:0232"",""target"":""metric:enterprise_value""}"
claim:0232,perimeter:unknown,SCOPED_TO,"{""rel"":""SCOPED_TO"",""source"":""claim:0232"",""target"":""perimeter:unknown""}"
claim:0232,source:src-model,FROM_SOURCE,"{""rel"":""FROM_SOURCE"",""source"":""claim:0232"",""target"":""source:src-model""}"
claim:0232,area:returns,IN_AREA,"{""rel"":""IN_AREA"",""source"":""claim:0232"",""target"":""area:returns""}"
claim:0233,entity:unknown,ABOUT,"{""rel"":""ABOUT"",""source"":""claim:0233"",""target"":""entity:unknown""}"
claim:0233,metric:working_capital,MEASURES,"{""rel"":""MEASURES"",""source"":""claim:0233"",""target"":""metric:working_capital""}"
claim:0233,perimeter:unknown,SCOPED_TO,"{""rel"":""SCOPED_TO"",""source"":""claim:0233"",""target"":""perimeter:unknown""}"
claim:0233,source:src-model,FROM_SOURCE,"{""rel"":""FROM_SOURCE"",""source"":""claim:0233"",""target"":""source:src-model""}"
claim:0233,area:operations,IN_AREA,"{""rel"":""IN_AREA"",""source"":""claim:0233"",""target"":""area:operations""}"
claim:0233,claim:0004,SUPPORTS,"{""rel"":""SUPPORTS"",""source"":""claim:0233"",""target"":""claim:0004""}"
claim:0233,claim:0006,SUPPORTS,"{""rel"":""SUPPORTS"",""source"":""claim:0233"",""target"":""claim:0006""}"
claim:0234,entity:unknown,ABOUT,"{""rel"":""ABOUT"",""source"":""claim:0234"",""target"":""entity:unknown""}"
claim:0234,metric:working_capital,MEASURES,"{""rel"":""MEASURES"",""source"":""claim:0234"",""target"":""metric:working_capital""}"
claim:0234,perimeter:unknown,SCOPED_TO,"{""rel"":""SCOPED_TO"",""source"":""claim:0234"",""target"":""perimeter:unknown""}"
claim:0234,source:src-model,FROM_SOURCE,"{""rel"":""FROM_SOURCE"",""source"":""claim:0234"",""target"":""source:src-model""}"
claim:0234,area:operations,IN_AREA,"{""rel"":""IN_AREA"",""source"":""claim:0234"",""target"":""area:operations""}"
claim:0234,claim:0004,SUPPORTS,"{""rel"":""SUPPORTS"",""source"":""claim:0234"",""target"":""claim:0004""}"
claim:0234,claim:0006,SUPPORTS,"{""rel"":""SUPPORTS"",""source"":""claim:0234"",""target"":""claim:0006""}"
claim:0235,entity:unknown,ABOUT,"{""rel"":""ABOUT"",""source"":""claim:0235"",""target"":""entity:unknown""}"
claim:0235,metric:sponsor_equity,MEASURES,"{""rel"":""MEASURES"",""source"":""claim:0235"",""target"":""metric:sponsor_equity""}"
claim:0235,period:opening,IN_PERIOD,"{""rel"":""IN_PERIOD"",""source"":""claim:0235"",""target"":""period:opening""}"
claim:0235,perimeter:unknown,SCOPED_TO,"{""rel"":""SCOPED_TO"",""source"":""claim:0235"",""target"":""perimeter:unknown""}"
claim:0235,source:src-model,FROM_SOURCE,"{""rel"":""FROM_SOURCE"",""source"":""claim:0235"",""target"":""source:src-model""}"
claim:0235,area:structure,IN_AREA,"{""rel"":""IN_AREA"",""source"":""claim:0235"",""target"":""area:structure""}"
claim:0236,entity:unknown,ABOUT,"{""rel"":""ABOUT"",""source"":""claim:0236"",""target"":""entity:unknown""}"
claim:0236,metric:ddtl_availability,MEASURES,"{""rel"":""MEASURES"",""source"":""claim:0236"",""target"":""metric:ddtl_availability""}"
claim:0236,period:opening,IN_PERIOD,"{""rel"":""IN_PERIOD"",""source"":""claim:0236"",""target"":""period:opening""}"
claim:0236,perimeter:unknown,SCOPED_TO,"{""rel"":""SCOPED_TO"",""source"":""claim:0236"",""target"":""perimeter:unknown""}"
claim:0236,source:src-model,FROM_SOURCE,"{""rel"":""FROM_SOURCE"",""source"":""claim:0236"",""target"":""source:src-model""}"
claim:0236,area:structure,IN_AREA,"{""rel"":""IN_AREA"",""source"":""claim:0236"",""target"":""area:structure""}"
claim:0237,entity:unknown,ABOUT,"{""rel"":""ABOUT"",""source"":""claim:0237"",""target"":""entity:unknown""}"
claim:0237,metric:gross_debt,MEASURES,"{""rel"":""MEASURES"",""source"":""claim:0237"",""target"":""metric:gross_debt""}"
claim:0237,period:opening,IN_PERIOD,"{""rel"":""IN_PERIOD"",""source"":""claim:0237"",""target"":""period:opening""}"
claim:0237,perimeter:unknown,SCOPED_TO,"{""rel"":""SCOPED_TO"",""source"":""claim:0237"",""target"":""perimeter:unknown""}"
claim:0237,source:src-model,FROM_SOURCE,"{""rel"":""FROM_SOURCE"",""source"":""claim:0237"",""target"":""source:src-model""}"
claim:0237,area:structure,IN_AREA,"{""rel"":""IN_AREA"",""source"":""claim:0237"",""target"":""area:structure""}"
claim:0238,entity:unknown,ABOUT,"{""rel"":""ABOUT"",""source"":""claim:0238"",""target"":""entity:unknown""}"
claim:0238,metric:revolver_capacity,MEASURES,"{""rel"":""MEASURES"",""source"":""claim:0238"",""target"":""metric:revolver_capacity""}"
claim:0238,perimeter:unknown,SCOPED_TO,"{""rel"":""SCOPED_TO"",""source"":""claim:0238"",""target"":""perimeter:unknown""}"
claim:0238,source:src-model,FROM_SOURCE,"{""rel"":""FROM_SOURCE"",""source"":""claim:0238"",""target"":""source:src-model""}"
claim:0238,author:keystone_management/sponsor,BY_AUTHOR,"{""rel"":""BY_AUTHOR"",""source"":""claim:0238"",""target"":""author:keystone_management/sponsor""}"
claim:0238,area:structure,IN_AREA,"{""rel"":""IN_AREA"",""source"":""claim:0238"",""target"":""area:structure""}"
claim:0239,entity:unknown,ABOUT,"{""rel"":""ABOUT"",""source"":""claim:0239"",""target"":""entity:unknown""}"
claim:0239,metric:sponsor_equity,MEASURES,"{""rel"":""MEASURES"",""source"":""claim:0239"",""target"":""metric:sponsor_equity""}"
claim:0239,period:opening,IN_PERIOD,"{""rel"":""IN_PERIOD"",""source"":""claim:0239"",""target"":""period:opening""}"
claim:0239,perimeter:unknown,SCOPED_TO,"{""rel"":""SCOPED_TO"",""source"":""claim:0239"",""target"":""perimeter:unknown""}"
claim:0239,source:src-model,FROM_SOURCE,"{""rel"":""FROM_SOURCE"",""source"":""claim:0239"",""target"":""source:src-model""}"
claim:0239,area:structure,IN_AREA,"{""rel"":""IN_AREA"",""source"":""claim:0239"",""target"":""area:structure""}"
claim:0240,entity:unknown,ABOUT,"{""rel"":""ABOUT"",""source"":""claim:0240"",""target"":""entity:unknown""}"
claim:0240,metric:capex,MEASURES,"{""rel"":""MEASURES"",""source"":""claim:0240"",""target"":""metric:capex""}"
claim:0240,perimeter:unknown,SCOPED_TO,"{""rel"":""SCOPED_TO"",""source"":""claim:0240"",""target"":""perimeter:unknown""}"
claim:0240,source:src-model,FROM_SOURCE,"{""rel"":""FROM_SOURCE"",""source"":""claim:0240"",""target"":""source:src-model""}"
claim:0240,area:operations,IN_AREA,"{""rel"":""IN_AREA"",""source"":""claim:0240"",""target"":""area:operations""}"
claim:0240,claim:0004,SUPPORTS,"{""rel"":""SUPPORTS"",""source"":""claim:0240"",""target"":""claim:0004""}"
claim:0240,claim:0006,SUPPORTS,"{""rel"":""SUPPORTS"",""source"":""claim:0240"",""target"":""claim:0006""}"
claim:0241,entity:unknown,ABOUT,"{""rel"":""ABOUT"",""source"":""claim:0241"",""target"":""entity:unknown""}"
claim:0241,metric:ebitda_adjustment,MEASURES,"{""rel"":""MEASURES"",""source"":""claim:0241"",""target"":""metric:ebitda_adjustment""}"
claim:0241,perimeter:unknown,SCOPED_TO,"{""rel"":""SCOPED_TO"",""source"":""claim:0241"",""target"":""perimeter:unknown""}"
claim:0241,source:src-model,FROM_SOURCE,"{""rel"":""FROM_SOURCE"",""source"":""claim:0241"",""target"":""source:src-model""}"
claim:0242,entity:unknown,ABOUT,"{""rel"":""ABOUT"",""source"":""claim:0242"",""target"":""entity:unknown""}"
claim:0242,metric:ebitda_adjustment,MEASURES,"{""rel"":""MEASURES"",""source"":""claim:0242"",""target"":""metric:ebitda_adjustment""}"
claim:0242,perimeter:unknown,SCOPED_TO,"{""rel"":""SCOPED_TO"",""source"":""claim:0242"",""target"":""perimeter:unknown""}"
claim:0242,source:src-model,FROM_SOURCE,"{""rel"":""FROM_SOURCE"",""source"":""claim:0242"",""target"":""source:src-model""}"
claim:0242,claim:0007,CHALLENGES,"{""rel"":""CHALLENGES"",""source"":""claim:0242"",""target"":""claim:0007""}"
claim:0242,claim:0084,CHALLENGES,"{""rel"":""CHALLENGES"",""source"":""claim:0242"",""target"":""claim:0084""}"
claim:0242,claim:0189,CHALLENGES,"{""rel"":""CHALLENGES"",""source"":""claim:0242"",""target"":""claim:0189""}"
claim:0242,claim:0199,CHALLENGES,"{""rel"":""CHALLENGES"",""source"":""claim:0242"",""target"":""claim:0199""}"
claim:0242,claim:0204,CHALLENGES,"{""rel"":""CHALLENGES"",""source"":""claim:0242"",""target"":""claim:0204""}"
claim:0242,claim:0241,CHALLENGES,"{""rel"":""CHALLENGES"",""source"":""claim:0242"",""target"":""claim:0241""}"
claim:0243,entity:unknown,ABOUT,"{""rel"":""ABOUT"",""source"":""claim:0243"",""target"":""entity:unknown""}"
claim:0243,metric:revolver_capacity,MEASURES,"{""rel"":""MEASURES"",""source"":""claim:0243"",""target"":""metric:revolver_capacity""}"
claim:0243,perimeter:unknown,SCOPED_TO,"{""rel"":""SCOPED_TO"",""source"":""claim:0243"",""target"":""perimeter:unknown""}"
claim:0243,source:src-model,FROM_SOURCE,"{""rel"":""FROM_SOURCE"",""source"":""claim:0243"",""target"":""source:src-model""}"
claim:0243,area:structure,IN_AREA,"{""rel"":""IN_AREA"",""source"":""claim:0243"",""target"":""area:structure""}"
claim:0243,claim:0117,CHALLENGES,"{""rel"":""CHALLENGES"",""source"":""claim:0243"",""target"":""claim:0117""}"
claim:0243,claim:0120,CHALLENGES,"{""rel"":""CHALLENGES"",""source"":""claim:0243"",""target"":""claim:0120""}"
claim:0243,claim:0238,CHALLENGES,"{""rel"":""CHALLENGES"",""source"":""claim:0243"",""target"":""claim:0238""}"
claim:0243,claim:0246,CHALLENGES,"{""rel"":""CHALLENGES"",""source"":""claim:0243"",""target"":""claim:0246""}"
claim:0244,entity:unknown,ABOUT,"{""rel"":""ABOUT"",""source"":""claim:0244"",""target"":""entity:unknown""}"
claim:0244,metric:covenant_threshold,MEASURES,"{""rel"":""MEASURES"",""source"":""claim:0244"",""target"":""metric:covenant_threshold""}"
claim:0244,perimeter:unknown,SCOPED_TO,"{""rel"":""SCOPED_TO"",""source"":""claim:0244"",""target"":""perimeter:unknown""}"
claim:0244,source:src-model,FROM_SOURCE,"{""rel"":""FROM_SOURCE"",""source"":""claim:0244"",""target"":""source:src-model""}"
claim:0244,area:structure,IN_AREA,"{""rel"":""IN_AREA"",""source"":""claim:0244"",""target"":""area:structure""}"
claim:0244,claim:0207,CHALLENGES,"{""rel"":""CHALLENGES"",""source"":""claim:0244"",""target"":""claim:0207""}"
claim:0244,claim:0208,CHALLENGES,"{""rel"":""CHALLENGES"",""source"":""claim:0244"",""target"":""claim:0208""}"
claim:0244,claim:0209,CHALLENGES,"{""rel"":""CHALLENGES"",""source"":""claim:0244"",""target"":""claim:0209""}"
claim:0244,claim:0210,CHALLENGES,"{""rel"":""CHALLENGES"",""source"":""claim:0244"",""target"":""claim:0210""}"
claim:0244,claim:0215,CHALLENGES,"{""rel"":""CHALLENGES"",""source"":""claim:0244"",""target"":""claim:0215""}"
claim:0244,claim:0216,CHALLENGES,"{""rel"":""CHALLENGES"",""source"":""claim:0244"",""target"":""claim:0216""}"
claim:0244,claim:0248,DERIVES_FROM,"{""rel"":""DERIVES_FROM"",""source"":""claim:0244"",""target"":""claim:0248""}"
claim:0244,claim:0251,DERIVES_FROM,"{""rel"":""DERIVES_FROM"",""source"":""claim:0244"",""target"":""claim:0251""}"
claim:0245,entity:unknown,ABOUT,"{""rel"":""ABOUT"",""source"":""claim:0245"",""target"":""entity:unknown""}"
claim:0245,metric:first-lien_debt,MEASURES,"{""rel"":""MEASURES"",""source"":""claim:0245"",""target"":""metric:first-lien_debt""}"
claim:0245,period:opening,IN_PERIOD,"{""rel"":""IN_PERIOD"",""source"":""claim:0245"",""target"":""period:opening""}"
claim:0245,perimeter:unknown,SCOPED_TO,"{""rel"":""SCOPED_TO"",""source"":""claim:0245"",""target"":""perimeter:unknown""}"
claim:0245,source:src-model,FROM_SOURCE,"{""rel"":""FROM_SOURCE"",""source"":""claim:0245"",""target"":""source:src-model""}"
claim:0245,area:structure,IN_AREA,"{""rel"":""IN_AREA"",""source"":""claim:0245"",""target"":""area:structure""}"
claim:0246,entity:unknown,ABOUT,"{""rel"":""ABOUT"",""source"":""claim:0246"",""target"":""entity:unknown""}"
claim:0246,metric:revolver_capacity,MEASURES,"{""rel"":""MEASURES"",""source"":""claim:0246"",""target"":""metric:revolver_capacity""}"
claim:0246,period:opening,IN_PERIOD,"{""rel"":""IN_PERIOD"",""source"":""claim:0246"",""target"":""period:opening""}"
claim:0246,perimeter:unknown,SCOPED_TO,"{""rel"":""SCOPED_TO"",""source"":""claim:0246"",""target"":""perimeter:unknown""}"
claim:0246,source:src-model,FROM_SOURCE,"{""rel"":""FROM_SOURCE"",""source"":""claim:0246"",""target"":""source:src-model""}"
claim:0246,area:structure,IN_AREA,"{""rel"":""IN_AREA"",""source"":""claim:0246"",""target"":""area:structure""}"
claim:0247,entity:unknown,ABOUT,"{""rel"":""ABOUT"",""source"":""claim:0247"",""target"":""entity:unknown""}"
claim:0247,metric:ddtl_availability,MEASURES,"{""rel"":""MEASURES"",""source"":""claim:0247"",""target"":""metric:ddtl_availability""}"
claim:0247,period:opening,IN_PERIOD,"{""rel"":""IN_PERIOD"",""source"":""claim:0247"",""target"":""period:opening""}"
claim:0247,perimeter:unknown,SCOPED_TO,"{""rel"":""SCOPED_TO"",""source"":""claim:0247"",""target"":""perimeter:unknown""}"
claim:0247,source:src-model,FROM_SOURCE,"{""rel"":""FROM_SOURCE"",""source"":""claim:0247"",""target"":""source:src-model""}"
claim:0247,area:structure,IN_AREA,"{""rel"":""IN_AREA"",""source"":""claim:0247"",""target"":""area:structure""}"
claim:0248,entity:unknown,ABOUT,"{""rel"":""ABOUT"",""source"":""claim:0248"",""target"":""entity:unknown""}"
claim:0248,metric:leverage,MEASURES,"{""rel"":""MEASURES"",""source"":""claim:0248"",""target"":""metric:leverage""}"
claim:0248,period:fy2027,IN_PERIOD,"{""rel"":""IN_PERIOD"",""source"":""claim:0248"",""target"":""period:fy2027""}"
claim:0248,perimeter:unknown,SCOPED_TO,"{""rel"":""SCOPED_TO"",""source"":""claim:0248"",""target"":""perimeter:unknown""}"
claim:0248,source:src-model,FROM_SOURCE,"{""rel"":""FROM_SOURCE"",""source"":""claim:0248"",""target"":""source:src-model""}"
claim:0248,area:structure,IN_AREA,"{""rel"":""IN_AREA"",""source"":""claim:0248"",""target"":""area:structure""}"
claim:0249,entity:unknown,ABOUT,"{""rel"":""ABOUT"",""source"":""claim:0249"",""target"":""entity:unknown""}"
claim:0249,metric:ebitda_add-back,MEASURES,"{""rel"":""MEASURES"",""source"":""claim:0249"",""target"":""metric:ebitda_add-back""}"
claim:0249,period:ltm,IN_PERIOD,"{""rel"":""IN_PERIOD"",""source"":""claim:0249"",""target"":""period:ltm""}"
claim:0249,perimeter:unknown,SCOPED_TO,"{""rel"":""SCOPED_TO"",""source"":""claim:0249"",""target"":""perimeter:unknown""}"
claim:0249,source:src-model,FROM_SOURCE,"{""rel"":""FROM_SOURCE"",""source"":""claim:0249"",""target"":""source:src-model""}"
claim:0249,area:earnings,IN_AREA,"{""rel"":""IN_AREA"",""source"":""claim:0249"",""target"":""area:earnings""}"
claim:0249,claim:0121,CHALLENGES,"{""rel"":""CHALLENGES"",""source"":""claim:0249"",""target"":""claim:0121""}"
claim:0249,claim:0218,CHALLENGES,"{""rel"":""CHALLENGES"",""source"":""claim:0249"",""target"":""claim:0218""}"
claim:0249,claim:0080,SUPPORTS,"{""rel"":""SUPPORTS"",""source"":""claim:0249"",""target"":""claim:0080""}"
claim:0249,claim:0081,SUPPORTS,"{""rel"":""SUPPORTS"",""source"":""claim:0249"",""target"":""claim:0081""}"
claim:0249,claim:0100,SUPPORTS,"{""rel"":""SUPPORTS"",""source"":""claim:0249"",""target"":""claim:0100""}"
claim:0250,entity:unknown,ABOUT,"{""rel"":""ABOUT"",""source"":""claim:0250"",""target"":""entity:unknown""}"
claim:0250,metric:covenant_ebitda,MEASURES,"{""rel"":""MEASURES"",""source"":""claim:0250"",""target"":""metric:covenant_ebitda""}"
claim:0250,period:ltm,IN_PERIOD,"{""rel"":""IN_PERIOD"",""source"":""claim:0250"",""target"":""period:ltm""}"
claim:0250,perimeter:unknown,SCOPED_TO,"{""rel"":""SCOPED_TO"",""source"":""claim:0250"",""target"":""perimeter:unknown""}"
claim:0250,source:src-model,FROM_SOURCE,"{""rel"":""FROM_SOURCE"",""source"":""claim:0250"",""target"":""source:src-model""}"
claim:0251,entity:unknown,ABOUT,"{""rel"":""ABOUT"",""source"":""claim:0251"",""target"":""entity:unknown""}"
claim:0251,metric:leverage,MEASURES,"{""rel"":""MEASURES"",""source"":""claim:0251"",""target"":""metric:leverage""}"
claim:0251,perimeter:unknown,SCOPED_TO,"{""rel"":""SCOPED_TO"",""source"":""claim:0251"",""target"":""perimeter:unknown""}"
claim:0251,source:src-model,FROM_SOURCE,"{""rel"":""FROM_SOURCE"",""source"":""claim:0251"",""target"":""source:src-model""}"
claim:0251,area:structure,IN_AREA,"{""rel"":""IN_AREA"",""source"":""claim:0251"",""target"":""area:structure""}"
claim:0251,claim:0248,CHALLENGES,"{""rel"":""CHALLENGES"",""source"":""claim:0251"",""target"":""claim:0248""}"
claim:0251,claim:0007,DERIVES_FROM,"{""rel"":""DERIVES_FROM"",""source"":""claim:0251"",""target"":""claim:0007""}"
claim:0251,claim:0086,DERIVES_FROM,"{""rel"":""DERIVES_FROM"",""source"":""claim:0251"",""target"":""claim:0086""}"
claim:0251,claim:0087,DERIVES_FROM,"{""rel"":""DERIVES_FROM"",""source"":""claim:0251"",""target"":""claim:0087""}"
claim:0251,claim:0093,DERIVES_FROM,"{""rel"":""DERIVES_FROM"",""source"":""claim:0251"",""target"":""claim:0093""}"
claim:0251,claim:0096,DERIVES_FROM,"{""rel"":""DERIVES_FROM"",""source"":""claim:0251"",""target"":""claim:0096""}"
claim:0251,claim:0098,DERIVES_FROM,"{""rel"":""DERIVES_FROM"",""source"":""claim:0251"",""target"":""claim:0098""}"
claim:0251,claim:0103,DERIVES_FROM,"{""rel"":""DERIVES_FROM"",""source"":""claim:0251"",""target"":""claim:0103""}"
claim:0251,claim:0113,DERIVES_FROM,"{""rel"":""DERIVES_FROM"",""source"":""claim:0251"",""target"":""claim:0113""}"
claim:0251,claim:0116,DERIVES_FROM,"{""rel"":""DERIVES_FROM"",""source"":""claim:0251"",""target"":""claim:0116""}"
claim:0251,claim:0179,DERIVES_FROM,"{""rel"":""DERIVES_FROM"",""source"":""claim:0251"",""target"":""claim:0179""}"
claim:0251,claim:0187,DERIVES_FROM,"{""rel"":""DERIVES_FROM"",""source"":""claim:0251"",""target"":""claim:0187""}"
claim:0251,claim:0188,DERIVES_FROM,"{""rel"":""DERIVES_FROM"",""source"":""claim:0251"",""target"":""claim:0188""}"
claim:0251,claim:0195,DERIVES_FROM,"{""rel"":""DERIVES_FROM"",""source"":""claim:0251"",""target"":""claim:0195""}"
claim:0251,claim:0202,DERIVES_FROM,"{""rel"":""DERIVES_FROM"",""source"":""claim:0251"",""target"":""claim:0202""}"
claim:0251,claim:0214,DERIVES_FROM,"{""rel"":""DERIVES_FROM"",""source"":""claim:0251"",""target"":""claim:0214""}"
claim:0251,claim:0221,DERIVES_FROM,"{""rel"":""DERIVES_FROM"",""source"":""claim:0251"",""target"":""claim:0221""}"
claim:0251,claim:0227,DERIVES_FROM,"{""rel"":""DERIVES_FROM"",""source"":""claim:0251"",""target"":""claim:0227""}"
claim:0251,claim:0250,DERIVES_FROM,"{""rel"":""DERIVES_FROM"",""source"":""claim:0251"",""target"":""claim:0250""}"
claim:0252,entity:unknown,ABOUT,"{""rel"":""ABOUT"",""source"":""claim:0252"",""target"":""entity:unknown""}"
claim:0252,metric:sponsor_equity,MEASURES,"{""rel"":""MEASURES"",""source"":""claim:0252"",""target"":""metric:sponsor_equity""}"
claim:0252,perimeter:unknown,SCOPED_TO,"{""rel"":""SCOPED_TO"",""source"":""claim:0252"",""target"":""perimeter:unknown""}"
claim:0252,source:src-model,FROM_SOURCE,"{""rel"":""FROM_SOURCE"",""source"":""claim:0252"",""target"":""source:src-model""}"
claim:0252,area:structure,IN_AREA,"{""rel"":""IN_AREA"",""source"":""claim:0252"",""target"":""area:structure""}"
claim:0253,entity:unknown,ABOUT,"{""rel"":""ABOUT"",""source"":""claim:0253"",""target"":""entity:unknown""}"
claim:0253,metric:moic,MEASURES,"{""rel"":""MEASURES"",""source"":""claim:0253"",""target"":""metric:moic""}"
claim:0253,perimeter:unknown,SCOPED_TO,"{""rel"":""SCOPED_TO"",""source"":""claim:0253"",""target"":""perimeter:unknown""}"
claim:0253,source:src-model,FROM_SOURCE,"{""rel"":""FROM_SOURCE"",""source"":""claim:0253"",""target"":""source:src-model""}"
claim:0253,area:returns,IN_AREA,"{""rel"":""IN_AREA"",""source"":""claim:0253"",""target"":""area:returns""}"
