src,tgt,rel,data
claim:0000,entity:unknown,ABOUT,"{""rel"":""ABOUT"",""source"":""claim:0000"",""target"":""entity:unknown""}"
claim:0000,metric:active_billing_accounts,MEASURES,"{""rel"":""MEASURES"",""source"":""claim:0000"",""target"":""metric:active_billing_accounts""}"
claim:0000,perimeter:unknown,SCOPED_TO,"{""rel"":""SCOPED_TO"",""source"":""claim:0000"",""target"":""perimeter:unknown""}"
claim:0000,source:src-cim,FROM_SOURCE,"{""rel"":""FROM_SOURCE"",""source"":""claim:0000"",""target"":""source:src-cim""}"
claim:0000,author:management,BY_AUTHOR,"{""rel"":""BY_AUTHOR"",""source"":""claim:0000"",""target"":""author:management""}"
claim:0000,area:customer,IN_AREA,"{""rel"":""IN_AREA"",""source"":""claim:0000"",""target"":""area:customer""}"
claim:0000,claim:0037,SUPPORTS,"{""rel"":""SUPPORTS"",""source"":""claim:0000"",""target"":""claim:0037""}"
claim:0000,claim:0283,SUPPORTS,"{""rel"":""SUPPORTS"",""source"":""claim:0000"",""target"":""claim:0283""}"
claim:0001,entity:unknown,ABOUT,"{""rel"":""ABOUT"",""source"":""claim:0001"",""target"":""entity:unknown""}"
claim:0001,metric:customer_retention,MEASURES,"{""rel"":""MEASURES"",""source"":""claim:0001"",""target"":""metric:customer_retention""}"
claim:0001,perimeter:unknown,SCOPED_TO,"{""rel"":""SCOPED_TO"",""source"":""claim:0001"",""target"":""perimeter:unknown""}"
claim:0001,source:src-cim,FROM_SOURCE,"{""rel"":""FROM_SOURCE"",""source"":""claim:0001"",""target"":""source:src-cim""}"
claim:0001,author:management,BY_AUTHOR,"{""rel"":""BY_AUTHOR"",""source"":""claim:0001"",""target"":""author:management""}"
claim:0001,area:customer,IN_AREA,"{""rel"":""IN_AREA"",""source"":""claim:0001"",""target"":""area:customer""}"
claim:0001,claim:0037,SUPPORTS,"{""rel"":""SUPPORTS"",""source"":""claim:0001"",""target"":""claim:0037""}"
claim:0001,claim:0283,SUPPORTS,"{""rel"":""SUPPORTS"",""source"":""claim:0001"",""target"":""claim:0283""}"
claim:0002,entity:alderstone_standalone,ABOUT,"{""rel"":""ABOUT"",""source"":""claim:0002"",""target"":""entity:alderstone_standalone""}"
claim:0002,metric:acquisition_count,MEASURES,"{""rel"":""MEASURES"",""source"":""claim:0002"",""target"":""metric:acquisition_count""}"
claim:0002,perimeter:alderstone_standalone,SCOPED_TO,"{""rel"":""SCOPED_TO"",""source"":""claim:0002"",""target"":""perimeter:alderstone_standalone""}"
claim:0002,source:src-cim,FROM_SOURCE,"{""rel"":""FROM_SOURCE"",""source"":""claim:0002"",""target"":""source:src-cim""}"
claim:0002,author:management,BY_AUTHOR,"{""rel"":""BY_AUTHOR"",""source"":""claim:0002"",""target"":""author:management""}"
claim:0002,area:operations,IN_AREA,"{""rel"":""IN_AREA"",""source"":""claim:0002"",""target"":""area:operations""}"
claim:0003,entity:unknown,ABOUT,"{""rel"":""ABOUT"",""source"":""claim:0003"",""target"":""entity:unknown""}"
claim:0003,metric:customer_contract_terms,MEASURES,"{""rel"":""MEASURES"",""source"":""claim:0003"",""target"":""metric:customer_contract_terms""}"
claim:0003,perimeter:unknown,SCOPED_TO,"{""rel"":""SCOPED_TO"",""source"":""claim:0003"",""target"":""perimeter:unknown""}"
claim:0003,source:src-cim,FROM_SOURCE,"{""rel"":""FROM_SOURCE"",""source"":""claim:0003"",""target"":""source:src-cim""}"
claim:0003,author:management,BY_AUTHOR,"{""rel"":""BY_AUTHOR"",""source"":""claim:0003"",""target"":""author:management""}"
claim:0003,area:customer,IN_AREA,"{""rel"":""IN_AREA"",""source"":""claim:0003"",""target"":""area:customer""}"
claim:0003,claim:0037,SUPPORTS,"{""rel"":""SUPPORTS"",""source"":""claim:0003"",""target"":""claim:0037""}"
claim:0003,claim:0283,SUPPORTS,"{""rel"":""SUPPORTS"",""source"":""claim:0003"",""target"":""claim:0283""}"
claim:0004,entity:unknown,ABOUT,"{""rel"":""ABOUT"",""source"":""claim:0004"",""target"":""entity:unknown""}"
claim:0004,metric:systems_integration_risk,MEASURES,"{""rel"":""MEASURES"",""source"":""claim:0004"",""target"":""metric:systems_integration_risk""}"
claim:0004,perimeter:unknown,SCOPED_TO,"{""rel"":""SCOPED_TO"",""source"":""claim:0004"",""target"":""perimeter:unknown""}"
claim:0004,source:src-cim,FROM_SOURCE,"{""rel"":""FROM_SOURCE"",""source"":""claim:0004"",""target"":""source:src-cim""}"
claim:0004,author:management,BY_AUTHOR,"{""rel"":""BY_AUTHOR"",""source"":""claim:0004"",""target"":""author:management""}"
claim:0004,area:operations,IN_AREA,"{""rel"":""IN_AREA"",""source"":""claim:0004"",""target"":""area:operations""}"
claim:0004,claim:0077,SUPPORTS,"{""rel"":""SUPPORTS"",""source"":""claim:0004"",""target"":""claim:0077""}"
claim:0005,entity:unknown,ABOUT,"{""rel"":""ABOUT"",""source"":""claim:0005"",""target"":""entity:unknown""}"
claim:0005,metric:key_person_risk,MEASURES,"{""rel"":""MEASURES"",""source"":""claim:0005"",""target"":""metric:key_person_risk""}"
claim:0005,perimeter:unknown,SCOPED_TO,"{""rel"":""SCOPED_TO"",""source"":""claim:0005"",""target"":""perimeter:unknown""}"
claim:0005,source:src-cim,FROM_SOURCE,"{""rel"":""FROM_SOURCE"",""source"":""claim:0005"",""target"":""source:src-cim""}"
claim:0005,author:management,BY_AUTHOR,"{""rel"":""BY_AUTHOR"",""source"":""claim:0005"",""target"":""author:management""}"
claim:0005,area:governance,IN_AREA,"{""rel"":""IN_AREA"",""source"":""claim:0005"",""target"":""area:governance""}"
claim:0006,entity:unknown,ABOUT,"{""rel"":""ABOUT"",""source"":""claim:0006"",""target"":""entity:unknown""}"
claim:0006,metric:integration_risk,MEASURES,"{""rel"":""MEASURES"",""source"":""claim:0006"",""target"":""metric:integration_risk""}"
claim:0006,perimeter:unknown,SCOPED_TO,"{""rel"":""SCOPED_TO"",""source"":""claim:0006"",""target"":""perimeter:unknown""}"
claim:0006,source:src-cim,FROM_SOURCE,"{""rel"":""FROM_SOURCE"",""source"":""claim:0006"",""target"":""source:src-cim""}"
claim:0006,author:management,BY_AUTHOR,"{""rel"":""BY_AUTHOR"",""source"":""claim:0006"",""target"":""author:management""}"
claim:0006,area:operations,IN_AREA,"{""rel"":""IN_AREA"",""source"":""claim:0006"",""target"":""area:operations""}"
claim:0006,claim:0077,SUPPORTS,"{""rel"":""SUPPORTS"",""source"":""claim:0006"",""target"":""claim:0077""}"
claim:0007,entity:alderstone_standalone,ABOUT,"{""rel"":""ABOUT"",""source"":""claim:0007"",""target"":""entity:alderstone_standalone""}"
claim:0007,metric:revenue,MEASURES,"{""rel"":""MEASURES"",""source"":""claim:0007"",""target"":""metric:revenue""}"
claim:0007,period:fy2025a,IN_PERIOD,"{""rel"":""IN_PERIOD"",""source"":""claim:0007"",""target"":""period:fy2025a""}"
claim:0007,perimeter:alderstone_standalone,SCOPED_TO,"{""rel"":""SCOPED_TO"",""source"":""claim:0007"",""target"":""perimeter:alderstone_standalone""}"
claim:0007,source:src-dr,FROM_SOURCE,"{""rel"":""FROM_SOURCE"",""source"":""claim:0007"",""target"":""source:src-dr""}"
claim:0007,claim:0124,TRACKS,"{""rel"":""TRACKS"",""source"":""claim:0007"",""target"":""claim:0124""}"
claim:0007,claim:0208,TRACKS,"{""rel"":""TRACKS"",""source"":""claim:0007"",""target"":""claim:0208""}"
claim:0008,entity:unknown,ABOUT,"{""rel"":""ABOUT"",""source"":""claim:0008"",""target"":""entity:unknown""}"
claim:0008,metric:ebitda,MEASURES,"{""rel"":""MEASURES"",""source"":""claim:0008"",""target"":""metric:ebitda""}"
claim:0008,period:fy2025a,IN_PERIOD,"{""rel"":""IN_PERIOD"",""source"":""claim:0008"",""target"":""period:fy2025a""}"
claim:0008,perimeter:unknown,SCOPED_TO,"{""rel"":""SCOPED_TO"",""source"":""claim:0008"",""target"":""perimeter:unknown""}"
claim:0008,source:src-dr,FROM_SOURCE,"{""rel"":""FROM_SOURCE"",""source"":""claim:0008"",""target"":""source:src-dr""}"
claim:0008,author:management,BY_AUTHOR,"{""rel"":""BY_AUTHOR"",""source"":""claim:0008"",""target"":""author:management""}"
claim:0008,claim:0101,TRACKS,"{""rel"":""TRACKS"",""source"":""claim:0008"",""target"":""claim:0101""}"
claim:0008,claim:0205,TRACKS,"{""rel"":""TRACKS"",""source"":""claim:0008"",""target"":""claim:0205""}"
claim:0008,claim:0261,TRACKS,"{""rel"":""TRACKS"",""source"":""claim:0008"",""target"":""claim:0261""}"
claim:0008,claim:0262,TRACKS,"{""rel"":""TRACKS"",""source"":""claim:0008"",""target"":""claim:0262""}"
claim:0008,claim:0263,TRACKS,"{""rel"":""TRACKS"",""source"":""claim:0008"",""target"":""claim:0263""}"
claim:0009,entity:unknown,ABOUT,"{""rel"":""ABOUT"",""source"":""claim:0009"",""target"":""entity:unknown""}"
claim:0009,metric:gross_debt,MEASURES,"{""rel"":""MEASURES"",""source"":""claim:0009"",""target"":""metric:gross_debt""}"
claim:0009,period:fy2025a,IN_PERIOD,"{""rel"":""IN_PERIOD"",""source"":""claim:0009"",""target"":""period:fy2025a""}"
claim:0009,perimeter:unknown,SCOPED_TO,"{""rel"":""SCOPED_TO"",""source"":""claim:0009"",""target"":""perimeter:unknown""}"
claim:0009,source:src-dr,FROM_SOURCE,"{""rel"":""FROM_SOURCE"",""source"":""claim:0009"",""target"":""source:src-dr""}"
claim:0009,area:structure,IN_AREA,"{""rel"":""IN_AREA"",""source"":""claim:0009"",""target"":""area:structure""}"
claim:0009,claim:0010,TRACKS,"{""rel"":""TRACKS"",""source"":""claim:0009"",""target"":""claim:0010""}"
claim:0009,claim:0011,TRACKS,"{""rel"":""TRACKS"",""source"":""claim:0009"",""target"":""claim:0011""}"
claim:0010,entity:unknown,ABOUT,"{""rel"":""ABOUT"",""source"":""claim:0010"",""target"":""entity:unknown""}"
claim:0010,metric:gross_debt,MEASURES,"{""rel"":""MEASURES"",""source"":""claim:0010"",""target"":""metric:gross_debt""}"
claim:0010,period:fy2026e,IN_PERIOD,"{""rel"":""IN_PERIOD"",""source"":""claim:0010"",""target"":""period:fy2026e""}"
claim:0010,perimeter:unknown,SCOPED_TO,"{""rel"":""SCOPED_TO"",""source"":""claim:0010"",""target"":""perimeter:unknown""}"
claim:0010,source:src-dr,FROM_SOURCE,"{""rel"":""FROM_SOURCE"",""source"":""claim:0010"",""target"":""source:src-dr""}"
claim:0010,area:structure,IN_AREA,"{""rel"":""IN_AREA"",""source"":""claim:0010"",""target"":""area:structure""}"
claim:0010,claim:0011,TRACKS,"{""rel"":""TRACKS"",""source"":""claim:0010"",""target"":""claim:0011""}"
claim:0011,entity:unknown,ABOUT,"{""rel"":""ABOUT"",""source"":""claim:0011"",""target"":""entity:unknown""}"
claim:0011,metric:gross_debt,MEASURES,"{""rel"":""MEASURES"",""source"":""claim:0011"",""target"":""metric:gross_debt""}"
claim:0011,period:fy2027e,IN_PERIOD,"{""rel"":""IN_PERIOD"",""source"":""claim:0011"",""target"":""period:fy2027e""}"
claim:0011,perimeter:unknown,SCOPED_TO,"{""rel"":""SCOPED_TO"",""source"":""claim:0011"",""target"":""perimeter:unknown""}"
claim:0011,source:src-dr,FROM_SOURCE,"{""rel"":""FROM_SOURCE"",""source"":""claim:0011"",""target"":""source:src-dr""}"
claim:0011,area:structure,IN_AREA,"{""rel"":""IN_AREA"",""source"":""claim:0011"",""target"":""area:structure""}"
claim:0012,entity:unknown,ABOUT,"{""rel"":""ABOUT"",""source"":""claim:0012"",""target"":""entity:unknown""}"
claim:0012,metric:revenue,MEASURES,"{""rel"":""MEASURES"",""source"":""claim:0012"",""target"":""metric:revenue""}"
claim:0012,period:fy2025,IN_PERIOD,"{""rel"":""IN_PERIOD"",""source"":""claim:0012"",""target"":""period:fy2025""}"
claim:0012,perimeter:unknown,SCOPED_TO,"{""rel"":""SCOPED_TO"",""source"":""claim:0012"",""target"":""perimeter:unknown""}"
claim:0012,source:src-dr,FROM_SOURCE,"{""rel"":""FROM_SOURCE"",""source"":""claim:0012"",""target"":""source:src-dr""}"
claim:0012,claim:0021,TRACKS,"{""rel"":""TRACKS"",""source"":""claim:0012"",""target"":""claim:0021""}"
claim:0012,claim:0036,TRACKS,"{""rel"":""TRACKS"",""source"":""claim:0012"",""target"":""claim:0036""}"
claim:0012,claim:0203,TRACKS,"{""rel"":""TRACKS"",""source"":""claim:0012"",""target"":""claim:0203""}"
claim:0013,entity:unknown,ABOUT,"{""rel"":""ABOUT"",""source"":""claim:0013"",""target"":""entity:unknown""}"
claim:0013,metric:gross_profit,MEASURES,"{""rel"":""MEASURES"",""source"":""claim:0013"",""target"":""metric:gross_profit""}"
claim:0013,period:fy2025,IN_PERIOD,"{""rel"":""IN_PERIOD"",""source"":""claim:0013"",""target"":""period:fy2025""}"
claim:0013,perimeter:unknown,SCOPED_TO,"{""rel"":""SCOPED_TO"",""source"":""claim:0013"",""target"":""perimeter:unknown""}"
claim:0013,source:src-dr,FROM_SOURCE,"{""rel"":""FROM_SOURCE"",""source"":""claim:0013"",""target"":""source:src-dr""}"
claim:0014,entity:unknown,ABOUT,"{""rel"":""ABOUT"",""source"":""claim:0014"",""target"":""entity:unknown""}"
claim:0014,metric:gross_margin,MEASURES,"{""rel"":""MEASURES"",""source"":""claim:0014"",""target"":""metric:gross_margin""}"
claim:0014,period:fy2025,IN_PERIOD,"{""rel"":""IN_PERIOD"",""source"":""claim:0014"",""target"":""period:fy2025""}"
claim:0014,perimeter:unknown,SCOPED_TO,"{""rel"":""SCOPED_TO"",""source"":""claim:0014"",""target"":""perimeter:unknown""}"
claim:0014,source:src-dr,FROM_SOURCE,"{""rel"":""FROM_SOURCE"",""source"":""claim:0014"",""target"":""source:src-dr""}"
claim:0014,claim:0145,CHALLENGES,"{""rel"":""CHALLENGES"",""source"":""claim:0014"",""target"":""claim:0145""}"
claim:0014,claim:0146,CHALLENGES,"{""rel"":""CHALLENGES"",""source"":""claim:0014"",""target"":""claim:0146""}"
claim:0014,claim:0147,CHALLENGES,"{""rel"":""CHALLENGES"",""source"":""claim:0014"",""target"":""claim:0147""}"
claim:0014,claim:0235,CHALLENGES,"{""rel"":""CHALLENGES"",""source"":""claim:0014"",""target"":""claim:0235""}"
claim:0014,claim:0007,DERIVES_FROM,"{""rel"":""DERIVES_FROM"",""source"":""claim:0014"",""target"":""claim:0007""}"
claim:0014,claim:0012,DERIVES_FROM,"{""rel"":""DERIVES_FROM"",""source"":""claim:0014"",""target"":""claim:0012""}"
claim:0014,claim:0013,DERIVES_FROM,"{""rel"":""DERIVES_FROM"",""source"":""claim:0014"",""target"":""claim:0013""}"
claim:0014,claim:0021,DERIVES_FROM,"{""rel"":""DERIVES_FROM"",""source"":""claim:0014"",""target"":""claim:0021""}"
claim:0014,claim:0029,DERIVES_FROM,"{""rel"":""DERIVES_FROM"",""source"":""claim:0014"",""target"":""claim:0029""}"
claim:0014,claim:0031,DERIVES_FROM,"{""rel"":""DERIVES_FROM"",""source"":""claim:0014"",""target"":""claim:0031""}"
claim:0014,claim:0032,DERIVES_FROM,"{""rel"":""DERIVES_FROM"",""source"":""claim:0014"",""target"":""claim:0032""}"
claim:0014,claim:0036,DERIVES_FROM,"{""rel"":""DERIVES_FROM"",""source"":""claim:0014"",""target"":""claim:0036""}"
claim:0014,claim:0065,DERIVES_FROM,"{""rel"":""DERIVES_FROM"",""source"":""claim:0014"",""target"":""claim:0065""}"
claim:0014,claim:0073,DERIVES_FROM,"{""rel"":""DERIVES_FROM"",""source"":""claim:0014"",""target"":""claim:0073""}"
claim:0014,claim:0143,DERIVES_FROM,"{""rel"":""DERIVES_FROM"",""source"":""claim:0014"",""target"":""claim:0143""}"
claim:0014,claim:0144,DERIVES_FROM,"{""rel"":""DERIVES_FROM"",""source"":""claim:0014"",""target"":""claim:0144""}"
claim:0014,claim:0149,DERIVES_FROM,"{""rel"":""DERIVES_FROM"",""source"":""claim:0014"",""target"":""claim:0149""}"
claim:0014,claim:0150,DERIVES_FROM,"{""rel"":""DERIVES_FROM"",""source"":""claim:0014"",""target"":""claim:0150""}"
claim:0014,claim:0151,DERIVES_FROM,"{""rel"":""DERIVES_FROM"",""source"":""claim:0014"",""target"":""claim:0151""}"
claim:0014,claim:0152,DERIVES_FROM,"{""rel"":""DERIVES_FROM"",""source"":""claim:0014"",""target"":""claim:0152""}"
claim:0014,claim:0203,DERIVES_FROM,"{""rel"":""DERIVES_FROM"",""source"":""claim:0014"",""target"":""claim:0203""}"
claim:0014,claim:0208,DERIVES_FROM,"{""rel"":""DERIVES_FROM"",""source"":""claim:0014"",""target"":""claim:0208""}"
claim:0014,claim:0219,DERIVES_FROM,"{""rel"":""DERIVES_FROM"",""source"":""claim:0014"",""target"":""claim:0219""}"
claim:0014,claim:0227,DERIVES_FROM,"{""rel"":""DERIVES_FROM"",""source"":""claim:0014"",""target"":""claim:0227""}"
claim:0014,claim:0234,DERIVES_FROM,"{""rel"":""DERIVES_FROM"",""source"":""claim:0014"",""target"":""claim:0234""}"
claim:0015,entity:unknown,ABOUT,"{""rel"":""ABOUT"",""source"":""claim:0015"",""target"":""entity:unknown""}"
claim:0015,metric:customer_concentration,MEASURES,"{""rel"":""MEASURES"",""source"":""claim:0015"",""target"":""metric:customer_concentration""}"
claim:0015,perimeter:unknown,SCOPED_TO,"{""rel"":""SCOPED_TO"",""source"":""claim:0015"",""target"":""perimeter:unknown""}"
claim:0015,source:src-dr,FROM_SOURCE,"{""rel"":""FROM_SOURCE"",""source"":""claim:0015"",""target"":""source:src-dr""}"
claim:0015,author:data_room_extract,BY_AUTHOR,"{""rel"":""BY_AUTHOR"",""source"":""claim:0015"",""target"":""author:data_room_extract""}"
claim:0015,area:customer,IN_AREA,"{""rel"":""IN_AREA"",""source"":""claim:0015"",""target"":""area:customer""}"
claim:0015,claim:0076,CHALLENGES,"{""rel"":""CHALLENGES"",""source"":""claim:0015"",""target"":""claim:0076""}"
claim:0015,claim:0037,SUPPORTS,"{""rel"":""SUPPORTS"",""source"":""claim:0015"",""target"":""claim:0037""}"
claim:0015,claim:0283,SUPPORTS,"{""rel"":""SUPPORTS"",""source"":""claim:0015"",""target"":""claim:0283""}"
claim:0016,entity:unknown,ABOUT,"{""rel"":""ABOUT"",""source"":""claim:0016"",""target"":""entity:unknown""}"
claim:0016,metric:customer_concentration,MEASURES,"{""rel"":""MEASURES"",""source"":""claim:0016"",""target"":""metric:customer_concentration""}"
claim:0016,perimeter:unknown,SCOPED_TO,"{""rel"":""SCOPED_TO"",""source"":""claim:0016"",""target"":""perimeter:unknown""}"
claim:0016,source:src-dr,FROM_SOURCE,"{""rel"":""FROM_SOURCE"",""source"":""claim:0016"",""target"":""source:src-dr""}"
claim:0016,author:data_room_extract,BY_AUTHOR,"{""rel"":""BY_AUTHOR"",""source"":""claim:0016"",""target"":""author:data_room_extract""}"
claim:0016,area:customer,IN_AREA,"{""rel"":""IN_AREA"",""source"":""claim:0016"",""target"":""area:customer""}"
claim:0016,claim:0076,CHALLENGES,"{""rel"":""CHALLENGES"",""source"":""claim:0016"",""target"":""claim:0076""}"
claim:0016,claim:0037,SUPPORTS,"{""rel"":""SUPPORTS"",""source"":""claim:0016"",""target"":""claim:0037""}"
claim:0016,claim:0283,SUPPORTS,"{""rel"":""SUPPORTS"",""source"":""claim:0016"",""target"":""claim:0283""}"
claim:0017,entity:unknown,ABOUT,"{""rel"":""ABOUT"",""source"":""claim:0017"",""target"":""entity:unknown""}"
claim:0017,metric:customer_concentration,MEASURES,"{""rel"":""MEASURES"",""source"":""claim:0017"",""target"":""metric:customer_concentration""}"
claim:0017,perimeter:unknown,SCOPED_TO,"{""rel"":""SCOPED_TO"",""source"":""claim:0017"",""target"":""perimeter:unknown""}"
claim:0017,source:src-dr,FROM_SOURCE,"{""rel"":""FROM_SOURCE"",""source"":""claim:0017"",""target"":""source:src-dr""}"
claim:0017,author:data_room_extract,BY_AUTHOR,"{""rel"":""BY_AUTHOR"",""source"":""claim:0017"",""target"":""author:data_room_extract""}"
claim:0017,area:customer,IN_AREA,"{""rel"":""IN_AREA"",""source"":""claim:0017"",""target"":""area:customer""}"
claim:0017,claim:0076,CHALLENGES,"{""rel"":""CHALLENGES"",""source"":""claim:0017"",""target"":""claim:0076""}"
claim:0017,claim:0037,SUPPORTS,"{""rel"":""SUPPORTS"",""source"":""claim:0017"",""target"":""claim:0037""}"
claim:0017,claim:0283,SUPPORTS,"{""rel"":""SUPPORTS"",""source"":""claim:0017"",""target"":""claim:0283""}"
claim:0018,entity:unknown,ABOUT,"{""rel"":""ABOUT"",""source"":""claim:0018"",""target"":""entity:unknown""}"
claim:0018,metric:recurring_revenue,MEASURES,"{""rel"":""MEASURES"",""source"":""claim:0018"",""target"":""metric:recurring_revenue""}"
claim:0018,perimeter:unknown,SCOPED_TO,"{""rel"":""SCOPED_TO"",""source"":""claim:0018"",""target"":""perimeter:unknown""}"
claim:0018,source:src-dr,FROM_SOURCE,"{""rel"":""FROM_SOURCE"",""source"":""claim:0018"",""target"":""source:src-dr""}"
claim:0018,author:data_room_extract,BY_AUTHOR,"{""rel"":""BY_AUTHOR"",""source"":""claim:0018"",""target"":""author:data_room_extract""}"
claim:0018,claim:0012,CHALLENGES,"{""rel"":""CHALLENGES"",""source"":""claim:0018"",""target"":""claim:0012""}"
claim:0018,claim:0203,CHALLENGES,"{""rel"":""CHALLENGES"",""source"":""claim:0018"",""target"":""claim:0203""}"
claim:0018,claim:0234,CHALLENGES,"{""rel"":""CHALLENGES"",""source"":""claim:0018"",""target"":""claim:0234""}"
claim:0019,entity:riverton_group,ABOUT,"{""rel"":""ABOUT"",""source"":""claim:0019"",""target"":""entity:riverton_group""}"
claim:0019,metric:customer_concentration,MEASURES,"{""rel"":""MEASURES"",""source"":""claim:0019"",""target"":""metric:customer_concentration""}"
claim:0019,perimeter:riverton_group,SCOPED_TO,"{""rel"":""SCOPED_TO"",""source"":""claim:0019"",""target"":""perimeter:riverton_group""}"
claim:0019,source:src-dr,FROM_SOURCE,"{""rel"":""FROM_SOURCE"",""source"":""claim:0019"",""target"":""source:src-dr""}"
claim:0019,area:customer,IN_AREA,"{""rel"":""IN_AREA"",""source"":""claim:0019"",""target"":""area:customer""}"
claim:0019,claim:0039,SUPPORTS,"{""rel"":""SUPPORTS"",""source"":""claim:0019"",""target"":""claim:0039""}"
claim:0020,entity:riverton_group,ABOUT,"{""rel"":""ABOUT"",""source"":""claim:0020"",""target"":""entity:riverton_group""}"
claim:0020,metric:customer_concentration,MEASURES,"{""rel"":""MEASURES"",""source"":""claim:0020"",""target"":""metric:customer_concentration""}"
claim:0020,perimeter:riverton_group,SCOPED_TO,"{""rel"":""SCOPED_TO"",""source"":""claim:0020"",""target"":""perimeter:riverton_group""}"
claim:0020,source:src-dr,FROM_SOURCE,"{""rel"":""FROM_SOURCE"",""source"":""claim:0020"",""target"":""source:src-dr""}"
claim:0020,area:customer,IN_AREA,"{""rel"":""IN_AREA"",""source"":""claim:0020"",""target"":""area:customer""}"
claim:0020,claim:0039,SUPPORTS,"{""rel"":""SUPPORTS"",""source"":""claim:0020"",""target"":""claim:0039""}"
claim:0021,entity:unknown,ABOUT,"{""rel"":""ABOUT"",""source"":""claim:0021"",""target"":""entity:unknown""}"
claim:0021,metric:revenue,MEASURES,"{""rel"":""MEASURES"",""source"":""claim:0021"",""target"":""metric:revenue""}"
claim:0021,period:fy2025a,IN_PERIOD,"{""rel"":""IN_PERIOD"",""source"":""claim:0021"",""target"":""period:fy2025a""}"
claim:0021,perimeter:unknown,SCOPED_TO,"{""rel"":""SCOPED_TO"",""source"":""claim:0021"",""target"":""perimeter:unknown""}"
claim:0021,source:src-dr,FROM_SOURCE,"{""rel"":""FROM_SOURCE"",""source"":""claim:0021"",""target"":""source:src-dr""}"
claim:0021,author:customer_ledger_/_ks-dl-1.2,BY_AUTHOR,"{""rel"":""BY_AUTHOR"",""source"":""claim:0021"",""target"":""author:customer_ledger_/_ks-dl-1.2""}"
claim:0021,claim:0203,TRACKS,"{""rel"":""TRACKS"",""source"":""claim:0021"",""target"":""claim:0203""}"
claim:0021,claim:0234,CHALLENGES,"{""rel"":""CHALLENGES"",""source"":""claim:0021"",""target"":""claim:0234""}"
claim:0022,entity:unknown,ABOUT,"{""rel"":""ABOUT"",""source"":""claim:0022"",""target"":""entity:unknown""}"
claim:0022,metric:customer_concentration,MEASURES,"{""rel"":""MEASURES"",""source"":""claim:0022"",""target"":""metric:customer_concentration""}"
claim:0022,period:fy2025a,IN_PERIOD,"{""rel"":""IN_PERIOD"",""source"":""claim:0022"",""target"":""period:fy2025a""}"
claim:0022,perimeter:unknown,SCOPED_TO,"{""rel"":""SCOPED_TO"",""source"":""claim:0022"",""target"":""perimeter:unknown""}"
claim:0022,source:src-dr,FROM_SOURCE,"{""rel"":""FROM_SOURCE"",""source"":""claim:0022"",""target"":""source:src-dr""}"
claim:0022,author:customer_ledger_/_ks-dl-1.2,BY_AUTHOR,"{""rel"":""BY_AUTHOR"",""source"":""claim:0022"",""target"":""author:customer_ledger_/_ks-dl-1.2""}"
claim:0022,area:customer,IN_AREA,"{""rel"":""IN_AREA"",""source"":""claim:0022"",""target"":""area:customer""}"
claim:0022,claim:0076,CHALLENGES,"{""rel"":""CHALLENGES"",""source"":""claim:0022"",""target"":""claim:0076""}"
claim:0022,claim:0037,SUPPORTS,"{""rel"":""SUPPORTS"",""source"":""claim:0022"",""target"":""claim:0037""}"
claim:0022,claim:0283,SUPPORTS,"{""rel"":""SUPPORTS"",""source"":""claim:0022"",""target"":""claim:0283""}"
claim:0023,entity:unknown,ABOUT,"{""rel"":""ABOUT"",""source"":""claim:0023"",""target"":""entity:unknown""}"
claim:0023,metric:customer_contract_terms,MEASURES,"{""rel"":""MEASURES"",""source"":""claim:0023"",""target"":""metric:customer_contract_terms""}"
claim:0023,period:fy2025a,IN_PERIOD,"{""rel"":""IN_PERIOD"",""source"":""claim:0023"",""target"":""period:fy2025a""}"
claim:0023,perimeter:unknown,SCOPED_TO,"{""rel"":""SCOPED_TO"",""source"":""claim:0023"",""target"":""perimeter:unknown""}"
claim:0023,source:src-dr,FROM_SOURCE,"{""rel"":""FROM_SOURCE"",""source"":""claim:0023"",""target"":""source:src-dr""}"
claim:0023,author:customer_ledger_/_ks-dl-1.2,BY_AUTHOR,"{""rel"":""BY_AUTHOR"",""source"":""claim:0023"",""target"":""author:customer_ledger_/_ks-dl-1.2""}"
claim:0023,area:customer,IN_AREA,"{""rel"":""IN_AREA"",""source"":""claim:0023"",""target"":""area:customer""}"
claim:0023,claim:0003,CONTRADICTS,"{""rel"":""CONTRADICTS"",""source"":""claim:0023"",""target"":""claim:0003""}"
claim:0023,claim:0037,SUPPORTS,"{""rel"":""SUPPORTS"",""source"":""claim:0023"",""target"":""claim:0037""}"
claim:0023,claim:0283,SUPPORTS,"{""rel"":""SUPPORTS"",""source"":""claim:0023"",""target"":""claim:0283""}"
claim:0024,entity:unknown,ABOUT,"{""rel"":""ABOUT"",""source"":""claim:0024"",""target"":""entity:unknown""}"
claim:0024,metric:customer_retention,MEASURES,"{""rel"":""MEASURES"",""source"":""claim:0024"",""target"":""metric:customer_retention""}"
claim:0024,period:fy2025a,IN_PERIOD,"{""rel"":""IN_PERIOD"",""source"":""claim:0024"",""target"":""period:fy2025a""}"
claim:0024,perimeter:unknown,SCOPED_TO,"{""rel"":""SCOPED_TO"",""source"":""claim:0024"",""target"":""perimeter:unknown""}"
claim:0024,source:src-dr,FROM_SOURCE,"{""rel"":""FROM_SOURCE"",""source"":""claim:0024"",""target"":""source:src-dr""}"
claim:0024,author:customer_ledger_/_ks-dl-1.2,BY_AUTHOR,"{""rel"":""BY_AUTHOR"",""source"":""claim:0024"",""target"":""author:customer_ledger_/_ks-dl-1.2""}"
claim:0024,area:customer,IN_AREA,"{""rel"":""IN_AREA"",""source"":""claim:0024"",""target"":""area:customer""}"
claim:0024,claim:0001,CHALLENGES,"{""rel"":""CHALLENGES"",""source"":""claim:0024"",""target"":""claim:0001""}"
claim:0024,claim:0037,SUPPORTS,"{""rel"":""SUPPORTS"",""source"":""claim:0024"",""target"":""claim:0037""}"
claim:0024,claim:0283,SUPPORTS,"{""rel"":""SUPPORTS"",""source"":""claim:0024"",""target"":""claim:0283""}"
claim:0025,entity:unknown,ABOUT,"{""rel"":""ABOUT"",""source"":""claim:0025"",""target"":""entity:unknown""}"
claim:0025,metric:customer_concentration,MEASURES,"{""rel"":""MEASURES"",""source"":""claim:0025"",""target"":""metric:customer_concentration""}"
claim:0025,perimeter:unknown,SCOPED_TO,"{""rel"":""SCOPED_TO"",""source"":""claim:0025"",""target"":""perimeter:unknown""}"
claim:0025,source:src-dr,FROM_SOURCE,"{""rel"":""FROM_SOURCE"",""source"":""claim:0025"",""target"":""source:src-dr""}"
claim:0025,author:qoe_provider,BY_AUTHOR,"{""rel"":""BY_AUTHOR"",""source"":""claim:0025"",""target"":""author:qoe_provider""}"
claim:0025,area:customer,IN_AREA,"{""rel"":""IN_AREA"",""source"":""claim:0025"",""target"":""area:customer""}"
claim:0025,claim:0076,CHALLENGES,"{""rel"":""CHALLENGES"",""source"":""claim:0025"",""target"":""claim:0076""}"
claim:0025,claim:0037,SUPPORTS,"{""rel"":""SUPPORTS"",""source"":""claim:0025"",""target"":""claim:0037""}"
claim:0025,claim:0283,SUPPORTS,"{""rel"":""SUPPORTS"",""source"":""claim:0025"",""target"":""claim:0283""}"
claim:0026,entity:unknown,ABOUT,"{""rel"":""ABOUT"",""source"":""claim:0026"",""target"":""entity:unknown""}"
claim:0026,metric:customer_concentration,MEASURES,"{""rel"":""MEASURES"",""source"":""claim:0026"",""target"":""metric:customer_concentration""}"
claim:0026,perimeter:unknown,SCOPED_TO,"{""rel"":""SCOPED_TO"",""source"":""claim:0026"",""target"":""perimeter:unknown""}"
claim:0026,source:src-dr,FROM_SOURCE,"{""rel"":""FROM_SOURCE"",""source"":""claim:0026"",""target"":""source:src-dr""}"
claim:0026,author:qoe_provider,BY_AUTHOR,"{""rel"":""BY_AUTHOR"",""source"":""claim:0026"",""target"":""author:qoe_provider""}"
claim:0026,area:customer,IN_AREA,"{""rel"":""IN_AREA"",""source"":""claim:0026"",""target"":""area:customer""}"
claim:0026,claim:0076,CHALLENGES,"{""rel"":""CHALLENGES"",""source"":""claim:0026"",""target"":""claim:0076""}"
claim:0026,claim:0037,SUPPORTS,"{""rel"":""SUPPORTS"",""source"":""claim:0026"",""target"":""claim:0037""}"
claim:0026,claim:0283,SUPPORTS,"{""rel"":""SUPPORTS"",""source"":""claim:0026"",""target"":""claim:0283""}"
claim:0027,entity:unknown,ABOUT,"{""rel"":""ABOUT"",""source"":""claim:0027"",""target"":""entity:unknown""}"
claim:0027,metric:customer_concentration,MEASURES,"{""rel"":""MEASURES"",""source"":""claim:0027"",""target"":""metric:customer_concentration""}"
claim:0027,perimeter:unknown,SCOPED_TO,"{""rel"":""SCOPED_TO"",""source"":""claim:0027"",""target"":""perimeter:unknown""}"
claim:0027,source:src-dr,FROM_SOURCE,"{""rel"":""FROM_SOURCE"",""source"":""claim:0027"",""target"":""source:src-dr""}"
claim:0027,author:qoe_provider,BY_AUTHOR,"{""rel"":""BY_AUTHOR"",""source"":""claim:0027"",""target"":""author:qoe_provider""}"
claim:0027,area:customer,IN_AREA,"{""rel"":""IN_AREA"",""source"":""claim:0027"",""target"":""area:customer""}"
claim:0027,claim:0076,CHALLENGES,"{""rel"":""CHALLENGES"",""source"":""claim:0027"",""target"":""claim:0076""}"
claim:0027,claim:0037,SUPPORTS,"{""rel"":""SUPPORTS"",""source"":""claim:0027"",""target"":""claim:0037""}"
claim:0027,claim:0283,SUPPORTS,"{""rel"":""SUPPORTS"",""source"":""claim:0027"",""target"":""claim:0283""}"
claim:0028,entity:unknown,ABOUT,"{""rel"":""ABOUT"",""source"":""claim:0028"",""target"":""entity:unknown""}"
claim:0028,metric:customer_concentration,MEASURES,"{""rel"":""MEASURES"",""source"":""claim:0028"",""target"":""metric:customer_concentration""}"
claim:0028,perimeter:unknown,SCOPED_TO,"{""rel"":""SCOPED_TO"",""source"":""claim:0028"",""target"":""perimeter:unknown""}"
claim:0028,source:src-dr,FROM_SOURCE,"{""rel"":""FROM_SOURCE"",""source"":""claim:0028"",""target"":""source:src-dr""}"
claim:0028,author:qoe_provider,BY_AUTHOR,"{""rel"":""BY_AUTHOR"",""source"":""claim:0028"",""target"":""author:qoe_provider""}"
claim:0028,area:customer,IN_AREA,"{""rel"":""IN_AREA"",""source"":""claim:0028"",""target"":""area:customer""}"
claim:0028,claim:0076,CHALLENGES,"{""rel"":""CHALLENGES"",""source"":""claim:0028"",""target"":""claim:0076""}"
claim:0028,claim:0037,SUPPORTS,"{""rel"":""SUPPORTS"",""source"":""claim:0028"",""target"":""claim:0037""}"
claim:0028,claim:0283,SUPPORTS,"{""rel"":""SUPPORTS"",""source"":""claim:0028"",""target"":""claim:0283""}"
claim:0029,entity:riverton_group,ABOUT,"{""rel"":""ABOUT"",""source"":""claim:0029"",""target"":""entity:riverton_group""}"
claim:0029,metric:revenue,MEASURES,"{""rel"":""MEASURES"",""source"":""claim:0029"",""target"":""metric:revenue""}"
claim:0029,period:fy2025,IN_PERIOD,"{""rel"":""IN_PERIOD"",""source"":""claim:0029"",""target"":""period:fy2025""}"
claim:0029,perimeter:riverton_group,SCOPED_TO,"{""rel"":""SCOPED_TO"",""source"":""claim:0029"",""target"":""perimeter:riverton_group""}"
claim:0029,source:src-dr,FROM_SOURCE,"{""rel"":""FROM_SOURCE"",""source"":""claim:0029"",""target"":""source:src-dr""}"
claim:0029,claim:0168,TRACKS,"{""rel"":""TRACKS"",""source"":""claim:0029"",""target"":""claim:0168""}"
claim:0030,entity:riverton_group,ABOUT,"{""rel"":""ABOUT"",""source"":""claim:0030"",""target"":""entity:riverton_group""}"
claim:0030,metric:gross_margin,MEASURES,"{""rel"":""MEASURES"",""source"":""claim:0030"",""target"":""metric:gross_margin""}"
claim:0030,period:fy2025,IN_PERIOD,"{""rel"":""IN_PERIOD"",""source"":""claim:0030"",""target"":""period:fy2025""}"
claim:0030,perimeter:riverton_group,SCOPED_TO,"{""rel"":""SCOPED_TO"",""source"":""claim:0030"",""target"":""perimeter:riverton_group""}"
claim:0030,source:src-dr,FROM_SOURCE,"{""rel"":""FROM_SOURCE"",""source"":""claim:0030"",""target"":""source:src-dr""}"
claim:0030,claim:0167,TRACKS,"{""rel"":""TRACKS"",""source"":""claim:0030"",""target"":""claim:0167""}"
claim:0031,entity:riverton_group,ABOUT,"{""rel"":""ABOUT"",""source"":""claim:0031"",""target"":""entity:riverton_group""}"
claim:0031,metric:revenue,MEASURES,"{""rel"":""MEASURES"",""source"":""claim:0031"",""target"":""metric:revenue""}"
claim:0031,period:fy2025,IN_PERIOD,"{""rel"":""IN_PERIOD"",""source"":""claim:0031"",""target"":""period:fy2025""}"
claim:0031,perimeter:riverton_group,SCOPED_TO,"{""rel"":""SCOPED_TO"",""source"":""claim:0031"",""target"":""perimeter:riverton_group""}"
claim:0031,source:src-dr,FROM_SOURCE,"{""rel"":""FROM_SOURCE"",""source"":""claim:0031"",""target"":""source:src-dr""}"
claim:0031,claim:0168,TRACKS,"{""rel"":""TRACKS"",""source"":""claim:0031"",""target"":""claim:0168""}"
claim:0032,entity:riverton_group,ABOUT,"{""rel"":""ABOUT"",""source"":""claim:0032"",""target"":""entity:riverton_group""}"
claim:0032,metric:revenue,MEASURES,"{""rel"":""MEASURES"",""source"":""claim:0032"",""target"":""metric:revenue""}"
claim:0032,period:fy2025,IN_PERIOD,"{""rel"":""IN_PERIOD"",""source"":""claim:0032"",""target"":""period:fy2025""}"
claim:0032,perimeter:riverton_group,SCOPED_TO,"{""rel"":""SCOPED_TO"",""source"":""claim:0032"",""target"":""perimeter:riverton_group""}"
claim:0032,source:src-dr,FROM_SOURCE,"{""rel"":""FROM_SOURCE"",""source"":""claim:0032"",""target"":""source:src-dr""}"
claim:0032,claim:0168,TRACKS,"{""rel"":""TRACKS"",""source"":""claim:0032"",""target"":""claim:0168""}"
claim:0033,entity:unknown,ABOUT,"{""rel"":""ABOUT"",""source"":""claim:0033"",""target"":""entity:unknown""}"
claim:0033,metric:customer_concentration,MEASURES,"{""rel"":""MEASURES"",""source"":""claim:0033"",""target"":""metric:customer_concentration""}"
claim:0033,perimeter:unknown,SCOPED_TO,"{""rel"":""SCOPED_TO"",""source"":""claim:0033"",""target"":""perimeter:unknown""}"
claim:0033,source:src-dr,FROM_SOURCE,"{""rel"":""FROM_SOURCE"",""source"":""claim:0033"",""target"":""source:src-dr""}"
claim:0033,area:customer,IN_AREA,"{""rel"":""IN_AREA"",""source"":""claim:0033"",""target"":""area:customer""}"
claim:0033,claim:0076,CHALLENGES,"{""rel"":""CHALLENGES"",""source"":""claim:0033"",""target"":""claim:0076""}"
claim:0033,claim:0037,SUPPORTS,"{""rel"":""SUPPORTS"",""source"":""claim:0033"",""target"":""claim:0037""}"
claim:0033,claim:0283,SUPPORTS,"{""rel"":""SUPPORTS"",""source"":""claim:0033"",""target"":""claim:0283""}"
claim:0034,entity:unknown,ABOUT,"{""rel"":""ABOUT"",""source"":""claim:0034"",""target"":""entity:unknown""}"
claim:0034,metric:customer_concentration,MEASURES,"{""rel"":""MEASURES"",""source"":""claim:0034"",""target"":""metric:customer_concentration""}"
claim:0034,perimeter:unknown,SCOPED_TO,"{""rel"":""SCOPED_TO"",""source"":""claim:0034"",""target"":""perimeter:unknown""}"
claim:0034,source:src-dr,FROM_SOURCE,"{""rel"":""FROM_SOURCE"",""source"":""claim:0034"",""target"":""source:src-dr""}"
claim:0034,area:customer,IN_AREA,"{""rel"":""IN_AREA"",""source"":""claim:0034"",""target"":""area:customer""}"
claim:0034,claim:0076,CHALLENGES,"{""rel"":""CHALLENGES"",""source"":""claim:0034"",""target"":""claim:0076""}"
claim:0034,claim:0037,SUPPORTS,"{""rel"":""SUPPORTS"",""source"":""claim:0034"",""target"":""claim:0037""}"
claim:0034,claim:0283,SUPPORTS,"{""rel"":""SUPPORTS"",""source"":""claim:0034"",""target"":""claim:0283""}"
claim:0035,entity:unknown,ABOUT,"{""rel"":""ABOUT"",""source"":""claim:0035"",""target"":""entity:unknown""}"
claim:0035,metric:customer_concentration,MEASURES,"{""rel"":""MEASURES"",""source"":""claim:0035"",""target"":""metric:customer_concentration""}"
claim:0035,perimeter:unknown,SCOPED_TO,"{""rel"":""SCOPED_TO"",""source"":""claim:0035"",""target"":""perimeter:unknown""}"
claim:0035,source:src-dr,FROM_SOURCE,"{""rel"":""FROM_SOURCE"",""source"":""claim:0035"",""target"":""source:src-dr""}"
claim:0035,area:customer,IN_AREA,"{""rel"":""IN_AREA"",""source"":""claim:0035"",""target"":""area:customer""}"
claim:0035,claim:0076,CHALLENGES,"{""rel"":""CHALLENGES"",""source"":""claim:0035"",""target"":""claim:0076""}"
claim:0035,claim:0037,SUPPORTS,"{""rel"":""SUPPORTS"",""source"":""claim:0035"",""target"":""claim:0037""}"
claim:0035,claim:0283,SUPPORTS,"{""rel"":""SUPPORTS"",""source"":""claim:0035"",""target"":""claim:0283""}"
claim:0036,entity:unknown,ABOUT,"{""rel"":""ABOUT"",""source"":""claim:0036"",""target"":""entity:unknown""}"
claim:0036,metric:revenue,MEASURES,"{""rel"":""MEASURES"",""source"":""claim:0036"",""target"":""metric:revenue""}"
claim:0036,period:fy2025a,IN_PERIOD,"{""rel"":""IN_PERIOD"",""source"":""claim:0036"",""target"":""period:fy2025a""}"
claim:0036,perimeter:unknown,SCOPED_TO,"{""rel"":""SCOPED_TO"",""source"":""claim:0036"",""target"":""perimeter:unknown""}"
claim:0036,source:src-dr,FROM_SOURCE,"{""rel"":""FROM_SOURCE"",""source"":""claim:0036"",""target"":""source:src-dr""}"
claim:0036,claim:0203,TRACKS,"{""rel"":""TRACKS"",""source"":""claim:0036"",""target"":""claim:0203""}"
claim:0036,claim:0234,CHALLENGES,"{""rel"":""CHALLENGES"",""source"":""claim:0036"",""target"":""claim:0234""}"
claim:0037,entity:unknown,ABOUT,"{""rel"":""ABOUT"",""source"":""claim:0037"",""target"":""entity:unknown""}"
claim:0037,metric:customer_concentration,MEASURES,"{""rel"":""MEASURES"",""source"":""claim:0037"",""target"":""metric:customer_concentration""}"
claim:0037,perimeter:unknown,SCOPED_TO,"{""rel"":""SCOPED_TO"",""source"":""claim:0037"",""target"":""perimeter:unknown""}"
claim:0037,source:src-dr,FROM_SOURCE,"{""rel"":""FROM_SOURCE"",""source"":""claim:0037"",""target"":""source:src-dr""}"
claim:0037,author:data_room,BY_AUTHOR,"{""rel"":""BY_AUTHOR"",""source"":""claim:0037"",""target"":""author:data_room""}"
claim:0037,area:customer,IN_AREA,"{""rel"":""IN_AREA"",""source"":""claim:0037"",""target"":""area:customer""}"
claim:0038,entity:unknown,ABOUT,"{""rel"":""ABOUT"",""source"":""claim:0038"",""target"":""entity:unknown""}"
claim:0038,metric:recurring_revenue,MEASURES,"{""rel"":""MEASURES"",""source"":""claim:0038"",""target"":""metric:recurring_revenue""}"
claim:0038,perimeter:unknown,SCOPED_TO,"{""rel"":""SCOPED_TO"",""source"":""claim:0038"",""target"":""perimeter:unknown""}"
claim:0038,source:src-dr,FROM_SOURCE,"{""rel"":""FROM_SOURCE"",""source"":""claim:0038"",""target"":""source:src-dr""}"
claim:0038,author:data_room,BY_AUTHOR,"{""rel"":""BY_AUTHOR"",""source"":""claim:0038"",""target"":""author:data_room""}"
claim:0039,entity:riverton_group,ABOUT,"{""rel"":""ABOUT"",""source"":""claim:0039"",""target"":""entity:riverton_group""}"
claim:0039,metric:customer_concentration,MEASURES,"{""rel"":""MEASURES"",""source"":""claim:0039"",""target"":""metric:customer_concentration""}"
claim:0039,perimeter:riverton_group,SCOPED_TO,"{""rel"":""SCOPED_TO"",""source"":""claim:0039"",""target"":""perimeter:riverton_group""}"
claim:0039,source:src-dr,FROM_SOURCE,"{""rel"":""FROM_SOURCE"",""source"":""claim:0039"",""target"":""source:src-dr""}"
claim:0039,author:data_room_/_project_ledger,BY_AUTHOR,"{""rel"":""BY_AUTHOR"",""source"":""claim:0039"",""target"":""author:data_room_/_project_ledger""}"
claim:0039,area:customer,IN_AREA,"{""rel"":""IN_AREA"",""source"":""claim:0039"",""target"":""area:customer""}"
claim:0040,entity:riverton_group,ABOUT,"{""rel"":""ABOUT"",""source"":""claim:0040"",""target"":""entity:riverton_group""}"
claim:0040,metric:contract_terms,MEASURES,"{""rel"":""MEASURES"",""source"":""claim:0040"",""target"":""metric:contract_terms""}"
claim:0040,perimeter:riverton_group,SCOPED_TO,"{""rel"":""SCOPED_TO"",""source"":""claim:0040"",""target"":""perimeter:riverton_group""}"
claim:0040,source:src-dr,FROM_SOURCE,"{""rel"":""FROM_SOURCE"",""source"":""claim:0040"",""target"":""source:src-dr""}"
claim:0040,author:data_room_/_project_ledger,BY_AUTHOR,"{""rel"":""BY_AUTHOR"",""source"":""claim:0040"",""target"":""author:data_room_/_project_ledger""}"
claim:0040,area:customer,IN_AREA,"{""rel"":""IN_AREA"",""source"":""claim:0040"",""target"":""area:customer""}"
claim:0040,claim:0039,SUPPORTS,"{""rel"":""SUPPORTS"",""source"":""claim:0040"",""target"":""claim:0039""}"
claim:0041,entity:unknown,ABOUT,"{""rel"":""ABOUT"",""source"":""claim:0041"",""target"":""entity:unknown""}"
claim:0041,metric:headcount,MEASURES,"{""rel"":""MEASURES"",""source"":""claim:0041"",""target"":""metric:headcount""}"
claim:0041,perimeter:unknown,SCOPED_TO,"{""rel"":""SCOPED_TO"",""source"":""claim:0041"",""target"":""perimeter:unknown""}"
claim:0041,source:src-dr,FROM_SOURCE,"{""rel"":""FROM_SOURCE"",""source"":""claim:0041"",""target"":""source:src-dr""}"
claim:0041,author:hris_system,BY_AUTHOR,"{""rel"":""BY_AUTHOR"",""source"":""claim:0041"",""target"":""author:hris_system""}"
claim:0041,area:governance,IN_AREA,"{""rel"":""IN_AREA"",""source"":""claim:0041"",""target"":""area:governance""}"
claim:0042,entity:unknown,ABOUT,"{""rel"":""ABOUT"",""source"":""claim:0042"",""target"":""entity:unknown""}"
claim:0042,metric:team_tenure,MEASURES,"{""rel"":""MEASURES"",""source"":""claim:0042"",""target"":""metric:team_tenure""}"
claim:0042,perimeter:unknown,SCOPED_TO,"{""rel"":""SCOPED_TO"",""source"":""claim:0042"",""target"":""perimeter:unknown""}"
claim:0042,source:src-dr,FROM_SOURCE,"{""rel"":""FROM_SOURCE"",""source"":""claim:0042"",""target"":""source:src-dr""}"
claim:0042,area:governance,IN_AREA,"{""rel"":""IN_AREA"",""source"":""claim:0042"",""target"":""area:governance""}"
claim:0043,entity:unknown,ABOUT,"{""rel"":""ABOUT"",""source"":""claim:0043"",""target"":""entity:unknown""}"
claim:0043,metric:contract_terms,MEASURES,"{""rel"":""MEASURES"",""source"":""claim:0043"",""target"":""metric:contract_terms""}"
claim:0043,perimeter:unknown,SCOPED_TO,"{""rel"":""SCOPED_TO"",""source"":""claim:0043"",""target"":""perimeter:unknown""}"
claim:0043,source:src-dr,FROM_SOURCE,"{""rel"":""FROM_SOURCE"",""source"":""claim:0043"",""target"":""source:src-dr""}"
claim:0043,author:project_ledger,BY_AUTHOR,"{""rel"":""BY_AUTHOR"",""source"":""claim:0043"",""target"":""author:project_ledger""}"
claim:0043,area:customer,IN_AREA,"{""rel"":""IN_AREA"",""source"":""claim:0043"",""target"":""area:customer""}"
claim:0043,claim:0037,SUPPORTS,"{""rel"":""SUPPORTS"",""source"":""claim:0043"",""target"":""claim:0037""}"
claim:0043,claim:0283,SUPPORTS,"{""rel"":""SUPPORTS"",""source"":""claim:0043"",""target"":""claim:0283""}"
claim:0044,entity:unknown,ABOUT,"{""rel"":""ABOUT"",""source"":""claim:0044"",""target"":""entity:unknown""}"
claim:0044,metric:headcount,MEASURES,"{""rel"":""MEASURES"",""source"":""claim:0044"",""target"":""metric:headcount""}"
claim:0044,perimeter:unknown,SCOPED_TO,"{""rel"":""SCOPED_TO"",""source"":""claim:0044"",""target"":""perimeter:unknown""}"
claim:0044,source:src-dr,FROM_SOURCE,"{""rel"":""FROM_SOURCE"",""source"":""claim:0044"",""target"":""source:src-dr""}"
claim:0044,author:hris_system,BY_AUTHOR,"{""rel"":""BY_AUTHOR"",""source"":""claim:0044"",""target"":""author:hris_system""}"
claim:0044,area:governance,IN_AREA,"{""rel"":""IN_AREA"",""source"":""claim:0044"",""target"":""area:governance""}"
claim:0045,entity:unknown,ABOUT,"{""rel"":""ABOUT"",""source"":""claim:0045"",""target"":""entity:unknown""}"
claim:0045,metric:team_tenure,MEASURES,"{""rel"":""MEASURES"",""source"":""claim:0045"",""target"":""metric:team_tenure""}"
claim:0045,perimeter:unknown,SCOPED_TO,"{""rel"":""SCOPED_TO"",""source"":""claim:0045"",""target"":""perimeter:unknown""}"
claim:0045,source:src-dr,FROM_SOURCE,"{""rel"":""FROM_SOURCE"",""source"":""claim:0045"",""target"":""source:src-dr""}"
claim:0045,author:hris_system,BY_AUTHOR,"{""rel"":""BY_AUTHOR"",""source"":""claim:0045"",""target"":""author:hris_system""}"
claim:0045,area:governance,IN_AREA,"{""rel"":""IN_AREA"",""source"":""claim:0045"",""target"":""area:governance""}"
claim:0046,entity:unknown,ABOUT,"{""rel"":""ABOUT"",""source"":""claim:0046"",""target"":""entity:unknown""}"
claim:0046,metric:headcount,MEASURES,"{""rel"":""MEASURES"",""source"":""claim:0046"",""target"":""metric:headcount""}"
claim:0046,perimeter:unknown,SCOPED_TO,"{""rel"":""SCOPED_TO"",""source"":""claim:0046"",""target"":""perimeter:unknown""}"
claim:0046,source:src-dr,FROM_SOURCE,"{""rel"":""FROM_SOURCE"",""source"":""claim:0046"",""target"":""source:src-dr""}"
claim:0046,author:hris_system_extract,BY_AUTHOR,"{""rel"":""BY_AUTHOR"",""source"":""claim:0046"",""target"":""author:hris_system_extract""}"
claim:0046,area:governance,IN_AREA,"{""rel"":""IN_AREA"",""source"":""claim:0046"",""target"":""area:governance""}"
claim:0047,entity:keystone_standalone,ABOUT,"{""rel"":""ABOUT"",""source"":""claim:0047"",""target"":""entity:keystone_standalone""}"
claim:0047,metric:headcount,MEASURES,"{""rel"":""MEASURES"",""source"":""claim:0047"",""target"":""metric:headcount""}"
claim:0047,perimeter:keystone_standalone,SCOPED_TO,"{""rel"":""SCOPED_TO"",""source"":""claim:0047"",""target"":""perimeter:keystone_standalone""}"
claim:0047,source:src-dr,FROM_SOURCE,"{""rel"":""FROM_SOURCE"",""source"":""claim:0047"",""target"":""source:src-dr""}"
claim:0047,author:data_room_(hris_system),BY_AUTHOR,"{""rel"":""BY_AUTHOR"",""source"":""claim:0047"",""target"":""author:data_room_(hris_system)""}"
claim:0047,area:governance,IN_AREA,"{""rel"":""IN_AREA"",""source"":""claim:0047"",""target"":""area:governance""}"
claim:0047,claim:0184,REFINES,"{""rel"":""REFINES"",""source"":""claim:0047"",""target"":""claim:0184""}"
claim:0047,claim:0048,SUPPORTS,"{""rel"":""SUPPORTS"",""source"":""claim:0047"",""target"":""claim:0048""}"
claim:0048,entity:keystone_standalone,ABOUT,"{""rel"":""ABOUT"",""source"":""claim:0048"",""target"":""entity:keystone_standalone""}"
claim:0048,metric:team_tenure,MEASURES,"{""rel"":""MEASURES"",""source"":""claim:0048"",""target"":""metric:team_tenure""}"
claim:0048,perimeter:keystone_standalone,SCOPED_TO,"{""rel"":""SCOPED_TO"",""source"":""claim:0048"",""target"":""perimeter:keystone_standalone""}"
claim:0048,source:src-dr,FROM_SOURCE,"{""rel"":""FROM_SOURCE"",""source"":""claim:0048"",""target"":""source:src-dr""}"
claim:0048,author:data_room_(hris_system),BY_AUTHOR,"{""rel"":""BY_AUTHOR"",""source"":""claim:0048"",""target"":""author:data_room_(hris_system)""}"
claim:0048,area:governance,IN_AREA,"{""rel"":""IN_AREA"",""source"":""claim:0048"",""target"":""area:governance""}"
claim:0048,claim:0185,REFINES,"{""rel"":""REFINES"",""source"":""claim:0048"",""target"":""claim:0185""}"
claim:0049,entity:keystone_standalone,ABOUT,"{""rel"":""ABOUT"",""source"":""claim:0049"",""target"":""entity:keystone_standalone""}"
claim:0049,metric:key_person_risk,MEASURES,"{""rel"":""MEASURES"",""source"":""claim:0049"",""target"":""metric:key_person_risk""}"
claim:0049,perimeter:keystone_standalone,SCOPED_TO,"{""rel"":""SCOPED_TO"",""source"":""claim:0049"",""target"":""perimeter:keystone_standalone""}"
claim:0049,source:src-dr,FROM_SOURCE,"{""rel"":""FROM_SOURCE"",""source"":""claim:0049"",""target"":""source:src-dr""}"
claim:0049,author:data_room_(hris_system),BY_AUTHOR,"{""rel"":""BY_AUTHOR"",""source"":""claim:0049"",""target"":""author:data_room_(hris_system)""}"
claim:0049,area:operations,IN_AREA,"{""rel"":""IN_AREA"",""source"":""claim:0049"",""target"":""area:operations""}"
claim:0050,entity:alderstone_standalone,ABOUT,"{""rel"":""ABOUT"",""source"":""claim:0050"",""target"":""entity:alderstone_standalone""}"
claim:0050,metric:headcount,MEASURES,"{""rel"":""MEASURES"",""source"":""claim:0050"",""target"":""metric:headcount""}"
claim:0050,period:opening,IN_PERIOD,"{""rel"":""IN_PERIOD"",""source"":""claim:0050"",""target"":""period:opening""}"
claim:0050,perimeter:alderstone_standalone,SCOPED_TO,"{""rel"":""SCOPED_TO"",""source"":""claim:0050"",""target"":""perimeter:alderstone_standalone""}"
claim:0050,source:src-dr,FROM_SOURCE,"{""rel"":""FROM_SOURCE"",""source"":""claim:0050"",""target"":""source:src-dr""}"
claim:0050,author:alderstone_hris_system,BY_AUTHOR,"{""rel"":""BY_AUTHOR"",""source"":""claim:0050"",""target"":""author:alderstone_hris_system""}"
claim:0050,area:governance,IN_AREA,"{""rel"":""IN_AREA"",""source"":""claim:0050"",""target"":""area:governance""}"
claim:0051,entity:alderstone_standalone,ABOUT,"{""rel"":""ABOUT"",""source"":""claim:0051"",""target"":""entity:alderstone_standalone""}"
claim:0051,metric:team_tenure,MEASURES,"{""rel"":""MEASURES"",""source"":""claim:0051"",""target"":""metric:team_tenure""}"
claim:0051,period:opening,IN_PERIOD,"{""rel"":""IN_PERIOD"",""source"":""claim:0051"",""target"":""period:opening""}"
claim:0051,perimeter:alderstone_standalone,SCOPED_TO,"{""rel"":""SCOPED_TO"",""source"":""claim:0051"",""target"":""perimeter:alderstone_standalone""}"
claim:0051,source:src-dr,FROM_SOURCE,"{""rel"":""FROM_SOURCE"",""source"":""claim:0051"",""target"":""source:src-dr""}"
claim:0051,area:governance,IN_AREA,"{""rel"":""IN_AREA"",""source"":""claim:0051"",""target"":""area:governance""}"
claim:0052,entity:alderstone_consolidated,ABOUT,"{""rel"":""ABOUT"",""source"":""claim:0052"",""target"":""entity:alderstone_consolidated""}"
claim:0052,metric:headcount,MEASURES,"{""rel"":""MEASURES"",""source"":""claim:0052"",""target"":""metric:headcount""}"
claim:0052,period:opening,IN_PERIOD,"{""rel"":""IN_PERIOD"",""source"":""claim:0052"",""target"":""period:opening""}"
claim:0052,perimeter:alderstone_consolidated,SCOPED_TO,"{""rel"":""SCOPED_TO"",""source"":""claim:0052"",""target"":""perimeter:alderstone_consolidated""}"
claim:0052,source:src-dr,FROM_SOURCE,"{""rel"":""FROM_SOURCE"",""source"":""claim:0052"",""target"":""source:src-dr""}"
claim:0052,author:hris_system,BY_AUTHOR,"{""rel"":""BY_AUTHOR"",""source"":""claim:0052"",""target"":""author:hris_system""}"
claim:0052,area:governance,IN_AREA,"{""rel"":""IN_AREA"",""source"":""claim:0052"",""target"":""area:governance""}"
claim:0053,entity:alderstone_consolidated,ABOUT,"{""rel"":""ABOUT"",""source"":""claim:0053"",""target"":""entity:alderstone_consolidated""}"
claim:0053,metric:team_tenure,MEASURES,"{""rel"":""MEASURES"",""source"":""claim:0053"",""target"":""metric:team_tenure""}"
claim:0053,period:opening,IN_PERIOD,"{""rel"":""IN_PERIOD"",""source"":""claim:0053"",""target"":""period:opening""}"
claim:0053,perimeter:alderstone_consolidated,SCOPED_TO,"{""rel"":""SCOPED_TO"",""source"":""claim:0053"",""target"":""perimeter:alderstone_consolidated""}"
claim:0053,source:src-dr,FROM_SOURCE,"{""rel"":""FROM_SOURCE"",""source"":""claim:0053"",""target"":""source:src-dr""}"
claim:0053,author:hris_system,BY_AUTHOR,"{""rel"":""BY_AUTHOR"",""source"":""claim:0053"",""target"":""author:hris_system""}"
claim:0053,area:governance,IN_AREA,"{""rel"":""IN_AREA"",""source"":""claim:0053"",""target"":""area:governance""}"
claim:0054,entity:alderstone_consolidated,ABOUT,"{""rel"":""ABOUT"",""source"":""claim:0054"",""target"":""entity:alderstone_consolidated""}"
claim:0054,metric:team_tenure,MEASURES,"{""rel"":""MEASURES"",""source"":""claim:0054"",""target"":""metric:team_tenure""}"
claim:0054,period:opening,IN_PERIOD,"{""rel"":""IN_PERIOD"",""source"":""claim:0054"",""target"":""period:opening""}"
claim:0054,perimeter:alderstone_consolidated,SCOPED_TO,"{""rel"":""SCOPED_TO"",""source"":""claim:0054"",""target"":""perimeter:alderstone_consolidated""}"
claim:0054,source:src-dr,FROM_SOURCE,"{""rel"":""FROM_SOURCE"",""source"":""claim:0054"",""target"":""source:src-dr""}"
claim:0054,author:hris_system,BY_AUTHOR,"{""rel"":""BY_AUTHOR"",""source"":""claim:0054"",""target"":""author:hris_system""}"
claim:0054,area:governance,IN_AREA,"{""rel"":""IN_AREA"",""source"":""claim:0054"",""target"":""area:governance""}"
claim:0055,entity:alderstone_standalone,ABOUT,"{""rel"":""ABOUT"",""source"":""claim:0055"",""target"":""entity:alderstone_standalone""}"
claim:0055,metric:headcount,MEASURES,"{""rel"":""MEASURES"",""source"":""claim:0055"",""target"":""metric:headcount""}"
claim:0055,perimeter:alderstone_standalone,SCOPED_TO,"{""rel"":""SCOPED_TO"",""source"":""claim:0055"",""target"":""perimeter:alderstone_standalone""}"
claim:0055,source:src-dr,FROM_SOURCE,"{""rel"":""FROM_SOURCE"",""source"":""claim:0055"",""target"":""source:src-dr""}"
claim:0055,area:governance,IN_AREA,"{""rel"":""IN_AREA"",""source"":""claim:0055"",""target"":""area:governance""}"
claim:0056,entity:alderstone_standalone,ABOUT,"{""rel"":""ABOUT"",""source"":""claim:0056"",""target"":""entity:alderstone_standalone""}"
claim:0056,metric:team_tenure,MEASURES,"{""rel"":""MEASURES"",""source"":""claim:0056"",""target"":""metric:team_tenure""}"
claim:0056,perimeter:alderstone_standalone,SCOPED_TO,"{""rel"":""SCOPED_TO"",""source"":""claim:0056"",""target"":""perimeter:alderstone_standalone""}"
claim:0056,source:src-dr,FROM_SOURCE,"{""rel"":""FROM_SOURCE"",""source"":""claim:0056"",""target"":""source:src-dr""}"
claim:0056,area:governance,IN_AREA,"{""rel"":""IN_AREA"",""source"":""claim:0056"",""target"":""area:governance""}"
claim:0057,entity:unknown,ABOUT,"{""rel"":""ABOUT"",""source"":""claim:0057"",""target"":""entity:unknown""}"
claim:0057,metric:dso,MEASURES,"{""rel"":""MEASURES"",""source"":""claim:0057"",""target"":""metric:dso""}"
claim:0057,period:fy2025,IN_PERIOD,"{""rel"":""IN_PERIOD"",""source"":""claim:0057"",""target"":""period:fy2025""}"
claim:0057,perimeter:unknown,SCOPED_TO,"{""rel"":""SCOPED_TO"",""source"":""claim:0057"",""target"":""perimeter:unknown""}"
claim:0057,source:src-dr,FROM_SOURCE,"{""rel"":""FROM_SOURCE"",""source"":""claim:0057"",""target"":""source:src-dr""}"
claim:0058,entity:unknown,ABOUT,"{""rel"":""ABOUT"",""source"":""claim:0058"",""target"":""entity:unknown""}"
claim:0058,metric:customer_concentration,MEASURES,"{""rel"":""MEASURES"",""source"":""claim:0058"",""target"":""metric:customer_concentration""}"
claim:0058,perimeter:unknown,SCOPED_TO,"{""rel"":""SCOPED_TO"",""source"":""claim:0058"",""target"":""perimeter:unknown""}"
claim:0058,source:src-dr,FROM_SOURCE,"{""rel"":""FROM_SOURCE"",""source"":""claim:0058"",""target"":""source:src-dr""}"
claim:0058,author:keystone_data_room,BY_AUTHOR,"{""rel"":""BY_AUTHOR"",""source"":""claim:0058"",""target"":""author:keystone_data_room""}"
claim:0058,area:customer,IN_AREA,"{""rel"":""IN_AREA"",""source"":""claim:0058"",""target"":""area:customer""}"
claim:0058,claim:0076,CHALLENGES,"{""rel"":""CHALLENGES"",""source"":""claim:0058"",""target"":""claim:0076""}"
claim:0058,claim:0037,SUPPORTS,"{""rel"":""SUPPORTS"",""source"":""claim:0058"",""target"":""claim:0037""}"
claim:0058,claim:0283,SUPPORTS,"{""rel"":""SUPPORTS"",""source"":""claim:0058"",""target"":""claim:0283""}"
claim:0059,entity:unknown,ABOUT,"{""rel"":""ABOUT"",""source"":""claim:0059"",""target"":""entity:unknown""}"
claim:0059,metric:customer_concentration,MEASURES,"{""rel"":""MEASURES"",""source"":""claim:0059"",""target"":""metric:customer_concentration""}"
claim:0059,perimeter:unknown,SCOPED_TO,"{""rel"":""SCOPED_TO"",""source"":""claim:0059"",""target"":""perimeter:unknown""}"
claim:0059,source:src-dr,FROM_SOURCE,"{""rel"":""FROM_SOURCE"",""source"":""claim:0059"",""target"":""source:src-dr""}"
claim:0059,author:keystone_data_room,BY_AUTHOR,"{""rel"":""BY_AUTHOR"",""source"":""claim:0059"",""target"":""author:keystone_data_room""}"
claim:0059,area:customer,IN_AREA,"{""rel"":""IN_AREA"",""source"":""claim:0059"",""target"":""area:customer""}"
claim:0059,claim:0076,CHALLENGES,"{""rel"":""CHALLENGES"",""source"":""claim:0059"",""target"":""claim:0076""}"
claim:0059,claim:0037,SUPPORTS,"{""rel"":""SUPPORTS"",""source"":""claim:0059"",""target"":""claim:0037""}"
claim:0059,claim:0283,SUPPORTS,"{""rel"":""SUPPORTS"",""source"":""claim:0059"",""target"":""claim:0283""}"
claim:0060,entity:unknown,ABOUT,"{""rel"":""ABOUT"",""source"":""claim:0060"",""target"":""entity:unknown""}"
claim:0060,metric:customer_concentration,MEASURES,"{""rel"":""MEASURES"",""source"":""claim:0060"",""target"":""metric:customer_concentration""}"
claim:0060,perimeter:unknown,SCOPED_TO,"{""rel"":""SCOPED_TO"",""source"":""claim:0060"",""target"":""perimeter:unknown""}"
claim:0060,source:src-dr,FROM_SOURCE,"{""rel"":""FROM_SOURCE"",""source"":""claim:0060"",""target"":""source:src-dr""}"
claim:0060,author:keystone_data_room,BY_AUTHOR,"{""rel"":""BY_AUTHOR"",""source"":""claim:0060"",""target"":""author:keystone_data_room""}"
claim:0060,area:customer,IN_AREA,"{""rel"":""IN_AREA"",""source"":""claim:0060"",""target"":""area:customer""}"
claim:0060,claim:0076,CHALLENGES,"{""rel"":""CHALLENGES"",""source"":""claim:0060"",""target"":""claim:0076""}"
claim:0060,claim:0037,SUPPORTS,"{""rel"":""SUPPORTS"",""source"":""claim:0060"",""target"":""claim:0037""}"
claim:0060,claim:0283,SUPPORTS,"{""rel"":""SUPPORTS"",""source"":""claim:0060"",""target"":""claim:0283""}"
claim:0061,entity:unknown,ABOUT,"{""rel"":""ABOUT"",""source"":""claim:0061"",""target"":""entity:unknown""}"
claim:0061,metric:customer_concentration,MEASURES,"{""rel"":""MEASURES"",""source"":""claim:0061"",""target"":""metric:customer_concentration""}"
claim:0061,perimeter:unknown,SCOPED_TO,"{""rel"":""SCOPED_TO"",""source"":""claim:0061"",""target"":""perimeter:unknown""}"
claim:0061,source:src-dr,FROM_SOURCE,"{""rel"":""FROM_SOURCE"",""source"":""claim:0061"",""target"":""source:src-dr""}"
claim:0061,author:keystone_data_room,BY_AUTHOR,"{""rel"":""BY_AUTHOR"",""source"":""claim:0061"",""target"":""author:keystone_data_room""}"
claim:0061,area:customer,IN_AREA,"{""rel"":""IN_AREA"",""source"":""claim:0061"",""target"":""area:customer""}"
claim:0061,claim:0076,CHALLENGES,"{""rel"":""CHALLENGES"",""source"":""claim:0061"",""target"":""claim:0076""}"
claim:0061,claim:0037,SUPPORTS,"{""rel"":""SUPPORTS"",""source"":""claim:0061"",""target"":""claim:0037""}"
claim:0061,claim:0283,SUPPORTS,"{""rel"":""SUPPORTS"",""source"":""claim:0061"",""target"":""claim:0283""}"
claim:0062,entity:unknown,ABOUT,"{""rel"":""ABOUT"",""source"":""claim:0062"",""target"":""entity:unknown""}"
claim:0062,metric:customer_concentration,MEASURES,"{""rel"":""MEASURES"",""source"":""claim:0062"",""target"":""metric:customer_concentration""}"
claim:0062,perimeter:unknown,SCOPED_TO,"{""rel"":""SCOPED_TO"",""source"":""claim:0062"",""target"":""perimeter:unknown""}"
claim:0062,source:src-dr,FROM_SOURCE,"{""rel"":""FROM_SOURCE"",""source"":""claim:0062"",""target"":""source:src-dr""}"
claim:0062,area:customer,IN_AREA,"{""rel"":""IN_AREA"",""source"":""claim:0062"",""target"":""area:customer""}"
claim:0062,claim:0076,CHALLENGES,"{""rel"":""CHALLENGES"",""source"":""claim:0062"",""target"":""claim:0076""}"
claim:0062,claim:0037,SUPPORTS,"{""rel"":""SUPPORTS"",""source"":""claim:0062"",""target"":""claim:0037""}"
claim:0062,claim:0283,SUPPORTS,"{""rel"":""SUPPORTS"",""source"":""claim:0062"",""target"":""claim:0283""}"
claim:0063,entity:unknown,ABOUT,"{""rel"":""ABOUT"",""source"":""claim:0063"",""target"":""entity:unknown""}"
claim:0063,metric:customer_concentration,MEASURES,"{""rel"":""MEASURES"",""source"":""claim:0063"",""target"":""metric:customer_concentration""}"
claim:0063,perimeter:unknown,SCOPED_TO,"{""rel"":""SCOPED_TO"",""source"":""claim:0063"",""target"":""perimeter:unknown""}"
claim:0063,source:src-dr,FROM_SOURCE,"{""rel"":""FROM_SOURCE"",""source"":""claim:0063"",""target"":""source:src-dr""}"
claim:0063,area:customer,IN_AREA,"{""rel"":""IN_AREA"",""source"":""claim:0063"",""target"":""area:customer""}"
claim:0063,claim:0076,CHALLENGES,"{""rel"":""CHALLENGES"",""source"":""claim:0063"",""target"":""claim:0076""}"
claim:0063,claim:0037,SUPPORTS,"{""rel"":""SUPPORTS"",""source"":""claim:0063"",""target"":""claim:0037""}"
claim:0063,claim:0283,SUPPORTS,"{""rel"":""SUPPORTS"",""source"":""claim:0063"",""target"":""claim:0283""}"
claim:0064,entity:unknown,ABOUT,"{""rel"":""ABOUT"",""source"":""claim:0064"",""target"":""entity:unknown""}"
claim:0064,metric:customer_concentration,MEASURES,"{""rel"":""MEASURES"",""source"":""claim:0064"",""target"":""metric:customer_concentration""}"
claim:0064,perimeter:unknown,SCOPED_TO,"{""rel"":""SCOPED_TO"",""source"":""claim:0064"",""target"":""perimeter:unknown""}"
claim:0064,source:src-dr,FROM_SOURCE,"{""rel"":""FROM_SOURCE"",""source"":""claim:0064"",""target"":""source:src-dr""}"
claim:0064,area:customer,IN_AREA,"{""rel"":""IN_AREA"",""source"":""claim:0064"",""target"":""area:customer""}"
claim:0064,claim:0076,CHALLENGES,"{""rel"":""CHALLENGES"",""source"":""claim:0064"",""target"":""claim:0076""}"
claim:0064,claim:0037,SUPPORTS,"{""rel"":""SUPPORTS"",""source"":""claim:0064"",""target"":""claim:0037""}"
claim:0064,claim:0283,SUPPORTS,"{""rel"":""SUPPORTS"",""source"":""claim:0064"",""target"":""claim:0283""}"
claim:0065,entity:unknown,ABOUT,"{""rel"":""ABOUT"",""source"":""claim:0065"",""target"":""entity:unknown""}"
claim:0065,metric:revenue,MEASURES,"{""rel"":""MEASURES"",""source"":""claim:0065"",""target"":""metric:revenue""}"
claim:0065,perimeter:unknown,SCOPED_TO,"{""rel"":""SCOPED_TO"",""source"":""claim:0065"",""target"":""perimeter:unknown""}"
claim:0065,source:src-dr,FROM_SOURCE,"{""rel"":""FROM_SOURCE"",""source"":""claim:0065"",""target"":""source:src-dr""}"
claim:0065,author:data_room_/_wip_ledger,BY_AUTHOR,"{""rel"":""BY_AUTHOR"",""source"":""claim:0065"",""target"":""author:data_room_/_wip_ledger""}"
claim:0065,claim:0012,CHALLENGES,"{""rel"":""CHALLENGES"",""source"":""claim:0065"",""target"":""claim:0012""}"
claim:0065,claim:0203,CHALLENGES,"{""rel"":""CHALLENGES"",""source"":""claim:0065"",""target"":""claim:0203""}"
claim:0065,claim:0234,CHALLENGES,"{""rel"":""CHALLENGES"",""source"":""claim:0065"",""target"":""claim:0234""}"
claim:0066,entity:unknown,ABOUT,"{""rel"":""ABOUT"",""source"":""claim:0066"",""target"":""entity:unknown""}"
claim:0066,metric:customer_concentration,MEASURES,"{""rel"":""MEASURES"",""source"":""claim:0066"",""target"":""metric:customer_concentration""}"
claim:0066,perimeter:unknown,SCOPED_TO,"{""rel"":""SCOPED_TO"",""source"":""claim:0066"",""target"":""perimeter:unknown""}"
claim:0066,source:src-dr,FROM_SOURCE,"{""rel"":""FROM_SOURCE"",""source"":""claim:0066"",""target"":""source:src-dr""}"
claim:0066,area:customer,IN_AREA,"{""rel"":""IN_AREA"",""source"":""claim:0066"",""target"":""area:customer""}"
claim:0066,claim:0076,CHALLENGES,"{""rel"":""CHALLENGES"",""source"":""claim:0066"",""target"":""claim:0076""}"
claim:0066,claim:0037,SUPPORTS,"{""rel"":""SUPPORTS"",""source"":""claim:0066"",""target"":""claim:0037""}"
claim:0066,claim:0283,SUPPORTS,"{""rel"":""SUPPORTS"",""source"":""claim:0066"",""target"":""claim:0283""}"
claim:0067,entity:unknown,ABOUT,"{""rel"":""ABOUT"",""source"":""claim:0067"",""target"":""entity:unknown""}"
claim:0067,metric:customer_concentration,MEASURES,"{""rel"":""MEASURES"",""source"":""claim:0067"",""target"":""metric:customer_concentration""}"
claim:0067,perimeter:unknown,SCOPED_TO,"{""rel"":""SCOPED_TO"",""source"":""claim:0067"",""target"":""perimeter:unknown""}"
claim:0067,source:src-dr,FROM_SOURCE,"{""rel"":""FROM_SOURCE"",""source"":""claim:0067"",""target"":""source:src-dr""}"
claim:0067,area:customer,IN_AREA,"{""rel"":""IN_AREA"",""source"":""claim:0067"",""target"":""area:customer""}"
claim:0067,claim:0076,CHALLENGES,"{""rel"":""CHALLENGES"",""source"":""claim:0067"",""target"":""claim:0076""}"
claim:0067,claim:0037,SUPPORTS,"{""rel"":""SUPPORTS"",""source"":""claim:0067"",""target"":""claim:0037""}"
claim:0067,claim:0283,SUPPORTS,"{""rel"":""SUPPORTS"",""source"":""claim:0067"",""target"":""claim:0283""}"
claim:0068,entity:unknown,ABOUT,"{""rel"":""ABOUT"",""source"":""claim:0068"",""target"":""entity:unknown""}"
claim:0068,metric:revenue_quality,MEASURES,"{""rel"":""MEASURES"",""source"":""claim:0068"",""target"":""metric:revenue_quality""}"
claim:0068,perimeter:unknown,SCOPED_TO,"{""rel"":""SCOPED_TO"",""source"":""claim:0068"",""target"":""perimeter:unknown""}"
claim:0068,source:src-dr,FROM_SOURCE,"{""rel"":""FROM_SOURCE"",""source"":""claim:0068"",""target"":""source:src-dr""}"
claim:0068,area:earnings,IN_AREA,"{""rel"":""IN_AREA"",""source"":""claim:0068"",""target"":""area:earnings""}"
claim:0068,claim:0012,CHALLENGES,"{""rel"":""CHALLENGES"",""source"":""claim:0068"",""target"":""claim:0012""}"
claim:0068,claim:0203,CHALLENGES,"{""rel"":""CHALLENGES"",""source"":""claim:0068"",""target"":""claim:0203""}"
claim:0068,claim:0234,CHALLENGES,"{""rel"":""CHALLENGES"",""source"":""claim:0068"",""target"":""claim:0234""}"
claim:0068,claim:0079,SUPPORTS,"{""rel"":""SUPPORTS"",""source"":""claim:0068"",""target"":""claim:0079""}"
claim:0068,claim:0080,SUPPORTS,"{""rel"":""SUPPORTS"",""source"":""claim:0068"",""target"":""claim:0080""}"
claim:0069,entity:unknown,ABOUT,"{""rel"":""ABOUT"",""source"":""claim:0069"",""target"":""entity:unknown""}"
claim:0069,metric:enterprise_value,MEASURES,"{""rel"":""MEASURES"",""source"":""claim:0069"",""target"":""metric:enterprise_value""}"
claim:0069,perimeter:unknown,SCOPED_TO,"{""rel"":""SCOPED_TO"",""source"":""claim:0069"",""target"":""perimeter:unknown""}"
claim:0069,source:src-ia,FROM_SOURCE,"{""rel"":""FROM_SOURCE"",""source"":""claim:0069"",""target"":""source:src-ia""}"
claim:0069,author:firm,BY_AUTHOR,"{""rel"":""BY_AUTHOR"",""source"":""claim:0069"",""target"":""author:firm""}"
claim:0069,area:returns,IN_AREA,"{""rel"":""IN_AREA"",""source"":""claim:0069"",""target"":""area:returns""}"
claim:0070,entity:unknown,ABOUT,"{""rel"":""ABOUT"",""source"":""claim:0070"",""target"":""entity:unknown""}"
claim:0070,metric:ebitda,MEASURES,"{""rel"":""MEASURES"",""source"":""claim:0070"",""target"":""metric:ebitda""}"
claim:0070,perimeter:unknown,SCOPED_TO,"{""rel"":""SCOPED_TO"",""source"":""claim:0070"",""target"":""perimeter:unknown""}"
claim:0070,source:src-ia,FROM_SOURCE,"{""rel"":""FROM_SOURCE"",""source"":""claim:0070"",""target"":""source:src-ia""}"
claim:0070,author:management,BY_AUTHOR,"{""rel"":""BY_AUTHOR"",""source"":""claim:0070"",""target"":""author:management""}"
claim:0071,entity:unknown,ABOUT,"{""rel"":""ABOUT"",""source"":""claim:0071"",""target"":""entity:unknown""}"
claim:0071,metric:ebitda,MEASURES,"{""rel"":""MEASURES"",""source"":""claim:0071"",""target"":""metric:ebitda""}"
claim:0071,perimeter:unknown,SCOPED_TO,"{""rel"":""SCOPED_TO"",""source"":""claim:0071"",""target"":""perimeter:unknown""}"
claim:0071,source:src-ia,FROM_SOURCE,"{""rel"":""FROM_SOURCE"",""source"":""claim:0071"",""target"":""source:src-ia""}"
claim:0071,author:management,BY_AUTHOR,"{""rel"":""BY_AUTHOR"",""source"":""claim:0071"",""target"":""author:management""}"
claim:0072,entity:alderstone_standalone,ABOUT,"{""rel"":""ABOUT"",""source"":""claim:0072"",""target"":""entity:alderstone_standalone""}"
claim:0072,metric:recurring_revenue,MEASURES,"{""rel"":""MEASURES"",""source"":""claim:0072"",""target"":""metric:recurring_revenue""}"
claim:0072,perimeter:alderstone_standalone,SCOPED_TO,"{""rel"":""SCOPED_TO"",""source"":""claim:0072"",""target"":""perimeter:alderstone_standalone""}"
claim:0072,source:src-ia,FROM_SOURCE,"{""rel"":""FROM_SOURCE"",""source"":""claim:0072"",""target"":""source:src-ia""}"
claim:0072,author:management,BY_AUTHOR,"{""rel"":""BY_AUTHOR"",""source"":""claim:0072"",""target"":""author:management""}"
claim:0073,entity:alderstone_standalone,ABOUT,"{""rel"":""ABOUT"",""source"":""claim:0073"",""target"":""entity:alderstone_standalone""}"
claim:0073,metric:revenue,MEASURES,"{""rel"":""MEASURES"",""source"":""claim:0073"",""target"":""metric:revenue""}"
claim:0073,perimeter:alderstone_standalone,SCOPED_TO,"{""rel"":""SCOPED_TO"",""source"":""claim:0073"",""target"":""perimeter:alderstone_standalone""}"
claim:0073,source:src-ia,FROM_SOURCE,"{""rel"":""FROM_SOURCE"",""source"":""claim:0073"",""target"":""source:src-ia""}"
claim:0073,author:management,BY_AUTHOR,"{""rel"":""BY_AUTHOR"",""source"":""claim:0073"",""target"":""author:management""}"
claim:0074,entity:alderstone_standalone,ABOUT,"{""rel"":""ABOUT"",""source"":""claim:0074"",""target"":""entity:alderstone_standalone""}"
claim:0074,metric:capex,MEASURES,"{""rel"":""MEASURES"",""source"":""claim:0074"",""target"":""metric:capex""}"
claim:0074,perimeter:alderstone_standalone,SCOPED_TO,"{""rel"":""SCOPED_TO"",""source"":""claim:0074"",""target"":""perimeter:alderstone_standalone""}"
claim:0074,source:src-ia,FROM_SOURCE,"{""rel"":""FROM_SOURCE"",""source"":""claim:0074"",""target"":""source:src-ia""}"
claim:0074,author:management,BY_AUTHOR,"{""rel"":""BY_AUTHOR"",""source"":""claim:0074"",""target"":""author:management""}"
claim:0074,area:operations,IN_AREA,"{""rel"":""IN_AREA"",""source"":""claim:0074"",""target"":""area:operations""}"
claim:0075,entity:alderstone_standalone,ABOUT,"{""rel"":""ABOUT"",""source"":""claim:0075"",""target"":""entity:alderstone_standalone""}"
claim:0075,metric:seller_rollover,MEASURES,"{""rel"":""MEASURES"",""source"":""claim:0075"",""target"":""metric:seller_rollover""}"
claim:0075,perimeter:alderstone_standalone,SCOPED_TO,"{""rel"":""SCOPED_TO"",""source"":""claim:0075"",""target"":""perimeter:alderstone_standalone""}"
claim:0075,source:src-ia,FROM_SOURCE,"{""rel"":""FROM_SOURCE"",""source"":""claim:0075"",""target"":""source:src-ia""}"
claim:0075,author:management,BY_AUTHOR,"{""rel"":""BY_AUTHOR"",""source"":""claim:0075"",""target"":""author:management""}"
claim:0075,area:structure,IN_AREA,"{""rel"":""IN_AREA"",""source"":""claim:0075"",""target"":""area:structure""}"
claim:0076,entity:unknown,ABOUT,"{""rel"":""ABOUT"",""source"":""claim:0076"",""target"":""entity:unknown""}"
claim:0076,metric:customer_concentration,MEASURES,"{""rel"":""MEASURES"",""source"":""claim:0076"",""target"":""metric:customer_concentration""}"
claim:0076,perimeter:unknown,SCOPED_TO,"{""rel"":""SCOPED_TO"",""source"":""claim:0076"",""target"":""perimeter:unknown""}"
claim:0076,source:src-ia,FROM_SOURCE,"{""rel"":""FROM_SOURCE"",""source"":""claim:0076"",""target"":""source:src-ia""}"
claim:0076,author:seller/management,BY_AUTHOR,"{""rel"":""BY_AUTHOR"",""source"":""claim:0076"",""target"":""author:seller/management""}"
claim:0076,area:customer,IN_AREA,"{""rel"":""IN_AREA"",""source"":""claim:0076"",""target"":""area:customer""}"
claim:0076,claim:0037,SUPPORTS,"{""rel"":""SUPPORTS"",""source"":""claim:0076"",""target"":""claim:0037""}"
claim:0076,claim:0283,SUPPORTS,"{""rel"":""SUPPORTS"",""source"":""claim:0076"",""target"":""claim:0283""}"
claim:0077,entity:unknown,ABOUT,"{""rel"":""ABOUT"",""source"":""claim:0077"",""target"":""entity:unknown""}"
claim:0077,metric:working_capital,MEASURES,"{""rel"":""MEASURES"",""source"":""claim:0077"",""target"":""metric:working_capital""}"
claim:0077,perimeter:unknown,SCOPED_TO,"{""rel"":""SCOPED_TO"",""source"":""claim:0077"",""target"":""perimeter:unknown""}"
claim:0077,source:src-ia,FROM_SOURCE,"{""rel"":""FROM_SOURCE"",""source"":""claim:0077"",""target"":""source:src-ia""}"
claim:0077,author:firm_initial_assessment,BY_AUTHOR,"{""rel"":""BY_AUTHOR"",""source"":""claim:0077"",""target"":""author:firm_initial_assessment""}"
claim:0077,area:operations,IN_AREA,"{""rel"":""IN_AREA"",""source"":""claim:0077"",""target"":""area:operations""}"
claim:0078,entity:unknown,ABOUT,"{""rel"":""ABOUT"",""source"":""claim:0078"",""target"":""entity:unknown""}"
claim:0078,metric:acquisition_count,MEASURES,"{""rel"":""MEASURES"",""source"":""claim:0078"",""target"":""metric:acquisition_count""}"
claim:0078,perimeter:unknown,SCOPED_TO,"{""rel"":""SCOPED_TO"",""source"":""claim:0078"",""target"":""perimeter:unknown""}"
claim:0078,source:src-ia,FROM_SOURCE,"{""rel"":""FROM_SOURCE"",""source"":""claim:0078"",""target"":""source:src-ia""}"
claim:0078,author:management,BY_AUTHOR,"{""rel"":""BY_AUTHOR"",""source"":""claim:0078"",""target"":""author:management""}"
claim:0078,area:operations,IN_AREA,"{""rel"":""IN_AREA"",""source"":""claim:0078"",""target"":""area:operations""}"
claim:0078,claim:0077,SUPPORTS,"{""rel"":""SUPPORTS"",""source"":""claim:0078"",""target"":""claim:0077""}"
claim:0079,entity:unknown,ABOUT,"{""rel"":""ABOUT"",""source"":""claim:0079"",""target"":""entity:unknown""}"
claim:0079,metric:ebitda_adjustment,MEASURES,"{""rel"":""MEASURES"",""source"":""claim:0079"",""target"":""metric:ebitda_adjustment""}"
claim:0079,perimeter:unknown,SCOPED_TO,"{""rel"":""SCOPED_TO"",""source"":""claim:0079"",""target"":""perimeter:unknown""}"
claim:0079,source:src-ia,FROM_SOURCE,"{""rel"":""FROM_SOURCE"",""source"":""claim:0079"",""target"":""source:src-ia""}"
claim:0079,author:seller,BY_AUTHOR,"{""rel"":""BY_AUTHOR"",""source"":""claim:0079"",""target"":""author:seller""}"
claim:0079,area:earnings,IN_AREA,"{""rel"":""IN_AREA"",""source"":""claim:0079"",""target"":""area:earnings""}"
claim:0080,entity:unknown,ABOUT,"{""rel"":""ABOUT"",""source"":""claim:0080"",""target"":""entity:unknown""}"
claim:0080,metric:adjustment_supportability,MEASURES,"{""rel"":""MEASURES"",""source"":""claim:0080"",""target"":""metric:adjustment_supportability""}"
claim:0080,perimeter:unknown,SCOPED_TO,"{""rel"":""SCOPED_TO"",""source"":""claim:0080"",""target"":""perimeter:unknown""}"
claim:0080,source:src-ia,FROM_SOURCE,"{""rel"":""FROM_SOURCE"",""source"":""claim:0080"",""target"":""source:src-ia""}"
claim:0080,author:management,BY_AUTHOR,"{""rel"":""BY_AUTHOR"",""source"":""claim:0080"",""target"":""author:management""}"
claim:0080,area:earnings,IN_AREA,"{""rel"":""IN_AREA"",""source"":""claim:0080"",""target"":""area:earnings""}"
claim:0081,entity:unknown,ABOUT,"{""rel"":""ABOUT"",""source"":""claim:0081"",""target"":""entity:unknown""}"
claim:0081,metric:enterprise_value,MEASURES,"{""rel"":""MEASURES"",""source"":""claim:0081"",""target"":""metric:enterprise_value""}"
claim:0081,perimeter:unknown,SCOPED_TO,"{""rel"":""SCOPED_TO"",""source"":""claim:0081"",""target"":""perimeter:unknown""}"
claim:0081,source:src-ia,FROM_SOURCE,"{""rel"":""FROM_SOURCE"",""source"":""claim:0081"",""target"":""source:src-ia""}"
claim:0081,author:management,BY_AUTHOR,"{""rel"":""BY_AUTHOR"",""source"":""claim:0081"",""target"":""author:management""}"
claim:0081,area:returns,IN_AREA,"{""rel"":""IN_AREA"",""source"":""claim:0081"",""target"":""area:returns""}"
claim:0082,entity:unknown,ABOUT,"{""rel"":""ABOUT"",""source"":""claim:0082"",""target"":""entity:unknown""}"
claim:0082,metric:exit_multiple,MEASURES,"{""rel"":""MEASURES"",""source"":""claim:0082"",""target"":""metric:exit_multiple""}"
claim:0082,perimeter:unknown,SCOPED_TO,"{""rel"":""SCOPED_TO"",""source"":""claim:0082"",""target"":""perimeter:unknown""}"
claim:0082,source:src-ia,FROM_SOURCE,"{""rel"":""FROM_SOURCE"",""source"":""claim:0082"",""target"":""source:src-ia""}"
claim:0082,author:management,BY_AUTHOR,"{""rel"":""BY_AUTHOR"",""source"":""claim:0082"",""target"":""author:management""}"
claim:0082,area:returns,IN_AREA,"{""rel"":""IN_AREA"",""source"":""claim:0082"",""target"":""area:returns""}"
claim:0083,entity:unknown,ABOUT,"{""rel"":""ABOUT"",""source"":""claim:0083"",""target"":""entity:unknown""}"
claim:0083,metric:ebitda_adjustment,MEASURES,"{""rel"":""MEASURES"",""source"":""claim:0083"",""target"":""metric:ebitda_adjustment""}"
claim:0083,perimeter:unknown,SCOPED_TO,"{""rel"":""SCOPED_TO"",""source"":""claim:0083"",""target"":""perimeter:unknown""}"
claim:0083,source:src-ia,FROM_SOURCE,"{""rel"":""FROM_SOURCE"",""source"":""claim:0083"",""target"":""source:src-ia""}"
claim:0083,author:management,BY_AUTHOR,"{""rel"":""BY_AUTHOR"",""source"":""claim:0083"",""target"":""author:management""}"
claim:0083,area:operations,IN_AREA,"{""rel"":""IN_AREA"",""source"":""claim:0083"",""target"":""area:operations""}"
claim:0083,claim:0077,SUPPORTS,"{""rel"":""SUPPORTS"",""source"":""claim:0083"",""target"":""claim:0077""}"
claim:0084,entity:alderstone_standalone,ABOUT,"{""rel"":""ABOUT"",""source"":""claim:0084"",""target"":""entity:alderstone_standalone""}"
claim:0084,metric:ebitda,MEASURES,"{""rel"":""MEASURES"",""source"":""claim:0084"",""target"":""metric:ebitda""}"
claim:0084,period:fy2025a,IN_PERIOD,"{""rel"":""IN_PERIOD"",""source"":""claim:0084"",""target"":""period:fy2025a""}"
claim:0084,perimeter:alderstone_standalone,SCOPED_TO,"{""rel"":""SCOPED_TO"",""source"":""claim:0084"",""target"":""perimeter:alderstone_standalone""}"
claim:0084,source:src-qoe,FROM_SOURCE,"{""rel"":""FROM_SOURCE"",""source"":""claim:0084"",""target"":""source:src-qoe""}"
claim:0084,author:qoe_provider,BY_AUTHOR,"{""rel"":""BY_AUTHOR"",""source"":""claim:0084"",""target"":""author:qoe_provider""}"
claim:0084,claim:0125,TRACKS,"{""rel"":""TRACKS"",""source"":""claim:0084"",""target"":""claim:0125""}"
claim:0084,claim:0130,CHALLENGES,"{""rel"":""CHALLENGES"",""source"":""claim:0084"",""target"":""claim:0130""}"
claim:0084,claim:0210,TRACKS,"{""rel"":""TRACKS"",""source"":""claim:0084"",""target"":""claim:0210""}"
claim:0084,claim:0241,TRACKS,"{""rel"":""TRACKS"",""source"":""claim:0084"",""target"":""claim:0241""}"
claim:0084,claim:0242,TRACKS,"{""rel"":""TRACKS"",""source"":""claim:0084"",""target"":""claim:0242""}"
claim:0085,entity:alderstone_qoe-normalized,ABOUT,"{""rel"":""ABOUT"",""source"":""claim:0085"",""target"":""entity:alderstone_qoe-normalized""}"
claim:0085,metric:ebitda,MEASURES,"{""rel"":""MEASURES"",""source"":""claim:0085"",""target"":""metric:ebitda""}"
claim:0085,period:fy2025a,IN_PERIOD,"{""rel"":""IN_PERIOD"",""source"":""claim:0085"",""target"":""period:fy2025a""}"
claim:0085,perimeter:alderstone_qoe-normalized,SCOPED_TO,"{""rel"":""SCOPED_TO"",""source"":""claim:0085"",""target"":""perimeter:alderstone_qoe-normalized""}"
claim:0085,source:src-qoe,FROM_SOURCE,"{""rel"":""FROM_SOURCE"",""source"":""claim:0085"",""target"":""source:src-qoe""}"
claim:0085,author:qoe_provider,BY_AUTHOR,"{""rel"":""BY_AUTHOR"",""source"":""claim:0085"",""target"":""author:qoe_provider""}"
claim:0086,entity:unknown,ABOUT,"{""rel"":""ABOUT"",""source"":""claim:0086"",""target"":""entity:unknown""}"
claim:0086,metric:ebitda_adjustment,MEASURES,"{""rel"":""MEASURES"",""source"":""claim:0086"",""target"":""metric:ebitda_adjustment""}"
claim:0086,perimeter:unknown,SCOPED_TO,"{""rel"":""SCOPED_TO"",""source"":""claim:0086"",""target"":""perimeter:unknown""}"
claim:0086,source:src-qoe,FROM_SOURCE,"{""rel"":""FROM_SOURCE"",""source"":""claim:0086"",""target"":""source:src-qoe""}"
claim:0086,area:earnings,IN_AREA,"{""rel"":""IN_AREA"",""source"":""claim:0086"",""target"":""area:earnings""}"
claim:0086,claim:0008,CHALLENGES,"{""rel"":""CHALLENGES"",""source"":""claim:0086"",""target"":""claim:0008""}"
claim:0086,claim:0070,CHALLENGES,"{""rel"":""CHALLENGES"",""source"":""claim:0086"",""target"":""claim:0070""}"
claim:0086,claim:0071,CHALLENGES,"{""rel"":""CHALLENGES"",""source"":""claim:0086"",""target"":""claim:0071""}"
claim:0086,claim:0083,CHALLENGES,"{""rel"":""CHALLENGES"",""source"":""claim:0086"",""target"":""claim:0083""}"
claim:0086,claim:0101,CHALLENGES,"{""rel"":""CHALLENGES"",""source"":""claim:0086"",""target"":""claim:0101""}"
claim:0086,claim:0204,CHALLENGES,"{""rel"":""CHALLENGES"",""source"":""claim:0086"",""target"":""claim:0204""}"
claim:0086,claim:0205,CHALLENGES,"{""rel"":""CHALLENGES"",""source"":""claim:0086"",""target"":""claim:0205""}"
claim:0086,claim:0218,CHALLENGES,"{""rel"":""CHALLENGES"",""source"":""claim:0086"",""target"":""claim:0218""}"
claim:0086,claim:0261,CHALLENGES,"{""rel"":""CHALLENGES"",""source"":""claim:0086"",""target"":""claim:0261""}"
claim:0086,claim:0079,SUPPORTS,"{""rel"":""SUPPORTS"",""source"":""claim:0086"",""target"":""claim:0079""}"
claim:0086,claim:0080,SUPPORTS,"{""rel"":""SUPPORTS"",""source"":""claim:0086"",""target"":""claim:0080""}"
claim:0087,entity:unknown,ABOUT,"{""rel"":""ABOUT"",""source"":""claim:0087"",""target"":""entity:unknown""}"
claim:0087,metric:ebitda_adjustment,MEASURES,"{""rel"":""MEASURES"",""source"":""claim:0087"",""target"":""metric:ebitda_adjustment""}"
claim:0087,perimeter:unknown,SCOPED_TO,"{""rel"":""SCOPED_TO"",""source"":""claim:0087"",""target"":""perimeter:unknown""}"
claim:0087,source:src-qoe,FROM_SOURCE,"{""rel"":""FROM_SOURCE"",""source"":""claim:0087"",""target"":""source:src-qoe""}"
claim:0087,area:earnings,IN_AREA,"{""rel"":""IN_AREA"",""source"":""claim:0087"",""target"":""area:earnings""}"
claim:0087,claim:0008,CHALLENGES,"{""rel"":""CHALLENGES"",""source"":""claim:0087"",""target"":""claim:0008""}"
claim:0087,claim:0070,CHALLENGES,"{""rel"":""CHALLENGES"",""source"":""claim:0087"",""target"":""claim:0070""}"
claim:0087,claim:0071,CHALLENGES,"{""rel"":""CHALLENGES"",""source"":""claim:0087"",""target"":""claim:0071""}"
claim:0087,claim:0083,CHALLENGES,"{""rel"":""CHALLENGES"",""source"":""claim:0087"",""target"":""claim:0083""}"
claim:0087,claim:0101,CHALLENGES,"{""rel"":""CHALLENGES"",""source"":""claim:0087"",""target"":""claim:0101""}"
claim:0087,claim:0204,CHALLENGES,"{""rel"":""CHALLENGES"",""source"":""claim:0087"",""target"":""claim:0204""}"
claim:0087,claim:0205,CHALLENGES,"{""rel"":""CHALLENGES"",""source"":""claim:0087"",""target"":""claim:0205""}"
claim:0087,claim:0218,CHALLENGES,"{""rel"":""CHALLENGES"",""source"":""claim:0087"",""target"":""claim:0218""}"
claim:0087,claim:0261,CHALLENGES,"{""rel"":""CHALLENGES"",""source"":""claim:0087"",""target"":""claim:0261""}"
claim:0087,claim:0079,SUPPORTS,"{""rel"":""SUPPORTS"",""source"":""claim:0087"",""target"":""claim:0079""}"
claim:0087,claim:0080,SUPPORTS,"{""rel"":""SUPPORTS"",""source"":""claim:0087"",""target"":""claim:0080""}"
claim:0088,entity:unknown,ABOUT,"{""rel"":""ABOUT"",""source"":""claim:0088"",""target"":""entity:unknown""}"
claim:0088,metric:ebitda_adjustment,MEASURES,"{""rel"":""MEASURES"",""source"":""claim:0088"",""target"":""metric:ebitda_adjustment""}"
claim:0088,perimeter:unknown,SCOPED_TO,"{""rel"":""SCOPED_TO"",""source"":""claim:0088"",""target"":""perimeter:unknown""}"
claim:0088,source:src-qoe,FROM_SOURCE,"{""rel"":""FROM_SOURCE"",""source"":""claim:0088"",""target"":""source:src-qoe""}"
claim:0088,area:earnings,IN_AREA,"{""rel"":""IN_AREA"",""source"":""claim:0088"",""target"":""area:earnings""}"
claim:0088,claim:0008,CHALLENGES,"{""rel"":""CHALLENGES"",""source"":""claim:0088"",""target"":""claim:0008""}"
claim:0088,claim:0070,CHALLENGES,"{""rel"":""CHALLENGES"",""source"":""claim:0088"",""target"":""claim:0070""}"
claim:0088,claim:0071,CHALLENGES,"{""rel"":""CHALLENGES"",""source"":""claim:0088"",""target"":""claim:0071""}"
claim:0088,claim:0083,CHALLENGES,"{""rel"":""CHALLENGES"",""source"":""claim:0088"",""target"":""claim:0083""}"
claim:0088,claim:0101,CHALLENGES,"{""rel"":""CHALLENGES"",""source"":""claim:0088"",""target"":""claim:0101""}"
claim:0088,claim:0204,CHALLENGES,"{""rel"":""CHALLENGES"",""source"":""claim:0088"",""target"":""claim:0204""}"
claim:0088,claim:0205,CHALLENGES,"{""rel"":""CHALLENGES"",""source"":""claim:0088"",""target"":""claim:0205""}"
claim:0088,claim:0218,CHALLENGES,"{""rel"":""CHALLENGES"",""source"":""claim:0088"",""target"":""claim:0218""}"
claim:0088,claim:0261,CHALLENGES,"{""rel"":""CHALLENGES"",""source"":""claim:0088"",""target"":""claim:0261""}"
claim:0088,claim:0079,SUPPORTS,"{""rel"":""SUPPORTS"",""source"":""claim:0088"",""target"":""claim:0079""}"
claim:0088,claim:0080,SUPPORTS,"{""rel"":""SUPPORTS"",""source"":""claim:0088"",""target"":""claim:0080""}"
claim:0089,entity:keystone_standalone,ABOUT,"{""rel"":""ABOUT"",""source"":""claim:0089"",""target"":""entity:keystone_standalone""}"
claim:0089,metric:ebitda_adjustment,MEASURES,"{""rel"":""MEASURES"",""source"":""claim:0089"",""target"":""metric:ebitda_adjustment""}"
claim:0089,perimeter:keystone_standalone,SCOPED_TO,"{""rel"":""SCOPED_TO"",""source"":""claim:0089"",""target"":""perimeter:keystone_standalone""}"
claim:0089,source:src-qoe,FROM_SOURCE,"{""rel"":""FROM_SOURCE"",""source"":""claim:0089"",""target"":""source:src-qoe""}"
claim:0089,author:qoe_provider,BY_AUTHOR,"{""rel"":""BY_AUTHOR"",""source"":""claim:0089"",""target"":""author:qoe_provider""}"
claim:0089,area:earnings,IN_AREA,"{""rel"":""IN_AREA"",""source"":""claim:0089"",""target"":""area:earnings""}"
claim:0089,claim:0107,CHALLENGES,"{""rel"":""CHALLENGES"",""source"":""claim:0089"",""target"":""claim:0107""}"
claim:0089,claim:0108,CHALLENGES,"{""rel"":""CHALLENGES"",""source"":""claim:0089"",""target"":""claim:0108""}"
claim:0089,claim:0109,CHALLENGES,"{""rel"":""CHALLENGES"",""source"":""claim:0089"",""target"":""claim:0109""}"
claim:0089,claim:0110,CHALLENGES,"{""rel"":""CHALLENGES"",""source"":""claim:0089"",""target"":""claim:0110""}"
claim:0089,claim:0195,CHALLENGES,"{""rel"":""CHALLENGES"",""source"":""claim:0089"",""target"":""claim:0195""}"
claim:0089,claim:0196,CHALLENGES,"{""rel"":""CHALLENGES"",""source"":""claim:0089"",""target"":""claim:0196""}"
claim:0089,claim:0197,CHALLENGES,"{""rel"":""CHALLENGES"",""source"":""claim:0089"",""target"":""claim:0197""}"
claim:0089,claim:0221,CHALLENGES,"{""rel"":""CHALLENGES"",""source"":""claim:0089"",""target"":""claim:0221""}"
claim:0089,claim:0229,CHALLENGES,"{""rel"":""CHALLENGES"",""source"":""claim:0089"",""target"":""claim:0229""}"
claim:0090,entity:keystone_standalone,ABOUT,"{""rel"":""ABOUT"",""source"":""claim:0090"",""target"":""entity:keystone_standalone""}"
claim:0090,metric:adjustment_supportability,MEASURES,"{""rel"":""MEASURES"",""source"":""claim:0090"",""target"":""metric:adjustment_supportability""}"
claim:0090,perimeter:keystone_standalone,SCOPED_TO,"{""rel"":""SCOPED_TO"",""source"":""claim:0090"",""target"":""perimeter:keystone_standalone""}"
claim:0090,source:src-qoe,FROM_SOURCE,"{""rel"":""FROM_SOURCE"",""source"":""claim:0090"",""target"":""source:src-qoe""}"
claim:0090,author:qoe_provider,BY_AUTHOR,"{""rel"":""BY_AUTHOR"",""source"":""claim:0090"",""target"":""author:qoe_provider""}"
claim:0090,area:earnings,IN_AREA,"{""rel"":""IN_AREA"",""source"":""claim:0090"",""target"":""area:earnings""}"
claim:0091,entity:keystone_standalone,ABOUT,"{""rel"":""ABOUT"",""source"":""claim:0091"",""target"":""entity:keystone_standalone""}"
claim:0091,metric:net_working_capital_target,MEASURES,"{""rel"":""MEASURES"",""source"":""claim:0091"",""target"":""metric:net_working_capital_target""}"
claim:0091,perimeter:keystone_standalone,SCOPED_TO,"{""rel"":""SCOPED_TO"",""source"":""claim:0091"",""target"":""perimeter:keystone_standalone""}"
claim:0091,source:src-qoe,FROM_SOURCE,"{""rel"":""FROM_SOURCE"",""source"":""claim:0091"",""target"":""source:src-qoe""}"
claim:0092,entity:keystone_standalone,ABOUT,"{""rel"":""ABOUT"",""source"":""claim:0092"",""target"":""entity:keystone_standalone""}"
claim:0092,metric:net_working_capital,MEASURES,"{""rel"":""MEASURES"",""source"":""claim:0092"",""target"":""metric:net_working_capital""}"
claim:0092,perimeter:keystone_standalone,SCOPED_TO,"{""rel"":""SCOPED_TO"",""source"":""claim:0092"",""target"":""perimeter:keystone_standalone""}"
claim:0092,source:src-qoe,FROM_SOURCE,"{""rel"":""FROM_SOURCE"",""source"":""claim:0092"",""target"":""source:src-qoe""}"
claim:0092,claim:0091,CHALLENGES,"{""rel"":""CHALLENGES"",""source"":""claim:0092"",""target"":""claim:0091""}"
claim:0092,claim:0251,CHALLENGES,"{""rel"":""CHALLENGES"",""source"":""claim:0092"",""target"":""claim:0251""}"
claim:0093,entity:keystone_standalone,ABOUT,"{""rel"":""ABOUT"",""source"":""claim:0093"",""target"":""entity:keystone_standalone""}"
claim:0093,metric:net_working_capital_adjustment,MEASURES,"{""rel"":""MEASURES"",""source"":""claim:0093"",""target"":""metric:net_working_capital_adjustment""}"
claim:0093,perimeter:keystone_standalone,SCOPED_TO,"{""rel"":""SCOPED_TO"",""source"":""claim:0093"",""target"":""perimeter:keystone_standalone""}"
claim:0093,source:src-qoe,FROM_SOURCE,"{""rel"":""FROM_SOURCE"",""source"":""claim:0093"",""target"":""source:src-qoe""}"
claim:0093,claim:0251,CHALLENGES,"{""rel"":""CHALLENGES"",""source"":""claim:0093"",""target"":""claim:0251""}"
claim:0094,entity:keystone,ABOUT,"{""rel"":""ABOUT"",""source"":""claim:0094"",""target"":""entity:keystone""}"
claim:0094,metric:gross_debt,MEASURES,"{""rel"":""MEASURES"",""source"":""claim:0094"",""target"":""metric:gross_debt""}"
claim:0094,perimeter:keystone,SCOPED_TO,"{""rel"":""SCOPED_TO"",""source"":""claim:0094"",""target"":""perimeter:keystone""}"
claim:0094,source:src-qoe,FROM_SOURCE,"{""rel"":""FROM_SOURCE"",""source"":""claim:0094"",""target"":""source:src-qoe""}"
claim:0094,author:qoe_provider,BY_AUTHOR,"{""rel"":""BY_AUTHOR"",""source"":""claim:0094"",""target"":""author:qoe_provider""}"
claim:0094,area:structure,IN_AREA,"{""rel"":""IN_AREA"",""source"":""claim:0094"",""target"":""area:structure""}"
claim:0095,entity:keystone,ABOUT,"{""rel"":""ABOUT"",""source"":""claim:0095"",""target"":""entity:keystone""}"
claim:0095,metric:net_debt,MEASURES,"{""rel"":""MEASURES"",""source"":""claim:0095"",""target"":""metric:net_debt""}"
claim:0095,perimeter:keystone,SCOPED_TO,"{""rel"":""SCOPED_TO"",""source"":""claim:0095"",""target"":""perimeter:keystone""}"
claim:0095,source:src-qoe,FROM_SOURCE,"{""rel"":""FROM_SOURCE"",""source"":""claim:0095"",""target"":""source:src-qoe""}"
claim:0095,author:qoe_provider,BY_AUTHOR,"{""rel"":""BY_AUTHOR"",""source"":""claim:0095"",""target"":""author:qoe_provider""}"
claim:0095,area:structure,IN_AREA,"{""rel"":""IN_AREA"",""source"":""claim:0095"",""target"":""area:structure""}"
claim:0096,entity:keystone,ABOUT,"{""rel"":""ABOUT"",""source"":""claim:0096"",""target"":""entity:keystone""}"
claim:0096,metric:first-lien_debt,MEASURES,"{""rel"":""MEASURES"",""source"":""claim:0096"",""target"":""metric:first-lien_debt""}"
claim:0096,perimeter:keystone,SCOPED_TO,"{""rel"":""SCOPED_TO"",""source"":""claim:0096"",""target"":""perimeter:keystone""}"
claim:0096,source:src-qoe,FROM_SOURCE,"{""rel"":""FROM_SOURCE"",""source"":""claim:0096"",""target"":""source:src-qoe""}"
claim:0096,area:structure,IN_AREA,"{""rel"":""IN_AREA"",""source"":""claim:0096"",""target"":""area:structure""}"
claim:0096,claim:0292,REFINES,"{""rel"":""REFINES"",""source"":""claim:0096"",""target"":""claim:0292""}"
claim:0097,entity:keystone_standalone,ABOUT,"{""rel"":""ABOUT"",""source"":""claim:0097"",""target"":""entity:keystone_standalone""}"
claim:0097,metric:revenue_growth,MEASURES,"{""rel"":""MEASURES"",""source"":""claim:0097"",""target"":""metric:revenue_growth""}"
claim:0097,perimeter:keystone_standalone,SCOPED_TO,"{""rel"":""SCOPED_TO"",""source"":""claim:0097"",""target"":""perimeter:keystone_standalone""}"
claim:0097,source:src-model-sum,FROM_SOURCE,"{""rel"":""FROM_SOURCE"",""source"":""claim:0097"",""target"":""source:src-model-sum""}"
claim:0098,entity:keystone_standalone,ABOUT,"{""rel"":""ABOUT"",""source"":""claim:0098"",""target"":""entity:keystone_standalone""}"
claim:0098,metric:ebitda_margin,MEASURES,"{""rel"":""MEASURES"",""source"":""claim:0098"",""target"":""metric:ebitda_margin""}"
claim:0098,period:opening,IN_PERIOD,"{""rel"":""IN_PERIOD"",""source"":""claim:0098"",""target"":""period:opening""}"
claim:0098,perimeter:keystone_standalone,SCOPED_TO,"{""rel"":""SCOPED_TO"",""source"":""claim:0098"",""target"":""perimeter:keystone_standalone""}"
claim:0098,source:src-model-sum,FROM_SOURCE,"{""rel"":""FROM_SOURCE"",""source"":""claim:0098"",""target"":""source:src-model-sum""}"
claim:0098,claim:0229,TRACKS,"{""rel"":""TRACKS"",""source"":""claim:0098"",""target"":""claim:0229""}"
claim:0099,entity:keystone_standalone,ABOUT,"{""rel"":""ABOUT"",""source"":""claim:0099"",""target"":""entity:keystone_standalone""}"
claim:0099,metric:exit_multiple,MEASURES,"{""rel"":""MEASURES"",""source"":""claim:0099"",""target"":""metric:exit_multiple""}"
claim:0099,period:fy2031,IN_PERIOD,"{""rel"":""IN_PERIOD"",""source"":""claim:0099"",""target"":""period:fy2031""}"
claim:0099,perimeter:keystone_standalone,SCOPED_TO,"{""rel"":""SCOPED_TO"",""source"":""claim:0099"",""target"":""perimeter:keystone_standalone""}"
claim:0099,source:src-model-sum,FROM_SOURCE,"{""rel"":""FROM_SOURCE"",""source"":""claim:0099"",""target"":""source:src-model-sum""}"
claim:0099,area:returns,IN_AREA,"{""rel"":""IN_AREA"",""source"":""claim:0099"",""target"":""area:returns""}"
claim:0100,entity:unknown,ABOUT,"{""rel"":""ABOUT"",""source"":""claim:0100"",""target"":""entity:unknown""}"
claim:0100,metric:enterprise_value,MEASURES,"{""rel"":""MEASURES"",""source"":""claim:0100"",""target"":""metric:enterprise_value""}"
claim:0100,period:opening,IN_PERIOD,"{""rel"":""IN_PERIOD"",""source"":""claim:0100"",""target"":""period:opening""}"
claim:0100,perimeter:unknown,SCOPED_TO,"{""rel"":""SCOPED_TO"",""source"":""claim:0100"",""target"":""perimeter:unknown""}"
claim:0100,source:src-model-sum,FROM_SOURCE,"{""rel"":""FROM_SOURCE"",""source"":""claim:0100"",""target"":""source:src-model-sum""}"
claim:0100,area:returns,IN_AREA,"{""rel"":""IN_AREA"",""source"":""claim:0100"",""target"":""area:returns""}"
claim:0101,entity:unknown,ABOUT,"{""rel"":""ABOUT"",""source"":""claim:0101"",""target"":""entity:unknown""}"
claim:0101,metric:ebitda,MEASURES,"{""rel"":""MEASURES"",""source"":""claim:0101"",""target"":""metric:ebitda""}"
claim:0101,period:opening,IN_PERIOD,"{""rel"":""IN_PERIOD"",""source"":""claim:0101"",""target"":""period:opening""}"
claim:0101,perimeter:unknown,SCOPED_TO,"{""rel"":""SCOPED_TO"",""source"":""claim:0101"",""target"":""perimeter:unknown""}"
claim:0101,source:src-model-sum,FROM_SOURCE,"{""rel"":""FROM_SOURCE"",""source"":""claim:0101"",""target"":""source:src-model-sum""}"
claim:0101,claim:0204,TRACKS,"{""rel"":""TRACKS"",""source"":""claim:0101"",""target"":""claim:0204""}"
claim:0101,claim:0205,TRACKS,"{""rel"":""TRACKS"",""source"":""claim:0101"",""target"":""claim:0205""}"
claim:0101,claim:0213,TRACKS,"{""rel"":""TRACKS"",""source"":""claim:0101"",""target"":""claim:0213""}"
claim:0101,claim:0261,TRACKS,"{""rel"":""TRACKS"",""source"":""claim:0101"",""target"":""claim:0261""}"
claim:0101,claim:0262,TRACKS,"{""rel"":""TRACKS"",""source"":""claim:0101"",""target"":""claim:0262""}"
claim:0101,claim:0263,TRACKS,"{""rel"":""TRACKS"",""source"":""claim:0101"",""target"":""claim:0263""}"
claim:0102,entity:unknown,ABOUT,"{""rel"":""ABOUT"",""source"":""claim:0102"",""target"":""entity:unknown""}"
claim:0102,metric:entry_multiple,MEASURES,"{""rel"":""MEASURES"",""source"":""claim:0102"",""target"":""metric:entry_multiple""}"
claim:0102,period:opening,IN_PERIOD,"{""rel"":""IN_PERIOD"",""source"":""claim:0102"",""target"":""period:opening""}"
claim:0102,perimeter:unknown,SCOPED_TO,"{""rel"":""SCOPED_TO"",""source"":""claim:0102"",""target"":""perimeter:unknown""}"
claim:0102,source:src-model-sum,FROM_SOURCE,"{""rel"":""FROM_SOURCE"",""source"":""claim:0102"",""target"":""source:src-model-sum""}"
claim:0102,area:returns,IN_AREA,"{""rel"":""IN_AREA"",""source"":""claim:0102"",""target"":""area:returns""}"
claim:0103,entity:unknown,ABOUT,"{""rel"":""ABOUT"",""source"":""claim:0103"",""target"":""entity:unknown""}"
claim:0103,metric:sponsor_equity,MEASURES,"{""rel"":""MEASURES"",""source"":""claim:0103"",""target"":""metric:sponsor_equity""}"
claim:0103,period:opening,IN_PERIOD,"{""rel"":""IN_PERIOD"",""source"":""claim:0103"",""target"":""period:opening""}"
claim:0103,perimeter:unknown,SCOPED_TO,"{""rel"":""SCOPED_TO"",""source"":""claim:0103"",""target"":""perimeter:unknown""}"
claim:0103,source:src-model-sum,FROM_SOURCE,"{""rel"":""FROM_SOURCE"",""source"":""claim:0103"",""target"":""source:src-model-sum""}"
claim:0103,area:structure,IN_AREA,"{""rel"":""IN_AREA"",""source"":""claim:0103"",""target"":""area:structure""}"
claim:0103,claim:0113,TRACKS,"{""rel"":""TRACKS"",""source"":""claim:0103"",""target"":""claim:0113""}"
claim:0104,entity:unknown,ABOUT,"{""rel"":""ABOUT"",""source"":""claim:0104"",""target"":""entity:unknown""}"
claim:0104,metric:seller_rollover,MEASURES,"{""rel"":""MEASURES"",""source"":""claim:0104"",""target"":""metric:seller_rollover""}"
claim:0104,period:opening,IN_PERIOD,"{""rel"":""IN_PERIOD"",""source"":""claim:0104"",""target"":""period:opening""}"
claim:0104,perimeter:unknown,SCOPED_TO,"{""rel"":""SCOPED_TO"",""source"":""claim:0104"",""target"":""perimeter:unknown""}"
claim:0104,source:src-model-sum,FROM_SOURCE,"{""rel"":""FROM_SOURCE"",""source"":""claim:0104"",""target"":""source:src-model-sum""}"
claim:0104,area:structure,IN_AREA,"{""rel"":""IN_AREA"",""source"":""claim:0104"",""target"":""area:structure""}"
claim:0105,entity:unknown,ABOUT,"{""rel"":""ABOUT"",""source"":""claim:0105"",""target"":""entity:unknown""}"
claim:0105,metric:first-lien_debt,MEASURES,"{""rel"":""MEASURES"",""source"":""claim:0105"",""target"":""metric:first-lien_debt""}"
claim:0105,period:opening,IN_PERIOD,"{""rel"":""IN_PERIOD"",""source"":""claim:0105"",""target"":""period:opening""}"
claim:0105,perimeter:unknown,SCOPED_TO,"{""rel"":""SCOPED_TO"",""source"":""claim:0105"",""target"":""perimeter:unknown""}"
claim:0105,source:src-model-sum,FROM_SOURCE,"{""rel"":""FROM_SOURCE"",""source"":""claim:0105"",""target"":""source:src-model-sum""}"
claim:0105,area:structure,IN_AREA,"{""rel"":""IN_AREA"",""source"":""claim:0105"",""target"":""area:structure""}"
claim:0106,entity:unknown,ABOUT,"{""rel"":""ABOUT"",""source"":""claim:0106"",""target"":""entity:unknown""}"
claim:0106,metric:leverage,MEASURES,"{""rel"":""MEASURES"",""source"":""claim:0106"",""target"":""metric:leverage""}"
claim:0106,period:opening,IN_PERIOD,"{""rel"":""IN_PERIOD"",""source"":""claim:0106"",""target"":""period:opening""}"
claim:0106,perimeter:unknown,SCOPED_TO,"{""rel"":""SCOPED_TO"",""source"":""claim:0106"",""target"":""perimeter:unknown""}"
claim:0106,source:src-model-sum,FROM_SOURCE,"{""rel"":""FROM_SOURCE"",""source"":""claim:0106"",""target"":""source:src-model-sum""}"
claim:0106,area:structure,IN_AREA,"{""rel"":""IN_AREA"",""source"":""claim:0106"",""target"":""area:structure""}"
claim:0107,entity:keystone_standalone,ABOUT,"{""rel"":""ABOUT"",""source"":""claim:0107"",""target"":""entity:keystone_standalone""}"
claim:0107,metric:ebitda,MEASURES,"{""rel"":""MEASURES"",""source"":""claim:0107"",""target"":""metric:ebitda""}"
claim:0107,perimeter:keystone_standalone,SCOPED_TO,"{""rel"":""SCOPED_TO"",""source"":""claim:0107"",""target"":""perimeter:keystone_standalone""}"
claim:0107,source:src-model-sum,FROM_SOURCE,"{""rel"":""FROM_SOURCE"",""source"":""claim:0107"",""target"":""source:src-model-sum""}"
claim:0108,entity:keystone_standalone,ABOUT,"{""rel"":""ABOUT"",""source"":""claim:0108"",""target"":""entity:keystone_standalone""}"
claim:0108,metric:ebitda_adjustment,MEASURES,"{""rel"":""MEASURES"",""source"":""claim:0108"",""target"":""metric:ebitda_adjustment""}"
claim:0108,perimeter:keystone_standalone,SCOPED_TO,"{""rel"":""SCOPED_TO"",""source"":""claim:0108"",""target"":""perimeter:keystone_standalone""}"
claim:0108,source:src-model-sum,FROM_SOURCE,"{""rel"":""FROM_SOURCE"",""source"":""claim:0108"",""target"":""source:src-model-sum""}"
claim:0108,area:earnings,IN_AREA,"{""rel"":""IN_AREA"",""source"":""claim:0108"",""target"":""area:earnings""}"
claim:0108,claim:0089,CONTRADICTS,"{""rel"":""CONTRADICTS"",""source"":""claim:0108"",""target"":""claim:0089""}"
claim:0108,claim:0109,CONTRADICTS,"{""rel"":""CONTRADICTS"",""source"":""claim:0108"",""target"":""claim:0109""}"
claim:0108,claim:0195,CONTRADICTS,"{""rel"":""CONTRADICTS"",""source"":""claim:0108"",""target"":""claim:0195""}"
claim:0108,claim:0196,CONTRADICTS,"{""rel"":""CONTRADICTS"",""source"":""claim:0108"",""target"":""claim:0196""}"
claim:0108,claim:0197,CONTRADICTS,"{""rel"":""CONTRADICTS"",""source"":""claim:0108"",""target"":""claim:0197""}"
claim:0109,entity:keystone_standalone,ABOUT,"{""rel"":""ABOUT"",""source"":""claim:0109"",""target"":""entity:keystone_standalone""}"
claim:0109,metric:ebitda_adjustment,MEASURES,"{""rel"":""MEASURES"",""source"":""claim:0109"",""target"":""metric:ebitda_adjustment""}"
claim:0109,perimeter:keystone_standalone,SCOPED_TO,"{""rel"":""SCOPED_TO"",""source"":""claim:0109"",""target"":""perimeter:keystone_standalone""}"
claim:0109,source:src-model-sum,FROM_SOURCE,"{""rel"":""FROM_SOURCE"",""source"":""claim:0109"",""target"":""source:src-model-sum""}"
claim:0109,area:earnings,IN_AREA,"{""rel"":""IN_AREA"",""source"":""claim:0109"",""target"":""area:earnings""}"
claim:0110,entity:keystone_standalone,ABOUT,"{""rel"":""ABOUT"",""source"":""claim:0110"",""target"":""entity:keystone_standalone""}"
claim:0110,metric:ebitda,MEASURES,"{""rel"":""MEASURES"",""source"":""claim:0110"",""target"":""metric:ebitda""}"
claim:0110,perimeter:keystone_standalone,SCOPED_TO,"{""rel"":""SCOPED_TO"",""source"":""claim:0110"",""target"":""perimeter:keystone_standalone""}"
claim:0110,source:src-model-sum,FROM_SOURCE,"{""rel"":""FROM_SOURCE"",""source"":""claim:0110"",""target"":""source:src-model-sum""}"
claim:0110,claim:0098,CHALLENGES,"{""rel"":""CHALLENGES"",""source"":""claim:0110"",""target"":""claim:0098""}"
claim:0110,claim:0107,CHALLENGES,"{""rel"":""CHALLENGES"",""source"":""claim:0110"",""target"":""claim:0107""}"
claim:0110,claim:0108,CHALLENGES,"{""rel"":""CHALLENGES"",""source"":""claim:0110"",""target"":""claim:0108""}"
claim:0110,claim:0109,CHALLENGES,"{""rel"":""CHALLENGES"",""source"":""claim:0110"",""target"":""claim:0109""}"
claim:0110,claim:0229,CHALLENGES,"{""rel"":""CHALLENGES"",""source"":""claim:0110"",""target"":""claim:0229""}"
claim:0111,entity:unknown,ABOUT,"{""rel"":""ABOUT"",""source"":""claim:0111"",""target"":""entity:unknown""}"
claim:0111,metric:acquisition_count,MEASURES,"{""rel"":""MEASURES"",""source"":""claim:0111"",""target"":""metric:acquisition_count""}"
claim:0111,period:fy2026,IN_PERIOD,"{""rel"":""IN_PERIOD"",""source"":""claim:0111"",""target"":""period:fy2026""}"
claim:0111,perimeter:unknown,SCOPED_TO,"{""rel"":""SCOPED_TO"",""source"":""claim:0111"",""target"":""perimeter:unknown""}"
claim:0111,source:src-model-sum,FROM_SOURCE,"{""rel"":""FROM_SOURCE"",""source"":""claim:0111"",""target"":""source:src-model-sum""}"
claim:0111,area:operations,IN_AREA,"{""rel"":""IN_AREA"",""source"":""claim:0111"",""target"":""area:operations""}"
claim:0111,claim:0174,TRACKS,"{""rel"":""TRACKS"",""source"":""claim:0111"",""target"":""claim:0174""}"
claim:0111,claim:0077,SUPPORTS,"{""rel"":""SUPPORTS"",""source"":""claim:0111"",""target"":""claim:0077""}"
claim:0112,entity:unknown,ABOUT,"{""rel"":""ABOUT"",""source"":""claim:0112"",""target"":""entity:unknown""}"
claim:0112,metric:ddtl_availability,MEASURES,"{""rel"":""MEASURES"",""source"":""claim:0112"",""target"":""metric:ddtl_availability""}"
claim:0112,period:fy2026,IN_PERIOD,"{""rel"":""IN_PERIOD"",""source"":""claim:0112"",""target"":""period:fy2026""}"
claim:0112,perimeter:unknown,SCOPED_TO,"{""rel"":""SCOPED_TO"",""source"":""claim:0112"",""target"":""perimeter:unknown""}"
claim:0112,source:src-model-sum,FROM_SOURCE,"{""rel"":""FROM_SOURCE"",""source"":""claim:0112"",""target"":""source:src-model-sum""}"
claim:0112,area:structure,IN_AREA,"{""rel"":""IN_AREA"",""source"":""claim:0112"",""target"":""area:structure""}"
claim:0112,claim:0259,TRACKS,"{""rel"":""TRACKS"",""source"":""claim:0112"",""target"":""claim:0259""}"
claim:0113,entity:unknown,ABOUT,"{""rel"":""ABOUT"",""source"":""claim:0113"",""target"":""entity:unknown""}"
claim:0113,metric:sponsor_equity,MEASURES,"{""rel"":""MEASURES"",""source"":""claim:0113"",""target"":""metric:sponsor_equity""}"
claim:0113,period:fy2026,IN_PERIOD,"{""rel"":""IN_PERIOD"",""source"":""claim:0113"",""target"":""period:fy2026""}"
claim:0113,perimeter:unknown,SCOPED_TO,"{""rel"":""SCOPED_TO"",""source"":""claim:0113"",""target"":""perimeter:unknown""}"
claim:0113,source:src-model-sum,FROM_SOURCE,"{""rel"":""FROM_SOURCE"",""source"":""claim:0113"",""target"":""source:src-model-sum""}"
claim:0113,area:structure,IN_AREA,"{""rel"":""IN_AREA"",""source"":""claim:0113"",""target"":""area:structure""}"
claim:0113,claim:0122,TRACKS,"{""rel"":""TRACKS"",""source"":""claim:0113"",""target"":""claim:0122""}"
claim:0114,entity:alderstone_standalone,ABOUT,"{""rel"":""ABOUT"",""source"":""claim:0114"",""target"":""entity:alderstone_standalone""}"
claim:0114,metric:exit_ev,MEASURES,"{""rel"":""MEASURES"",""source"":""claim:0114"",""target"":""metric:exit_ev""}"
claim:0114,perimeter:alderstone_standalone,SCOPED_TO,"{""rel"":""SCOPED_TO"",""source"":""claim:0114"",""target"":""perimeter:alderstone_standalone""}"
claim:0114,source:src-model-sum,FROM_SOURCE,"{""rel"":""FROM_SOURCE"",""source"":""claim:0114"",""target"":""source:src-model-sum""}"
claim:0114,author:firm_model_(audited),BY_AUTHOR,"{""rel"":""BY_AUTHOR"",""source"":""claim:0114"",""target"":""author:firm_model_(audited)""}"
claim:0114,area:returns,IN_AREA,"{""rel"":""IN_AREA"",""source"":""claim:0114"",""target"":""area:returns""}"
claim:0115,entity:alderstone_standalone,ABOUT,"{""rel"":""ABOUT"",""source"":""claim:0115"",""target"":""entity:alderstone_standalone""}"
claim:0115,metric:exit_multiple,MEASURES,"{""rel"":""MEASURES"",""source"":""claim:0115"",""target"":""metric:exit_multiple""}"
claim:0115,perimeter:alderstone_standalone,SCOPED_TO,"{""rel"":""SCOPED_TO"",""source"":""claim:0115"",""target"":""perimeter:alderstone_standalone""}"
claim:0115,source:src-model-sum,FROM_SOURCE,"{""rel"":""FROM_SOURCE"",""source"":""claim:0115"",""target"":""source:src-model-sum""}"
claim:0115,author:firm_model_(audited),BY_AUTHOR,"{""rel"":""BY_AUTHOR"",""source"":""claim:0115"",""target"":""author:firm_model_(audited)""}"
claim:0115,area:returns,IN_AREA,"{""rel"":""IN_AREA"",""source"":""claim:0115"",""target"":""area:returns""}"
claim:0115,claim:0128,CHALLENGES,"{""rel"":""CHALLENGES"",""source"":""claim:0115"",""target"":""claim:0128""}"
claim:0115,claim:0132,CHALLENGES,"{""rel"":""CHALLENGES"",""source"":""claim:0115"",""target"":""claim:0132""}"
claim:0116,entity:alderstone_standalone,ABOUT,"{""rel"":""ABOUT"",""source"":""claim:0116"",""target"":""entity:alderstone_standalone""}"
claim:0116,metric:moic,MEASURES,"{""rel"":""MEASURES"",""source"":""claim:0116"",""target"":""metric:moic""}"
claim:0116,perimeter:alderstone_standalone,SCOPED_TO,"{""rel"":""SCOPED_TO"",""source"":""claim:0116"",""target"":""perimeter:alderstone_standalone""}"
claim:0116,source:src-model-sum,FROM_SOURCE,"{""rel"":""FROM_SOURCE"",""source"":""claim:0116"",""target"":""source:src-model-sum""}"
claim:0116,author:firm_model_(audited),BY_AUTHOR,"{""rel"":""BY_AUTHOR"",""source"":""claim:0116"",""target"":""author:firm_model_(audited)""}"
claim:0116,area:returns,IN_AREA,"{""rel"":""IN_AREA"",""source"":""claim:0116"",""target"":""area:returns""}"
claim:0117,entity:alderstone_standalone,ABOUT,"{""rel"":""ABOUT"",""source"":""claim:0117"",""target"":""entity:alderstone_standalone""}"
claim:0117,metric:irr,MEASURES,"{""rel"":""MEASURES"",""source"":""claim:0117"",""target"":""metric:irr""}"
claim:0117,perimeter:alderstone_standalone,SCOPED_TO,"{""rel"":""SCOPED_TO"",""source"":""claim:0117"",""target"":""perimeter:alderstone_standalone""}"
claim:0117,source:src-model-sum,FROM_SOURCE,"{""rel"":""FROM_SOURCE"",""source"":""claim:0117"",""target"":""source:src-model-sum""}"
claim:0117,author:firm_model_(audited),BY_AUTHOR,"{""rel"":""BY_AUTHOR"",""source"":""claim:0117"",""target"":""author:firm_model_(audited)""}"
claim:0117,area:returns,IN_AREA,"{""rel"":""IN_AREA"",""source"":""claim:0117"",""target"":""area:returns""}"
claim:0118,entity:unknown,ABOUT,"{""rel"":""ABOUT"",""source"":""claim:0118"",""target"":""entity:unknown""}"
claim:0118,metric:net_debt,MEASURES,"{""rel"":""MEASURES"",""source"":""claim:0118"",""target"":""metric:net_debt""}"
claim:0118,perimeter:unknown,SCOPED_TO,"{""rel"":""SCOPED_TO"",""source"":""claim:0118"",""target"":""perimeter:unknown""}"
claim:0118,source:src-model,FROM_SOURCE,"{""rel"":""FROM_SOURCE"",""source"":""claim:0118"",""target"":""source:src-model""}"
claim:0118,author:model,BY_AUTHOR,"{""rel"":""BY_AUTHOR"",""source"":""claim:0118"",""target"":""author:model""}"
claim:0118,area:structure,IN_AREA,"{""rel"":""IN_AREA"",""source"":""claim:0118"",""target"":""area:structure""}"
claim:0119,entity:unknown,ABOUT,"{""rel"":""ABOUT"",""source"":""claim:0119"",""target"":""entity:unknown""}"
claim:0119,metric:revolver_capacity,MEASURES,"{""rel"":""MEASURES"",""source"":""claim:0119"",""target"":""metric:revolver_capacity""}"
claim:0119,perimeter:unknown,SCOPED_TO,"{""rel"":""SCOPED_TO"",""source"":""claim:0119"",""target"":""perimeter:unknown""}"
claim:0119,source:src-model,FROM_SOURCE,"{""rel"":""FROM_SOURCE"",""source"":""claim:0119"",""target"":""source:src-model""}"
claim:0119,author:model,BY_AUTHOR,"{""rel"":""BY_AUTHOR"",""source"":""claim:0119"",""target"":""author:model""}"
claim:0119,area:structure,IN_AREA,"{""rel"":""IN_AREA"",""source"":""claim:0119"",""target"":""area:structure""}"
claim:0120,entity:unknown,ABOUT,"{""rel"":""ABOUT"",""source"":""claim:0120"",""target"":""entity:unknown""}"
claim:0120,metric:ddtl_availability,MEASURES,"{""rel"":""MEASURES"",""source"":""claim:0120"",""target"":""metric:ddtl_availability""}"
claim:0120,perimeter:unknown,SCOPED_TO,"{""rel"":""SCOPED_TO"",""source"":""claim:0120"",""target"":""perimeter:unknown""}"
claim:0120,source:src-model,FROM_SOURCE,"{""rel"":""FROM_SOURCE"",""source"":""claim:0120"",""target"":""source:src-model""}"
claim:0120,author:model,BY_AUTHOR,"{""rel"":""BY_AUTHOR"",""source"":""claim:0120"",""target"":""author:model""}"
claim:0120,area:structure,IN_AREA,"{""rel"":""IN_AREA"",""source"":""claim:0120"",""target"":""area:structure""}"
claim:0121,entity:unknown,ABOUT,"{""rel"":""ABOUT"",""source"":""claim:0121"",""target"":""entity:unknown""}"
claim:0121,metric:capex,MEASURES,"{""rel"":""MEASURES"",""source"":""claim:0121"",""target"":""metric:capex""}"
claim:0121,period:opening,IN_PERIOD,"{""rel"":""IN_PERIOD"",""source"":""claim:0121"",""target"":""period:opening""}"
claim:0121,perimeter:unknown,SCOPED_TO,"{""rel"":""SCOPED_TO"",""source"":""claim:0121"",""target"":""perimeter:unknown""}"
claim:0121,source:src-model,FROM_SOURCE,"{""rel"":""FROM_SOURCE"",""source"":""claim:0121"",""target"":""source:src-model""}"
claim:0121,author:management,BY_AUTHOR,"{""rel"":""BY_AUTHOR"",""source"":""claim:0121"",""target"":""author:management""}"
claim:0121,area:structure,IN_AREA,"{""rel"":""IN_AREA"",""source"":""claim:0121"",""target"":""area:structure""}"
claim:0121,claim:0142,TRACKS,"{""rel"":""TRACKS"",""source"":""claim:0121"",""target"":""claim:0142""}"
claim:0122,entity:unknown,ABOUT,"{""rel"":""ABOUT"",""source"":""claim:0122"",""target"":""entity:unknown""}"
claim:0122,metric:sponsor_equity,MEASURES,"{""rel"":""MEASURES"",""source"":""claim:0122"",""target"":""metric:sponsor_equity""}"
claim:0122,period:opening,IN_PERIOD,"{""rel"":""IN_PERIOD"",""source"":""claim:0122"",""target"":""period:opening""}"
claim:0122,perimeter:unknown,SCOPED_TO,"{""rel"":""SCOPED_TO"",""source"":""claim:0122"",""target"":""perimeter:unknown""}"
claim:0122,source:src-model,FROM_SOURCE,"{""rel"":""FROM_SOURCE"",""source"":""claim:0122"",""target"":""source:src-model""}"
claim:0122,area:structure,IN_AREA,"{""rel"":""IN_AREA"",""source"":""claim:0122"",""target"":""area:structure""}"
claim:0122,claim:0103,CHALLENGES,"{""rel"":""CHALLENGES"",""source"":""claim:0122"",""target"":""claim:0103""}"
claim:0122,claim:0245,CHALLENGES,"{""rel"":""CHALLENGES"",""source"":""claim:0122"",""target"":""claim:0245""}"
claim:0122,claim:0267,CHALLENGES,"{""rel"":""CHALLENGES"",""source"":""claim:0122"",""target"":""claim:0267""}"
claim:0123,entity:unknown,ABOUT,"{""rel"":""ABOUT"",""source"":""claim:0123"",""target"":""entity:unknown""}"
claim:0123,metric:exit_horizon,MEASURES,"{""rel"":""MEASURES"",""source"":""claim:0123"",""target"":""metric:exit_horizon""}"
claim:0123,perimeter:unknown,SCOPED_TO,"{""rel"":""SCOPED_TO"",""source"":""claim:0123"",""target"":""perimeter:unknown""}"
claim:0123,source:src-model,FROM_SOURCE,"{""rel"":""FROM_SOURCE"",""source"":""claim:0123"",""target"":""source:src-model""}"
claim:0123,author:management,BY_AUTHOR,"{""rel"":""BY_AUTHOR"",""source"":""claim:0123"",""target"":""author:management""}"
claim:0123,area:returns,IN_AREA,"{""rel"":""IN_AREA"",""source"":""claim:0123"",""target"":""area:returns""}"
claim:0124,entity:alderstone_standalone,ABOUT,"{""rel"":""ABOUT"",""source"":""claim:0124"",""target"":""entity:alderstone_standalone""}"
claim:0124,metric:revenue_growth,MEASURES,"{""rel"":""MEASURES"",""source"":""claim:0124"",""target"":""metric:revenue_growth""}"
claim:0124,period:fy2026,IN_PERIOD,"{""rel"":""IN_PERIOD"",""source"":""claim:0124"",""target"":""period:fy2026""}"
claim:0124,perimeter:alderstone_standalone,SCOPED_TO,"{""rel"":""SCOPED_TO"",""source"":""claim:0124"",""target"":""perimeter:alderstone_standalone""}"
claim:0124,source:src-model,FROM_SOURCE,"{""rel"":""FROM_SOURCE"",""source"":""claim:0124"",""target"":""source:src-model""}"
claim:0124,author:management,BY_AUTHOR,"{""rel"":""BY_AUTHOR"",""source"":""claim:0124"",""target"":""author:management""}"
claim:0124,claim:0208,TRACKS,"{""rel"":""TRACKS"",""source"":""claim:0124"",""target"":""claim:0208""}"
claim:0125,entity:alderstone_standalone,ABOUT,"{""rel"":""ABOUT"",""source"":""claim:0125"",""target"":""entity:alderstone_standalone""}"
claim:0125,metric:ebitda_margin,MEASURES,"{""rel"":""MEASURES"",""source"":""claim:0125"",""target"":""metric:ebitda_margin""}"
claim:0125,period:fy2026e,IN_PERIOD,"{""rel"":""IN_PERIOD"",""source"":""claim:0125"",""target"":""period:fy2026e""}"
claim:0125,perimeter:alderstone_standalone,SCOPED_TO,"{""rel"":""SCOPED_TO"",""source"":""claim:0125"",""target"":""perimeter:alderstone_standalone""}"
claim:0125,source:src-model,FROM_SOURCE,"{""rel"":""FROM_SOURCE"",""source"":""claim:0125"",""target"":""source:src-model""}"
claim:0125,claim:0210,TRACKS,"{""rel"":""TRACKS"",""source"":""claim:0125"",""target"":""claim:0210""}"
claim:0125,claim:0240,TRACKS,"{""rel"":""TRACKS"",""source"":""claim:0125"",""target"":""claim:0240""}"
claim:0125,claim:0241,TRACKS,"{""rel"":""TRACKS"",""source"":""claim:0125"",""target"":""claim:0241""}"
claim:0126,entity:alderstone_standalone,ABOUT,"{""rel"":""ABOUT"",""source"":""claim:0126"",""target"":""entity:alderstone_standalone""}"
claim:0126,metric:gross_margin,MEASURES,"{""rel"":""MEASURES"",""source"":""claim:0126"",""target"":""metric:gross_margin""}"
claim:0126,period:fy2026e,IN_PERIOD,"{""rel"":""IN_PERIOD"",""source"":""claim:0126"",""target"":""period:fy2026e""}"
claim:0126,perimeter:alderstone_standalone,SCOPED_TO,"{""rel"":""SCOPED_TO"",""source"":""claim:0126"",""target"":""perimeter:alderstone_standalone""}"
claim:0126,source:src-model,FROM_SOURCE,"{""rel"":""FROM_SOURCE"",""source"":""claim:0126"",""target"":""source:src-model""}"
claim:0126,claim:0209,TRACKS,"{""rel"":""TRACKS"",""source"":""claim:0126"",""target"":""claim:0209""}"
claim:0127,entity:alderstone_standalone,ABOUT,"{""rel"":""ABOUT"",""source"":""claim:0127"",""target"":""entity:alderstone_standalone""}"
claim:0127,metric:dso,MEASURES,"{""rel"":""MEASURES"",""source"":""claim:0127"",""target"":""metric:dso""}"
claim:0127,period:fy2026e,IN_PERIOD,"{""rel"":""IN_PERIOD"",""source"":""claim:0127"",""target"":""period:fy2026e""}"
claim:0127,perimeter:alderstone_standalone,SCOPED_TO,"{""rel"":""SCOPED_TO"",""source"":""claim:0127"",""target"":""perimeter:alderstone_standalone""}"
claim:0127,source:src-model,FROM_SOURCE,"{""rel"":""FROM_SOURCE"",""source"":""claim:0127"",""target"":""source:src-model""}"
claim:0128,entity:alderstone_standalone,ABOUT,"{""rel"":""ABOUT"",""source"":""claim:0128"",""target"":""entity:alderstone_standalone""}"
claim:0128,metric:exit_multiple,MEASURES,"{""rel"":""MEASURES"",""source"":""claim:0128"",""target"":""metric:exit_multiple""}"
claim:0128,perimeter:alderstone_standalone,SCOPED_TO,"{""rel"":""SCOPED_TO"",""source"":""claim:0128"",""target"":""perimeter:alderstone_standalone""}"
claim:0128,source:src-model,FROM_SOURCE,"{""rel"":""FROM_SOURCE"",""source"":""claim:0128"",""target"":""source:src-model""}"
claim:0128,area:returns,IN_AREA,"{""rel"":""IN_AREA"",""source"":""claim:0128"",""target"":""area:returns""}"
claim:0129,entity:alderstone_standalone,ABOUT,"{""rel"":""ABOUT"",""source"":""claim:0129"",""target"":""entity:alderstone_standalone""}"
claim:0129,metric:gross_margin,MEASURES,"{""rel"":""MEASURES"",""source"":""claim:0129"",""target"":""metric:gross_margin""}"
claim:0129,perimeter:alderstone_standalone,SCOPED_TO,"{""rel"":""SCOPED_TO"",""source"":""claim:0129"",""target"":""perimeter:alderstone_standalone""}"
claim:0129,source:src-model,FROM_SOURCE,"{""rel"":""FROM_SOURCE"",""source"":""claim:0129"",""target"":""source:src-model""}"
claim:0129,author:management,BY_AUTHOR,"{""rel"":""BY_AUTHOR"",""source"":""claim:0129"",""target"":""author:management""}"
claim:0130,entity:alderstone_standalone,ABOUT,"{""rel"":""ABOUT"",""source"":""claim:0130"",""target"":""entity:alderstone_standalone""}"
claim:0130,metric:ebitda_margin,MEASURES,"{""rel"":""MEASURES"",""source"":""claim:0130"",""target"":""metric:ebitda_margin""}"
claim:0130,perimeter:alderstone_standalone,SCOPED_TO,"{""rel"":""SCOPED_TO"",""source"":""claim:0130"",""target"":""perimeter:alderstone_standalone""}"
claim:0130,source:src-model,FROM_SOURCE,"{""rel"":""FROM_SOURCE"",""source"":""claim:0130"",""target"":""source:src-model""}"
claim:0130,author:management,BY_AUTHOR,"{""rel"":""BY_AUTHOR"",""source"":""claim:0130"",""target"":""author:management""}"
claim:0131,entity:alderstone_standalone,ABOUT,"{""rel"":""ABOUT"",""source"":""claim:0131"",""target"":""entity:alderstone_standalone""}"
claim:0131,metric:dso,MEASURES,"{""rel"":""MEASURES"",""source"":""claim:0131"",""target"":""metric:dso""}"
claim:0131,perimeter:alderstone_standalone,SCOPED_TO,"{""rel"":""SCOPED_TO"",""source"":""claim:0131"",""target"":""perimeter:alderstone_standalone""}"
claim:0131,source:src-model,FROM_SOURCE,"{""rel"":""FROM_SOURCE"",""source"":""claim:0131"",""target"":""source:src-model""}"
claim:0131,author:management,BY_AUTHOR,"{""rel"":""BY_AUTHOR"",""source"":""claim:0131"",""target"":""author:management""}"
claim:0131,area:operations,IN_AREA,"{""rel"":""IN_AREA"",""source"":""claim:0131"",""target"":""area:operations""}"
claim:0132,entity:alderstone_standalone,ABOUT,"{""rel"":""ABOUT"",""source"":""claim:0132"",""target"":""entity:alderstone_standalone""}"
claim:0132,metric:exit_multiple,MEASURES,"{""rel"":""MEASURES"",""source"":""claim:0132"",""target"":""metric:exit_multiple""}"
claim:0132,perimeter:alderstone_standalone,SCOPED_TO,"{""rel"":""SCOPED_TO"",""source"":""claim:0132"",""target"":""perimeter:alderstone_standalone""}"
claim:0132,source:src-model,FROM_SOURCE,"{""rel"":""FROM_SOURCE"",""source"":""claim:0132"",""target"":""source:src-model""}"
claim:0132,author:management,BY_AUTHOR,"{""rel"":""BY_AUTHOR"",""source"":""claim:0132"",""target"":""author:management""}"
claim:0132,area:returns,IN_AREA,"{""rel"":""IN_AREA"",""source"":""claim:0132"",""target"":""area:returns""}"
claim:0133,entity:alderstone_consolidated,ABOUT,"{""rel"":""ABOUT"",""source"":""claim:0133"",""target"":""entity:alderstone_consolidated""}"
claim:0133,metric:ebitda_margin,MEASURES,"{""rel"":""MEASURES"",""source"":""claim:0133"",""target"":""metric:ebitda_margin""}"
claim:0133,period:fy2026,IN_PERIOD,"{""rel"":""IN_PERIOD"",""source"":""claim:0133"",""target"":""period:fy2026""}"
claim:0133,perimeter:alderstone_consolidated,SCOPED_TO,"{""rel"":""SCOPED_TO"",""source"":""claim:0133"",""target"":""perimeter:alderstone_consolidated""}"
claim:0133,source:src-model,FROM_SOURCE,"{""rel"":""FROM_SOURCE"",""source"":""claim:0133"",""target"":""source:src-model""}"
claim:0134,entity:alderstone_consolidated,ABOUT,"{""rel"":""ABOUT"",""source"":""claim:0134"",""target"":""entity:alderstone_consolidated""}"
claim:0134,metric:gross_margin,MEASURES,"{""rel"":""MEASURES"",""source"":""claim:0134"",""target"":""metric:gross_margin""}"
claim:0134,period:fy2026,IN_PERIOD,"{""rel"":""IN_PERIOD"",""source"":""claim:0134"",""target"":""period:fy2026""}"
claim:0134,perimeter:alderstone_consolidated,SCOPED_TO,"{""rel"":""SCOPED_TO"",""source"":""claim:0134"",""target"":""perimeter:alderstone_consolidated""}"
claim:0134,source:src-model,FROM_SOURCE,"{""rel"":""FROM_SOURCE"",""source"":""claim:0134"",""target"":""source:src-model""}"
claim:0135,entity:alderstone_consolidated,ABOUT,"{""rel"":""ABOUT"",""source"":""claim:0135"",""target"":""entity:alderstone_consolidated""}"
claim:0135,metric:revenue_growth,MEASURES,"{""rel"":""MEASURES"",""source"":""claim:0135"",""target"":""metric:revenue_growth""}"
claim:0135,period:fy2026,IN_PERIOD,"{""rel"":""IN_PERIOD"",""source"":""claim:0135"",""target"":""period:fy2026""}"
claim:0135,perimeter:alderstone_consolidated,SCOPED_TO,"{""rel"":""SCOPED_TO"",""source"":""claim:0135"",""target"":""perimeter:alderstone_consolidated""}"
claim:0135,source:src-model,FROM_SOURCE,"{""rel"":""FROM_SOURCE"",""source"":""claim:0135"",""target"":""source:src-model""}"
claim:0136,entity:alderstone_consolidated,ABOUT,"{""rel"":""ABOUT"",""source"":""claim:0136"",""target"":""entity:alderstone_consolidated""}"
claim:0136,metric:dso,MEASURES,"{""rel"":""MEASURES"",""source"":""claim:0136"",""target"":""metric:dso""}"
claim:0136,period:fy2026,IN_PERIOD,"{""rel"":""IN_PERIOD"",""source"":""claim:0136"",""target"":""period:fy2026""}"
claim:0136,perimeter:alderstone_consolidated,SCOPED_TO,"{""rel"":""SCOPED_TO"",""source"":""claim:0136"",""target"":""perimeter:alderstone_consolidated""}"
claim:0136,source:src-model,FROM_SOURCE,"{""rel"":""FROM_SOURCE"",""source"":""claim:0136"",""target"":""source:src-model""}"
claim:0137,entity:keystone_standalone,ABOUT,"{""rel"":""ABOUT"",""source"":""claim:0137"",""target"":""entity:keystone_standalone""}"
claim:0137,metric:net_income,MEASURES,"{""rel"":""MEASURES"",""source"":""claim:0137"",""target"":""metric:net_income""}"
claim:0137,period:fy2025a,IN_PERIOD,"{""rel"":""IN_PERIOD"",""source"":""claim:0137"",""target"":""period:fy2025a""}"
claim:0137,perimeter:keystone_standalone,SCOPED_TO,"{""rel"":""SCOPED_TO"",""source"":""claim:0137"",""target"":""perimeter:keystone_standalone""}"
claim:0137,source:src-model,FROM_SOURCE,"{""rel"":""FROM_SOURCE"",""source"":""claim:0137"",""target"":""source:src-model""}"
claim:0138,entity:keystone_standalone,ABOUT,"{""rel"":""ABOUT"",""source"":""claim:0138"",""target"":""entity:keystone_standalone""}"
claim:0138,metric:working_capital,MEASURES,"{""rel"":""MEASURES"",""source"":""claim:0138"",""target"":""metric:working_capital""}"
claim:0138,period:fy2025a,IN_PERIOD,"{""rel"":""IN_PERIOD"",""source"":""claim:0138"",""target"":""period:fy2025a""}"
claim:0138,perimeter:keystone_standalone,SCOPED_TO,"{""rel"":""SCOPED_TO"",""source"":""claim:0138"",""target"":""perimeter:keystone_standalone""}"
claim:0138,source:src-model,FROM_SOURCE,"{""rel"":""FROM_SOURCE"",""source"":""claim:0138"",""target"":""source:src-model""}"
claim:0138,claim:0091,CHALLENGES,"{""rel"":""CHALLENGES"",""source"":""claim:0138"",""target"":""claim:0091""}"
claim:0138,claim:0200,TRACKS,"{""rel"":""TRACKS"",""source"":""claim:0138"",""target"":""claim:0200""}"
claim:0138,claim:0251,TRACKS,"{""rel"":""TRACKS"",""source"":""claim:0138"",""target"":""claim:0251""}"
claim:0139,entity:unknown,ABOUT,"{""rel"":""ABOUT"",""source"":""claim:0139"",""target"":""entity:unknown""}"
claim:0139,metric:operating_cash_flow,MEASURES,"{""rel"":""MEASURES"",""source"":""claim:0139"",""target"":""metric:operating_cash_flow""}"
claim:0139,period:fy2025,IN_PERIOD,"{""rel"":""IN_PERIOD"",""source"":""claim:0139"",""target"":""period:fy2025""}"
claim:0139,perimeter:unknown,SCOPED_TO,"{""rel"":""SCOPED_TO"",""source"":""claim:0139"",""target"":""perimeter:unknown""}"
claim:0139,source:src-model,FROM_SOURCE,"{""rel"":""FROM_SOURCE"",""source"":""claim:0139"",""target"":""source:src-model""}"
claim:0139,claim:0140,TRACKS,"{""rel"":""TRACKS"",""source"":""claim:0139"",""target"":""claim:0140""}"
claim:0139,claim:0141,TRACKS,"{""rel"":""TRACKS"",""source"":""claim:0139"",""target"":""claim:0141""}"
claim:0140,entity:unknown,ABOUT,"{""rel"":""ABOUT"",""source"":""claim:0140"",""target"":""entity:unknown""}"
claim:0140,metric:operating_cash_flow,MEASURES,"{""rel"":""MEASURES"",""source"":""claim:0140"",""target"":""metric:operating_cash_flow""}"
claim:0140,period:fy2026,IN_PERIOD,"{""rel"":""IN_PERIOD"",""source"":""claim:0140"",""target"":""period:fy2026""}"
claim:0140,perimeter:unknown,SCOPED_TO,"{""rel"":""SCOPED_TO"",""source"":""claim:0140"",""target"":""perimeter:unknown""}"
claim:0140,source:src-model,FROM_SOURCE,"{""rel"":""FROM_SOURCE"",""source"":""claim:0140"",""target"":""source:src-model""}"
claim:0140,claim:0141,TRACKS,"{""rel"":""TRACKS"",""source"":""claim:0140"",""target"":""claim:0141""}"
claim:0141,entity:unknown,ABOUT,"{""rel"":""ABOUT"",""source"":""claim:0141"",""target"":""entity:unknown""}"
claim:0141,metric:operating_cash_flow,MEASURES,"{""rel"":""MEASURES"",""source"":""claim:0141"",""target"":""metric:operating_cash_flow""}"
claim:0141,period:fy2027,IN_PERIOD,"{""rel"":""IN_PERIOD"",""source"":""claim:0141"",""target"":""period:fy2027""}"
claim:0141,perimeter:unknown,SCOPED_TO,"{""rel"":""SCOPED_TO"",""source"":""claim:0141"",""target"":""perimeter:unknown""}"
claim:0141,source:src-model,FROM_SOURCE,"{""rel"":""FROM_SOURCE"",""source"":""claim:0141"",""target"":""source:src-model""}"
claim:0142,entity:unknown,ABOUT,"{""rel"":""ABOUT"",""source"":""claim:0142"",""target"":""entity:unknown""}"
claim:0142,metric:capex,MEASURES,"{""rel"":""MEASURES"",""source"":""claim:0142"",""target"":""metric:capex""}"
claim:0142,period:fy2025,IN_PERIOD,"{""rel"":""IN_PERIOD"",""source"":""claim:0142"",""target"":""period:fy2025""}"
claim:0142,perimeter:unknown,SCOPED_TO,"{""rel"":""SCOPED_TO"",""source"":""claim:0142"",""target"":""perimeter:unknown""}"
claim:0142,source:src-model,FROM_SOURCE,"{""rel"":""FROM_SOURCE"",""source"":""claim:0142"",""target"":""source:src-model""}"
claim:0143,entity:keystone_standalone,ABOUT,"{""rel"":""ABOUT"",""source"":""claim:0143"",""target"":""entity:keystone_standalone""}"
claim:0143,metric:revenue,MEASURES,"{""rel"":""MEASURES"",""source"":""claim:0143"",""target"":""metric:revenue""}"
claim:0143,period:fy2025a,IN_PERIOD,"{""rel"":""IN_PERIOD"",""source"":""claim:0143"",""target"":""period:fy2025a""}"
claim:0143,perimeter:keystone_standalone,SCOPED_TO,"{""rel"":""SCOPED_TO"",""source"":""claim:0143"",""target"":""perimeter:keystone_standalone""}"
claim:0143,source:src-model,FROM_SOURCE,"{""rel"":""FROM_SOURCE"",""source"":""claim:0143"",""target"":""source:src-model""}"
claim:0143,claim:0227,TRACKS,"{""rel"":""TRACKS"",""source"":""claim:0143"",""target"":""claim:0227""}"
claim:0144,entity:keystone_standalone,ABOUT,"{""rel"":""ABOUT"",""source"":""claim:0144"",""target"":""entity:keystone_standalone""}"
claim:0144,metric:revenue,MEASURES,"{""rel"":""MEASURES"",""source"":""claim:0144"",""target"":""metric:revenue""}"
claim:0144,period:fy2025a,IN_PERIOD,"{""rel"":""IN_PERIOD"",""source"":""claim:0144"",""target"":""period:fy2025a""}"
claim:0144,perimeter:keystone_standalone,SCOPED_TO,"{""rel"":""SCOPED_TO"",""source"":""claim:0144"",""target"":""perimeter:keystone_standalone""}"
claim:0144,source:src-model,FROM_SOURCE,"{""rel"":""FROM_SOURCE"",""source"":""claim:0144"",""target"":""source:src-model""}"
claim:0144,claim:0227,TRACKS,"{""rel"":""TRACKS"",""source"":""claim:0144"",""target"":""claim:0227""}"
claim:0145,entity:unknown,ABOUT,"{""rel"":""ABOUT"",""source"":""claim:0145"",""target"":""entity:unknown""}"
claim:0145,metric:gross_margin,MEASURES,"{""rel"":""MEASURES"",""source"":""claim:0145"",""target"":""metric:gross_margin""}"
claim:0145,perimeter:unknown,SCOPED_TO,"{""rel"":""SCOPED_TO"",""source"":""claim:0145"",""target"":""perimeter:unknown""}"
claim:0145,source:src-model,FROM_SOURCE,"{""rel"":""FROM_SOURCE"",""source"":""claim:0145"",""target"":""source:src-model""}"
claim:0145,author:management,BY_AUTHOR,"{""rel"":""BY_AUTHOR"",""source"":""claim:0145"",""target"":""author:management""}"
claim:0146,entity:unknown,ABOUT,"{""rel"":""ABOUT"",""source"":""claim:0146"",""target"":""entity:unknown""}"
claim:0146,metric:gross_margin,MEASURES,"{""rel"":""MEASURES"",""source"":""claim:0146"",""target"":""metric:gross_margin""}"
claim:0146,perimeter:unknown,SCOPED_TO,"{""rel"":""SCOPED_TO"",""source"":""claim:0146"",""target"":""perimeter:unknown""}"
claim:0146,source:src-model,FROM_SOURCE,"{""rel"":""FROM_SOURCE"",""source"":""claim:0146"",""target"":""source:src-model""}"
claim:0146,author:management,BY_AUTHOR,"{""rel"":""BY_AUTHOR"",""source"":""claim:0146"",""target"":""author:management""}"
claim:0147,entity:unknown,ABOUT,"{""rel"":""ABOUT"",""source"":""claim:0147"",""target"":""entity:unknown""}"
claim:0147,metric:gross_margin,MEASURES,"{""rel"":""MEASURES"",""source"":""claim:0147"",""target"":""metric:gross_margin""}"
claim:0147,perimeter:unknown,SCOPED_TO,"{""rel"":""SCOPED_TO"",""source"":""claim:0147"",""target"":""perimeter:unknown""}"
claim:0147,source:src-model,FROM_SOURCE,"{""rel"":""FROM_SOURCE"",""source"":""claim:0147"",""target"":""source:src-model""}"
claim:0147,author:management,BY_AUTHOR,"{""rel"":""BY_AUTHOR"",""source"":""claim:0147"",""target"":""author:management""}"
claim:0148,entity:unknown,ABOUT,"{""rel"":""ABOUT"",""source"":""claim:0148"",""target"":""entity:unknown""}"
claim:0148,metric:ebitda_margin,MEASURES,"{""rel"":""MEASURES"",""source"":""claim:0148"",""target"":""metric:ebitda_margin""}"
claim:0148,perimeter:unknown,SCOPED_TO,"{""rel"":""SCOPED_TO"",""source"":""claim:0148"",""target"":""perimeter:unknown""}"
claim:0148,source:src-model,FROM_SOURCE,"{""rel"":""FROM_SOURCE"",""source"":""claim:0148"",""target"":""source:src-model""}"
claim:0148,author:management,BY_AUTHOR,"{""rel"":""BY_AUTHOR"",""source"":""claim:0148"",""target"":""author:management""}"
claim:0149,entity:keystone_standalone,ABOUT,"{""rel"":""ABOUT"",""source"":""claim:0149"",""target"":""entity:keystone_standalone""}"
claim:0149,metric:revenue,MEASURES,"{""rel"":""MEASURES"",""source"":""claim:0149"",""target"":""metric:revenue""}"
claim:0149,period:fy2025a,IN_PERIOD,"{""rel"":""IN_PERIOD"",""source"":""claim:0149"",""target"":""period:fy2025a""}"
claim:0149,perimeter:keystone_standalone,SCOPED_TO,"{""rel"":""SCOPED_TO"",""source"":""claim:0149"",""target"":""perimeter:keystone_standalone""}"
claim:0149,source:src-model,FROM_SOURCE,"{""rel"":""FROM_SOURCE"",""source"":""claim:0149"",""target"":""source:src-model""}"
claim:0149,author:management,BY_AUTHOR,"{""rel"":""BY_AUTHOR"",""source"":""claim:0149"",""target"":""author:management""}"
claim:0149,claim:0227,TRACKS,"{""rel"":""TRACKS"",""source"":""claim:0149"",""target"":""claim:0227""}"
claim:0150,entity:keystone_standalone,ABOUT,"{""rel"":""ABOUT"",""source"":""claim:0150"",""target"":""entity:keystone_standalone""}"
claim:0150,metric:revenue,MEASURES,"{""rel"":""MEASURES"",""source"":""claim:0150"",""target"":""metric:revenue""}"
claim:0150,period:fy2025a,IN_PERIOD,"{""rel"":""IN_PERIOD"",""source"":""claim:0150"",""target"":""period:fy2025a""}"
claim:0150,perimeter:keystone_standalone,SCOPED_TO,"{""rel"":""SCOPED_TO"",""source"":""claim:0150"",""target"":""perimeter:keystone_standalone""}"
claim:0150,source:src-model,FROM_SOURCE,"{""rel"":""FROM_SOURCE"",""source"":""claim:0150"",""target"":""source:src-model""}"
claim:0150,author:management,BY_AUTHOR,"{""rel"":""BY_AUTHOR"",""source"":""claim:0150"",""target"":""author:management""}"
claim:0150,claim:0227,TRACKS,"{""rel"":""TRACKS"",""source"":""claim:0150"",""target"":""claim:0227""}"
claim:0151,entity:keystone_standalone,ABOUT,"{""rel"":""ABOUT"",""source"":""claim:0151"",""target"":""entity:keystone_standalone""}"
claim:0151,metric:revenue,MEASURES,"{""rel"":""MEASURES"",""source"":""claim:0151"",""target"":""metric:revenue""}"
claim:0151,period:fy2025a,IN_PERIOD,"{""rel"":""IN_PERIOD"",""source"":""claim:0151"",""target"":""period:fy2025a""}"
claim:0151,perimeter:keystone_standalone,SCOPED_TO,"{""rel"":""SCOPED_TO"",""source"":""claim:0151"",""target"":""perimeter:keystone_standalone""}"
claim:0151,source:src-model,FROM_SOURCE,"{""rel"":""FROM_SOURCE"",""source"":""claim:0151"",""target"":""source:src-model""}"
claim:0151,author:management,BY_AUTHOR,"{""rel"":""BY_AUTHOR"",""source"":""claim:0151"",""target"":""author:management""}"
claim:0151,claim:0227,TRACKS,"{""rel"":""TRACKS"",""source"":""claim:0151"",""target"":""claim:0227""}"
claim:0152,entity:keystone_standalone,ABOUT,"{""rel"":""ABOUT"",""source"":""claim:0152"",""target"":""entity:keystone_standalone""}"
claim:0152,metric:revenue,MEASURES,"{""rel"":""MEASURES"",""source"":""claim:0152"",""target"":""metric:revenue""}"
claim:0152,period:fy2025a,IN_PERIOD,"{""rel"":""IN_PERIOD"",""source"":""claim:0152"",""target"":""period:fy2025a""}"
claim:0152,perimeter:keystone_standalone,SCOPED_TO,"{""rel"":""SCOPED_TO"",""source"":""claim:0152"",""target"":""perimeter:keystone_standalone""}"
claim:0152,source:src-model,FROM_SOURCE,"{""rel"":""FROM_SOURCE"",""source"":""claim:0152"",""target"":""source:src-model""}"
claim:0152,author:management,BY_AUTHOR,"{""rel"":""BY_AUTHOR"",""source"":""claim:0152"",""target"":""author:management""}"
claim:0152,claim:0227,TRACKS,"{""rel"":""TRACKS"",""source"":""claim:0152"",""target"":""claim:0227""}"
claim:0153,entity:unknown,ABOUT,"{""rel"":""ABOUT"",""source"":""claim:0153"",""target"":""entity:unknown""}"
claim:0153,metric:customer_concentration,MEASURES,"{""rel"":""MEASURES"",""source"":""claim:0153"",""target"":""metric:customer_concentration""}"
claim:0153,perimeter:unknown,SCOPED_TO,"{""rel"":""SCOPED_TO"",""source"":""claim:0153"",""target"":""perimeter:unknown""}"
claim:0153,source:src-model,FROM_SOURCE,"{""rel"":""FROM_SOURCE"",""source"":""claim:0153"",""target"":""source:src-model""}"
claim:0153,author:customer_ledger_/_ks-dl-1.2,BY_AUTHOR,"{""rel"":""BY_AUTHOR"",""source"":""claim:0153"",""target"":""author:customer_ledger_/_ks-dl-1.2""}"
claim:0153,area:customer,IN_AREA,"{""rel"":""IN_AREA"",""source"":""claim:0153"",""target"":""area:customer""}"
claim:0153,claim:0076,CHALLENGES,"{""rel"":""CHALLENGES"",""source"":""claim:0153"",""target"":""claim:0076""}"
claim:0153,claim:0037,SUPPORTS,"{""rel"":""SUPPORTS"",""source"":""claim:0153"",""target"":""claim:0037""}"
claim:0153,claim:0283,SUPPORTS,"{""rel"":""SUPPORTS"",""source"":""claim:0153"",""target"":""claim:0283""}"
claim:0154,entity:unknown,ABOUT,"{""rel"":""ABOUT"",""source"":""claim:0154"",""target"":""entity:unknown""}"
claim:0154,metric:customer_concentration,MEASURES,"{""rel"":""MEASURES"",""source"":""claim:0154"",""target"":""metric:customer_concentration""}"
claim:0154,perimeter:unknown,SCOPED_TO,"{""rel"":""SCOPED_TO"",""source"":""claim:0154"",""target"":""perimeter:unknown""}"
claim:0154,source:src-model,FROM_SOURCE,"{""rel"":""FROM_SOURCE"",""source"":""claim:0154"",""target"":""source:src-model""}"
claim:0154,author:customer_ledger_/_ks-dl-1.2,BY_AUTHOR,"{""rel"":""BY_AUTHOR"",""source"":""claim:0154"",""target"":""author:customer_ledger_/_ks-dl-1.2""}"
claim:0154,area:customer,IN_AREA,"{""rel"":""IN_AREA"",""source"":""claim:0154"",""target"":""area:customer""}"
claim:0154,claim:0076,CHALLENGES,"{""rel"":""CHALLENGES"",""source"":""claim:0154"",""target"":""claim:0076""}"
claim:0154,claim:0037,SUPPORTS,"{""rel"":""SUPPORTS"",""source"":""claim:0154"",""target"":""claim:0037""}"
claim:0154,claim:0283,SUPPORTS,"{""rel"":""SUPPORTS"",""source"":""claim:0154"",""target"":""claim:0283""}"
claim:0155,entity:unknown,ABOUT,"{""rel"":""ABOUT"",""source"":""claim:0155"",""target"":""entity:unknown""}"
claim:0155,metric:customer_concentration,MEASURES,"{""rel"":""MEASURES"",""source"":""claim:0155"",""target"":""metric:customer_concentration""}"
claim:0155,perimeter:unknown,SCOPED_TO,"{""rel"":""SCOPED_TO"",""source"":""claim:0155"",""target"":""perimeter:unknown""}"
claim:0155,source:src-model,FROM_SOURCE,"{""rel"":""FROM_SOURCE"",""source"":""claim:0155"",""target"":""source:src-model""}"
claim:0155,author:customer_ledger_/_ks-dl-1.2,BY_AUTHOR,"{""rel"":""BY_AUTHOR"",""source"":""claim:0155"",""target"":""author:customer_ledger_/_ks-dl-1.2""}"
claim:0155,area:customer,IN_AREA,"{""rel"":""IN_AREA"",""source"":""claim:0155"",""target"":""area:customer""}"
claim:0155,claim:0037,SUPPORTS,"{""rel"":""SUPPORTS"",""source"":""claim:0155"",""target"":""claim:0037""}"
claim:0155,claim:0283,SUPPORTS,"{""rel"":""SUPPORTS"",""source"":""claim:0155"",""target"":""claim:0283""}"
claim:0156,entity:unknown,ABOUT,"{""rel"":""ABOUT"",""source"":""claim:0156"",""target"":""entity:unknown""}"
claim:0156,metric:customer_count,MEASURES,"{""rel"":""MEASURES"",""source"":""claim:0156"",""target"":""metric:customer_count""}"
claim:0156,perimeter:unknown,SCOPED_TO,"{""rel"":""SCOPED_TO"",""source"":""claim:0156"",""target"":""perimeter:unknown""}"
claim:0156,source:src-model,FROM_SOURCE,"{""rel"":""FROM_SOURCE"",""source"":""claim:0156"",""target"":""source:src-model""}"
claim:0156,author:customer_ledger_/_ks-dl-1.2,BY_AUTHOR,"{""rel"":""BY_AUTHOR"",""source"":""claim:0156"",""target"":""author:customer_ledger_/_ks-dl-1.2""}"
claim:0156,area:customer,IN_AREA,"{""rel"":""IN_AREA"",""source"":""claim:0156"",""target"":""area:customer""}"
claim:0156,claim:0076,CHALLENGES,"{""rel"":""CHALLENGES"",""source"":""claim:0156"",""target"":""claim:0076""}"
claim:0156,claim:0037,SUPPORTS,"{""rel"":""SUPPORTS"",""source"":""claim:0156"",""target"":""claim:0037""}"
claim:0156,claim:0283,SUPPORTS,"{""rel"":""SUPPORTS"",""source"":""claim:0156"",""target"":""claim:0283""}"
claim:0157,entity:unknown,ABOUT,"{""rel"":""ABOUT"",""source"":""claim:0157"",""target"":""entity:unknown""}"
claim:0157,metric:customer_concentration,MEASURES,"{""rel"":""MEASURES"",""source"":""claim:0157"",""target"":""metric:customer_concentration""}"
claim:0157,perimeter:unknown,SCOPED_TO,"{""rel"":""SCOPED_TO"",""source"":""claim:0157"",""target"":""perimeter:unknown""}"
claim:0157,source:src-model,FROM_SOURCE,"{""rel"":""FROM_SOURCE"",""source"":""claim:0157"",""target"":""source:src-model""}"
claim:0157,area:customer,IN_AREA,"{""rel"":""IN_AREA"",""source"":""claim:0157"",""target"":""area:customer""}"
claim:0157,claim:0076,CHALLENGES,"{""rel"":""CHALLENGES"",""source"":""claim:0157"",""target"":""claim:0076""}"
claim:0157,claim:0037,SUPPORTS,"{""rel"":""SUPPORTS"",""source"":""claim:0157"",""target"":""claim:0037""}"
claim:0157,claim:0283,SUPPORTS,"{""rel"":""SUPPORTS"",""source"":""claim:0157"",""target"":""claim:0283""}"
claim:0158,entity:unknown,ABOUT,"{""rel"":""ABOUT"",""source"":""claim:0158"",""target"":""entity:unknown""}"
claim:0158,metric:customer_concentration,MEASURES,"{""rel"":""MEASURES"",""source"":""claim:0158"",""target"":""metric:customer_concentration""}"
claim:0158,perimeter:unknown,SCOPED_TO,"{""rel"":""SCOPED_TO"",""source"":""claim:0158"",""target"":""perimeter:unknown""}"
claim:0158,source:src-model,FROM_SOURCE,"{""rel"":""FROM_SOURCE"",""source"":""claim:0158"",""target"":""source:src-model""}"
claim:0158,area:customer,IN_AREA,"{""rel"":""IN_AREA"",""source"":""claim:0158"",""target"":""area:customer""}"
claim:0158,claim:0076,CHALLENGES,"{""rel"":""CHALLENGES"",""source"":""claim:0158"",""target"":""claim:0076""}"
claim:0158,claim:0037,SUPPORTS,"{""rel"":""SUPPORTS"",""source"":""claim:0158"",""target"":""claim:0037""}"
claim:0158,claim:0283,SUPPORTS,"{""rel"":""SUPPORTS"",""source"":""claim:0158"",""target"":""claim:0283""}"
claim:0159,entity:unknown,ABOUT,"{""rel"":""ABOUT"",""source"":""claim:0159"",""target"":""entity:unknown""}"
claim:0159,metric:customer_concentration,MEASURES,"{""rel"":""MEASURES"",""source"":""claim:0159"",""target"":""metric:customer_concentration""}"
claim:0159,perimeter:unknown,SCOPED_TO,"{""rel"":""SCOPED_TO"",""source"":""claim:0159"",""target"":""perimeter:unknown""}"
claim:0159,source:src-model,FROM_SOURCE,"{""rel"":""FROM_SOURCE"",""source"":""claim:0159"",""target"":""source:src-model""}"
claim:0159,area:customer,IN_AREA,"{""rel"":""IN_AREA"",""source"":""claim:0159"",""target"":""area:customer""}"
claim:0159,claim:0076,CHALLENGES,"{""rel"":""CHALLENGES"",""source"":""claim:0159"",""target"":""claim:0076""}"
claim:0159,claim:0037,SUPPORTS,"{""rel"":""SUPPORTS"",""source"":""claim:0159"",""target"":""claim:0037""}"
claim:0159,claim:0283,SUPPORTS,"{""rel"":""SUPPORTS"",""source"":""claim:0159"",""target"":""claim:0283""}"
claim:0160,entity:unknown,ABOUT,"{""rel"":""ABOUT"",""source"":""claim:0160"",""target"":""entity:unknown""}"
claim:0160,metric:customer_concentration,MEASURES,"{""rel"":""MEASURES"",""source"":""claim:0160"",""target"":""metric:customer_concentration""}"
claim:0160,perimeter:unknown,SCOPED_TO,"{""rel"":""SCOPED_TO"",""source"":""claim:0160"",""target"":""perimeter:unknown""}"
claim:0160,source:src-model,FROM_SOURCE,"{""rel"":""FROM_SOURCE"",""source"":""claim:0160"",""target"":""source:src-model""}"
claim:0160,area:customer,IN_AREA,"{""rel"":""IN_AREA"",""source"":""claim:0160"",""target"":""area:customer""}"
claim:0160,claim:0076,CHALLENGES,"{""rel"":""CHALLENGES"",""source"":""claim:0160"",""target"":""claim:0076""}"
claim:0160,claim:0037,SUPPORTS,"{""rel"":""SUPPORTS"",""source"":""claim:0160"",""target"":""claim:0037""}"
claim:0160,claim:0283,SUPPORTS,"{""rel"":""SUPPORTS"",""source"":""claim:0160"",""target"":""claim:0283""}"
claim:0161,entity:unknown,ABOUT,"{""rel"":""ABOUT"",""source"":""claim:0161"",""target"":""entity:unknown""}"
claim:0161,metric:customer_concentration,MEASURES,"{""rel"":""MEASURES"",""source"":""claim:0161"",""target"":""metric:customer_concentration""}"
claim:0161,perimeter:unknown,SCOPED_TO,"{""rel"":""SCOPED_TO"",""source"":""claim:0161"",""target"":""perimeter:unknown""}"
claim:0161,source:src-model,FROM_SOURCE,"{""rel"":""FROM_SOURCE"",""source"":""claim:0161"",""target"":""source:src-model""}"
claim:0161,author:lbo_model_source,BY_AUTHOR,"{""rel"":""BY_AUTHOR"",""source"":""claim:0161"",""target"":""author:lbo_model_source""}"
claim:0161,area:customer,IN_AREA,"{""rel"":""IN_AREA"",""source"":""claim:0161"",""target"":""area:customer""}"
claim:0161,claim:0003,CONTRADICTS,"{""rel"":""CONTRADICTS"",""source"":""claim:0161"",""target"":""claim:0003""}"
claim:0161,claim:0037,SUPPORTS,"{""rel"":""SUPPORTS"",""source"":""claim:0161"",""target"":""claim:0037""}"
claim:0161,claim:0283,SUPPORTS,"{""rel"":""SUPPORTS"",""source"":""claim:0161"",""target"":""claim:0283""}"
claim:0162,entity:unknown,ABOUT,"{""rel"":""ABOUT"",""source"":""claim:0162"",""target"":""entity:unknown""}"
claim:0162,metric:customer_contract_terms,MEASURES,"{""rel"":""MEASURES"",""source"":""claim:0162"",""target"":""metric:customer_contract_terms""}"
claim:0162,perimeter:unknown,SCOPED_TO,"{""rel"":""SCOPED_TO"",""source"":""claim:0162"",""target"":""perimeter:unknown""}"
claim:0162,source:src-model,FROM_SOURCE,"{""rel"":""FROM_SOURCE"",""source"":""claim:0162"",""target"":""source:src-model""}"
claim:0162,author:lbo_model_source,BY_AUTHOR,"{""rel"":""BY_AUTHOR"",""source"":""claim:0162"",""target"":""author:lbo_model_source""}"
claim:0162,area:customer,IN_AREA,"{""rel"":""IN_AREA"",""source"":""claim:0162"",""target"":""area:customer""}"
claim:0162,claim:0037,SUPPORTS,"{""rel"":""SUPPORTS"",""source"":""claim:0162"",""target"":""claim:0037""}"
claim:0162,claim:0283,SUPPORTS,"{""rel"":""SUPPORTS"",""source"":""claim:0162"",""target"":""claim:0283""}"
claim:0163,entity:unknown,ABOUT,"{""rel"":""ABOUT"",""source"":""claim:0163"",""target"":""entity:unknown""}"
claim:0163,metric:customer_contract_terms,MEASURES,"{""rel"":""MEASURES"",""source"":""claim:0163"",""target"":""metric:customer_contract_terms""}"
claim:0163,perimeter:unknown,SCOPED_TO,"{""rel"":""SCOPED_TO"",""source"":""claim:0163"",""target"":""perimeter:unknown""}"
claim:0163,source:src-model,FROM_SOURCE,"{""rel"":""FROM_SOURCE"",""source"":""claim:0163"",""target"":""source:src-model""}"
claim:0163,author:lbo_model_source,BY_AUTHOR,"{""rel"":""BY_AUTHOR"",""source"":""claim:0163"",""target"":""author:lbo_model_source""}"
claim:0163,area:customer,IN_AREA,"{""rel"":""IN_AREA"",""source"":""claim:0163"",""target"":""area:customer""}"
claim:0163,claim:0076,CHALLENGES,"{""rel"":""CHALLENGES"",""source"":""claim:0163"",""target"":""claim:0076""}"
claim:0163,claim:0037,SUPPORTS,"{""rel"":""SUPPORTS"",""source"":""claim:0163"",""target"":""claim:0037""}"
claim:0163,claim:0283,SUPPORTS,"{""rel"":""SUPPORTS"",""source"":""claim:0163"",""target"":""claim:0283""}"
claim:0164,entity:unknown,ABOUT,"{""rel"":""ABOUT"",""source"":""claim:0164"",""target"":""entity:unknown""}"
claim:0164,metric:customer_concentration,MEASURES,"{""rel"":""MEASURES"",""source"":""claim:0164"",""target"":""metric:customer_concentration""}"
claim:0164,perimeter:unknown,SCOPED_TO,"{""rel"":""SCOPED_TO"",""source"":""claim:0164"",""target"":""perimeter:unknown""}"
claim:0164,source:src-model,FROM_SOURCE,"{""rel"":""FROM_SOURCE"",""source"":""claim:0164"",""target"":""source:src-model""}"
claim:0164,author:management,BY_AUTHOR,"{""rel"":""BY_AUTHOR"",""source"":""claim:0164"",""target"":""author:management""}"
claim:0164,area:customer,IN_AREA,"{""rel"":""IN_AREA"",""source"":""claim:0164"",""target"":""area:customer""}"
claim:0164,claim:0076,CHALLENGES,"{""rel"":""CHALLENGES"",""source"":""claim:0164"",""target"":""claim:0076""}"
claim:0164,claim:0037,SUPPORTS,"{""rel"":""SUPPORTS"",""source"":""claim:0164"",""target"":""claim:0037""}"
claim:0164,claim:0283,SUPPORTS,"{""rel"":""SUPPORTS"",""source"":""claim:0164"",""target"":""claim:0283""}"
claim:0165,entity:unknown,ABOUT,"{""rel"":""ABOUT"",""source"":""claim:0165"",""target"":""entity:unknown""}"
claim:0165,metric:customer_concentration,MEASURES,"{""rel"":""MEASURES"",""source"":""claim:0165"",""target"":""metric:customer_concentration""}"
claim:0165,perimeter:unknown,SCOPED_TO,"{""rel"":""SCOPED_TO"",""source"":""claim:0165"",""target"":""perimeter:unknown""}"
claim:0165,source:src-model,FROM_SOURCE,"{""rel"":""FROM_SOURCE"",""source"":""claim:0165"",""target"":""source:src-model""}"
claim:0165,author:lbo_model,BY_AUTHOR,"{""rel"":""BY_AUTHOR"",""source"":""claim:0165"",""target"":""author:lbo_model""}"
claim:0165,area:customer,IN_AREA,"{""rel"":""IN_AREA"",""source"":""claim:0165"",""target"":""area:customer""}"
claim:0165,claim:0076,CHALLENGES,"{""rel"":""CHALLENGES"",""source"":""claim:0165"",""target"":""claim:0076""}"
claim:0165,claim:0037,SUPPORTS,"{""rel"":""SUPPORTS"",""source"":""claim:0165"",""target"":""claim:0037""}"
claim:0165,claim:0283,SUPPORTS,"{""rel"":""SUPPORTS"",""source"":""claim:0165"",""target"":""claim:0283""}"
claim:0166,entity:unknown,ABOUT,"{""rel"":""ABOUT"",""source"":""claim:0166"",""target"":""entity:unknown""}"
claim:0166,metric:customer_concentration,MEASURES,"{""rel"":""MEASURES"",""source"":""claim:0166"",""target"":""metric:customer_concentration""}"
claim:0166,perimeter:unknown,SCOPED_TO,"{""rel"":""SCOPED_TO"",""source"":""claim:0166"",""target"":""perimeter:unknown""}"
claim:0166,source:src-model,FROM_SOURCE,"{""rel"":""FROM_SOURCE"",""source"":""claim:0166"",""target"":""source:src-model""}"
claim:0166,author:lbo_model,BY_AUTHOR,"{""rel"":""BY_AUTHOR"",""source"":""claim:0166"",""target"":""author:lbo_model""}"
claim:0166,area:customer,IN_AREA,"{""rel"":""IN_AREA"",""source"":""claim:0166"",""target"":""area:customer""}"
claim:0166,claim:0076,CHALLENGES,"{""rel"":""CHALLENGES"",""source"":""claim:0166"",""target"":""claim:0076""}"
claim:0166,claim:0037,SUPPORTS,"{""rel"":""SUPPORTS"",""source"":""claim:0166"",""target"":""claim:0037""}"
claim:0166,claim:0283,SUPPORTS,"{""rel"":""SUPPORTS"",""source"":""claim:0166"",""target"":""claim:0283""}"
claim:0167,entity:unknown,ABOUT,"{""rel"":""ABOUT"",""source"":""claim:0167"",""target"":""entity:unknown""}"
claim:0167,metric:customer_concentration,MEASURES,"{""rel"":""MEASURES"",""source"":""claim:0167"",""target"":""metric:customer_concentration""}"
claim:0167,perimeter:unknown,SCOPED_TO,"{""rel"":""SCOPED_TO"",""source"":""claim:0167"",""target"":""perimeter:unknown""}"
claim:0167,source:src-model,FROM_SOURCE,"{""rel"":""FROM_SOURCE"",""source"":""claim:0167"",""target"":""source:src-model""}"
claim:0167,author:lbo_model,BY_AUTHOR,"{""rel"":""BY_AUTHOR"",""source"":""claim:0167"",""target"":""author:lbo_model""}"
claim:0167,area:customer,IN_AREA,"{""rel"":""IN_AREA"",""source"":""claim:0167"",""target"":""area:customer""}"
claim:0168,entity:riverton_group,ABOUT,"{""rel"":""ABOUT"",""source"":""claim:0168"",""target"":""entity:riverton_group""}"
claim:0168,metric:gross_margin,MEASURES,"{""rel"":""MEASURES"",""source"":""claim:0168"",""target"":""metric:gross_margin""}"
claim:0168,period:fy2025a,IN_PERIOD,"{""rel"":""IN_PERIOD"",""source"":""claim:0168"",""target"":""period:fy2025a""}"
claim:0168,perimeter:riverton_group,SCOPED_TO,"{""rel"":""SCOPED_TO"",""source"":""claim:0168"",""target"":""perimeter:riverton_group""}"
claim:0168,source:src-model,FROM_SOURCE,"{""rel"":""FROM_SOURCE"",""source"":""claim:0168"",""target"":""source:src-model""}"
claim:0169,entity:riverton_group,ABOUT,"{""rel"":""ABOUT"",""source"":""claim:0169"",""target"":""entity:riverton_group""}"
claim:0169,metric:recurring_revenue,MEASURES,"{""rel"":""MEASURES"",""source"":""claim:0169"",""target"":""metric:recurring_revenue""}"
claim:0169,period:fy2025a,IN_PERIOD,"{""rel"":""IN_PERIOD"",""source"":""claim:0169"",""target"":""period:fy2025a""}"
claim:0169,perimeter:riverton_group,SCOPED_TO,"{""rel"":""SCOPED_TO"",""source"":""claim:0169"",""target"":""perimeter:riverton_group""}"
claim:0169,source:src-model,FROM_SOURCE,"{""rel"":""FROM_SOURCE"",""source"":""claim:0169"",""target"":""source:src-model""}"
claim:0169,claim:0039,SUPPORTS,"{""rel"":""SUPPORTS"",""source"":""claim:0169"",""target"":""claim:0039""}"
claim:0170,entity:riverton_group,ABOUT,"{""rel"":""ABOUT"",""source"":""claim:0170"",""target"":""entity:riverton_group""}"
claim:0170,metric:customer_contract_terms,MEASURES,"{""rel"":""MEASURES"",""source"":""claim:0170"",""target"":""metric:customer_contract_terms""}"
claim:0170,perimeter:riverton_group,SCOPED_TO,"{""rel"":""SCOPED_TO"",""source"":""claim:0170"",""target"":""perimeter:riverton_group""}"
claim:0170,source:src-model,FROM_SOURCE,"{""rel"":""FROM_SOURCE"",""source"":""claim:0170"",""target"":""source:src-model""}"
claim:0170,area:customer,IN_AREA,"{""rel"":""IN_AREA"",""source"":""claim:0170"",""target"":""area:customer""}"
claim:0171,entity:keystone_standalone,ABOUT,"{""rel"":""ABOUT"",""source"":""claim:0171"",""target"":""entity:keystone_standalone""}"
claim:0171,metric:customer_concentration,MEASURES,"{""rel"":""MEASURES"",""source"":""claim:0171"",""target"":""metric:customer_concentration""}"
claim:0171,period:fy2026e,IN_PERIOD,"{""rel"":""IN_PERIOD"",""source"":""claim:0171"",""target"":""period:fy2026e""}"
claim:0171,perimeter:keystone_standalone,SCOPED_TO,"{""rel"":""SCOPED_TO"",""source"":""claim:0171"",""target"":""perimeter:keystone_standalone""}"
claim:0171,source:src-model,FROM_SOURCE,"{""rel"":""FROM_SOURCE"",""source"":""claim:0171"",""target"":""source:src-model""}"
claim:0171,area:customer,IN_AREA,"{""rel"":""IN_AREA"",""source"":""claim:0171"",""target"":""area:customer""}"
claim:0172,entity:keystone_standalone,ABOUT,"{""rel"":""ABOUT"",""source"":""claim:0172"",""target"":""entity:keystone_standalone""}"
claim:0172,metric:customer_contract_terms,MEASURES,"{""rel"":""MEASURES"",""source"":""claim:0172"",""target"":""metric:customer_contract_terms""}"
claim:0172,period:fy2026e,IN_PERIOD,"{""rel"":""IN_PERIOD"",""source"":""claim:0172"",""target"":""period:fy2026e""}"
claim:0172,perimeter:keystone_standalone,SCOPED_TO,"{""rel"":""SCOPED_TO"",""source"":""claim:0172"",""target"":""perimeter:keystone_standalone""}"
claim:0172,source:src-model,FROM_SOURCE,"{""rel"":""FROM_SOURCE"",""source"":""claim:0172"",""target"":""source:src-model""}"
claim:0172,area:customer,IN_AREA,"{""rel"":""IN_AREA"",""source"":""claim:0172"",""target"":""area:customer""}"
claim:0172,claim:0181,TRACKS,"{""rel"":""TRACKS"",""source"":""claim:0172"",""target"":""claim:0181""}"
claim:0173,entity:unknown,ABOUT,"{""rel"":""ABOUT"",""source"":""claim:0173"",""target"":""entity:unknown""}"
claim:0173,metric:headcount,MEASURES,"{""rel"":""MEASURES"",""source"":""claim:0173"",""target"":""metric:headcount""}"
claim:0173,period:fy2025a,IN_PERIOD,"{""rel"":""IN_PERIOD"",""source"":""claim:0173"",""target"":""period:fy2025a""}"
claim:0173,perimeter:unknown,SCOPED_TO,"{""rel"":""SCOPED_TO"",""source"":""claim:0173"",""target"":""perimeter:unknown""}"
claim:0173,source:src-model,FROM_SOURCE,"{""rel"":""FROM_SOURCE"",""source"":""claim:0173"",""target"":""source:src-model""}"
claim:0173,author:hris_/_ks-dl-1.2,BY_AUTHOR,"{""rel"":""BY_AUTHOR"",""source"":""claim:0173"",""target"":""author:hris_/_ks-dl-1.2""}"
claim:0173,area:governance,IN_AREA,"{""rel"":""IN_AREA"",""source"":""claim:0173"",""target"":""area:governance""}"
claim:0173,claim:0182,TRACKS,"{""rel"":""TRACKS"",""source"":""claim:0173"",""target"":""claim:0182""}"
claim:0174,entity:unknown,ABOUT,"{""rel"":""ABOUT"",""source"":""claim:0174"",""target"":""entity:unknown""}"
claim:0174,metric:team_tenure,MEASURES,"{""rel"":""MEASURES"",""source"":""claim:0174"",""target"":""metric:team_tenure""}"
claim:0174,period:fy2025a,IN_PERIOD,"{""rel"":""IN_PERIOD"",""source"":""claim:0174"",""target"":""period:fy2025a""}"
claim:0174,perimeter:unknown,SCOPED_TO,"{""rel"":""SCOPED_TO"",""source"":""claim:0174"",""target"":""perimeter:unknown""}"
claim:0174,source:src-model,FROM_SOURCE,"{""rel"":""FROM_SOURCE"",""source"":""claim:0174"",""target"":""source:src-model""}"
claim:0174,area:governance,IN_AREA,"{""rel"":""IN_AREA"",""source"":""claim:0174"",""target"":""area:governance""}"
claim:0174,claim:0077,SUPPORTS,"{""rel"":""SUPPORTS"",""source"":""claim:0174"",""target"":""claim:0077""}"
claim:0175,entity:unknown,ABOUT,"{""rel"":""ABOUT"",""source"":""claim:0175"",""target"":""entity:unknown""}"
claim:0175,metric:acquisition_count,MEASURES,"{""rel"":""MEASURES"",""source"":""claim:0175"",""target"":""metric:acquisition_count""}"
claim:0175,period:fy2025a,IN_PERIOD,"{""rel"":""IN_PERIOD"",""source"":""claim:0175"",""target"":""period:fy2025a""}"
claim:0175,perimeter:unknown,SCOPED_TO,"{""rel"":""SCOPED_TO"",""source"":""claim:0175"",""target"":""perimeter:unknown""}"
claim:0175,source:src-model,FROM_SOURCE,"{""rel"":""FROM_SOURCE"",""source"":""claim:0175"",""target"":""source:src-model""}"
claim:0175,author:hris_/_ks-dl-1.2,BY_AUTHOR,"{""rel"":""BY_AUTHOR"",""source"":""claim:0175"",""target"":""author:hris_/_ks-dl-1.2""}"
claim:0175,area:operations,IN_AREA,"{""rel"":""IN_AREA"",""source"":""claim:0175"",""target"":""area:operations""}"
claim:0176,entity:alderstone_consolidated,ABOUT,"{""rel"":""ABOUT"",""source"":""claim:0176"",""target"":""entity:alderstone_consolidated""}"
claim:0176,metric:headcount,MEASURES,"{""rel"":""MEASURES"",""source"":""claim:0176"",""target"":""metric:headcount""}"
claim:0176,perimeter:alderstone_consolidated,SCOPED_TO,"{""rel"":""SCOPED_TO"",""source"":""claim:0176"",""target"":""perimeter:alderstone_consolidated""}"
claim:0176,source:src-model,FROM_SOURCE,"{""rel"":""FROM_SOURCE"",""source"":""claim:0176"",""target"":""source:src-model""}"
claim:0176,author:hris_/_ks-dl-1.2,BY_AUTHOR,"{""rel"":""BY_AUTHOR"",""source"":""claim:0176"",""target"":""author:hris_/_ks-dl-1.2""}"
claim:0176,area:governance,IN_AREA,"{""rel"":""IN_AREA"",""source"":""claim:0176"",""target"":""area:governance""}"
claim:0177,entity:alderstone_consolidated,ABOUT,"{""rel"":""ABOUT"",""source"":""claim:0177"",""target"":""entity:alderstone_consolidated""}"
claim:0177,metric:team_tenure,MEASURES,"{""rel"":""MEASURES"",""source"":""claim:0177"",""target"":""metric:team_tenure""}"
claim:0177,perimeter:alderstone_consolidated,SCOPED_TO,"{""rel"":""SCOPED_TO"",""source"":""claim:0177"",""target"":""perimeter:alderstone_consolidated""}"
claim:0177,source:src-model,FROM_SOURCE,"{""rel"":""FROM_SOURCE"",""source"":""claim:0177"",""target"":""source:src-model""}"
claim:0177,author:hris_/_ks-dl-1.2,BY_AUTHOR,"{""rel"":""BY_AUTHOR"",""source"":""claim:0177"",""target"":""author:hris_/_ks-dl-1.2""}"
claim:0177,area:governance,IN_AREA,"{""rel"":""IN_AREA"",""source"":""claim:0177"",""target"":""area:governance""}"
claim:0178,entity:unknown,ABOUT,"{""rel"":""ABOUT"",""source"":""claim:0178"",""target"":""entity:unknown""}"
claim:0178,metric:headcount,MEASURES,"{""rel"":""MEASURES"",""source"":""claim:0178"",""target"":""metric:headcount""}"
claim:0178,perimeter:unknown,SCOPED_TO,"{""rel"":""SCOPED_TO"",""source"":""claim:0178"",""target"":""perimeter:unknown""}"
claim:0178,source:src-model,FROM_SOURCE,"{""rel"":""FROM_SOURCE"",""source"":""claim:0178"",""target"":""source:src-model""}"
claim:0178,author:hris_system,BY_AUTHOR,"{""rel"":""BY_AUTHOR"",""source"":""claim:0178"",""target"":""author:hris_system""}"
claim:0178,area:governance,IN_AREA,"{""rel"":""IN_AREA"",""source"":""claim:0178"",""target"":""area:governance""}"
claim:0178,claim:0077,SUPPORTS,"{""rel"":""SUPPORTS"",""source"":""claim:0178"",""target"":""claim:0077""}"
claim:0179,entity:unknown,ABOUT,"{""rel"":""ABOUT"",""source"":""claim:0179"",""target"":""entity:unknown""}"
claim:0179,metric:headcount,MEASURES,"{""rel"":""MEASURES"",""source"":""claim:0179"",""target"":""metric:headcount""}"
claim:0179,perimeter:unknown,SCOPED_TO,"{""rel"":""SCOPED_TO"",""source"":""claim:0179"",""target"":""perimeter:unknown""}"
claim:0179,source:src-model,FROM_SOURCE,"{""rel"":""FROM_SOURCE"",""source"":""claim:0179"",""target"":""source:src-model""}"
claim:0179,author:hris_system_(ks-dl-1.2),BY_AUTHOR,"{""rel"":""BY_AUTHOR"",""source"":""claim:0179"",""target"":""author:hris_system_(ks-dl-1.2)""}"
claim:0179,area:operations,IN_AREA,"{""rel"":""IN_AREA"",""source"":""claim:0179"",""target"":""area:operations""}"
claim:0180,entity:alderstone_consolidated,ABOUT,"{""rel"":""ABOUT"",""source"":""claim:0180"",""target"":""entity:alderstone_consolidated""}"
claim:0180,metric:headcount,MEASURES,"{""rel"":""MEASURES"",""source"":""claim:0180"",""target"":""metric:headcount""}"
claim:0180,perimeter:alderstone_consolidated,SCOPED_TO,"{""rel"":""SCOPED_TO"",""source"":""claim:0180"",""target"":""perimeter:alderstone_consolidated""}"
claim:0180,source:src-model,FROM_SOURCE,"{""rel"":""FROM_SOURCE"",""source"":""claim:0180"",""target"":""source:src-model""}"
claim:0180,author:hris_/_ks-dl-1.2,BY_AUTHOR,"{""rel"":""BY_AUTHOR"",""source"":""claim:0180"",""target"":""author:hris_/_ks-dl-1.2""}"
claim:0180,area:governance,IN_AREA,"{""rel"":""IN_AREA"",""source"":""claim:0180"",""target"":""area:governance""}"
claim:0181,entity:unknown,ABOUT,"{""rel"":""ABOUT"",""source"":""claim:0181"",""target"":""entity:unknown""}"
claim:0181,metric:headcount,MEASURES,"{""rel"":""MEASURES"",""source"":""claim:0181"",""target"":""metric:headcount""}"
claim:0181,perimeter:unknown,SCOPED_TO,"{""rel"":""SCOPED_TO"",""source"":""claim:0181"",""target"":""perimeter:unknown""}"
claim:0181,source:src-model,FROM_SOURCE,"{""rel"":""FROM_SOURCE"",""source"":""claim:0181"",""target"":""source:src-model""}"
claim:0181,author:lbo_model_(hris_source),BY_AUTHOR,"{""rel"":""BY_AUTHOR"",""source"":""claim:0181"",""target"":""author:lbo_model_(hris_source)""}"
claim:0181,area:governance,IN_AREA,"{""rel"":""IN_AREA"",""source"":""claim:0181"",""target"":""area:governance""}"
claim:0182,entity:unknown,ABOUT,"{""rel"":""ABOUT"",""source"":""claim:0182"",""target"":""entity:unknown""}"
claim:0182,metric:headcount,MEASURES,"{""rel"":""MEASURES"",""source"":""claim:0182"",""target"":""metric:headcount""}"
claim:0182,period:opening,IN_PERIOD,"{""rel"":""IN_PERIOD"",""source"":""claim:0182"",""target"":""period:opening""}"
claim:0182,perimeter:unknown,SCOPED_TO,"{""rel"":""SCOPED_TO"",""source"":""claim:0182"",""target"":""perimeter:unknown""}"
claim:0182,source:src-model,FROM_SOURCE,"{""rel"":""FROM_SOURCE"",""source"":""claim:0182"",""target"":""source:src-model""}"
claim:0182,area:governance,IN_AREA,"{""rel"":""IN_AREA"",""source"":""claim:0182"",""target"":""area:governance""}"
claim:0183,entity:unknown,ABOUT,"{""rel"":""ABOUT"",""source"":""claim:0183"",""target"":""entity:unknown""}"
claim:0183,metric:team_tenure,MEASURES,"{""rel"":""MEASURES"",""source"":""claim:0183"",""target"":""metric:team_tenure""}"
claim:0183,period:opening,IN_PERIOD,"{""rel"":""IN_PERIOD"",""source"":""claim:0183"",""target"":""period:opening""}"
claim:0183,perimeter:unknown,SCOPED_TO,"{""rel"":""SCOPED_TO"",""source"":""claim:0183"",""target"":""perimeter:unknown""}"
claim:0183,source:src-model,FROM_SOURCE,"{""rel"":""FROM_SOURCE"",""source"":""claim:0183"",""target"":""source:src-model""}"
claim:0183,area:governance,IN_AREA,"{""rel"":""IN_AREA"",""source"":""claim:0183"",""target"":""area:governance""}"
claim:0184,entity:unknown,ABOUT,"{""rel"":""ABOUT"",""source"":""claim:0184"",""target"":""entity:unknown""}"
claim:0184,metric:headcount,MEASURES,"{""rel"":""MEASURES"",""source"":""claim:0184"",""target"":""metric:headcount""}"
claim:0184,perimeter:unknown,SCOPED_TO,"{""rel"":""SCOPED_TO"",""source"":""claim:0184"",""target"":""perimeter:unknown""}"
claim:0184,source:src-model,FROM_SOURCE,"{""rel"":""FROM_SOURCE"",""source"":""claim:0184"",""target"":""source:src-model""}"
claim:0184,author:model_builder_/_hris_system,BY_AUTHOR,"{""rel"":""BY_AUTHOR"",""source"":""claim:0184"",""target"":""author:model_builder_/_hris_system""}"
claim:0184,area:governance,IN_AREA,"{""rel"":""IN_AREA"",""source"":""claim:0184"",""target"":""area:governance""}"
claim:0184,claim:0048,SUPPORTS,"{""rel"":""SUPPORTS"",""source"":""claim:0184"",""target"":""claim:0048""}"
claim:0185,entity:keystone,ABOUT,"{""rel"":""ABOUT"",""source"":""claim:0185"",""target"":""entity:keystone""}"
claim:0185,metric:headcount,MEASURES,"{""rel"":""MEASURES"",""source"":""claim:0185"",""target"":""metric:headcount""}"
claim:0185,perimeter:keystone,SCOPED_TO,"{""rel"":""SCOPED_TO"",""source"":""claim:0185"",""target"":""perimeter:keystone""}"
claim:0185,source:src-model,FROM_SOURCE,"{""rel"":""FROM_SOURCE"",""source"":""claim:0185"",""target"":""source:src-model""}"
claim:0185,author:hris_system,BY_AUTHOR,"{""rel"":""BY_AUTHOR"",""source"":""claim:0185"",""target"":""author:hris_system""}"
claim:0185,area:governance,IN_AREA,"{""rel"":""IN_AREA"",""source"":""claim:0185"",""target"":""area:governance""}"
claim:0185,claim:0048,SUPPORTS,"{""rel"":""SUPPORTS"",""source"":""claim:0185"",""target"":""claim:0048""}"
claim:0186,entity:keystone,ABOUT,"{""rel"":""ABOUT"",""source"":""claim:0186"",""target"":""entity:keystone""}"
claim:0186,metric:team_tenure,MEASURES,"{""rel"":""MEASURES"",""source"":""claim:0186"",""target"":""metric:team_tenure""}"
claim:0186,perimeter:keystone,SCOPED_TO,"{""rel"":""SCOPED_TO"",""source"":""claim:0186"",""target"":""perimeter:keystone""}"
claim:0186,source:src-model,FROM_SOURCE,"{""rel"":""FROM_SOURCE"",""source"":""claim:0186"",""target"":""source:src-model""}"
claim:0186,area:governance,IN_AREA,"{""rel"":""IN_AREA"",""source"":""claim:0186"",""target"":""area:governance""}"
claim:0187,entity:unknown,ABOUT,"{""rel"":""ABOUT"",""source"":""claim:0187"",""target"":""entity:unknown""}"
claim:0187,metric:dso,MEASURES,"{""rel"":""MEASURES"",""source"":""claim:0187"",""target"":""metric:dso""}"
claim:0187,period:fy2025a,IN_PERIOD,"{""rel"":""IN_PERIOD"",""source"":""claim:0187"",""target"":""period:fy2025a""}"
claim:0187,perimeter:unknown,SCOPED_TO,"{""rel"":""SCOPED_TO"",""source"":""claim:0187"",""target"":""perimeter:unknown""}"
claim:0187,source:src-model,FROM_SOURCE,"{""rel"":""FROM_SOURCE"",""source"":""claim:0187"",""target"":""source:src-model""}"
claim:0187,claim:0206,CHALLENGES,"{""rel"":""CHALLENGES"",""source"":""claim:0187"",""target"":""claim:0206""}"
claim:0187,claim:0230,CHALLENGES,"{""rel"":""CHALLENGES"",""source"":""claim:0187"",""target"":""claim:0230""}"
claim:0187,claim:0231,CHALLENGES,"{""rel"":""CHALLENGES"",""source"":""claim:0187"",""target"":""claim:0231""}"
claim:0187,claim:0232,CHALLENGES,"{""rel"":""CHALLENGES"",""source"":""claim:0187"",""target"":""claim:0232""}"
claim:0187,claim:0246,CHALLENGES,"{""rel"":""CHALLENGES"",""source"":""claim:0187"",""target"":""claim:0246""}"
claim:0187,claim:0247,CHALLENGES,"{""rel"":""CHALLENGES"",""source"":""claim:0187"",""target"":""claim:0247""}"
claim:0187,claim:0248,CHALLENGES,"{""rel"":""CHALLENGES"",""source"":""claim:0187"",""target"":""claim:0248""}"
claim:0188,entity:unknown,ABOUT,"{""rel"":""ABOUT"",""source"":""claim:0188"",""target"":""entity:unknown""}"
claim:0188,metric:working_capital,MEASURES,"{""rel"":""MEASURES"",""source"":""claim:0188"",""target"":""metric:working_capital""}"
claim:0188,period:fy2025a,IN_PERIOD,"{""rel"":""IN_PERIOD"",""source"":""claim:0188"",""target"":""period:fy2025a""}"
claim:0188,perimeter:unknown,SCOPED_TO,"{""rel"":""SCOPED_TO"",""source"":""claim:0188"",""target"":""perimeter:unknown""}"
claim:0188,source:src-model,FROM_SOURCE,"{""rel"":""FROM_SOURCE"",""source"":""claim:0188"",""target"":""source:src-model""}"
claim:0188,claim:0076,CHALLENGES,"{""rel"":""CHALLENGES"",""source"":""claim:0188"",""target"":""claim:0076""}"
claim:0188,claim:0037,SUPPORTS,"{""rel"":""SUPPORTS"",""source"":""claim:0188"",""target"":""claim:0037""}"
claim:0188,claim:0283,SUPPORTS,"{""rel"":""SUPPORTS"",""source"":""claim:0188"",""target"":""claim:0283""}"
claim:0189,entity:unknown,ABOUT,"{""rel"":""ABOUT"",""source"":""claim:0189"",""target"":""entity:unknown""}"
claim:0189,metric:customer_concentration,MEASURES,"{""rel"":""MEASURES"",""source"":""claim:0189"",""target"":""metric:customer_concentration""}"
claim:0189,period:fy2025a,IN_PERIOD,"{""rel"":""IN_PERIOD"",""source"":""claim:0189"",""target"":""period:fy2025a""}"
claim:0189,perimeter:unknown,SCOPED_TO,"{""rel"":""SCOPED_TO"",""source"":""claim:0189"",""target"":""perimeter:unknown""}"
claim:0189,source:src-model,FROM_SOURCE,"{""rel"":""FROM_SOURCE"",""source"":""claim:0189"",""target"":""source:src-model""}"
claim:0189,area:customer,IN_AREA,"{""rel"":""IN_AREA"",""source"":""claim:0189"",""target"":""area:customer""}"
claim:0190,entity:riverton_group,ABOUT,"{""rel"":""ABOUT"",""source"":""claim:0190"",""target"":""entity:riverton_group""}"
claim:0190,metric:working_capital,MEASURES,"{""rel"":""MEASURES"",""source"":""claim:0190"",""target"":""metric:working_capital""}"
claim:0190,perimeter:riverton_group,SCOPED_TO,"{""rel"":""SCOPED_TO"",""source"":""claim:0190"",""target"":""perimeter:riverton_group""}"
claim:0190,source:src-model,FROM_SOURCE,"{""rel"":""FROM_SOURCE"",""source"":""claim:0190"",""target"":""source:src-model""}"
claim:0190,author:lbo_model_(wip_ledger_/_data_room_source),BY_AUTHOR,"{""rel"":""BY_AUTHOR"",""source"":""claim:0190"",""target"":""author:lbo_model_(wip_ledger_/_data_room_source)""}"
claim:0191,entity:riverton_group,ABOUT,"{""rel"":""ABOUT"",""source"":""claim:0191"",""target"":""entity:riverton_group""}"
claim:0191,metric:revenue_quality,MEASURES,"{""rel"":""MEASURES"",""source"":""claim:0191"",""target"":""metric:revenue_quality""}"
claim:0191,perimeter:riverton_group,SCOPED_TO,"{""rel"":""SCOPED_TO"",""source"":""claim:0191"",""target"":""perimeter:riverton_group""}"
claim:0191,source:src-model,FROM_SOURCE,"{""rel"":""FROM_SOURCE"",""source"":""claim:0191"",""target"":""source:src-model""}"
claim:0191,author:lbo_model_(wip_ledger_/_data_room_source),BY_AUTHOR,"{""rel"":""BY_AUTHOR"",""source"":""claim:0191"",""target"":""author:lbo_model_(wip_ledger_/_data_room_source)""}"
claim:0191,area:earnings,IN_AREA,"{""rel"":""IN_AREA"",""source"":""claim:0191"",""target"":""area:earnings""}"
claim:0192,entity:riverton_group,ABOUT,"{""rel"":""ABOUT"",""source"":""claim:0192"",""target"":""entity:riverton_group""}"
claim:0192,metric:dso,MEASURES,"{""rel"":""MEASURES"",""source"":""claim:0192"",""target"":""metric:dso""}"
claim:0192,perimeter:riverton_group,SCOPED_TO,"{""rel"":""SCOPED_TO"",""source"":""claim:0192"",""target"":""perimeter:riverton_group""}"
claim:0192,source:src-model,FROM_SOURCE,"{""rel"":""FROM_SOURCE"",""source"":""claim:0192"",""target"":""source:src-model""}"
claim:0192,claim:0089,CONTRADICTS,"{""rel"":""CONTRADICTS"",""source"":""claim:0192"",""target"":""claim:0089""}"
claim:0192,claim:0109,CONTRADICTS,"{""rel"":""CONTRADICTS"",""source"":""claim:0192"",""target"":""claim:0109""}"
claim:0192,claim:0195,CONTRADICTS,"{""rel"":""CONTRADICTS"",""source"":""claim:0192"",""target"":""claim:0195""}"
claim:0192,claim:0196,CONTRADICTS,"{""rel"":""CONTRADICTS"",""source"":""claim:0192"",""target"":""claim:0196""}"
claim:0192,claim:0197,CONTRADICTS,"{""rel"":""CONTRADICTS"",""source"":""claim:0192"",""target"":""claim:0197""}"
claim:0192,claim:0107,CHALLENGES,"{""rel"":""CHALLENGES"",""source"":""claim:0192"",""target"":""claim:0107""}"
claim:0192,claim:0108,CHALLENGES,"{""rel"":""CHALLENGES"",""source"":""claim:0192"",""target"":""claim:0108""}"
claim:0192,claim:0110,CHALLENGES,"{""rel"":""CHALLENGES"",""source"":""claim:0192"",""target"":""claim:0110""}"
claim:0192,claim:0221,CHALLENGES,"{""rel"":""CHALLENGES"",""source"":""claim:0192"",""target"":""claim:0221""}"
claim:0192,claim:0229,CHALLENGES,"{""rel"":""CHALLENGES"",""source"":""claim:0192"",""target"":""claim:0229""}"
claim:0193,entity:keystone_standalone,ABOUT,"{""rel"":""ABOUT"",""source"":""claim:0193"",""target"":""entity:keystone_standalone""}"
claim:0193,metric:ebitda_adjustment,MEASURES,"{""rel"":""MEASURES"",""source"":""claim:0193"",""target"":""metric:ebitda_adjustment""}"
claim:0193,perimeter:keystone_standalone,SCOPED_TO,"{""rel"":""SCOPED_TO"",""source"":""claim:0193"",""target"":""perimeter:keystone_standalone""}"
claim:0193,source:src-model,FROM_SOURCE,"{""rel"":""FROM_SOURCE"",""source"":""claim:0193"",""target"":""source:src-model""}"
claim:0193,area:earnings,IN_AREA,"{""rel"":""IN_AREA"",""source"":""claim:0193"",""target"":""area:earnings""}"
claim:0193,claim:0089,CONTRADICTS,"{""rel"":""CONTRADICTS"",""source"":""claim:0193"",""target"":""claim:0089""}"
claim:0193,claim:0109,CONTRADICTS,"{""rel"":""CONTRADICTS"",""source"":""claim:0193"",""target"":""claim:0109""}"
claim:0193,claim:0195,CONTRADICTS,"{""rel"":""CONTRADICTS"",""source"":""claim:0193"",""target"":""claim:0195""}"
claim:0193,claim:0196,CONTRADICTS,"{""rel"":""CONTRADICTS"",""source"":""claim:0193"",""target"":""claim:0196""}"
claim:0193,claim:0197,CONTRADICTS,"{""rel"":""CONTRADICTS"",""source"":""claim:0193"",""target"":""claim:0197""}"
claim:0193,claim:0107,CHALLENGES,"{""rel"":""CHALLENGES"",""source"":""claim:0193"",""target"":""claim:0107""}"
claim:0193,claim:0108,CHALLENGES,"{""rel"":""CHALLENGES"",""source"":""claim:0193"",""target"":""claim:0108""}"
claim:0193,claim:0110,CHALLENGES,"{""rel"":""CHALLENGES"",""source"":""claim:0193"",""target"":""claim:0110""}"
claim:0193,claim:0221,CHALLENGES,"{""rel"":""CHALLENGES"",""source"":""claim:0193"",""target"":""claim:0221""}"
claim:0193,claim:0229,CHALLENGES,"{""rel"":""CHALLENGES"",""source"":""claim:0193"",""target"":""claim:0229""}"
claim:0194,entity:keystone_standalone,ABOUT,"{""rel"":""ABOUT"",""source"":""claim:0194"",""target"":""entity:keystone_standalone""}"
claim:0194,metric:ebitda_adjustment,MEASURES,"{""rel"":""MEASURES"",""source"":""claim:0194"",""target"":""metric:ebitda_adjustment""}"
claim:0194,perimeter:keystone_standalone,SCOPED_TO,"{""rel"":""SCOPED_TO"",""source"":""claim:0194"",""target"":""perimeter:keystone_standalone""}"
claim:0194,source:src-model,FROM_SOURCE,"{""rel"":""FROM_SOURCE"",""source"":""claim:0194"",""target"":""source:src-model""}"
claim:0194,area:earnings,IN_AREA,"{""rel"":""IN_AREA"",""source"":""claim:0194"",""target"":""area:earnings""}"
claim:0194,claim:0089,CONTRADICTS,"{""rel"":""CONTRADICTS"",""source"":""claim:0194"",""target"":""claim:0089""}"
claim:0194,claim:0109,CONTRADICTS,"{""rel"":""CONTRADICTS"",""source"":""claim:0194"",""target"":""claim:0109""}"
claim:0194,claim:0195,CONTRADICTS,"{""rel"":""CONTRADICTS"",""source"":""claim:0194"",""target"":""claim:0195""}"
claim:0194,claim:0196,CONTRADICTS,"{""rel"":""CONTRADICTS"",""source"":""claim:0194"",""target"":""claim:0196""}"
claim:0194,claim:0197,CONTRADICTS,"{""rel"":""CONTRADICTS"",""source"":""claim:0194"",""target"":""claim:0197""}"
claim:0194,claim:0107,CHALLENGES,"{""rel"":""CHALLENGES"",""source"":""claim:0194"",""target"":""claim:0107""}"
claim:0194,claim:0108,CHALLENGES,"{""rel"":""CHALLENGES"",""source"":""claim:0194"",""target"":""claim:0108""}"
claim:0194,claim:0110,CHALLENGES,"{""rel"":""CHALLENGES"",""source"":""claim:0194"",""target"":""claim:0110""}"
claim:0194,claim:0221,CHALLENGES,"{""rel"":""CHALLENGES"",""source"":""claim:0194"",""target"":""claim:0221""}"
claim:0194,claim:0229,CHALLENGES,"{""rel"":""CHALLENGES"",""source"":""claim:0194"",""target"":""claim:0229""}"
claim:0195,entity:keystone_standalone,ABOUT,"{""rel"":""ABOUT"",""source"":""claim:0195"",""target"":""entity:keystone_standalone""}"
claim:0195,metric:ebitda_adjustment,MEASURES,"{""rel"":""MEASURES"",""source"":""claim:0195"",""target"":""metric:ebitda_adjustment""}"
claim:0195,perimeter:keystone_standalone,SCOPED_TO,"{""rel"":""SCOPED_TO"",""source"":""claim:0195"",""target"":""perimeter:keystone_standalone""}"
claim:0195,source:src-model,FROM_SOURCE,"{""rel"":""FROM_SOURCE"",""source"":""claim:0195"",""target"":""source:src-model""}"
claim:0195,area:earnings,IN_AREA,"{""rel"":""IN_AREA"",""source"":""claim:0195"",""target"":""area:earnings""}"
claim:0195,claim:0107,CHALLENGES,"{""rel"":""CHALLENGES"",""source"":""claim:0195"",""target"":""claim:0107""}"
claim:0195,claim:0108,CHALLENGES,"{""rel"":""CHALLENGES"",""source"":""claim:0195"",""target"":""claim:0108""}"
claim:0195,claim:0229,TRACKS,"{""rel"":""TRACKS"",""source"":""claim:0195"",""target"":""claim:0229""}"
claim:0195,claim:0007,DERIVES_FROM,"{""rel"":""DERIVES_FROM"",""source"":""claim:0195"",""target"":""claim:0007""}"
claim:0195,claim:0012,DERIVES_FROM,"{""rel"":""DERIVES_FROM"",""source"":""claim:0195"",""target"":""claim:0012""}"
claim:0195,claim:0021,DERIVES_FROM,"{""rel"":""DERIVES_FROM"",""source"":""claim:0195"",""target"":""claim:0021""}"
claim:0195,claim:0029,DERIVES_FROM,"{""rel"":""DERIVES_FROM"",""source"":""claim:0195"",""target"":""claim:0029""}"
claim:0195,claim:0031,DERIVES_FROM,"{""rel"":""DERIVES_FROM"",""source"":""claim:0195"",""target"":""claim:0031""}"
claim:0195,claim:0032,DERIVES_FROM,"{""rel"":""DERIVES_FROM"",""source"":""claim:0195"",""target"":""claim:0032""}"
claim:0195,claim:0036,DERIVES_FROM,"{""rel"":""DERIVES_FROM"",""source"":""claim:0195"",""target"":""claim:0036""}"
claim:0195,claim:0065,DERIVES_FROM,"{""rel"":""DERIVES_FROM"",""source"":""claim:0195"",""target"":""claim:0065""}"
claim:0195,claim:0068,DERIVES_FROM,"{""rel"":""DERIVES_FROM"",""source"":""claim:0195"",""target"":""claim:0068""}"
claim:0195,claim:0073,DERIVES_FROM,"{""rel"":""DERIVES_FROM"",""source"":""claim:0195"",""target"":""claim:0073""}"
claim:0195,claim:0143,DERIVES_FROM,"{""rel"":""DERIVES_FROM"",""source"":""claim:0195"",""target"":""claim:0143""}"
claim:0195,claim:0144,DERIVES_FROM,"{""rel"":""DERIVES_FROM"",""source"":""claim:0195"",""target"":""claim:0144""}"
claim:0195,claim:0149,DERIVES_FROM,"{""rel"":""DERIVES_FROM"",""source"":""claim:0195"",""target"":""claim:0149""}"
claim:0195,claim:0150,DERIVES_FROM,"{""rel"":""DERIVES_FROM"",""source"":""claim:0195"",""target"":""claim:0150""}"
claim:0195,claim:0151,DERIVES_FROM,"{""rel"":""DERIVES_FROM"",""source"":""claim:0195"",""target"":""claim:0151""}"
claim:0195,claim:0152,DERIVES_FROM,"{""rel"":""DERIVES_FROM"",""source"":""claim:0195"",""target"":""claim:0152""}"
claim:0195,claim:0190,DERIVES_FROM,"{""rel"":""DERIVES_FROM"",""source"":""claim:0195"",""target"":""claim:0190""}"
claim:0195,claim:0203,DERIVES_FROM,"{""rel"":""DERIVES_FROM"",""source"":""claim:0195"",""target"":""claim:0203""}"
claim:0195,claim:0208,DERIVES_FROM,"{""rel"":""DERIVES_FROM"",""source"":""claim:0195"",""target"":""claim:0208""}"
claim:0195,claim:0219,DERIVES_FROM,"{""rel"":""DERIVES_FROM"",""source"":""claim:0195"",""target"":""claim:0219""}"
claim:0195,claim:0227,DERIVES_FROM,"{""rel"":""DERIVES_FROM"",""source"":""claim:0195"",""target"":""claim:0227""}"
claim:0195,claim:0234,DERIVES_FROM,"{""rel"":""DERIVES_FROM"",""source"":""claim:0195"",""target"":""claim:0234""}"
claim:0196,entity:keystone_standalone,ABOUT,"{""rel"":""ABOUT"",""source"":""claim:0196"",""target"":""entity:keystone_standalone""}"
claim:0196,metric:ebitda_adjustment,MEASURES,"{""rel"":""MEASURES"",""source"":""claim:0196"",""target"":""metric:ebitda_adjustment""}"
claim:0196,period:fy2028,IN_PERIOD,"{""rel"":""IN_PERIOD"",""source"":""claim:0196"",""target"":""period:fy2028""}"
claim:0196,perimeter:keystone_standalone,SCOPED_TO,"{""rel"":""SCOPED_TO"",""source"":""claim:0196"",""target"":""perimeter:keystone_standalone""}"
claim:0196,source:src-model,FROM_SOURCE,"{""rel"":""FROM_SOURCE"",""source"":""claim:0196"",""target"":""source:src-model""}"
claim:0196,author:qoe_provider,BY_AUTHOR,"{""rel"":""BY_AUTHOR"",""source"":""claim:0196"",""target"":""author:qoe_provider""}"
claim:0196,area:earnings,IN_AREA,"{""rel"":""IN_AREA"",""source"":""claim:0196"",""target"":""area:earnings""}"
claim:0196,claim:0107,CHALLENGES,"{""rel"":""CHALLENGES"",""source"":""claim:0196"",""target"":""claim:0107""}"
claim:0196,claim:0108,CHALLENGES,"{""rel"":""CHALLENGES"",""source"":""claim:0196"",""target"":""claim:0108""}"
claim:0196,claim:0109,CHALLENGES,"{""rel"":""CHALLENGES"",""source"":""claim:0196"",""target"":""claim:0109""}"
claim:0196,claim:0229,TRACKS,"{""rel"":""TRACKS"",""source"":""claim:0196"",""target"":""claim:0229""}"
claim:0197,entity:keystone_standalone,ABOUT,"{""rel"":""ABOUT"",""source"":""claim:0197"",""target"":""entity:keystone_standalone""}"
claim:0197,metric:ebitda_adjustment,MEASURES,"{""rel"":""MEASURES"",""source"":""claim:0197"",""target"":""metric:ebitda_adjustment""}"
claim:0197,period:fy2028,IN_PERIOD,"{""rel"":""IN_PERIOD"",""source"":""claim:0197"",""target"":""period:fy2028""}"
claim:0197,perimeter:keystone_standalone,SCOPED_TO,"{""rel"":""SCOPED_TO"",""source"":""claim:0197"",""target"":""perimeter:keystone_standalone""}"
claim:0197,source:src-model,FROM_SOURCE,"{""rel"":""FROM_SOURCE"",""source"":""claim:0197"",""target"":""source:src-model""}"
claim:0197,author:qoe_provider,BY_AUTHOR,"{""rel"":""BY_AUTHOR"",""source"":""claim:0197"",""target"":""author:qoe_provider""}"
claim:0197,area:earnings,IN_AREA,"{""rel"":""IN_AREA"",""source"":""claim:0197"",""target"":""area:earnings""}"
claim:0197,claim:0107,CHALLENGES,"{""rel"":""CHALLENGES"",""source"":""claim:0197"",""target"":""claim:0107""}"
claim:0197,claim:0108,CHALLENGES,"{""rel"":""CHALLENGES"",""source"":""claim:0197"",""target"":""claim:0108""}"
claim:0197,claim:0109,CHALLENGES,"{""rel"":""CHALLENGES"",""source"":""claim:0197"",""target"":""claim:0109""}"
claim:0197,claim:0229,TRACKS,"{""rel"":""TRACKS"",""source"":""claim:0197"",""target"":""claim:0229""}"
claim:0198,entity:keystone_standalone,ABOUT,"{""rel"":""ABOUT"",""source"":""claim:0198"",""target"":""entity:keystone_standalone""}"
claim:0198,metric:ebitda_adjustment,MEASURES,"{""rel"":""MEASURES"",""source"":""claim:0198"",""target"":""metric:ebitda_adjustment""}"
claim:0198,period:fy2028,IN_PERIOD,"{""rel"":""IN_PERIOD"",""source"":""claim:0198"",""target"":""period:fy2028""}"
claim:0198,perimeter:keystone_standalone,SCOPED_TO,"{""rel"":""SCOPED_TO"",""source"":""claim:0198"",""target"":""perimeter:keystone_standalone""}"
claim:0198,source:src-model,FROM_SOURCE,"{""rel"":""FROM_SOURCE"",""source"":""claim:0198"",""target"":""source:src-model""}"
claim:0198,author:qoe_provider,BY_AUTHOR,"{""rel"":""BY_AUTHOR"",""source"":""claim:0198"",""target"":""author:qoe_provider""}"
claim:0198,area:earnings,IN_AREA,"{""rel"":""IN_AREA"",""source"":""claim:0198"",""target"":""area:earnings""}"
claim:0199,entity:unknown,ABOUT,"{""rel"":""ABOUT"",""source"":""claim:0199"",""target"":""entity:unknown""}"
claim:0199,metric:equity_value,MEASURES,"{""rel"":""MEASURES"",""source"":""claim:0199"",""target"":""metric:equity_value""}"
claim:0199,period:opening,IN_PERIOD,"{""rel"":""IN_PERIOD"",""source"":""claim:0199"",""target"":""period:opening""}"
claim:0199,perimeter:unknown,SCOPED_TO,"{""rel"":""SCOPED_TO"",""source"":""claim:0199"",""target"":""perimeter:unknown""}"
claim:0199,source:src-model,FROM_SOURCE,"{""rel"":""FROM_SOURCE"",""source"":""claim:0199"",""target"":""source:src-model""}"
claim:0199,area:returns,IN_AREA,"{""rel"":""IN_AREA"",""source"":""claim:0199"",""target"":""area:returns""}"
claim:0200,entity:unknown,ABOUT,"{""rel"":""ABOUT"",""source"":""claim:0200"",""target"":""entity:unknown""}"
claim:0200,metric:net_debt,MEASURES,"{""rel"":""MEASURES"",""source"":""claim:0200"",""target"":""metric:net_debt""}"
claim:0200,period:opening,IN_PERIOD,"{""rel"":""IN_PERIOD"",""source"":""claim:0200"",""target"":""period:opening""}"
claim:0200,perimeter:unknown,SCOPED_TO,"{""rel"":""SCOPED_TO"",""source"":""claim:0200"",""target"":""perimeter:unknown""}"
claim:0200,source:src-model,FROM_SOURCE,"{""rel"":""FROM_SOURCE"",""source"":""claim:0200"",""target"":""source:src-model""}"
claim:0200,area:structure,IN_AREA,"{""rel"":""IN_AREA"",""source"":""claim:0200"",""target"":""area:structure""}"
claim:0200,claim:0091,CHALLENGES,"{""rel"":""CHALLENGES"",""source"":""claim:0200"",""target"":""claim:0091""}"
claim:0200,claim:0251,CHALLENGES,"{""rel"":""CHALLENGES"",""source"":""claim:0200"",""target"":""claim:0251""}"
claim:0200,claim:0007,DERIVES_FROM,"{""rel"":""DERIVES_FROM"",""source"":""claim:0200"",""target"":""claim:0007""}"
claim:0200,claim:0012,DERIVES_FROM,"{""rel"":""DERIVES_FROM"",""source"":""claim:0200"",""target"":""claim:0012""}"
claim:0200,claim:0021,DERIVES_FROM,"{""rel"":""DERIVES_FROM"",""source"":""claim:0200"",""target"":""claim:0021""}"
claim:0200,claim:0029,DERIVES_FROM,"{""rel"":""DERIVES_FROM"",""source"":""claim:0200"",""target"":""claim:0029""}"
claim:0200,claim:0031,DERIVES_FROM,"{""rel"":""DERIVES_FROM"",""source"":""claim:0200"",""target"":""claim:0031""}"
claim:0200,claim:0032,DERIVES_FROM,"{""rel"":""DERIVES_FROM"",""source"":""claim:0200"",""target"":""claim:0032""}"
claim:0200,claim:0036,DERIVES_FROM,"{""rel"":""DERIVES_FROM"",""source"":""claim:0200"",""target"":""claim:0036""}"
claim:0200,claim:0065,DERIVES_FROM,"{""rel"":""DERIVES_FROM"",""source"":""claim:0200"",""target"":""claim:0065""}"
claim:0200,claim:0073,DERIVES_FROM,"{""rel"":""DERIVES_FROM"",""source"":""claim:0200"",""target"":""claim:0073""}"
claim:0200,claim:0143,DERIVES_FROM,"{""rel"":""DERIVES_FROM"",""source"":""claim:0200"",""target"":""claim:0143""}"
claim:0200,claim:0144,DERIVES_FROM,"{""rel"":""DERIVES_FROM"",""source"":""claim:0200"",""target"":""claim:0144""}"
claim:0200,claim:0149,DERIVES_FROM,"{""rel"":""DERIVES_FROM"",""source"":""claim:0200"",""target"":""claim:0149""}"
claim:0200,claim:0150,DERIVES_FROM,"{""rel"":""DERIVES_FROM"",""source"":""claim:0200"",""target"":""claim:0150""}"
claim:0200,claim:0151,DERIVES_FROM,"{""rel"":""DERIVES_FROM"",""source"":""claim:0200"",""target"":""claim:0151""}"
claim:0200,claim:0152,DERIVES_FROM,"{""rel"":""DERIVES_FROM"",""source"":""claim:0200"",""target"":""claim:0152""}"
claim:0200,claim:0203,DERIVES_FROM,"{""rel"":""DERIVES_FROM"",""source"":""claim:0200"",""target"":""claim:0203""}"
claim:0200,claim:0208,DERIVES_FROM,"{""rel"":""DERIVES_FROM"",""source"":""claim:0200"",""target"":""claim:0208""}"
claim:0200,claim:0219,DERIVES_FROM,"{""rel"":""DERIVES_FROM"",""source"":""claim:0200"",""target"":""claim:0219""}"
claim:0200,claim:0227,DERIVES_FROM,"{""rel"":""DERIVES_FROM"",""source"":""claim:0200"",""target"":""claim:0227""}"
claim:0200,claim:0234,DERIVES_FROM,"{""rel"":""DERIVES_FROM"",""source"":""claim:0200"",""target"":""claim:0234""}"
claim:0201,entity:keystone_standalone,ABOUT,"{""rel"":""ABOUT"",""source"":""claim:0201"",""target"":""entity:keystone_standalone""}"
claim:0201,metric:net_working_capital,MEASURES,"{""rel"":""MEASURES"",""source"":""claim:0201"",""target"":""metric:net_working_capital""}"
claim:0201,period:opening,IN_PERIOD,"{""rel"":""IN_PERIOD"",""source"":""claim:0201"",""target"":""period:opening""}"
claim:0201,perimeter:keystone_standalone,SCOPED_TO,"{""rel"":""SCOPED_TO"",""source"":""claim:0201"",""target"":""perimeter:keystone_standalone""}"
claim:0201,source:src-model,FROM_SOURCE,"{""rel"":""FROM_SOURCE"",""source"":""claim:0201"",""target"":""source:src-model""}"
claim:0201,claim:0095,DERIVES_FROM,"{""rel"":""DERIVES_FROM"",""source"":""claim:0201"",""target"":""claim:0095""}"
claim:0201,claim:0118,DERIVES_FROM,"{""rel"":""DERIVES_FROM"",""source"":""claim:0201"",""target"":""claim:0118""}"
claim:0201,claim:0199,DERIVES_FROM,"{""rel"":""DERIVES_FROM"",""source"":""claim:0201"",""target"":""claim:0199""}"
claim:0202,entity:keystone_standalone,ABOUT,"{""rel"":""ABOUT"",""source"":""claim:0202"",""target"":""entity:keystone_standalone""}"
claim:0202,metric:enterprise_value,MEASURES,"{""rel"":""MEASURES"",""source"":""claim:0202"",""target"":""metric:enterprise_value""}"
claim:0202,period:opening,IN_PERIOD,"{""rel"":""IN_PERIOD"",""source"":""claim:0202"",""target"":""period:opening""}"
claim:0202,perimeter:keystone_standalone,SCOPED_TO,"{""rel"":""SCOPED_TO"",""source"":""claim:0202"",""target"":""perimeter:keystone_standalone""}"
claim:0202,source:src-model,FROM_SOURCE,"{""rel"":""FROM_SOURCE"",""source"":""claim:0202"",""target"":""source:src-model""}"
claim:0202,area:returns,IN_AREA,"{""rel"":""IN_AREA"",""source"":""claim:0202"",""target"":""area:returns""}"
claim:0203,entity:keystone_standalone,ABOUT,"{""rel"":""ABOUT"",""source"":""claim:0203"",""target"":""entity:keystone_standalone""}"
claim:0203,metric:sponsor_equity,MEASURES,"{""rel"":""MEASURES"",""source"":""claim:0203"",""target"":""metric:sponsor_equity""}"
claim:0203,period:opening,IN_PERIOD,"{""rel"":""IN_PERIOD"",""source"":""claim:0203"",""target"":""period:opening""}"
claim:0203,perimeter:keystone_standalone,SCOPED_TO,"{""rel"":""SCOPED_TO"",""source"":""claim:0203"",""target"":""perimeter:keystone_standalone""}"
claim:0203,source:src-model,FROM_SOURCE,"{""rel"":""FROM_SOURCE"",""source"":""claim:0203"",""target"":""source:src-model""}"
claim:0203,area:structure,IN_AREA,"{""rel"":""IN_AREA"",""source"":""claim:0203"",""target"":""area:structure""}"
claim:0204,entity:unknown,ABOUT,"{""rel"":""ABOUT"",""source"":""claim:0204"",""target"":""entity:unknown""}"
claim:0204,metric:revenue,MEASURES,"{""rel"":""MEASURES"",""source"":""claim:0204"",""target"":""metric:revenue""}"
claim:0204,period:fy2026e,IN_PERIOD,"{""rel"":""IN_PERIOD"",""source"":""claim:0204"",""target"":""period:fy2026e""}"
claim:0204,perimeter:unknown,SCOPED_TO,"{""rel"":""SCOPED_TO"",""source"":""claim:0204"",""target"":""perimeter:unknown""}"
claim:0204,source:src-model,FROM_SOURCE,"{""rel"":""FROM_SOURCE"",""source"":""claim:0204"",""target"":""source:src-model""}"
claim:0204,author:management,BY_AUTHOR,"{""rel"":""BY_AUTHOR"",""source"":""claim:0204"",""target"":""author:management""}"
claim:0204,claim:0205,TRACKS,"{""rel"":""TRACKS"",""source"":""claim:0204"",""target"":""claim:0205""}"
claim:0204,claim:0261,TRACKS,"{""rel"":""TRACKS"",""source"":""claim:0204"",""target"":""claim:0261""}"
claim:0204,claim:0262,TRACKS,"{""rel"":""TRACKS"",""source"":""claim:0204"",""target"":""claim:0262""}"
claim:0204,claim:0263,TRACKS,"{""rel"":""TRACKS"",""source"":""claim:0204"",""target"":""claim:0263""}"
claim:0205,entity:unknown,ABOUT,"{""rel"":""ABOUT"",""source"":""claim:0205"",""target"":""entity:unknown""}"
claim:0205,metric:ebitda,MEASURES,"{""rel"":""MEASURES"",""source"":""claim:0205"",""target"":""metric:ebitda""}"
claim:0205,period:fy2025a,IN_PERIOD,"{""rel"":""IN_PERIOD"",""source"":""claim:0205"",""target"":""period:fy2025a""}"
claim:0205,perimeter:unknown,SCOPED_TO,"{""rel"":""SCOPED_TO"",""source"":""claim:0205"",""target"":""perimeter:unknown""}"
claim:0205,source:src-model,FROM_SOURCE,"{""rel"":""FROM_SOURCE"",""source"":""claim:0205"",""target"":""source:src-model""}"
claim:0205,author:management,BY_AUTHOR,"{""rel"":""BY_AUTHOR"",""source"":""claim:0205"",""target"":""author:management""}"
claim:0205,claim:0213,TRACKS,"{""rel"":""TRACKS"",""source"":""claim:0205"",""target"":""claim:0213""}"
claim:0205,claim:0261,TRACKS,"{""rel"":""TRACKS"",""source"":""claim:0205"",""target"":""claim:0261""}"
claim:0205,claim:0262,TRACKS,"{""rel"":""TRACKS"",""source"":""claim:0205"",""target"":""claim:0262""}"
claim:0205,claim:0263,TRACKS,"{""rel"":""TRACKS"",""source"":""claim:0205"",""target"":""claim:0263""}"
claim:0206,entity:unknown,ABOUT,"{""rel"":""ABOUT"",""source"":""claim:0206"",""target"":""entity:unknown""}"
claim:0206,metric:ebitda,MEASURES,"{""rel"":""MEASURES"",""source"":""claim:0206"",""target"":""metric:ebitda""}"
claim:0206,period:fy2026e,IN_PERIOD,"{""rel"":""IN_PERIOD"",""source"":""claim:0206"",""target"":""period:fy2026e""}"
claim:0206,perimeter:unknown,SCOPED_TO,"{""rel"":""SCOPED_TO"",""source"":""claim:0206"",""target"":""perimeter:unknown""}"
claim:0206,source:src-model,FROM_SOURCE,"{""rel"":""FROM_SOURCE"",""source"":""claim:0206"",""target"":""source:src-model""}"
claim:0206,author:management,BY_AUTHOR,"{""rel"":""BY_AUTHOR"",""source"":""claim:0206"",""target"":""author:management""}"
claim:0206,claim:0077,SUPPORTS,"{""rel"":""SUPPORTS"",""source"":""claim:0206"",""target"":""claim:0077""}"
claim:0207,entity:unknown,ABOUT,"{""rel"":""ABOUT"",""source"":""claim:0207"",""target"":""entity:unknown""}"
claim:0207,metric:net_working_capital,MEASURES,"{""rel"":""MEASURES"",""source"":""claim:0207"",""target"":""metric:net_working_capital""}"
claim:0207,perimeter:unknown,SCOPED_TO,"{""rel"":""SCOPED_TO"",""source"":""claim:0207"",""target"":""perimeter:unknown""}"
claim:0207,source:src-model,FROM_SOURCE,"{""rel"":""FROM_SOURCE"",""source"":""claim:0207"",""target"":""source:src-model""}"
claim:0207,author:lbo_modeling_team,BY_AUTHOR,"{""rel"":""BY_AUTHOR"",""source"":""claim:0207"",""target"":""author:lbo_modeling_team""}"
claim:0207,area:operations,IN_AREA,"{""rel"":""IN_AREA"",""source"":""claim:0207"",""target"":""area:operations""}"
claim:0207,claim:0008,CHALLENGES,"{""rel"":""CHALLENGES"",""source"":""claim:0207"",""target"":""claim:0008""}"
claim:0207,claim:0070,CHALLENGES,"{""rel"":""CHALLENGES"",""source"":""claim:0207"",""target"":""claim:0070""}"
claim:0207,claim:0071,CHALLENGES,"{""rel"":""CHALLENGES"",""source"":""claim:0207"",""target"":""claim:0071""}"
claim:0207,claim:0101,CHALLENGES,"{""rel"":""CHALLENGES"",""source"":""claim:0207"",""target"":""claim:0101""}"
claim:0207,claim:0204,CHALLENGES,"{""rel"":""CHALLENGES"",""source"":""claim:0207"",""target"":""claim:0204""}"
claim:0207,claim:0205,CHALLENGES,"{""rel"":""CHALLENGES"",""source"":""claim:0207"",""target"":""claim:0205""}"
claim:0207,claim:0213,CHALLENGES,"{""rel"":""CHALLENGES"",""source"":""claim:0207"",""target"":""claim:0213""}"
claim:0207,claim:0226,CHALLENGES,"{""rel"":""CHALLENGES"",""source"":""claim:0207"",""target"":""claim:0226""}"
claim:0207,claim:0253,CHALLENGES,"{""rel"":""CHALLENGES"",""source"":""claim:0207"",""target"":""claim:0253""}"
claim:0207,claim:0261,CHALLENGES,"{""rel"":""CHALLENGES"",""source"":""claim:0207"",""target"":""claim:0261""}"
claim:0207,claim:0262,CHALLENGES,"{""rel"":""CHALLENGES"",""source"":""claim:0207"",""target"":""claim:0262""}"
claim:0208,entity:unknown,ABOUT,"{""rel"":""ABOUT"",""source"":""claim:0208"",""target"":""entity:unknown""}"
claim:0208,metric:ebitda_add-back,MEASURES,"{""rel"":""MEASURES"",""source"":""claim:0208"",""target"":""metric:ebitda_add-back""}"
claim:0208,perimeter:unknown,SCOPED_TO,"{""rel"":""SCOPED_TO"",""source"":""claim:0208"",""target"":""perimeter:unknown""}"
claim:0208,source:src-model,FROM_SOURCE,"{""rel"":""FROM_SOURCE"",""source"":""claim:0208"",""target"":""source:src-model""}"
claim:0209,entity:alderstone_standalone,ABOUT,"{""rel"":""ABOUT"",""source"":""claim:0209"",""target"":""entity:alderstone_standalone""}"
claim:0209,metric:revenue,MEASURES,"{""rel"":""MEASURES"",""source"":""claim:0209"",""target"":""metric:revenue""}"
claim:0209,period:q2_2026,IN_PERIOD,"{""rel"":""IN_PERIOD"",""source"":""claim:0209"",""target"":""period:q2_2026""}"
claim:0209,perimeter:alderstone_standalone,SCOPED_TO,"{""rel"":""SCOPED_TO"",""source"":""claim:0209"",""target"":""perimeter:alderstone_standalone""}"
claim:0209,source:src-model,FROM_SOURCE,"{""rel"":""FROM_SOURCE"",""source"":""claim:0209"",""target"":""source:src-model""}"
claim:0210,entity:alderstone_standalone,ABOUT,"{""rel"":""ABOUT"",""source"":""claim:0210"",""target"":""entity:alderstone_standalone""}"
claim:0210,metric:gross_margin,MEASURES,"{""rel"":""MEASURES"",""source"":""claim:0210"",""target"":""metric:gross_margin""}"
claim:0210,period:q2_2026,IN_PERIOD,"{""rel"":""IN_PERIOD"",""source"":""claim:0210"",""target"":""period:q2_2026""}"
claim:0210,perimeter:alderstone_standalone,SCOPED_TO,"{""rel"":""SCOPED_TO"",""source"":""claim:0210"",""target"":""perimeter:alderstone_standalone""}"
claim:0210,source:src-model,FROM_SOURCE,"{""rel"":""FROM_SOURCE"",""source"":""claim:0210"",""target"":""source:src-model""}"
claim:0210,claim:0240,TRACKS,"{""rel"":""TRACKS"",""source"":""claim:0210"",""target"":""claim:0240""}"
claim:0210,claim:0241,TRACKS,"{""rel"":""TRACKS"",""source"":""claim:0210"",""target"":""claim:0241""}"
claim:0210,claim:0242,TRACKS,"{""rel"":""TRACKS"",""source"":""claim:0210"",""target"":""claim:0242""}"
claim:0211,entity:alderstone_standalone,ABOUT,"{""rel"":""ABOUT"",""source"":""claim:0211"",""target"":""entity:alderstone_standalone""}"
claim:0211,metric:ebitda,MEASURES,"{""rel"":""MEASURES"",""source"":""claim:0211"",""target"":""metric:ebitda""}"
claim:0211,period:q2_2026,IN_PERIOD,"{""rel"":""IN_PERIOD"",""source"":""claim:0211"",""target"":""period:q2_2026""}"
claim:0211,perimeter:alderstone_standalone,SCOPED_TO,"{""rel"":""SCOPED_TO"",""source"":""claim:0211"",""target"":""perimeter:alderstone_standalone""}"
claim:0211,source:src-model,FROM_SOURCE,"{""rel"":""FROM_SOURCE"",""source"":""claim:0211"",""target"":""source:src-model""}"
claim:0212,entity:unknown,ABOUT,"{""rel"":""ABOUT"",""source"":""claim:0212"",""target"":""entity:unknown""}"
claim:0212,metric:dso,MEASURES,"{""rel"":""MEASURES"",""source"":""claim:0212"",""target"":""metric:dso""}"
claim:0212,period:fy2025a,IN_PERIOD,"{""rel"":""IN_PERIOD"",""source"":""claim:0212"",""target"":""period:fy2025a""}"
claim:0212,perimeter:unknown,SCOPED_TO,"{""rel"":""SCOPED_TO"",""source"":""claim:0212"",""target"":""perimeter:unknown""}"
claim:0212,source:src-model,FROM_SOURCE,"{""rel"":""FROM_SOURCE"",""source"":""claim:0212"",""target"":""source:src-model""}"
claim:0213,entity:unknown,ABOUT,"{""rel"":""ABOUT"",""source"":""claim:0213"",""target"":""entity:unknown""}"
claim:0213,metric:dso,MEASURES,"{""rel"":""MEASURES"",""source"":""claim:0213"",""target"":""metric:dso""}"
claim:0213,period:fy2030e,IN_PERIOD,"{""rel"":""IN_PERIOD"",""source"":""claim:0213"",""target"":""period:fy2030e""}"
claim:0213,perimeter:unknown,SCOPED_TO,"{""rel"":""SCOPED_TO"",""source"":""claim:0213"",""target"":""perimeter:unknown""}"
claim:0213,source:src-model,FROM_SOURCE,"{""rel"":""FROM_SOURCE"",""source"":""claim:0213"",""target"":""source:src-model""}"
claim:0213,claim:0261,TRACKS,"{""rel"":""TRACKS"",""source"":""claim:0213"",""target"":""claim:0261""}"
claim:0213,claim:0262,TRACKS,"{""rel"":""TRACKS"",""source"":""claim:0213"",""target"":""claim:0262""}"
claim:0213,claim:0079,SUPPORTS,"{""rel"":""SUPPORTS"",""source"":""claim:0213"",""target"":""claim:0079""}"
claim:0213,claim:0080,SUPPORTS,"{""rel"":""SUPPORTS"",""source"":""claim:0213"",""target"":""claim:0080""}"
claim:0214,entity:unknown,ABOUT,"{""rel"":""ABOUT"",""source"":""claim:0214"",""target"":""entity:unknown""}"
claim:0214,metric:ebitda_add-back,MEASURES,"{""rel"":""MEASURES"",""source"":""claim:0214"",""target"":""metric:ebitda_add-back""}"
claim:0214,period:fy2025a,IN_PERIOD,"{""rel"":""IN_PERIOD"",""source"":""claim:0214"",""target"":""period:fy2025a""}"
claim:0214,perimeter:unknown,SCOPED_TO,"{""rel"":""SCOPED_TO"",""source"":""claim:0214"",""target"":""perimeter:unknown""}"
claim:0214,source:src-model,FROM_SOURCE,"{""rel"":""FROM_SOURCE"",""source"":""claim:0214"",""target"":""source:src-model""}"
claim:0214,area:earnings,IN_AREA,"{""rel"":""IN_AREA"",""source"":""claim:0214"",""target"":""area:earnings""}"
claim:0214,claim:0215,TRACKS,"{""rel"":""TRACKS"",""source"":""claim:0214"",""target"":""claim:0215""}"
claim:0214,claim:0216,TRACKS,"{""rel"":""TRACKS"",""source"":""claim:0214"",""target"":""claim:0216""}"
claim:0214,claim:0236,TRACKS,"{""rel"":""TRACKS"",""source"":""claim:0214"",""target"":""claim:0236""}"
claim:0214,claim:0237,TRACKS,"{""rel"":""TRACKS"",""source"":""claim:0214"",""target"":""claim:0237""}"
claim:0214,claim:0238,TRACKS,"{""rel"":""TRACKS"",""source"":""claim:0214"",""target"":""claim:0238""}"
claim:0214,claim:0239,TRACKS,"{""rel"":""TRACKS"",""source"":""claim:0214"",""target"":""claim:0239""}"
claim:0214,claim:0260,TRACKS,"{""rel"":""TRACKS"",""source"":""claim:0214"",""target"":""claim:0260""}"
claim:0215,entity:unknown,ABOUT,"{""rel"":""ABOUT"",""source"":""claim:0215"",""target"":""entity:unknown""}"
claim:0215,metric:covenant_threshold,MEASURES,"{""rel"":""MEASURES"",""source"":""claim:0215"",""target"":""metric:covenant_threshold""}"
claim:0215,period:fy2025,IN_PERIOD,"{""rel"":""IN_PERIOD"",""source"":""claim:0215"",""target"":""period:fy2025""}"
claim:0215,perimeter:unknown,SCOPED_TO,"{""rel"":""SCOPED_TO"",""source"":""claim:0215"",""target"":""perimeter:unknown""}"
claim:0215,source:src-model,FROM_SOURCE,"{""rel"":""FROM_SOURCE"",""source"":""claim:0215"",""target"":""source:src-model""}"
claim:0215,author:model_builder,BY_AUTHOR,"{""rel"":""BY_AUTHOR"",""source"":""claim:0215"",""target"":""author:model_builder""}"
claim:0215,area:structure,IN_AREA,"{""rel"":""IN_AREA"",""source"":""claim:0215"",""target"":""area:structure""}"
claim:0215,claim:0216,TRACKS,"{""rel"":""TRACKS"",""source"":""claim:0215"",""target"":""claim:0216""}"
claim:0215,claim:0236,TRACKS,"{""rel"":""TRACKS"",""source"":""claim:0215"",""target"":""claim:0236""}"
claim:0215,claim:0237,TRACKS,"{""rel"":""TRACKS"",""source"":""claim:0215"",""target"":""claim:0237""}"
claim:0215,claim:0238,TRACKS,"{""rel"":""TRACKS"",""source"":""claim:0215"",""target"":""claim:0238""}"
claim:0215,claim:0239,TRACKS,"{""rel"":""TRACKS"",""source"":""claim:0215"",""target"":""claim:0239""}"
claim:0215,claim:0260,TRACKS,"{""rel"":""TRACKS"",""source"":""claim:0215"",""target"":""claim:0260""}"
claim:0216,entity:unknown,ABOUT,"{""rel"":""ABOUT"",""source"":""claim:0216"",""target"":""entity:unknown""}"
claim:0216,metric:covenant_threshold,MEASURES,"{""rel"":""MEASURES"",""source"":""claim:0216"",""target"":""metric:covenant_threshold""}"
claim:0216,period:fy2026,IN_PERIOD,"{""rel"":""IN_PERIOD"",""source"":""claim:0216"",""target"":""period:fy2026""}"
claim:0216,perimeter:unknown,SCOPED_TO,"{""rel"":""SCOPED_TO"",""source"":""claim:0216"",""target"":""perimeter:unknown""}"
claim:0216,source:src-model,FROM_SOURCE,"{""rel"":""FROM_SOURCE"",""source"":""claim:0216"",""target"":""source:src-model""}"
claim:0216,author:model_builder,BY_AUTHOR,"{""rel"":""BY_AUTHOR"",""source"":""claim:0216"",""target"":""author:model_builder""}"
claim:0216,area:structure,IN_AREA,"{""rel"":""IN_AREA"",""source"":""claim:0216"",""target"":""area:structure""}"
claim:0216,claim:0236,TRACKS,"{""rel"":""TRACKS"",""source"":""claim:0216"",""target"":""claim:0236""}"
claim:0216,claim:0237,TRACKS,"{""rel"":""TRACKS"",""source"":""claim:0216"",""target"":""claim:0237""}"
claim:0216,claim:0238,TRACKS,"{""rel"":""TRACKS"",""source"":""claim:0216"",""target"":""claim:0238""}"
claim:0216,claim:0239,TRACKS,"{""rel"":""TRACKS"",""source"":""claim:0216"",""target"":""claim:0239""}"
claim:0217,entity:unknown,ABOUT,"{""rel"":""ABOUT"",""source"":""claim:0217"",""target"":""entity:unknown""}"
claim:0217,metric:covenant_threshold,MEASURES,"{""rel"":""MEASURES"",""source"":""claim:0217"",""target"":""metric:covenant_threshold""}"
claim:0217,period:fy2027,IN_PERIOD,"{""rel"":""IN_PERIOD"",""source"":""claim:0217"",""target"":""period:fy2027""}"
claim:0217,perimeter:unknown,SCOPED_TO,"{""rel"":""SCOPED_TO"",""source"":""claim:0217"",""target"":""perimeter:unknown""}"
claim:0217,source:src-model,FROM_SOURCE,"{""rel"":""FROM_SOURCE"",""source"":""claim:0217"",""target"":""source:src-model""}"
claim:0217,author:model_builder,BY_AUTHOR,"{""rel"":""BY_AUTHOR"",""source"":""claim:0217"",""target"":""author:model_builder""}"
claim:0217,area:structure,IN_AREA,"{""rel"":""IN_AREA"",""source"":""claim:0217"",""target"":""area:structure""}"
claim:0218,entity:unknown,ABOUT,"{""rel"":""ABOUT"",""source"":""claim:0218"",""target"":""entity:unknown""}"
claim:0218,metric:interest_coverage,MEASURES,"{""rel"":""MEASURES"",""source"":""claim:0218"",""target"":""metric:interest_coverage""}"
claim:0218,period:fy2027,IN_PERIOD,"{""rel"":""IN_PERIOD"",""source"":""claim:0218"",""target"":""period:fy2027""}"
claim:0218,perimeter:unknown,SCOPED_TO,"{""rel"":""SCOPED_TO"",""source"":""claim:0218"",""target"":""perimeter:unknown""}"
claim:0218,source:src-model,FROM_SOURCE,"{""rel"":""FROM_SOURCE"",""source"":""claim:0218"",""target"":""source:src-model""}"
claim:0218,author:model_builder,BY_AUTHOR,"{""rel"":""BY_AUTHOR"",""source"":""claim:0218"",""target"":""author:model_builder""}"
claim:0218,area:structure,IN_AREA,"{""rel"":""IN_AREA"",""source"":""claim:0218"",""target"":""area:structure""}"
claim:0219,entity:unknown,ABOUT,"{""rel"":""ABOUT"",""source"":""claim:0219"",""target"":""entity:unknown""}"
claim:0219,metric:ebitda_adjustment,MEASURES,"{""rel"":""MEASURES"",""source"":""claim:0219"",""target"":""metric:ebitda_adjustment""}"
claim:0219,perimeter:unknown,SCOPED_TO,"{""rel"":""SCOPED_TO"",""source"":""claim:0219"",""target"":""perimeter:unknown""}"
claim:0219,source:src-model,FROM_SOURCE,"{""rel"":""FROM_SOURCE"",""source"":""claim:0219"",""target"":""source:src-model""}"
claim:0220,entity:keystone_standalone,ABOUT,"{""rel"":""ABOUT"",""source"":""claim:0220"",""target"":""entity:keystone_standalone""}"
claim:0220,metric:revenue,MEASURES,"{""rel"":""MEASURES"",""source"":""claim:0220"",""target"":""metric:revenue""}"
claim:0220,perimeter:keystone_standalone,SCOPED_TO,"{""rel"":""SCOPED_TO"",""source"":""claim:0220"",""target"":""perimeter:keystone_standalone""}"
claim:0220,source:src-model,FROM_SOURCE,"{""rel"":""FROM_SOURCE"",""source"":""claim:0220"",""target"":""source:src-model""}"
claim:0221,entity:keystone_standalone,ABOUT,"{""rel"":""ABOUT"",""source"":""claim:0221"",""target"":""entity:keystone_standalone""}"
claim:0221,metric:gross_margin,MEASURES,"{""rel"":""MEASURES"",""source"":""claim:0221"",""target"":""metric:gross_margin""}"
claim:0221,perimeter:keystone_standalone,SCOPED_TO,"{""rel"":""SCOPED_TO"",""source"":""claim:0221"",""target"":""perimeter:keystone_standalone""}"
claim:0221,source:src-model,FROM_SOURCE,"{""rel"":""FROM_SOURCE"",""source"":""claim:0221"",""target"":""source:src-model""}"
claim:0221,claim:0098,CHALLENGES,"{""rel"":""CHALLENGES"",""source"":""claim:0221"",""target"":""claim:0098""}"
claim:0221,claim:0107,CHALLENGES,"{""rel"":""CHALLENGES"",""source"":""claim:0221"",""target"":""claim:0107""}"
claim:0221,claim:0108,CHALLENGES,"{""rel"":""CHALLENGES"",""source"":""claim:0221"",""target"":""claim:0108""}"
claim:0221,claim:0109,CHALLENGES,"{""rel"":""CHALLENGES"",""source"":""claim:0221"",""target"":""claim:0109""}"
claim:0221,claim:0229,CHALLENGES,"{""rel"":""CHALLENGES"",""source"":""claim:0221"",""target"":""claim:0229""}"
claim:0221,claim:0007,DERIVES_FROM,"{""rel"":""DERIVES_FROM"",""source"":""claim:0221"",""target"":""claim:0007""}"
claim:0221,claim:0008,DERIVES_FROM,"{""rel"":""DERIVES_FROM"",""source"":""claim:0221"",""target"":""claim:0008""}"
claim:0221,claim:0012,DERIVES_FROM,"{""rel"":""DERIVES_FROM"",""source"":""claim:0221"",""target"":""claim:0012""}"
claim:0221,claim:0014,DERIVES_FROM,"{""rel"":""DERIVES_FROM"",""source"":""claim:0221"",""target"":""claim:0014""}"
claim:0221,claim:0021,DERIVES_FROM,"{""rel"":""DERIVES_FROM"",""source"":""claim:0221"",""target"":""claim:0021""}"
claim:0221,claim:0029,DERIVES_FROM,"{""rel"":""DERIVES_FROM"",""source"":""claim:0221"",""target"":""claim:0029""}"
claim:0221,claim:0030,DERIVES_FROM,"{""rel"":""DERIVES_FROM"",""source"":""claim:0221"",""target"":""claim:0030""}"
claim:0221,claim:0031,DERIVES_FROM,"{""rel"":""DERIVES_FROM"",""source"":""claim:0221"",""target"":""claim:0031""}"
claim:0221,claim:0032,DERIVES_FROM,"{""rel"":""DERIVES_FROM"",""source"":""claim:0221"",""target"":""claim:0032""}"
claim:0221,claim:0036,DERIVES_FROM,"{""rel"":""DERIVES_FROM"",""source"":""claim:0221"",""target"":""claim:0036""}"
claim:0221,claim:0065,DERIVES_FROM,"{""rel"":""DERIVES_FROM"",""source"":""claim:0221"",""target"":""claim:0065""}"
claim:0221,claim:0070,DERIVES_FROM,"{""rel"":""DERIVES_FROM"",""source"":""claim:0221"",""target"":""claim:0070""}"
claim:0221,claim:0071,DERIVES_FROM,"{""rel"":""DERIVES_FROM"",""source"":""claim:0221"",""target"":""claim:0071""}"
claim:0221,claim:0073,DERIVES_FROM,"{""rel"":""DERIVES_FROM"",""source"":""claim:0221"",""target"":""claim:0073""}"
claim:0221,claim:0084,DERIVES_FROM,"{""rel"":""DERIVES_FROM"",""source"":""claim:0221"",""target"":""claim:0084""}"
claim:0221,claim:0085,DERIVES_FROM,"{""rel"":""DERIVES_FROM"",""source"":""claim:0221"",""target"":""claim:0085""}"
claim:0221,claim:0101,DERIVES_FROM,"{""rel"":""DERIVES_FROM"",""source"":""claim:0221"",""target"":""claim:0101""}"
claim:0221,claim:0110,DERIVES_FROM,"{""rel"":""DERIVES_FROM"",""source"":""claim:0221"",""target"":""claim:0110""}"
claim:0221,claim:0126,DERIVES_FROM,"{""rel"":""DERIVES_FROM"",""source"":""claim:0221"",""target"":""claim:0126""}"
claim:0221,claim:0129,DERIVES_FROM,"{""rel"":""DERIVES_FROM"",""source"":""claim:0221"",""target"":""claim:0129""}"
claim:0221,claim:0134,DERIVES_FROM,"{""rel"":""DERIVES_FROM"",""source"":""claim:0221"",""target"":""claim:0134""}"
claim:0221,claim:0143,DERIVES_FROM,"{""rel"":""DERIVES_FROM"",""source"":""claim:0221"",""target"":""claim:0143""}"
claim:0221,claim:0144,DERIVES_FROM,"{""rel"":""DERIVES_FROM"",""source"":""claim:0221"",""target"":""claim:0144""}"
claim:0221,claim:0145,DERIVES_FROM,"{""rel"":""DERIVES_FROM"",""source"":""claim:0221"",""target"":""claim:0145""}"
claim:0221,claim:0146,DERIVES_FROM,"{""rel"":""DERIVES_FROM"",""source"":""claim:0221"",""target"":""claim:0146""}"
claim:0221,claim:0147,DERIVES_FROM,"{""rel"":""DERIVES_FROM"",""source"":""claim:0221"",""target"":""claim:0147""}"
claim:0221,claim:0149,DERIVES_FROM,"{""rel"":""DERIVES_FROM"",""source"":""claim:0221"",""target"":""claim:0149""}"
claim:0221,claim:0150,DERIVES_FROM,"{""rel"":""DERIVES_FROM"",""source"":""claim:0221"",""target"":""claim:0150""}"
claim:0221,claim:0151,DERIVES_FROM,"{""rel"":""DERIVES_FROM"",""source"":""claim:0221"",""target"":""claim:0151""}"
claim:0221,claim:0152,DERIVES_FROM,"{""rel"":""DERIVES_FROM"",""source"":""claim:0221"",""target"":""claim:0152""}"
claim:0221,claim:0167,DERIVES_FROM,"{""rel"":""DERIVES_FROM"",""source"":""claim:0221"",""target"":""claim:0167""}"
claim:0221,claim:0203,DERIVES_FROM,"{""rel"":""DERIVES_FROM"",""source"":""claim:0221"",""target"":""claim:0203""}"
claim:0221,claim:0204,DERIVES_FROM,"{""rel"":""DERIVES_FROM"",""source"":""claim:0221"",""target"":""claim:0204""}"
claim:0221,claim:0205,DERIVES_FROM,"{""rel"":""DERIVES_FROM"",""source"":""claim:0221"",""target"":""claim:0205""}"
claim:0221,claim:0208,DERIVES_FROM,"{""rel"":""DERIVES_FROM"",""source"":""claim:0221"",""target"":""claim:0208""}"
claim:0221,claim:0209,DERIVES_FROM,"{""rel"":""DERIVES_FROM"",""source"":""claim:0221"",""target"":""claim:0209""}"
claim:0221,claim:0210,DERIVES_FROM,"{""rel"":""DERIVES_FROM"",""source"":""claim:0221"",""target"":""claim:0210""}"
claim:0221,claim:0219,DERIVES_FROM,"{""rel"":""DERIVES_FROM"",""source"":""claim:0221"",""target"":""claim:0219""}"
claim:0221,claim:0220,DERIVES_FROM,"{""rel"":""DERIVES_FROM"",""source"":""claim:0221"",""target"":""claim:0220""}"
claim:0221,claim:0227,DERIVES_FROM,"{""rel"":""DERIVES_FROM"",""source"":""claim:0221"",""target"":""claim:0227""}"
claim:0221,claim:0228,DERIVES_FROM,"{""rel"":""DERIVES_FROM"",""source"":""claim:0221"",""target"":""claim:0228""}"
claim:0221,claim:0234,DERIVES_FROM,"{""rel"":""DERIVES_FROM"",""source"":""claim:0221"",""target"":""claim:0234""}"
claim:0221,claim:0235,DERIVES_FROM,"{""rel"":""DERIVES_FROM"",""source"":""claim:0221"",""target"":""claim:0235""}"
claim:0221,claim:0240,DERIVES_FROM,"{""rel"":""DERIVES_FROM"",""source"":""claim:0221"",""target"":""claim:0240""}"
claim:0221,claim:0241,DERIVES_FROM,"{""rel"":""DERIVES_FROM"",""source"":""claim:0221"",""target"":""claim:0241""}"
claim:0221,claim:0261,DERIVES_FROM,"{""rel"":""DERIVES_FROM"",""source"":""claim:0221"",""target"":""claim:0261""}"
claim:0221,claim:0279,DERIVES_FROM,"{""rel"":""DERIVES_FROM"",""source"":""claim:0221"",""target"":""claim:0279""}"
claim:0222,entity:keystone_standalone,ABOUT,"{""rel"":""ABOUT"",""source"":""claim:0222"",""target"":""entity:keystone_standalone""}"
claim:0222,metric:ebitda,MEASURES,"{""rel"":""MEASURES"",""source"":""claim:0222"",""target"":""metric:ebitda""}"
claim:0222,perimeter:keystone_standalone,SCOPED_TO,"{""rel"":""SCOPED_TO"",""source"":""claim:0222"",""target"":""perimeter:keystone_standalone""}"
claim:0222,source:src-model,FROM_SOURCE,"{""rel"":""FROM_SOURCE"",""source"":""claim:0222"",""target"":""source:src-model""}"
claim:0223,entity:unknown,ABOUT,"{""rel"":""ABOUT"",""source"":""claim:0223"",""target"":""entity:unknown""}"
claim:0223,metric:covenant_threshold,MEASURES,"{""rel"":""MEASURES"",""source"":""claim:0223"",""target"":""metric:covenant_threshold""}"
claim:0223,perimeter:unknown,SCOPED_TO,"{""rel"":""SCOPED_TO"",""source"":""claim:0223"",""target"":""perimeter:unknown""}"
claim:0223,source:src-model,FROM_SOURCE,"{""rel"":""FROM_SOURCE"",""source"":""claim:0223"",""target"":""source:src-model""}"
claim:0223,author:model_builder,BY_AUTHOR,"{""rel"":""BY_AUTHOR"",""source"":""claim:0223"",""target"":""author:model_builder""}"
claim:0223,area:structure,IN_AREA,"{""rel"":""IN_AREA"",""source"":""claim:0223"",""target"":""area:structure""}"
claim:0223,claim:0077,SUPPORTS,"{""rel"":""SUPPORTS"",""source"":""claim:0223"",""target"":""claim:0077""}"
claim:0224,entity:unknown,ABOUT,"{""rel"":""ABOUT"",""source"":""claim:0224"",""target"":""entity:unknown""}"
claim:0224,metric:dso,MEASURES,"{""rel"":""MEASURES"",""source"":""claim:0224"",""target"":""metric:dso""}"
claim:0224,period:fy2026e,IN_PERIOD,"{""rel"":""IN_PERIOD"",""source"":""claim:0224"",""target"":""period:fy2026e""}"
claim:0224,perimeter:unknown,SCOPED_TO,"{""rel"":""SCOPED_TO"",""source"":""claim:0224"",""target"":""perimeter:unknown""}"
claim:0224,source:src-model,FROM_SOURCE,"{""rel"":""FROM_SOURCE"",""source"":""claim:0224"",""target"":""source:src-model""}"
claim:0224,author:lbo_model,BY_AUTHOR,"{""rel"":""BY_AUTHOR"",""source"":""claim:0224"",""target"":""author:lbo_model""}"
claim:0224,area:operations,IN_AREA,"{""rel"":""IN_AREA"",""source"":""claim:0224"",""target"":""area:operations""}"
claim:0224,claim:0077,SUPPORTS,"{""rel"":""SUPPORTS"",""source"":""claim:0224"",""target"":""claim:0077""}"
claim:0225,entity:unknown,ABOUT,"{""rel"":""ABOUT"",""source"":""claim:0225"",""target"":""entity:unknown""}"
claim:0225,metric:dso,MEASURES,"{""rel"":""MEASURES"",""source"":""claim:0225"",""target"":""metric:dso""}"
claim:0225,period:fy2028e,IN_PERIOD,"{""rel"":""IN_PERIOD"",""source"":""claim:0225"",""target"":""period:fy2028e""}"
claim:0225,perimeter:unknown,SCOPED_TO,"{""rel"":""SCOPED_TO"",""source"":""claim:0225"",""target"":""perimeter:unknown""}"
claim:0225,source:src-model,FROM_SOURCE,"{""rel"":""FROM_SOURCE"",""source"":""claim:0225"",""target"":""source:src-model""}"
claim:0225,author:lbo_model,BY_AUTHOR,"{""rel"":""BY_AUTHOR"",""source"":""claim:0225"",""target"":""author:lbo_model""}"
claim:0225,area:operations,IN_AREA,"{""rel"":""IN_AREA"",""source"":""claim:0225"",""target"":""area:operations""}"
claim:0225,claim:0206,CHALLENGES,"{""rel"":""CHALLENGES"",""source"":""claim:0225"",""target"":""claim:0206""}"
claim:0225,claim:0230,CHALLENGES,"{""rel"":""CHALLENGES"",""source"":""claim:0225"",""target"":""claim:0230""}"
claim:0225,claim:0231,CHALLENGES,"{""rel"":""CHALLENGES"",""source"":""claim:0225"",""target"":""claim:0231""}"
claim:0225,claim:0232,CHALLENGES,"{""rel"":""CHALLENGES"",""source"":""claim:0225"",""target"":""claim:0232""}"
claim:0225,claim:0246,CHALLENGES,"{""rel"":""CHALLENGES"",""source"":""claim:0225"",""target"":""claim:0246""}"
claim:0225,claim:0247,CHALLENGES,"{""rel"":""CHALLENGES"",""source"":""claim:0225"",""target"":""claim:0247""}"
claim:0225,claim:0248,CHALLENGES,"{""rel"":""CHALLENGES"",""source"":""claim:0225"",""target"":""claim:0248""}"
claim:0225,claim:0077,SUPPORTS,"{""rel"":""SUPPORTS"",""source"":""claim:0225"",""target"":""claim:0077""}"
claim:0226,entity:unknown,ABOUT,"{""rel"":""ABOUT"",""source"":""claim:0226"",""target"":""entity:unknown""}"
claim:0226,metric:working_capital,MEASURES,"{""rel"":""MEASURES"",""source"":""claim:0226"",""target"":""metric:working_capital""}"
claim:0226,perimeter:unknown,SCOPED_TO,"{""rel"":""SCOPED_TO"",""source"":""claim:0226"",""target"":""perimeter:unknown""}"
claim:0226,source:src-model,FROM_SOURCE,"{""rel"":""FROM_SOURCE"",""source"":""claim:0226"",""target"":""source:src-model""}"
claim:0226,author:lbo_model,BY_AUTHOR,"{""rel"":""BY_AUTHOR"",""source"":""claim:0226"",""target"":""author:lbo_model""}"
claim:0226,area:operations,IN_AREA,"{""rel"":""IN_AREA"",""source"":""claim:0226"",""target"":""area:operations""}"
claim:0227,entity:unknown,ABOUT,"{""rel"":""ABOUT"",""source"":""claim:0227"",""target"":""entity:unknown""}"
claim:0227,metric:ebitda_add-back,MEASURES,"{""rel"":""MEASURES"",""source"":""claim:0227"",""target"":""metric:ebitda_add-back""}"
claim:0227,perimeter:unknown,SCOPED_TO,"{""rel"":""SCOPED_TO"",""source"":""claim:0227"",""target"":""perimeter:unknown""}"
claim:0227,source:src-model,FROM_SOURCE,"{""rel"":""FROM_SOURCE"",""source"":""claim:0227"",""target"":""source:src-model""}"
claim:0227,author:management,BY_AUTHOR,"{""rel"":""BY_AUTHOR"",""source"":""claim:0227"",""target"":""author:management""}"
claim:0228,entity:keystone_standalone,ABOUT,"{""rel"":""ABOUT"",""source"":""claim:0228"",""target"":""entity:keystone_standalone""}"
claim:0228,metric:revenue,MEASURES,"{""rel"":""MEASURES"",""source"":""claim:0228"",""target"":""metric:revenue""}"
claim:0228,period:fy2026e,IN_PERIOD,"{""rel"":""IN_PERIOD"",""source"":""claim:0228"",""target"":""period:fy2026e""}"
claim:0228,perimeter:keystone_standalone,SCOPED_TO,"{""rel"":""SCOPED_TO"",""source"":""claim:0228"",""target"":""perimeter:keystone_standalone""}"
claim:0228,source:src-model,FROM_SOURCE,"{""rel"":""FROM_SOURCE"",""source"":""claim:0228"",""target"":""source:src-model""}"
claim:0228,author:management,BY_AUTHOR,"{""rel"":""BY_AUTHOR"",""source"":""claim:0228"",""target"":""author:management""}"
claim:0229,entity:keystone_standalone,ABOUT,"{""rel"":""ABOUT"",""source"":""claim:0229"",""target"":""entity:keystone_standalone""}"
claim:0229,metric:gross_margin,MEASURES,"{""rel"":""MEASURES"",""source"":""claim:0229"",""target"":""metric:gross_margin""}"
claim:0229,period:fy2026e,IN_PERIOD,"{""rel"":""IN_PERIOD"",""source"":""claim:0229"",""target"":""period:fy2026e""}"
claim:0229,perimeter:keystone_standalone,SCOPED_TO,"{""rel"":""SCOPED_TO"",""source"":""claim:0229"",""target"":""perimeter:keystone_standalone""}"
claim:0229,source:src-model,FROM_SOURCE,"{""rel"":""FROM_SOURCE"",""source"":""claim:0229"",""target"":""source:src-model""}"
claim:0229,author:management,BY_AUTHOR,"{""rel"":""BY_AUTHOR"",""source"":""claim:0229"",""target"":""author:management""}"
claim:0230,entity:keystone_standalone,ABOUT,"{""rel"":""ABOUT"",""source"":""claim:0230"",""target"":""entity:keystone_standalone""}"
claim:0230,metric:ebitda,MEASURES,"{""rel"":""MEASURES"",""source"":""claim:0230"",""target"":""metric:ebitda""}"
claim:0230,period:fy2026e,IN_PERIOD,"{""rel"":""IN_PERIOD"",""source"":""claim:0230"",""target"":""period:fy2026e""}"
claim:0230,perimeter:keystone_standalone,SCOPED_TO,"{""rel"":""SCOPED_TO"",""source"":""claim:0230"",""target"":""perimeter:keystone_standalone""}"
claim:0230,source:src-model,FROM_SOURCE,"{""rel"":""FROM_SOURCE"",""source"":""claim:0230"",""target"":""source:src-model""}"
claim:0230,author:management,BY_AUTHOR,"{""rel"":""BY_AUTHOR"",""source"":""claim:0230"",""target"":""author:management""}"
claim:0230,claim:0077,SUPPORTS,"{""rel"":""SUPPORTS"",""source"":""claim:0230"",""target"":""claim:0077""}"
claim:0231,entity:unknown,ABOUT,"{""rel"":""ABOUT"",""source"":""claim:0231"",""target"":""entity:unknown""}"
claim:0231,metric:net_working_capital,MEASURES,"{""rel"":""MEASURES"",""source"":""claim:0231"",""target"":""metric:net_working_capital""}"
claim:0231,perimeter:unknown,SCOPED_TO,"{""rel"":""SCOPED_TO"",""source"":""claim:0231"",""target"":""perimeter:unknown""}"
claim:0231,source:src-model,FROM_SOURCE,"{""rel"":""FROM_SOURCE"",""source"":""claim:0231"",""target"":""source:src-model""}"
claim:0231,area:operations,IN_AREA,"{""rel"":""IN_AREA"",""source"":""claim:0231"",""target"":""area:operations""}"
claim:0231,claim:0077,SUPPORTS,"{""rel"":""SUPPORTS"",""source"":""claim:0231"",""target"":""claim:0077""}"
claim:0232,entity:unknown,ABOUT,"{""rel"":""ABOUT"",""source"":""claim:0232"",""target"":""entity:unknown""}"
claim:0232,metric:net_working_capital,MEASURES,"{""rel"":""MEASURES"",""source"":""claim:0232"",""target"":""metric:net_working_capital""}"
claim:0232,perimeter:unknown,SCOPED_TO,"{""rel"":""SCOPED_TO"",""source"":""claim:0232"",""target"":""perimeter:unknown""}"
claim:0232,source:src-model,FROM_SOURCE,"{""rel"":""FROM_SOURCE"",""source"":""claim:0232"",""target"":""source:src-model""}"
claim:0232,area:operations,IN_AREA,"{""rel"":""IN_AREA"",""source"":""claim:0232"",""target"":""area:operations""}"
claim:0232,claim:0077,SUPPORTS,"{""rel"":""SUPPORTS"",""source"":""claim:0232"",""target"":""claim:0077""}"
claim:0233,entity:unknown,ABOUT,"{""rel"":""ABOUT"",""source"":""claim:0233"",""target"":""entity:unknown""}"
claim:0233,metric:net_working_capital,MEASURES,"{""rel"":""MEASURES"",""source"":""claim:0233"",""target"":""metric:net_working_capital""}"
claim:0233,perimeter:unknown,SCOPED_TO,"{""rel"":""SCOPED_TO"",""source"":""claim:0233"",""target"":""perimeter:unknown""}"
claim:0233,source:src-model,FROM_SOURCE,"{""rel"":""FROM_SOURCE"",""source"":""claim:0233"",""target"":""source:src-model""}"
claim:0233,area:operations,IN_AREA,"{""rel"":""IN_AREA"",""source"":""claim:0233"",""target"":""area:operations""}"
claim:0233,claim:0077,SUPPORTS,"{""rel"":""SUPPORTS"",""source"":""claim:0233"",""target"":""claim:0077""}"
claim:0234,entity:unknown,ABOUT,"{""rel"":""ABOUT"",""source"":""claim:0234"",""target"":""entity:unknown""}"
claim:0234,metric:capex,MEASURES,"{""rel"":""MEASURES"",""source"":""claim:0234"",""target"":""metric:capex""}"
claim:0234,perimeter:unknown,SCOPED_TO,"{""rel"":""SCOPED_TO"",""source"":""claim:0234"",""target"":""perimeter:unknown""}"
claim:0234,source:src-model,FROM_SOURCE,"{""rel"":""FROM_SOURCE"",""source"":""claim:0234"",""target"":""source:src-model""}"
claim:0234,area:operations,IN_AREA,"{""rel"":""IN_AREA"",""source"":""claim:0234"",""target"":""area:operations""}"
claim:0235,entity:unknown,ABOUT,"{""rel"":""ABOUT"",""source"":""claim:0235"",""target"":""entity:unknown""}"
claim:0235,metric:revenue,MEASURES,"{""rel"":""MEASURES"",""source"":""claim:0235"",""target"":""metric:revenue""}"
claim:0235,perimeter:unknown,SCOPED_TO,"{""rel"":""SCOPED_TO"",""source"":""claim:0235"",""target"":""perimeter:unknown""}"
claim:0235,source:src-model,FROM_SOURCE,"{""rel"":""FROM_SOURCE"",""source"":""claim:0235"",""target"":""source:src-model""}"
claim:0235,author:management,BY_AUTHOR,"{""rel"":""BY_AUTHOR"",""source"":""claim:0235"",""target"":""author:management""}"
claim:0236,entity:unknown,ABOUT,"{""rel"":""ABOUT"",""source"":""claim:0236"",""target"":""entity:unknown""}"
claim:0236,metric:gross_margin,MEASURES,"{""rel"":""MEASURES"",""source"":""claim:0236"",""target"":""metric:gross_margin""}"
claim:0236,perimeter:unknown,SCOPED_TO,"{""rel"":""SCOPED_TO"",""source"":""claim:0236"",""target"":""perimeter:unknown""}"
claim:0236,source:src-model,FROM_SOURCE,"{""rel"":""FROM_SOURCE"",""source"":""claim:0236"",""target"":""source:src-model""}"
claim:0236,author:management,BY_AUTHOR,"{""rel"":""BY_AUTHOR"",""source"":""claim:0236"",""target"":""author:management""}"
claim:0236,claim:0237,TRACKS,"{""rel"":""TRACKS"",""source"":""claim:0236"",""target"":""claim:0237""}"
claim:0236,claim:0238,TRACKS,"{""rel"":""TRACKS"",""source"":""claim:0236"",""target"":""claim:0238""}"
claim:0236,claim:0239,TRACKS,"{""rel"":""TRACKS"",""source"":""claim:0236"",""target"":""claim:0239""}"
claim:0236,claim:0260,TRACKS,"{""rel"":""TRACKS"",""source"":""claim:0236"",""target"":""claim:0260""}"
claim:0237,entity:unknown,ABOUT,"{""rel"":""ABOUT"",""source"":""claim:0237"",""target"":""entity:unknown""}"
claim:0237,metric:covenant_threshold,MEASURES,"{""rel"":""MEASURES"",""source"":""claim:0237"",""target"":""metric:covenant_threshold""}"
claim:0237,period:fy2026e,IN_PERIOD,"{""rel"":""IN_PERIOD"",""source"":""claim:0237"",""target"":""period:fy2026e""}"
claim:0237,perimeter:unknown,SCOPED_TO,"{""rel"":""SCOPED_TO"",""source"":""claim:0237"",""target"":""perimeter:unknown""}"
claim:0237,source:src-model,FROM_SOURCE,"{""rel"":""FROM_SOURCE"",""source"":""claim:0237"",""target"":""source:src-model""}"
claim:0237,author:management,BY_AUTHOR,"{""rel"":""BY_AUTHOR"",""source"":""claim:0237"",""target"":""author:management""}"
claim:0237,area:structure,IN_AREA,"{""rel"":""IN_AREA"",""source"":""claim:0237"",""target"":""area:structure""}"
claim:0237,claim:0238,TRACKS,"{""rel"":""TRACKS"",""source"":""claim:0237"",""target"":""claim:0238""}"
claim:0237,claim:0239,TRACKS,"{""rel"":""TRACKS"",""source"":""claim:0237"",""target"":""claim:0239""}"
claim:0237,claim:0260,TRACKS,"{""rel"":""TRACKS"",""source"":""claim:0237"",""target"":""claim:0260""}"
claim:0238,entity:unknown,ABOUT,"{""rel"":""ABOUT"",""source"":""claim:0238"",""target"":""entity:unknown""}"
claim:0238,metric:covenant_threshold,MEASURES,"{""rel"":""MEASURES"",""source"":""claim:0238"",""target"":""metric:covenant_threshold""}"
claim:0238,period:fy2027e,IN_PERIOD,"{""rel"":""IN_PERIOD"",""source"":""claim:0238"",""target"":""period:fy2027e""}"
claim:0238,perimeter:unknown,SCOPED_TO,"{""rel"":""SCOPED_TO"",""source"":""claim:0238"",""target"":""perimeter:unknown""}"
claim:0238,source:src-model,FROM_SOURCE,"{""rel"":""FROM_SOURCE"",""source"":""claim:0238"",""target"":""source:src-model""}"
claim:0238,author:management,BY_AUTHOR,"{""rel"":""BY_AUTHOR"",""source"":""claim:0238"",""target"":""author:management""}"
claim:0238,area:structure,IN_AREA,"{""rel"":""IN_AREA"",""source"":""claim:0238"",""target"":""area:structure""}"
claim:0238,claim:0239,TRACKS,"{""rel"":""TRACKS"",""source"":""claim:0238"",""target"":""claim:0239""}"
claim:0238,claim:0260,TRACKS,"{""rel"":""TRACKS"",""source"":""claim:0238"",""target"":""claim:0260""}"
claim:0239,entity:unknown,ABOUT,"{""rel"":""ABOUT"",""source"":""claim:0239"",""target"":""entity:unknown""}"
claim:0239,metric:covenant_threshold,MEASURES,"{""rel"":""MEASURES"",""source"":""claim:0239"",""target"":""metric:covenant_threshold""}"
claim:0239,period:fy2028e,IN_PERIOD,"{""rel"":""IN_PERIOD"",""source"":""claim:0239"",""target"":""period:fy2028e""}"
claim:0239,perimeter:unknown,SCOPED_TO,"{""rel"":""SCOPED_TO"",""source"":""claim:0239"",""target"":""perimeter:unknown""}"
claim:0239,source:src-model,FROM_SOURCE,"{""rel"":""FROM_SOURCE"",""source"":""claim:0239"",""target"":""source:src-model""}"
claim:0239,author:management,BY_AUTHOR,"{""rel"":""BY_AUTHOR"",""source"":""claim:0239"",""target"":""author:management""}"
claim:0239,area:structure,IN_AREA,"{""rel"":""IN_AREA"",""source"":""claim:0239"",""target"":""area:structure""}"
claim:0239,claim:0260,TRACKS,"{""rel"":""TRACKS"",""source"":""claim:0239"",""target"":""claim:0260""}"
claim:0240,entity:unknown,ABOUT,"{""rel"":""ABOUT"",""source"":""claim:0240"",""target"":""entity:unknown""}"
claim:0240,metric:covenant_threshold,MEASURES,"{""rel"":""MEASURES"",""source"":""claim:0240"",""target"":""metric:covenant_threshold""}"
claim:0240,period:fy2029e,IN_PERIOD,"{""rel"":""IN_PERIOD"",""source"":""claim:0240"",""target"":""period:fy2029e""}"
claim:0240,perimeter:unknown,SCOPED_TO,"{""rel"":""SCOPED_TO"",""source"":""claim:0240"",""target"":""perimeter:unknown""}"
claim:0240,source:src-model,FROM_SOURCE,"{""rel"":""FROM_SOURCE"",""source"":""claim:0240"",""target"":""source:src-model""}"
claim:0240,author:management,BY_AUTHOR,"{""rel"":""BY_AUTHOR"",""source"":""claim:0240"",""target"":""author:management""}"
claim:0240,area:structure,IN_AREA,"{""rel"":""IN_AREA"",""source"":""claim:0240"",""target"":""area:structure""}"
claim:0240,claim:0130,CHALLENGES,"{""rel"":""CHALLENGES"",""source"":""claim:0240"",""target"":""claim:0130""}"
claim:0240,claim:0241,TRACKS,"{""rel"":""TRACKS"",""source"":""claim:0240"",""target"":""claim:0241""}"
claim:0240,claim:0242,TRACKS,"{""rel"":""TRACKS"",""source"":""claim:0240"",""target"":""claim:0242""}"
claim:0241,entity:alderstone_standalone,ABOUT,"{""rel"":""ABOUT"",""source"":""claim:0241"",""target"":""entity:alderstone_standalone""}"
claim:0241,metric:ebitda,MEASURES,"{""rel"":""MEASURES"",""source"":""claim:0241"",""target"":""metric:ebitda""}"
claim:0241,period:fy2025a,IN_PERIOD,"{""rel"":""IN_PERIOD"",""source"":""claim:0241"",""target"":""period:fy2025a""}"
claim:0241,perimeter:alderstone_standalone,SCOPED_TO,"{""rel"":""SCOPED_TO"",""source"":""claim:0241"",""target"":""perimeter:alderstone_standalone""}"
claim:0241,source:src-model,FROM_SOURCE,"{""rel"":""FROM_SOURCE"",""source"":""claim:0241"",""target"":""source:src-model""}"
claim:0241,claim:0130,CHALLENGES,"{""rel"":""CHALLENGES"",""source"":""claim:0241"",""target"":""claim:0130""}"
claim:0241,claim:0242,TRACKS,"{""rel"":""TRACKS"",""source"":""claim:0241"",""target"":""claim:0242""}"
claim:0242,entity:alderstone_standalone,ABOUT,"{""rel"":""ABOUT"",""source"":""claim:0242"",""target"":""entity:alderstone_standalone""}"
claim:0242,metric:ebitda,MEASURES,"{""rel"":""MEASURES"",""source"":""claim:0242"",""target"":""metric:ebitda""}"
claim:0242,period:fy2030e,IN_PERIOD,"{""rel"":""IN_PERIOD"",""source"":""claim:0242"",""target"":""period:fy2030e""}"
claim:0242,perimeter:alderstone_standalone,SCOPED_TO,"{""rel"":""SCOPED_TO"",""source"":""claim:0242"",""target"":""perimeter:alderstone_standalone""}"
claim:0242,source:src-model,FROM_SOURCE,"{""rel"":""FROM_SOURCE"",""source"":""claim:0242"",""target"":""source:src-model""}"
claim:0243,entity:alderstone_standalone,ABOUT,"{""rel"":""ABOUT"",""source"":""claim:0243"",""target"":""entity:alderstone_standalone""}"
claim:0243,metric:ebitda_adjustment,MEASURES,"{""rel"":""MEASURES"",""source"":""claim:0243"",""target"":""metric:ebitda_adjustment""}"
claim:0243,period:fy2027e,IN_PERIOD,"{""rel"":""IN_PERIOD"",""source"":""claim:0243"",""target"":""period:fy2027e""}"
claim:0243,perimeter:alderstone_standalone,SCOPED_TO,"{""rel"":""SCOPED_TO"",""source"":""claim:0243"",""target"":""perimeter:alderstone_standalone""}"
claim:0243,source:src-model,FROM_SOURCE,"{""rel"":""FROM_SOURCE"",""source"":""claim:0243"",""target"":""source:src-model""}"
claim:0244,entity:alderstone_standalone,ABOUT,"{""rel"":""ABOUT"",""source"":""claim:0244"",""target"":""entity:alderstone_standalone""}"
claim:0244,metric:dso,MEASURES,"{""rel"":""MEASURES"",""source"":""claim:0244"",""target"":""metric:dso""}"
claim:0244,period:fy2025a,IN_PERIOD,"{""rel"":""IN_PERIOD"",""source"":""claim:0244"",""target"":""period:fy2025a""}"
claim:0244,perimeter:alderstone_standalone,SCOPED_TO,"{""rel"":""SCOPED_TO"",""source"":""claim:0244"",""target"":""perimeter:alderstone_standalone""}"
claim:0244,source:src-model,FROM_SOURCE,"{""rel"":""FROM_SOURCE"",""source"":""claim:0244"",""target"":""source:src-model""}"
claim:0245,entity:unknown,ABOUT,"{""rel"":""ABOUT"",""source"":""claim:0245"",""target"":""entity:unknown""}"
claim:0245,metric:ddtl_availability,MEASURES,"{""rel"":""MEASURES"",""source"":""claim:0245"",""target"":""metric:ddtl_availability""}"
claim:0245,perimeter:unknown,SCOPED_TO,"{""rel"":""SCOPED_TO"",""source"":""claim:0245"",""target"":""perimeter:unknown""}"
claim:0245,source:src-model,FROM_SOURCE,"{""rel"":""FROM_SOURCE"",""source"":""claim:0245"",""target"":""source:src-model""}"
claim:0245,author:lbo_model,BY_AUTHOR,"{""rel"":""BY_AUTHOR"",""source"":""claim:0245"",""target"":""author:lbo_model""}"
claim:0245,area:structure,IN_AREA,"{""rel"":""IN_AREA"",""source"":""claim:0245"",""target"":""area:structure""}"
claim:0246,entity:unknown,ABOUT,"{""rel"":""ABOUT"",""source"":""claim:0246"",""target"":""entity:unknown""}"
claim:0246,metric:sponsor_equity,MEASURES,"{""rel"":""MEASURES"",""source"":""claim:0246"",""target"":""metric:sponsor_equity""}"
claim:0246,perimeter:unknown,SCOPED_TO,"{""rel"":""SCOPED_TO"",""source"":""claim:0246"",""target"":""perimeter:unknown""}"
claim:0246,source:src-model,FROM_SOURCE,"{""rel"":""FROM_SOURCE"",""source"":""claim:0246"",""target"":""source:src-model""}"
claim:0246,author:lbo_model,BY_AUTHOR,"{""rel"":""BY_AUTHOR"",""source"":""claim:0246"",""target"":""author:lbo_model""}"
claim:0246,area:structure,IN_AREA,"{""rel"":""IN_AREA"",""source"":""claim:0246"",""target"":""area:structure""}"
claim:0246,claim:0077,SUPPORTS,"{""rel"":""SUPPORTS"",""source"":""claim:0246"",""target"":""claim:0077""}"
claim:0247,entity:unknown,ABOUT,"{""rel"":""ABOUT"",""source"":""claim:0247"",""target"":""entity:unknown""}"
claim:0247,metric:working_capital,MEASURES,"{""rel"":""MEASURES"",""source"":""claim:0247"",""target"":""metric:working_capital""}"
claim:0247,perimeter:unknown,SCOPED_TO,"{""rel"":""SCOPED_TO"",""source"":""claim:0247"",""target"":""perimeter:unknown""}"
claim:0247,source:src-model,FROM_SOURCE,"{""rel"":""FROM_SOURCE"",""source"":""claim:0247"",""target"":""source:src-model""}"
claim:0247,author:keystone_lbo_model,BY_AUTHOR,"{""rel"":""BY_AUTHOR"",""source"":""claim:0247"",""target"":""author:keystone_lbo_model""}"
claim:0247,area:operations,IN_AREA,"{""rel"":""IN_AREA"",""source"":""claim:0247"",""target"":""area:operations""}"
claim:0247,claim:0077,SUPPORTS,"{""rel"":""SUPPORTS"",""source"":""claim:0247"",""target"":""claim:0077""}"
claim:0248,entity:unknown,ABOUT,"{""rel"":""ABOUT"",""source"":""claim:0248"",""target"":""entity:unknown""}"
claim:0248,metric:working_capital,MEASURES,"{""rel"":""MEASURES"",""source"":""claim:0248"",""target"":""metric:working_capital""}"
claim:0248,perimeter:unknown,SCOPED_TO,"{""rel"":""SCOPED_TO"",""source"":""claim:0248"",""target"":""perimeter:unknown""}"
claim:0248,source:src-model,FROM_SOURCE,"{""rel"":""FROM_SOURCE"",""source"":""claim:0248"",""target"":""source:src-model""}"
claim:0248,author:keystone_lbo_model,BY_AUTHOR,"{""rel"":""BY_AUTHOR"",""source"":""claim:0248"",""target"":""author:keystone_lbo_model""}"
claim:0248,area:operations,IN_AREA,"{""rel"":""IN_AREA"",""source"":""claim:0248"",""target"":""area:operations""}"
claim:0248,claim:0077,SUPPORTS,"{""rel"":""SUPPORTS"",""source"":""claim:0248"",""target"":""claim:0077""}"
claim:0249,entity:unknown,ABOUT,"{""rel"":""ABOUT"",""source"":""claim:0249"",""target"":""entity:unknown""}"
claim:0249,metric:working_capital,MEASURES,"{""rel"":""MEASURES"",""source"":""claim:0249"",""target"":""metric:working_capital""}"
claim:0249,perimeter:unknown,SCOPED_TO,"{""rel"":""SCOPED_TO"",""source"":""claim:0249"",""target"":""perimeter:unknown""}"
claim:0249,source:src-model,FROM_SOURCE,"{""rel"":""FROM_SOURCE"",""source"":""claim:0249"",""target"":""source:src-model""}"
claim:0249,author:keystone_lbo_model,BY_AUTHOR,"{""rel"":""BY_AUTHOR"",""source"":""claim:0249"",""target"":""author:keystone_lbo_model""}"
claim:0249,area:operations,IN_AREA,"{""rel"":""IN_AREA"",""source"":""claim:0249"",""target"":""area:operations""}"
claim:0250,entity:keystone_covenant_definition,ABOUT,"{""rel"":""ABOUT"",""source"":""claim:0250"",""target"":""entity:keystone_covenant_definition""}"
claim:0250,metric:ebitda_add-back,MEASURES,"{""rel"":""MEASURES"",""source"":""claim:0250"",""target"":""metric:ebitda_add-back""}"
claim:0250,period:opening,IN_PERIOD,"{""rel"":""IN_PERIOD"",""source"":""claim:0250"",""target"":""period:opening""}"
claim:0250,perimeter:keystone_covenant_definition,SCOPED_TO,"{""rel"":""SCOPED_TO"",""source"":""claim:0250"",""target"":""perimeter:keystone_covenant_definition""}"
claim:0250,source:src-model,FROM_SOURCE,"{""rel"":""FROM_SOURCE"",""source"":""claim:0250"",""target"":""source:src-model""}"
claim:0251,entity:keystone_standalone,ABOUT,"{""rel"":""ABOUT"",""source"":""claim:0251"",""target"":""entity:keystone_standalone""}"
claim:0251,metric:dso,MEASURES,"{""rel"":""MEASURES"",""source"":""claim:0251"",""target"":""metric:dso""}"
claim:0251,period:opening,IN_PERIOD,"{""rel"":""IN_PERIOD"",""source"":""claim:0251"",""target"":""period:opening""}"
claim:0251,perimeter:keystone_standalone,SCOPED_TO,"{""rel"":""SCOPED_TO"",""source"":""claim:0251"",""target"":""perimeter:keystone_standalone""}"
claim:0251,source:src-model,FROM_SOURCE,"{""rel"":""FROM_SOURCE"",""source"":""claim:0251"",""target"":""source:src-model""}"
claim:0251,area:earnings,IN_AREA,"{""rel"":""IN_AREA"",""source"":""claim:0251"",""target"":""area:earnings""}"
claim:0252,entity:keystone_standalone,ABOUT,"{""rel"":""ABOUT"",""source"":""claim:0252"",""target"":""entity:keystone_standalone""}"
claim:0252,metric:working_capital,MEASURES,"{""rel"":""MEASURES"",""source"":""claim:0252"",""target"":""metric:working_capital""}"
claim:0252,period:opening,IN_PERIOD,"{""rel"":""IN_PERIOD"",""source"":""claim:0252"",""target"":""period:opening""}"
claim:0252,perimeter:keystone_standalone,SCOPED_TO,"{""rel"":""SCOPED_TO"",""source"":""claim:0252"",""target"":""perimeter:keystone_standalone""}"
claim:0252,source:src-model,FROM_SOURCE,"{""rel"":""FROM_SOURCE"",""source"":""claim:0252"",""target"":""source:src-model""}"
claim:0253,entity:unknown,ABOUT,"{""rel"":""ABOUT"",""source"":""claim:0253"",""target"":""entity:unknown""}"
claim:0253,metric:enterprise_value,MEASURES,"{""rel"":""MEASURES"",""source"":""claim:0253"",""target"":""metric:enterprise_value""}"
claim:0253,perimeter:unknown,SCOPED_TO,"{""rel"":""SCOPED_TO"",""source"":""claim:0253"",""target"":""perimeter:unknown""}"
claim:0253,source:src-model,FROM_SOURCE,"{""rel"":""FROM_SOURCE"",""source"":""claim:0253"",""target"":""source:src-model""}"
claim:0253,area:returns,IN_AREA,"{""rel"":""IN_AREA"",""source"":""claim:0253"",""target"":""area:returns""}"
claim:0254,entity:unknown,ABOUT,"{""rel"":""ABOUT"",""source"":""claim:0254"",""target"":""entity:unknown""}"
claim:0254,metric:ebitda_add-back,MEASURES,"{""rel"":""MEASURES"",""source"":""claim:0254"",""target"":""metric:ebitda_add-back""}"
claim:0254,perimeter:unknown,SCOPED_TO,"{""rel"":""SCOPED_TO"",""source"":""claim:0254"",""target"":""perimeter:unknown""}"
claim:0254,source:src-model,FROM_SOURCE,"{""rel"":""FROM_SOURCE"",""source"":""claim:0254"",""target"":""source:src-model""}"
claim:0255,entity:unknown,ABOUT,"{""rel"":""ABOUT"",""source"":""claim:0255"",""target"":""entity:unknown""}"
claim:0255,metric:enterprise_value,MEASURES,"{""rel"":""MEASURES"",""source"":""claim:0255"",""target"":""metric:enterprise_value""}"
claim:0255,perimeter:unknown,SCOPED_TO,"{""rel"":""SCOPED_TO"",""source"":""claim:0255"",""target"":""perimeter:unknown""}"
claim:0255,source:src-model,FROM_SOURCE,"{""rel"":""FROM_SOURCE"",""source"":""claim:0255"",""target"":""source:src-model""}"
claim:0255,area:returns,IN_AREA,"{""rel"":""IN_AREA"",""source"":""claim:0255"",""target"":""area:returns""}"
claim:0256,entity:unknown,ABOUT,"{""rel"":""ABOUT"",""source"":""claim:0256"",""target"":""entity:unknown""}"
claim:0256,metric:enterprise_value,MEASURES,"{""rel"":""MEASURES"",""source"":""claim:0256"",""target"":""metric:enterprise_value""}"
claim:0256,perimeter:unknown,SCOPED_TO,"{""rel"":""SCOPED_TO"",""source"":""claim:0256"",""target"":""perimeter:unknown""}"
claim:0256,source:src-model,FROM_SOURCE,"{""rel"":""FROM_SOURCE"",""source"":""claim:0256"",""target"":""source:src-model""}"
claim:0256,area:returns,IN_AREA,"{""rel"":""IN_AREA"",""source"":""claim:0256"",""target"":""area:returns""}"
claim:0257,entity:unknown,ABOUT,"{""rel"":""ABOUT"",""source"":""claim:0257"",""target"":""entity:unknown""}"
claim:0257,metric:revolver_capacity,MEASURES,"{""rel"":""MEASURES"",""source"":""claim:0257"",""target"":""metric:revolver_capacity""}"
claim:0257,perimeter:unknown,SCOPED_TO,"{""rel"":""SCOPED_TO"",""source"":""claim:0257"",""target"":""perimeter:unknown""}"
claim:0257,source:src-model,FROM_SOURCE,"{""rel"":""FROM_SOURCE"",""source"":""claim:0257"",""target"":""source:src-model""}"
claim:0257,author:management,BY_AUTHOR,"{""rel"":""BY_AUTHOR"",""source"":""claim:0257"",""target"":""author:management""}"
claim:0257,area:structure,IN_AREA,"{""rel"":""IN_AREA"",""source"":""claim:0257"",""target"":""area:structure""}"
claim:0258,entity:unknown,ABOUT,"{""rel"":""ABOUT"",""source"":""claim:0258"",""target"":""entity:unknown""}"
claim:0258,metric:leverage,MEASURES,"{""rel"":""MEASURES"",""source"":""claim:0258"",""target"":""metric:leverage""}"
claim:0258,perimeter:unknown,SCOPED_TO,"{""rel"":""SCOPED_TO"",""source"":""claim:0258"",""target"":""perimeter:unknown""}"
claim:0258,source:src-model,FROM_SOURCE,"{""rel"":""FROM_SOURCE"",""source"":""claim:0258"",""target"":""source:src-model""}"
claim:0258,author:management,BY_AUTHOR,"{""rel"":""BY_AUTHOR"",""source"":""claim:0258"",""target"":""author:management""}"
claim:0258,area:structure,IN_AREA,"{""rel"":""IN_AREA"",""source"":""claim:0258"",""target"":""area:structure""}"
claim:0259,entity:unknown,ABOUT,"{""rel"":""ABOUT"",""source"":""claim:0259"",""target"":""entity:unknown""}"
claim:0259,metric:revolver_capacity,MEASURES,"{""rel"":""MEASURES"",""source"":""claim:0259"",""target"":""metric:revolver_capacity""}"
claim:0259,period:opening,IN_PERIOD,"{""rel"":""IN_PERIOD"",""source"":""claim:0259"",""target"":""period:opening""}"
claim:0259,perimeter:unknown,SCOPED_TO,"{""rel"":""SCOPED_TO"",""source"":""claim:0259"",""target"":""perimeter:unknown""}"
claim:0259,source:src-model,FROM_SOURCE,"{""rel"":""FROM_SOURCE"",""source"":""claim:0259"",""target"":""source:src-model""}"
claim:0259,author:management,BY_AUTHOR,"{""rel"":""BY_AUTHOR"",""source"":""claim:0259"",""target"":""author:management""}"
claim:0259,area:structure,IN_AREA,"{""rel"":""IN_AREA"",""source"":""claim:0259"",""target"":""area:structure""}"
claim:0260,entity:unknown,ABOUT,"{""rel"":""ABOUT"",""source"":""claim:0260"",""target"":""entity:unknown""}"
claim:0260,metric:ddtl_availability,MEASURES,"{""rel"":""MEASURES"",""source"":""claim:0260"",""target"":""metric:ddtl_availability""}"
claim:0260,period:opening,IN_PERIOD,"{""rel"":""IN_PERIOD"",""source"":""claim:0260"",""target"":""period:opening""}"
claim:0260,perimeter:unknown,SCOPED_TO,"{""rel"":""SCOPED_TO"",""source"":""claim:0260"",""target"":""perimeter:unknown""}"
claim:0260,source:src-model,FROM_SOURCE,"{""rel"":""FROM_SOURCE"",""source"":""claim:0260"",""target"":""source:src-model""}"
claim:0260,author:management,BY_AUTHOR,"{""rel"":""BY_AUTHOR"",""source"":""claim:0260"",""target"":""author:management""}"
claim:0260,area:structure,IN_AREA,"{""rel"":""IN_AREA"",""source"":""claim:0260"",""target"":""area:structure""}"
claim:0261,entity:unknown,ABOUT,"{""rel"":""ABOUT"",""source"":""claim:0261"",""target"":""entity:unknown""}"
claim:0261,metric:covenant_threshold,MEASURES,"{""rel"":""MEASURES"",""source"":""claim:0261"",""target"":""metric:covenant_threshold""}"
claim:0261,period:fy2027,IN_PERIOD,"{""rel"":""IN_PERIOD"",""source"":""claim:0261"",""target"":""period:fy2027""}"
claim:0261,perimeter:unknown,SCOPED_TO,"{""rel"":""SCOPED_TO"",""source"":""claim:0261"",""target"":""perimeter:unknown""}"
claim:0261,source:src-model,FROM_SOURCE,"{""rel"":""FROM_SOURCE"",""source"":""claim:0261"",""target"":""source:src-model""}"
claim:0261,author:management,BY_AUTHOR,"{""rel"":""BY_AUTHOR"",""source"":""claim:0261"",""target"":""author:management""}"
claim:0261,area:structure,IN_AREA,"{""rel"":""IN_AREA"",""source"":""claim:0261"",""target"":""area:structure""}"
claim:0262,entity:unknown,ABOUT,"{""rel"":""ABOUT"",""source"":""claim:0262"",""target"":""entity:unknown""}"
claim:0262,metric:ebitda,MEASURES,"{""rel"":""MEASURES"",""source"":""claim:0262"",""target"":""metric:ebitda""}"
claim:0262,period:ltm,IN_PERIOD,"{""rel"":""IN_PERIOD"",""source"":""claim:0262"",""target"":""period:ltm""}"
claim:0262,perimeter:unknown,SCOPED_TO,"{""rel"":""SCOPED_TO"",""source"":""claim:0262"",""target"":""perimeter:unknown""}"
claim:0262,source:src-model,FROM_SOURCE,"{""rel"":""FROM_SOURCE"",""source"":""claim:0262"",""target"":""source:src-model""}"
claim:0262,claim:0079,SUPPORTS,"{""rel"":""SUPPORTS"",""source"":""claim:0262"",""target"":""claim:0079""}"
claim:0262,claim:0080,SUPPORTS,"{""rel"":""SUPPORTS"",""source"":""claim:0262"",""target"":""claim:0080""}"
claim:0263,entity:unknown,ABOUT,"{""rel"":""ABOUT"",""source"":""claim:0263"",""target"":""entity:unknown""}"
claim:0263,metric:ebitda_add-back,MEASURES,"{""rel"":""MEASURES"",""source"":""claim:0263"",""target"":""metric:ebitda_add-back""}"
claim:0263,period:ltm,IN_PERIOD,"{""rel"":""IN_PERIOD"",""source"":""claim:0263"",""target"":""period:ltm""}"
claim:0263,perimeter:unknown,SCOPED_TO,"{""rel"":""SCOPED_TO"",""source"":""claim:0263"",""target"":""perimeter:unknown""}"
claim:0263,source:src-model,FROM_SOURCE,"{""rel"":""FROM_SOURCE"",""source"":""claim:0263"",""target"":""source:src-model""}"
claim:0263,area:earnings,IN_AREA,"{""rel"":""IN_AREA"",""source"":""claim:0263"",""target"":""area:earnings""}"
claim:0263,claim:0070,CHALLENGES,"{""rel"":""CHALLENGES"",""source"":""claim:0263"",""target"":""claim:0070""}"
claim:0263,claim:0071,CHALLENGES,"{""rel"":""CHALLENGES"",""source"":""claim:0263"",""target"":""claim:0071""}"
claim:0263,claim:0261,CHALLENGES,"{""rel"":""CHALLENGES"",""source"":""claim:0263"",""target"":""claim:0261""}"
claim:0263,claim:0008,DERIVES_FROM,"{""rel"":""DERIVES_FROM"",""source"":""claim:0263"",""target"":""claim:0008""}"
claim:0263,claim:0084,DERIVES_FROM,"{""rel"":""DERIVES_FROM"",""source"":""claim:0263"",""target"":""claim:0084""}"
claim:0263,claim:0085,DERIVES_FROM,"{""rel"":""DERIVES_FROM"",""source"":""claim:0263"",""target"":""claim:0085""}"
claim:0263,claim:0101,DERIVES_FROM,"{""rel"":""DERIVES_FROM"",""source"":""claim:0263"",""target"":""claim:0101""}"
claim:0263,claim:0107,DERIVES_FROM,"{""rel"":""DERIVES_FROM"",""source"":""claim:0263"",""target"":""claim:0107""}"
claim:0263,claim:0110,DERIVES_FROM,"{""rel"":""DERIVES_FROM"",""source"":""claim:0263"",""target"":""claim:0110""}"
claim:0263,claim:0204,DERIVES_FROM,"{""rel"":""DERIVES_FROM"",""source"":""claim:0263"",""target"":""claim:0204""}"
claim:0263,claim:0205,DERIVES_FROM,"{""rel"":""DERIVES_FROM"",""source"":""claim:0263"",""target"":""claim:0205""}"
claim:0263,claim:0210,DERIVES_FROM,"{""rel"":""DERIVES_FROM"",""source"":""claim:0263"",""target"":""claim:0210""}"
claim:0263,claim:0221,DERIVES_FROM,"{""rel"":""DERIVES_FROM"",""source"":""claim:0263"",""target"":""claim:0221""}"
claim:0263,claim:0229,DERIVES_FROM,"{""rel"":""DERIVES_FROM"",""source"":""claim:0263"",""target"":""claim:0229""}"
claim:0263,claim:0240,DERIVES_FROM,"{""rel"":""DERIVES_FROM"",""source"":""claim:0263"",""target"":""claim:0240""}"
claim:0263,claim:0241,DERIVES_FROM,"{""rel"":""DERIVES_FROM"",""source"":""claim:0263"",""target"":""claim:0241""}"
claim:0263,claim:0279,DERIVES_FROM,"{""rel"":""DERIVES_FROM"",""source"":""claim:0263"",""target"":""claim:0279""}"
claim:0264,entity:unknown,ABOUT,"{""rel"":""ABOUT"",""source"":""claim:0264"",""target"":""entity:unknown""}"
claim:0264,metric:covenant_ebitda,MEASURES,"{""rel"":""MEASURES"",""source"":""claim:0264"",""target"":""metric:covenant_ebitda""}"
claim:0264,period:ltm,IN_PERIOD,"{""rel"":""IN_PERIOD"",""source"":""claim:0264"",""target"":""period:ltm""}"
claim:0264,perimeter:unknown,SCOPED_TO,"{""rel"":""SCOPED_TO"",""source"":""claim:0264"",""target"":""perimeter:unknown""}"
claim:0264,source:src-model,FROM_SOURCE,"{""rel"":""FROM_SOURCE"",""source"":""claim:0264"",""target"":""source:src-model""}"
claim:0265,entity:unknown,ABOUT,"{""rel"":""ABOUT"",""source"":""claim:0265"",""target"":""entity:unknown""}"
claim:0265,metric:leverage,MEASURES,"{""rel"":""MEASURES"",""source"":""claim:0265"",""target"":""metric:leverage""}"
claim:0265,perimeter:unknown,SCOPED_TO,"{""rel"":""SCOPED_TO"",""source"":""claim:0265"",""target"":""perimeter:unknown""}"
claim:0265,source:src-model,FROM_SOURCE,"{""rel"":""FROM_SOURCE"",""source"":""claim:0265"",""target"":""source:src-model""}"
claim:0265,area:structure,IN_AREA,"{""rel"":""IN_AREA"",""source"":""claim:0265"",""target"":""area:structure""}"
claim:0265,claim:0008,DERIVES_FROM,"{""rel"":""DERIVES_FROM"",""source"":""claim:0265"",""target"":""claim:0008""}"
claim:0265,claim:0070,DERIVES_FROM,"{""rel"":""DERIVES_FROM"",""source"":""claim:0265"",""target"":""claim:0070""}"
claim:0265,claim:0071,DERIVES_FROM,"{""rel"":""DERIVES_FROM"",""source"":""claim:0265"",""target"":""claim:0071""}"
claim:0265,claim:0082,DERIVES_FROM,"{""rel"":""DERIVES_FROM"",""source"":""claim:0265"",""target"":""claim:0082""}"
claim:0265,claim:0084,DERIVES_FROM,"{""rel"":""DERIVES_FROM"",""source"":""claim:0265"",""target"":""claim:0084""}"
claim:0265,claim:0085,DERIVES_FROM,"{""rel"":""DERIVES_FROM"",""source"":""claim:0265"",""target"":""claim:0085""}"
claim:0265,claim:0099,DERIVES_FROM,"{""rel"":""DERIVES_FROM"",""source"":""claim:0265"",""target"":""claim:0099""}"
claim:0265,claim:0101,DERIVES_FROM,"{""rel"":""DERIVES_FROM"",""source"":""claim:0265"",""target"":""claim:0101""}"
claim:0265,claim:0107,DERIVES_FROM,"{""rel"":""DERIVES_FROM"",""source"":""claim:0265"",""target"":""claim:0107""}"
claim:0265,claim:0110,DERIVES_FROM,"{""rel"":""DERIVES_FROM"",""source"":""claim:0265"",""target"":""claim:0110""}"
claim:0265,claim:0115,DERIVES_FROM,"{""rel"":""DERIVES_FROM"",""source"":""claim:0265"",""target"":""claim:0115""}"
claim:0265,claim:0128,DERIVES_FROM,"{""rel"":""DERIVES_FROM"",""source"":""claim:0265"",""target"":""claim:0128""}"
claim:0265,claim:0132,DERIVES_FROM,"{""rel"":""DERIVES_FROM"",""source"":""claim:0265"",""target"":""claim:0132""}"
claim:0265,claim:0204,DERIVES_FROM,"{""rel"":""DERIVES_FROM"",""source"":""claim:0265"",""target"":""claim:0204""}"
claim:0265,claim:0205,DERIVES_FROM,"{""rel"":""DERIVES_FROM"",""source"":""claim:0265"",""target"":""claim:0205""}"
claim:0265,claim:0210,DERIVES_FROM,"{""rel"":""DERIVES_FROM"",""source"":""claim:0265"",""target"":""claim:0210""}"
claim:0265,claim:0221,DERIVES_FROM,"{""rel"":""DERIVES_FROM"",""source"":""claim:0265"",""target"":""claim:0221""}"
claim:0265,claim:0229,DERIVES_FROM,"{""rel"":""DERIVES_FROM"",""source"":""claim:0265"",""target"":""claim:0229""}"
claim:0265,claim:0240,DERIVES_FROM,"{""rel"":""DERIVES_FROM"",""source"":""claim:0265"",""target"":""claim:0240""}"
claim:0265,claim:0241,DERIVES_FROM,"{""rel"":""DERIVES_FROM"",""source"":""claim:0265"",""target"":""claim:0241""}"
claim:0265,claim:0261,DERIVES_FROM,"{""rel"":""DERIVES_FROM"",""source"":""claim:0265"",""target"":""claim:0261""}"
claim:0265,claim:0279,DERIVES_FROM,"{""rel"":""DERIVES_FROM"",""source"":""claim:0265"",""target"":""claim:0279""}"
claim:0265,claim:0280,DERIVES_FROM,"{""rel"":""DERIVES_FROM"",""source"":""claim:0265"",""target"":""claim:0280""}"
claim:0266,entity:unknown,ABOUT,"{""rel"":""ABOUT"",""source"":""claim:0266"",""target"":""entity:unknown""}"
claim:0266,metric:exit_ev,MEASURES,"{""rel"":""MEASURES"",""source"":""claim:0266"",""target"":""metric:exit_ev""}"
claim:0266,perimeter:unknown,SCOPED_TO,"{""rel"":""SCOPED_TO"",""source"":""claim:0266"",""target"":""perimeter:unknown""}"
claim:0266,source:src-model,FROM_SOURCE,"{""rel"":""FROM_SOURCE"",""source"":""claim:0266"",""target"":""source:src-model""}"
claim:0266,area:returns,IN_AREA,"{""rel"":""IN_AREA"",""source"":""claim:0266"",""target"":""area:returns""}"
claim:0266,claim:0268,CHALLENGES,"{""rel"":""CHALLENGES"",""source"":""claim:0266"",""target"":""claim:0268""}"
claim:0266,claim:0269,CHALLENGES,"{""rel"":""CHALLENGES"",""source"":""claim:0266"",""target"":""claim:0269""}"
claim:0266,claim:0271,CHALLENGES,"{""rel"":""CHALLENGES"",""source"":""claim:0266"",""target"":""claim:0271""}"
claim:0267,entity:unknown,ABOUT,"{""rel"":""ABOUT"",""source"":""claim:0267"",""target"":""entity:unknown""}"
claim:0267,metric:moic,MEASURES,"{""rel"":""MEASURES"",""source"":""claim:0267"",""target"":""metric:moic""}"
claim:0267,perimeter:unknown,SCOPED_TO,"{""rel"":""SCOPED_TO"",""source"":""claim:0267"",""target"":""perimeter:unknown""}"
claim:0267,source:src-model,FROM_SOURCE,"{""rel"":""FROM_SOURCE"",""source"":""claim:0267"",""target"":""source:src-model""}"
claim:0267,area:returns,IN_AREA,"{""rel"":""IN_AREA"",""source"":""claim:0267"",""target"":""area:returns""}"
claim:0268,entity:unknown,ABOUT,"{""rel"":""ABOUT"",""source"":""claim:0268"",""target"":""entity:unknown""}"
claim:0268,metric:sponsor_equity,MEASURES,"{""rel"":""MEASURES"",""source"":""claim:0268"",""target"":""metric:sponsor_equity""}"
claim:0268,perimeter:unknown,SCOPED_TO,"{""rel"":""SCOPED_TO"",""source"":""claim:0268"",""target"":""perimeter:unknown""}"
claim:0268,source:src-model,FROM_SOURCE,"{""rel"":""FROM_SOURCE"",""source"":""claim:0268"",""target"":""source:src-model""}"
claim:0268,area:structure,IN_AREA,"{""rel"":""IN_AREA"",""source"":""claim:0268"",""target"":""area:structure""}"
claim:0269,entity:unknown,ABOUT,"{""rel"":""ABOUT"",""source"":""claim:0269"",""target"":""entity:unknown""}"
claim:0269,metric:moic,MEASURES,"{""rel"":""MEASURES"",""source"":""claim:0269"",""target"":""metric:moic""}"
claim:0269,perimeter:unknown,SCOPED_TO,"{""rel"":""SCOPED_TO"",""source"":""claim:0269"",""target"":""perimeter:unknown""}"
claim:0269,source:src-model,FROM_SOURCE,"{""rel"":""FROM_SOURCE"",""source"":""claim:0269"",""target"":""source:src-model""}"
claim:0269,author:management,BY_AUTHOR,"{""rel"":""BY_AUTHOR"",""source"":""claim:0269"",""target"":""author:management""}"
claim:0269,area:returns,IN_AREA,"{""rel"":""IN_AREA"",""source"":""claim:0269"",""target"":""area:returns""}"
claim:0270,entity:unknown,ABOUT,"{""rel"":""ABOUT"",""source"":""claim:0270"",""target"":""entity:unknown""}"
claim:0270,metric:moic,MEASURES,"{""rel"":""MEASURES"",""source"":""claim:0270"",""target"":""metric:moic""}"
claim:0270,perimeter:unknown,SCOPED_TO,"{""rel"":""SCOPED_TO"",""source"":""claim:0270"",""target"":""perimeter:unknown""}"
claim:0270,source:src-model,FROM_SOURCE,"{""rel"":""FROM_SOURCE"",""source"":""claim:0270"",""target"":""source:src-model""}"
claim:0270,author:management,BY_AUTHOR,"{""rel"":""BY_AUTHOR"",""source"":""claim:0270"",""target"":""author:management""}"
claim:0270,area:returns,IN_AREA,"{""rel"":""IN_AREA"",""source"":""claim:0270"",""target"":""area:returns""}"
claim:0271,entity:unknown,ABOUT,"{""rel"":""ABOUT"",""source"":""claim:0271"",""target"":""entity:unknown""}"
claim:0271,metric:moic,MEASURES,"{""rel"":""MEASURES"",""source"":""claim:0271"",""target"":""metric:moic""}"
claim:0271,perimeter:unknown,SCOPED_TO,"{""rel"":""SCOPED_TO"",""source"":""claim:0271"",""target"":""perimeter:unknown""}"
claim:0271,source:src-model,FROM_SOURCE,"{""rel"":""FROM_SOURCE"",""source"":""claim:0271"",""target"":""source:src-model""}"
claim:0271,author:management,BY_AUTHOR,"{""rel"":""BY_AUTHOR"",""source"":""claim:0271"",""target"":""author:management""}"
claim:0271,area:returns,IN_AREA,"{""rel"":""IN_AREA"",""source"":""claim:0271"",""target"":""area:returns""}"
claim:0272,entity:unknown,ABOUT,"{""rel"":""ABOUT"",""source"":""claim:0272"",""target"":""entity:unknown""}"
claim:0272,metric:moic,MEASURES,"{""rel"":""MEASURES"",""source"":""claim:0272"",""target"":""metric:moic""}"
claim:0272,perimeter:unknown,SCOPED_TO,"{""rel"":""SCOPED_TO"",""source"":""claim:0272"",""target"":""perimeter:unknown""}"
claim:0272,source:src-model,FROM_SOURCE,"{""rel"":""FROM_SOURCE"",""source"":""claim:0272"",""target"":""source:src-model""}"
claim:0272,author:management,BY_AUTHOR,"{""rel"":""BY_AUTHOR"",""source"":""claim:0272"",""target"":""author:management""}"
claim:0272,area:returns,IN_AREA,"{""rel"":""IN_AREA"",""source"":""claim:0272"",""target"":""area:returns""}"
claim:0273,entity:alderstone_standalone,ABOUT,"{""rel"":""ABOUT"",""source"":""claim:0273"",""target"":""entity:alderstone_standalone""}"
claim:0273,metric:enterprise_value,MEASURES,"{""rel"":""MEASURES"",""source"":""claim:0273"",""target"":""metric:enterprise_value""}"
claim:0273,period:opening,IN_PERIOD,"{""rel"":""IN_PERIOD"",""source"":""claim:0273"",""target"":""period:opening""}"
claim:0273,perimeter:alderstone_standalone,SCOPED_TO,"{""rel"":""SCOPED_TO"",""source"":""claim:0273"",""target"":""perimeter:alderstone_standalone""}"
claim:0273,source:src-ic,FROM_SOURCE,"{""rel"":""FROM_SOURCE"",""source"":""claim:0273"",""target"":""source:src-ic""}"
claim:0273,author:ic,BY_AUTHOR,"{""rel"":""BY_AUTHOR"",""source"":""claim:0273"",""target"":""author:ic""}"
claim:0273,area:returns,IN_AREA,"{""rel"":""IN_AREA"",""source"":""claim:0273"",""target"":""area:returns""}"
claim:0274,entity:alderstone_standalone,ABOUT,"{""rel"":""ABOUT"",""source"":""claim:0274"",""target"":""entity:alderstone_standalone""}"
claim:0274,metric:sponsor_equity,MEASURES,"{""rel"":""MEASURES"",""source"":""claim:0274"",""target"":""metric:sponsor_equity""}"
claim:0274,period:opening,IN_PERIOD,"{""rel"":""IN_PERIOD"",""source"":""claim:0274"",""target"":""period:opening""}"
claim:0274,perimeter:alderstone_standalone,SCOPED_TO,"{""rel"":""SCOPED_TO"",""source"":""claim:0274"",""target"":""perimeter:alderstone_standalone""}"
claim:0274,source:src-ic,FROM_SOURCE,"{""rel"":""FROM_SOURCE"",""source"":""claim:0274"",""target"":""source:src-ic""}"
claim:0274,author:ic,BY_AUTHOR,"{""rel"":""BY_AUTHOR"",""source"":""claim:0274"",""target"":""author:ic""}"
claim:0274,area:structure,IN_AREA,"{""rel"":""IN_AREA"",""source"":""claim:0274"",""target"":""area:structure""}"
claim:0275,entity:alderstone_standalone,ABOUT,"{""rel"":""ABOUT"",""source"":""claim:0275"",""target"":""entity:alderstone_standalone""}"
claim:0275,metric:seller_rollover,MEASURES,"{""rel"":""MEASURES"",""source"":""claim:0275"",""target"":""metric:seller_rollover""}"
claim:0275,period:opening,IN_PERIOD,"{""rel"":""IN_PERIOD"",""source"":""claim:0275"",""target"":""period:opening""}"
claim:0275,perimeter:alderstone_standalone,SCOPED_TO,"{""rel"":""SCOPED_TO"",""source"":""claim:0275"",""target"":""perimeter:alderstone_standalone""}"
claim:0275,source:src-ic,FROM_SOURCE,"{""rel"":""FROM_SOURCE"",""source"":""claim:0275"",""target"":""source:src-ic""}"
claim:0275,author:ic,BY_AUTHOR,"{""rel"":""BY_AUTHOR"",""source"":""claim:0275"",""target"":""author:ic""}"
claim:0275,area:structure,IN_AREA,"{""rel"":""IN_AREA"",""source"":""claim:0275"",""target"":""area:structure""}"
claim:0276,entity:alderstone_standalone,ABOUT,"{""rel"":""ABOUT"",""source"":""claim:0276"",""target"":""entity:alderstone_standalone""}"
claim:0276,metric:first-lien_debt,MEASURES,"{""rel"":""MEASURES"",""source"":""claim:0276"",""target"":""metric:first-lien_debt""}"
claim:0276,period:opening,IN_PERIOD,"{""rel"":""IN_PERIOD"",""source"":""claim:0276"",""target"":""period:opening""}"
claim:0276,perimeter:alderstone_standalone,SCOPED_TO,"{""rel"":""SCOPED_TO"",""source"":""claim:0276"",""target"":""perimeter:alderstone_standalone""}"
claim:0276,source:src-ic,FROM_SOURCE,"{""rel"":""FROM_SOURCE"",""source"":""claim:0276"",""target"":""source:src-ic""}"
claim:0276,author:ic,BY_AUTHOR,"{""rel"":""BY_AUTHOR"",""source"":""claim:0276"",""target"":""author:ic""}"
claim:0276,area:structure,IN_AREA,"{""rel"":""IN_AREA"",""source"":""claim:0276"",""target"":""area:structure""}"
claim:0276,claim:0113,CHALLENGES,"{""rel"":""CHALLENGES"",""source"":""claim:0276"",""target"":""claim:0113""}"
claim:0276,claim:0122,CHALLENGES,"{""rel"":""CHALLENGES"",""source"":""claim:0276"",""target"":""claim:0122""}"
claim:0276,claim:0245,CHALLENGES,"{""rel"":""CHALLENGES"",""source"":""claim:0276"",""target"":""claim:0245""}"
claim:0276,claim:0267,CHALLENGES,"{""rel"":""CHALLENGES"",""source"":""claim:0276"",""target"":""claim:0267""}"
claim:0277,entity:unknown,ABOUT,"{""rel"":""ABOUT"",""source"":""claim:0277"",""target"":""entity:unknown""}"
claim:0277,metric:sponsor_equity,MEASURES,"{""rel"":""MEASURES"",""source"":""claim:0277"",""target"":""metric:sponsor_equity""}"
claim:0277,perimeter:unknown,SCOPED_TO,"{""rel"":""SCOPED_TO"",""source"":""claim:0277"",""target"":""perimeter:unknown""}"
claim:0277,source:src-ic,FROM_SOURCE,"{""rel"":""FROM_SOURCE"",""source"":""claim:0277"",""target"":""source:src-ic""}"
claim:0277,author:ic,BY_AUTHOR,"{""rel"":""BY_AUTHOR"",""source"":""claim:0277"",""target"":""author:ic""}"
claim:0277,area:structure,IN_AREA,"{""rel"":""IN_AREA"",""source"":""claim:0277"",""target"":""area:structure""}"
claim:0277,claim:0268,CHALLENGES,"{""rel"":""CHALLENGES"",""source"":""claim:0277"",""target"":""claim:0268""}"
claim:0277,claim:0269,CHALLENGES,"{""rel"":""CHALLENGES"",""source"":""claim:0277"",""target"":""claim:0269""}"
claim:0277,claim:0271,CHALLENGES,"{""rel"":""CHALLENGES"",""source"":""claim:0277"",""target"":""claim:0271""}"
claim:0278,entity:unknown,ABOUT,"{""rel"":""ABOUT"",""source"":""claim:0278"",""target"":""entity:unknown""}"
claim:0278,metric:moic,MEASURES,"{""rel"":""MEASURES"",""source"":""claim:0278"",""target"":""metric:moic""}"
claim:0278,perimeter:unknown,SCOPED_TO,"{""rel"":""SCOPED_TO"",""source"":""claim:0278"",""target"":""perimeter:unknown""}"
claim:0278,source:src-ic,FROM_SOURCE,"{""rel"":""FROM_SOURCE"",""source"":""claim:0278"",""target"":""source:src-ic""}"
claim:0278,author:ic,BY_AUTHOR,"{""rel"":""BY_AUTHOR"",""source"":""claim:0278"",""target"":""author:ic""}"
claim:0278,area:returns,IN_AREA,"{""rel"":""IN_AREA"",""source"":""claim:0278"",""target"":""area:returns""}"
claim:0279,entity:unknown,ABOUT,"{""rel"":""ABOUT"",""source"":""claim:0279"",""target"":""entity:unknown""}"
claim:0279,metric:irr,MEASURES,"{""rel"":""MEASURES"",""source"":""claim:0279"",""target"":""metric:irr""}"
claim:0279,perimeter:unknown,SCOPED_TO,"{""rel"":""SCOPED_TO"",""source"":""claim:0279"",""target"":""perimeter:unknown""}"
claim:0279,source:src-ic,FROM_SOURCE,"{""rel"":""FROM_SOURCE"",""source"":""claim:0279"",""target"":""source:src-ic""}"
claim:0279,author:ic,BY_AUTHOR,"{""rel"":""BY_AUTHOR"",""source"":""claim:0279"",""target"":""author:ic""}"
claim:0279,area:returns,IN_AREA,"{""rel"":""IN_AREA"",""source"":""claim:0279"",""target"":""area:returns""}"
claim:0280,entity:riverton_group,ABOUT,"{""rel"":""ABOUT"",""source"":""claim:0280"",""target"":""entity:riverton_group""}"
claim:0280,metric:ebitda,MEASURES,"{""rel"":""MEASURES"",""source"":""claim:0280"",""target"":""metric:ebitda""}"
claim:0280,period:opening,IN_PERIOD,"{""rel"":""IN_PERIOD"",""source"":""claim:0280"",""target"":""period:opening""}"
claim:0280,perimeter:riverton_group,SCOPED_TO,"{""rel"":""SCOPED_TO"",""source"":""claim:0280"",""target"":""perimeter:riverton_group""}"
claim:0280,source:src-ic,FROM_SOURCE,"{""rel"":""FROM_SOURCE"",""source"":""claim:0280"",""target"":""source:src-ic""}"
claim:0280,author:ic,BY_AUTHOR,"{""rel"":""BY_AUTHOR"",""source"":""claim:0280"",""target"":""author:ic""}"
claim:0280,area:returns,IN_AREA,"{""rel"":""IN_AREA"",""source"":""claim:0280"",""target"":""area:returns""}"
claim:0281,entity:riverton_group,ABOUT,"{""rel"":""ABOUT"",""source"":""claim:0281"",""target"":""entity:riverton_group""}"
claim:0281,metric:exit_multiple,MEASURES,"{""rel"":""MEASURES"",""source"":""claim:0281"",""target"":""metric:exit_multiple""}"
claim:0281,perimeter:riverton_group,SCOPED_TO,"{""rel"":""SCOPED_TO"",""source"":""claim:0281"",""target"":""perimeter:riverton_group""}"
claim:0281,source:src-ic,FROM_SOURCE,"{""rel"":""FROM_SOURCE"",""source"":""claim:0281"",""target"":""source:src-ic""}"
claim:0281,author:ic,BY_AUTHOR,"{""rel"":""BY_AUTHOR"",""source"":""claim:0281"",""target"":""author:ic""}"
claim:0281,area:returns,IN_AREA,"{""rel"":""IN_AREA"",""source"":""claim:0281"",""target"":""area:returns""}"
claim:0282,entity:riverton_group,ABOUT,"{""rel"":""ABOUT"",""source"":""claim:0282"",""target"":""entity:riverton_group""}"
claim:0282,metric:ebitda_adjustment,MEASURES,"{""rel"":""MEASURES"",""source"":""claim:0282"",""target"":""metric:ebitda_adjustment""}"
claim:0282,period:opening,IN_PERIOD,"{""rel"":""IN_PERIOD"",""source"":""claim:0282"",""target"":""period:opening""}"
claim:0282,perimeter:riverton_group,SCOPED_TO,"{""rel"":""SCOPED_TO"",""source"":""claim:0282"",""target"":""perimeter:riverton_group""}"
claim:0282,source:src-ic,FROM_SOURCE,"{""rel"":""FROM_SOURCE"",""source"":""claim:0282"",""target"":""source:src-ic""}"
claim:0282,author:ic,BY_AUTHOR,"{""rel"":""BY_AUTHOR"",""source"":""claim:0282"",""target"":""author:ic""}"
claim:0282,area:operations,IN_AREA,"{""rel"":""IN_AREA"",""source"":""claim:0282"",""target"":""area:operations""}"
claim:0282,claim:0076,CHALLENGES,"{""rel"":""CHALLENGES"",""source"":""claim:0282"",""target"":""claim:0076""}"
claim:0282,claim:0037,SUPPORTS,"{""rel"":""SUPPORTS"",""source"":""claim:0282"",""target"":""claim:0037""}"
claim:0282,claim:0283,SUPPORTS,"{""rel"":""SUPPORTS"",""source"":""claim:0282"",""target"":""claim:0283""}"
claim:0283,entity:unknown,ABOUT,"{""rel"":""ABOUT"",""source"":""claim:0283"",""target"":""entity:unknown""}"
claim:0283,metric:customer_concentration,MEASURES,"{""rel"":""MEASURES"",""source"":""claim:0283"",""target"":""metric:customer_concentration""}"
claim:0283,perimeter:unknown,SCOPED_TO,"{""rel"":""SCOPED_TO"",""source"":""claim:0283"",""target"":""perimeter:unknown""}"
claim:0283,source:src-ic,FROM_SOURCE,"{""rel"":""FROM_SOURCE"",""source"":""claim:0283"",""target"":""source:src-ic""}"
claim:0283,author:ic,BY_AUTHOR,"{""rel"":""BY_AUTHOR"",""source"":""claim:0283"",""target"":""author:ic""}"
claim:0283,area:customer,IN_AREA,"{""rel"":""IN_AREA"",""source"":""claim:0283"",""target"":""area:customer""}"
claim:0284,entity:unknown,ABOUT,"{""rel"":""ABOUT"",""source"":""claim:0284"",""target"":""entity:unknown""}"
claim:0284,metric:ic_conditions,MEASURES,"{""rel"":""MEASURES"",""source"":""claim:0284"",""target"":""metric:ic_conditions""}"
claim:0284,perimeter:unknown,SCOPED_TO,"{""rel"":""SCOPED_TO"",""source"":""claim:0284"",""target"":""perimeter:unknown""}"
claim:0284,source:src-ic,FROM_SOURCE,"{""rel"":""FROM_SOURCE"",""source"":""claim:0284"",""target"":""source:src-ic""}"
claim:0284,author:ic,BY_AUTHOR,"{""rel"":""BY_AUTHOR"",""source"":""claim:0284"",""target"":""author:ic""}"
claim:0284,area:customer,IN_AREA,"{""rel"":""IN_AREA"",""source"":""claim:0284"",""target"":""area:customer""}"
claim:0285,entity:alderstone_consolidated,ABOUT,"{""rel"":""ABOUT"",""source"":""claim:0285"",""target"":""entity:alderstone_consolidated""}"
claim:0285,metric:systems_integration_risk,MEASURES,"{""rel"":""MEASURES"",""source"":""claim:0285"",""target"":""metric:systems_integration_risk""}"
claim:0285,perimeter:alderstone_consolidated,SCOPED_TO,"{""rel"":""SCOPED_TO"",""source"":""claim:0285"",""target"":""perimeter:alderstone_consolidated""}"
claim:0285,source:src-ic,FROM_SOURCE,"{""rel"":""FROM_SOURCE"",""source"":""claim:0285"",""target"":""source:src-ic""}"
claim:0285,author:ic,BY_AUTHOR,"{""rel"":""BY_AUTHOR"",""source"":""claim:0285"",""target"":""author:ic""}"
claim:0285,area:operations,IN_AREA,"{""rel"":""IN_AREA"",""source"":""claim:0285"",""target"":""area:operations""}"
claim:0285,claim:0284,SUPPORTS,"{""rel"":""SUPPORTS"",""source"":""claim:0285"",""target"":""claim:0284""}"
claim:0285,claim:0287,SUPPORTS,"{""rel"":""SUPPORTS"",""source"":""claim:0285"",""target"":""claim:0287""}"
claim:0286,entity:alderstone_consolidated,ABOUT,"{""rel"":""ABOUT"",""source"":""claim:0286"",""target"":""entity:alderstone_consolidated""}"
claim:0286,metric:ebitda_adjustment,MEASURES,"{""rel"":""MEASURES"",""source"":""claim:0286"",""target"":""metric:ebitda_adjustment""}"
claim:0286,perimeter:alderstone_consolidated,SCOPED_TO,"{""rel"":""SCOPED_TO"",""source"":""claim:0286"",""target"":""perimeter:alderstone_consolidated""}"
claim:0286,source:src-ic,FROM_SOURCE,"{""rel"":""FROM_SOURCE"",""source"":""claim:0286"",""target"":""source:src-ic""}"
claim:0286,author:management,BY_AUTHOR,"{""rel"":""BY_AUTHOR"",""source"":""claim:0286"",""target"":""author:management""}"
claim:0286,area:operations,IN_AREA,"{""rel"":""IN_AREA"",""source"":""claim:0286"",""target"":""area:operations""}"
claim:0287,entity:alderstone_consolidated,ABOUT,"{""rel"":""ABOUT"",""source"":""claim:0287"",""target"":""entity:alderstone_consolidated""}"
claim:0287,metric:revolver_capacity,MEASURES,"{""rel"":""MEASURES"",""source"":""claim:0287"",""target"":""metric:revolver_capacity""}"
claim:0287,perimeter:alderstone_consolidated,SCOPED_TO,"{""rel"":""SCOPED_TO"",""source"":""claim:0287"",""target"":""perimeter:alderstone_consolidated""}"
claim:0287,source:src-ic,FROM_SOURCE,"{""rel"":""FROM_SOURCE"",""source"":""claim:0287"",""target"":""source:src-ic""}"
claim:0287,author:management,BY_AUTHOR,"{""rel"":""BY_AUTHOR"",""source"":""claim:0287"",""target"":""author:management""}"
claim:0287,area:structure,IN_AREA,"{""rel"":""IN_AREA"",""source"":""claim:0287"",""target"":""area:structure""}"
claim:0288,entity:alderstone_consolidated,ABOUT,"{""rel"":""ABOUT"",""source"":""claim:0288"",""target"":""entity:alderstone_consolidated""}"
claim:0288,metric:integration_risk,MEASURES,"{""rel"":""MEASURES"",""source"":""claim:0288"",""target"":""metric:integration_risk""}"
claim:0288,perimeter:alderstone_consolidated,SCOPED_TO,"{""rel"":""SCOPED_TO"",""source"":""claim:0288"",""target"":""perimeter:alderstone_consolidated""}"
claim:0288,source:src-ic,FROM_SOURCE,"{""rel"":""FROM_SOURCE"",""source"":""claim:0288"",""target"":""source:src-ic""}"
claim:0288,author:ic,BY_AUTHOR,"{""rel"":""BY_AUTHOR"",""source"":""claim:0288"",""target"":""author:ic""}"
claim:0288,area:operations,IN_AREA,"{""rel"":""IN_AREA"",""source"":""claim:0288"",""target"":""area:operations""}"
claim:0289,entity:unknown,ABOUT,"{""rel"":""ABOUT"",""source"":""claim:0289"",""target"":""entity:unknown""}"
claim:0289,metric:ic_vote,MEASURES,"{""rel"":""MEASURES"",""source"":""claim:0289"",""target"":""metric:ic_vote""}"
claim:0289,perimeter:unknown,SCOPED_TO,"{""rel"":""SCOPED_TO"",""source"":""claim:0289"",""target"":""perimeter:unknown""}"
claim:0289,source:src-ic,FROM_SOURCE,"{""rel"":""FROM_SOURCE"",""source"":""claim:0289"",""target"":""source:src-ic""}"
claim:0289,author:ic,BY_AUTHOR,"{""rel"":""BY_AUTHOR"",""source"":""claim:0289"",""target"":""author:ic""}"
claim:0290,entity:unknown,ABOUT,"{""rel"":""ABOUT"",""source"":""claim:0290"",""target"":""entity:unknown""}"
claim:0290,metric:entry_multiple,MEASURES,"{""rel"":""MEASURES"",""source"":""claim:0290"",""target"":""metric:entry_multiple""}"
claim:0290,perimeter:unknown,SCOPED_TO,"{""rel"":""SCOPED_TO"",""source"":""claim:0290"",""target"":""perimeter:unknown""}"
claim:0290,source:src-ic,FROM_SOURCE,"{""rel"":""FROM_SOURCE"",""source"":""claim:0290"",""target"":""source:src-ic""}"
claim:0290,author:ic,BY_AUTHOR,"{""rel"":""BY_AUTHOR"",""source"":""claim:0290"",""target"":""author:ic""}"
claim:0290,area:returns,IN_AREA,"{""rel"":""IN_AREA"",""source"":""claim:0290"",""target"":""area:returns""}"
claim:0290,claim:0201,CHALLENGES,"{""rel"":""CHALLENGES"",""source"":""claim:0290"",""target"":""claim:0201""}"
claim:0291,entity:keystone_standalone,ABOUT,"{""rel"":""ABOUT"",""source"":""claim:0291"",""target"":""entity:keystone_standalone""}"
claim:0291,metric:enterprise_value,MEASURES,"{""rel"":""MEASURES"",""source"":""claim:0291"",""target"":""metric:enterprise_value""}"
claim:0291,perimeter:keystone_standalone,SCOPED_TO,"{""rel"":""SCOPED_TO"",""source"":""claim:0291"",""target"":""perimeter:keystone_standalone""}"
claim:0291,source:src-ic,FROM_SOURCE,"{""rel"":""FROM_SOURCE"",""source"":""claim:0291"",""target"":""source:src-ic""}"
claim:0291,author:ic,BY_AUTHOR,"{""rel"":""BY_AUTHOR"",""source"":""claim:0291"",""target"":""author:ic""}"
claim:0291,area:returns,IN_AREA,"{""rel"":""IN_AREA"",""source"":""claim:0291"",""target"":""area:returns""}"
claim:0291,claim:0202,CHALLENGES,"{""rel"":""CHALLENGES"",""source"":""claim:0291"",""target"":""claim:0202""}"
claim:0292,entity:keystone_standalone,ABOUT,"{""rel"":""ABOUT"",""source"":""claim:0292"",""target"":""entity:keystone_standalone""}"
claim:0292,metric:sponsor_equity,MEASURES,"{""rel"":""MEASURES"",""source"":""claim:0292"",""target"":""metric:sponsor_equity""}"
claim:0292,perimeter:keystone_standalone,SCOPED_TO,"{""rel"":""SCOPED_TO"",""source"":""claim:0292"",""target"":""perimeter:keystone_standalone""}"
claim:0292,source:src-ic,FROM_SOURCE,"{""rel"":""FROM_SOURCE"",""source"":""claim:0292"",""target"":""source:src-ic""}"
claim:0292,author:ic,BY_AUTHOR,"{""rel"":""BY_AUTHOR"",""source"":""claim:0292"",""target"":""author:ic""}"
claim:0292,area:structure,IN_AREA,"{""rel"":""IN_AREA"",""source"":""claim:0292"",""target"":""area:structure""}"
claim:0293,entity:keystone_standalone,ABOUT,"{""rel"":""ABOUT"",""source"":""claim:0293"",""target"":""entity:keystone_standalone""}"
claim:0293,metric:first-lien_debt,MEASURES,"{""rel"":""MEASURES"",""source"":""claim:0293"",""target"":""metric:first-lien_debt""}"
claim:0293,perimeter:keystone_standalone,SCOPED_TO,"{""rel"":""SCOPED_TO"",""source"":""claim:0293"",""target"":""perimeter:keystone_standalone""}"
claim:0293,source:src-ic,FROM_SOURCE,"{""rel"":""FROM_SOURCE"",""source"":""claim:0293"",""target"":""source:src-ic""}"
claim:0293,author:ic,BY_AUTHOR,"{""rel"":""BY_AUTHOR"",""source"":""claim:0293"",""target"":""author:ic""}"
claim:0293,area:structure,IN_AREA,"{""rel"":""IN_AREA"",""source"":""claim:0293"",""target"":""area:structure""}"
claim:0293,claim:0091,CHALLENGES,"{""rel"":""CHALLENGES"",""source"":""claim:0293"",""target"":""claim:0091""}"
claim:0293,claim:0138,CHALLENGES,"{""rel"":""CHALLENGES"",""source"":""claim:0293"",""target"":""claim:0138""}"
claim:0293,claim:0200,CHALLENGES,"{""rel"":""CHALLENGES"",""source"":""claim:0293"",""target"":""claim:0200""}"
claim:0293,claim:0251,CHALLENGES,"{""rel"":""CHALLENGES"",""source"":""claim:0293"",""target"":""claim:0251""}"
claim:0293,claim:0049,SUPPORTS,"{""rel"":""SUPPORTS"",""source"":""claim:0293"",""target"":""claim:0049""}"
claim:0294,entity:keystone_standalone,ABOUT,"{""rel"":""ABOUT"",""source"":""claim:0294"",""target"":""entity:keystone_standalone""}"
claim:0294,metric:net_working_capital_target,MEASURES,"{""rel"":""MEASURES"",""source"":""claim:0294"",""target"":""metric:net_working_capital_target""}"
claim:0294,perimeter:keystone_standalone,SCOPED_TO,"{""rel"":""SCOPED_TO"",""source"":""claim:0294"",""target"":""perimeter:keystone_standalone""}"
claim:0294,source:src-ic,FROM_SOURCE,"{""rel"":""FROM_SOURCE"",""source"":""claim:0294"",""target"":""source:src-ic""}"
claim:0294,author:ic,BY_AUTHOR,"{""rel"":""BY_AUTHOR"",""source"":""claim:0294"",""target"":""author:ic""}"
claim:0294,area:operations,IN_AREA,"{""rel"":""IN_AREA"",""source"":""claim:0294"",""target"":""area:operations""}"
claim:0295,entity:keystone_standalone,ABOUT,"{""rel"":""ABOUT"",""source"":""claim:0295"",""target"":""entity:keystone_standalone""}"
claim:0295,metric:revolver_capacity,MEASURES,"{""rel"":""MEASURES"",""source"":""claim:0295"",""target"":""metric:revolver_capacity""}"
claim:0295,perimeter:keystone_standalone,SCOPED_TO,"{""rel"":""SCOPED_TO"",""source"":""claim:0295"",""target"":""perimeter:keystone_standalone""}"
claim:0295,source:src-ic,FROM_SOURCE,"{""rel"":""FROM_SOURCE"",""source"":""claim:0295"",""target"":""source:src-ic""}"
claim:0295,author:ic,BY_AUTHOR,"{""rel"":""BY_AUTHOR"",""source"":""claim:0295"",""target"":""author:ic""}"
claim:0295,area:structure,IN_AREA,"{""rel"":""IN_AREA"",""source"":""claim:0295"",""target"":""area:structure""}"
