id,type,label,data
claim:0000,claim,,"{""deal"":""keystone"",""derivation"":null,""direction"":""context"",""epistemic"":""asserted"",""id"":""claim:0000"",""locator"":""keystone_seller_cim.md::## Revenue characteristics:Revenue characteristics"",""statement"":""The Company serves more than 600 active billing accounts."",""type"":""claim"",""unit"":"""",""value"":""600.0""}"
entity:unknown,entity,unknown,"{""id"":""entity:unknown"",""label"":""unknown"",""type"":""entity""}"
metric:active_billing_accounts,metric,Active Billing Accounts,"{""id"":""metric:active_billing_accounts"",""label"":""Active Billing Accounts"",""type"":""metric""}"
perimeter:unknown,perimeter,unknown,"{""id"":""perimeter:unknown"",""label"":""unknown"",""type"":""perimeter""}"
source:src-cim,source,SRC-CIM,"{""id"":""source:src-cim"",""label"":""SRC-CIM"",""type"":""source""}"
author:management,author,management,"{""id"":""author:management"",""label"":""management"",""type"":""author""}"
area:customer,area,Customer,"{""id"":""area:customer"",""label"":""Customer"",""type"":""area""}"
claim:0001,claim,,"{""deal"":""keystone"",""derivation"":null,""direction"":""supports"",""epistemic"":""asserted"",""id"":""claim:0001"",""locator"":""keystone_seller_cim.md::## Revenue characteristics:Revenue characteristics"",""statement"":""The ten largest billing accounts have an average tenure of approximately eight years."",""type"":""claim"",""unit"":""years"",""value"":""8.0""}"
metric:customer_retention,metric,Customer Retention,"{""id"":""metric:customer_retention"",""label"":""Customer Retention"",""type"":""metric""}"
claim:0002,claim,,"{""deal"":""keystone"",""derivation"":null,""direction"":""context"",""epistemic"":""asserted"",""id"":""claim:0002"",""locator"":""keystone_seller_cim.md::## Executive summary:Executive summary"",""statement"":""Alderstone has completed four acquisitions since 2020."",""type"":""claim"",""unit"":"""",""value"":""4.0""}"
entity:alderstone_standalone,entity,Alderstone standalone,"{""id"":""entity:alderstone_standalone"",""label"":""Alderstone standalone"",""type"":""entity""}"
metric:acquisition_count,metric,Acquisition Count,"{""id"":""metric:acquisition_count"",""label"":""Acquisition Count"",""type"":""metric""}"
perimeter:alderstone_standalone,perimeter,Alderstone standalone,"{""id"":""perimeter:alderstone_standalone"",""label"":""Alderstone standalone"",""type"":""perimeter""}"
area:operations,area,Operations,"{""id"":""area:operations"",""label"":""Operations"",""type"":""area""}"
claim:0003,claim,,"{""deal"":""keystone"",""derivation"":null,""direction"":""contradicts"",""epistemic"":""asserted"",""id"":""claim:0003"",""locator"":""keystone_seller_cim.md::## Risk factors disclosed by management:Risk factors disclosed by management — Customer relationships"",""statement"":""Customer relationships are generally governed by master agreements and site-level statements of work without guaranteed minimum volumes."",""type"":""claim"",""unit"":null,""value"":""No guaranteed minimum volumes""}"
metric:customer_contract_terms,metric,Customer Contract Terms,"{""id"":""metric:customer_contract_terms"",""label"":""Customer Contract Terms"",""type"":""metric""}"
claim:0004,claim,,"{""deal"":""keystone"",""derivation"":null,""direction"":""contradicts"",""epistemic"":""asserted"",""id"":""claim:0004"",""locator"":""keystone_seller_cim.md::## Risk factors disclosed by management:Risk factors disclosed by management — Systems integration"",""statement"":""Acquired branches continue to operate on partially different systems and processes."",""type"":""claim"",""unit"":null,""value"":""Acquired branches operate on partially different systems and processes""}"
metric:systems_integration_risk,metric,Systems Integration Risk,"{""id"":""metric:systems_integration_risk"",""label"":""Systems Integration Risk"",""type"":""metric""}"
claim:0005,claim,,"{""deal"":""keystone"",""derivation"":null,""direction"":""contradicts"",""epistemic"":""asserted"",""id"":""claim:0005"",""locator"":""keystone_seller_cim.md::## Risk factors disclosed by management:Risk factors disclosed by management — Key person risk"",""statement"":""The Company depends on qualified technical personnel and local customer relationships."",""type"":""claim"",""unit"":null,""value"":""Depends on qualified technical personnel and local customer relationships""}"
metric:key_person_risk,metric,Key Person Risk,"{""id"":""metric:key_person_risk"",""label"":""Key Person Risk"",""type"":""metric""}"
area:governance,area,Governance,"{""id"":""area:governance"",""label"":""Governance"",""type"":""area""}"
claim:0006,claim,,"{""deal"":""keystone"",""derivation"":null,""direction"":""contradicts"",""epistemic"":""asserted"",""id"":""claim:0006"",""locator"":""keystone_seller_cim.md::## Risk factors disclosed by management:Risk factors disclosed by management — Integration risk"",""statement"":""Integration and systems initiatives may require additional time and expenditure."",""type"":""claim"",""unit"":null,""value"":""Integration and systems initiatives may require additional time and expenditure""}"
metric:integration_risk,metric,Integration Risk,"{""id"":""metric:integration_risk"",""label"":""Integration Risk"",""type"":""metric""}"
claim:0007,claim,,"{""deal"":""keystone"",""derivation"":null,""direction"":""context"",""epistemic"":""asserted"",""id"":""claim:0007"",""locator"":""keystone_data_room_extract.md::section:w0-250:Income Statement | Historical Three-Statement Financials"",""statement"":""Alderstone revenue for FY2025A was $74 million."",""type"":""claim"",""unit"":""$m"",""value"":""74.0""}"
metric:revenue,metric,Revenue,"{""id"":""metric:revenue"",""label"":""Revenue"",""type"":""metric""}"
period:fy2025a,period,FY2025A,"{""id"":""period:fy2025a"",""label"":""FY2025A"",""type"":""period""}"
source:src-dr,source,SRC-DR,"{""id"":""source:src-dr"",""label"":""SRC-DR"",""type"":""source""}"
claim:0008,claim,,"{""deal"":""keystone"",""derivation"":null,""direction"":""supports"",""epistemic"":""asserted"",""id"":""claim:0008"",""locator"":""keystone_data_room_extract.md::section:w250-500:keystone_data_room_extract.md::section:w250-500 | Reported EBITDA table"",""statement"":""Reported EBITDA was $10.2m in FY2025A."",""type"":""claim"",""unit"":""$m"",""value"":""10.2""}"
metric:ebitda,metric,EBITDA,"{""id"":""metric:ebitda"",""label"":""EBITDA"",""type"":""metric""}"
claim:0009,claim,,"{""deal"":""keystone"",""derivation"":""Bank debt $9.0m + Finance leases $0.4m = $9.4m"",""direction"":""context"",""epistemic"":""derived"",""id"":""claim:0009"",""locator"":""keystone_data_room_extract.md::section:w500-750:keystone_data_room_extract.md::section:w500-750 — Balance sheet lines for Bank debt and Finance leases"",""statement"":""Total gross debt (bank debt plus finance leases) was $9.4m in FY2025A, comprising bank debt of $9.0m and finance leases of $0.4m."",""type"":""claim"",""unit"":""$m"",""value"":""9.4""}"
metric:gross_debt,metric,Gross Debt,"{""id"":""metric:gross_debt"",""label"":""Gross Debt"",""type"":""metric""}"
area:structure,area,Structure,"{""id"":""area:structure"",""label"":""Structure"",""type"":""area""}"
claim:0010,claim,,"{""deal"":""keystone"",""derivation"":""Bank debt $9.5m + Finance leases $0.5m = $10.0m"",""direction"":""context"",""epistemic"":""derived"",""id"":""claim:0010"",""locator"":""keystone_data_room_extract.md::section:w500-750:keystone_data_room_extract.md::section:w500-750 — Balance sheet lines for Bank debt and Finance leases"",""statement"":""Total gross debt (bank debt plus finance leases) was $10.0m in FY2026E, comprising bank debt of $9.5m and finance leases of $0.5m."",""type"":""claim"",""unit"":""$m"",""value"":""10.0""}"
period:fy2026e,period,FY2026E,"{""id"":""period:fy2026e"",""label"":""FY2026E"",""type"":""period""}"
claim:0011,claim,,"{""deal"":""keystone"",""derivation"":""Bank debt $10.1m + Finance leases $0.55m = $10.65m"",""direction"":""context"",""epistemic"":""derived"",""id"":""claim:0011"",""locator"":""keystone_data_room_extract.md::section:w500-750:keystone_data_room_extract.md::section:w500-750 — Balance sheet lines for Bank debt and Finance leases"",""statement"":""Total gross debt (bank debt plus finance leases) was $10.65m in FY2027E, comprising bank debt of $10.1m and finance leases of $0.55m."",""type"":""claim"",""unit"":""$m"",""value"":""10.65""}"
period:fy2027e,period,FY2027E,"{""id"":""period:fy2027e"",""label"":""FY2027E"",""type"":""period""}"
claim:0012,claim,,"{""deal"":""keystone"",""derivation"":null,""direction"":""context"",""epistemic"":""asserted"",""id"":""claim:0012"",""locator"":""keystone_data_room_extract.md::section:w1250-1500:keystone_data_room_extract.md::section:w1250-1500 — Revenue row, first data column"",""statement"":""Revenue in the opening month (2025-11-01) was $4.26 million."",""type"":""claim"",""unit"":""$m"",""value"":""4.26""}"
period:fy2025,period,FY2025,"{""id"":""period:fy2025"",""label"":""FY2025"",""type"":""period""}"
claim:0013,claim,,"{""deal"":""keystone"",""derivation"":null,""direction"":""context"",""epistemic"":""asserted"",""id"":""claim:0013"",""locator"":""keystone_data_room_extract.md::section:w1250-1500:keystone_data_room_extract.md::section:w1250-1500 — Gross profit row, first data column"",""statement"":""Gross profit in the opening month (2025-11-01) was $1.455 million."",""type"":""claim"",""unit"":""$m"",""value"":""1.455""}"
metric:gross_profit,metric,Gross Profit,"{""id"":""metric:gross_profit"",""label"":""Gross Profit"",""type"":""metric""}"
claim:0014,claim,,"{""deal"":""keystone"",""derivation"":""Gross profit $1.455m ÷ Revenue $4.26m = 34.15%"",""direction"":""context"",""epistemic"":""derived"",""id"":""claim:0014"",""locator"":""keystone_data_room_extract.md::section:w1250-1500:keystone_data_room_extract.md::section:w1250-1500 — Gross margin row, initial value 0.341549295775"",""statement"":""Gross margin for the opening period (2025-11-01) was 34.15%, consistent with the stated gross margin percentage of 0.3415."",""type"":""claim"",""unit"":""%"",""value"":""34.15""}"
metric:gross_margin,metric,Gross Margin,"{""id"":""metric:gross_margin"",""label"":""Gross Margin"",""type"":""metric""}"
claim:0015,claim,,"{""deal"":""keystone"",""derivation"":null,""direction"":""context"",""epistemic"":""observed"",""id"":""claim:0015"",""locator"":""keystone_data_room_extract.md::section:w2000-2250:Customer ledger / KS-DL-1.2 — RIV-CORP row"",""statement"":""Riverton Corporate EHS (RIV-CORP) represents 2.58% of customer revenue concentration."",""type"":""claim"",""unit"":""x"",""value"":""0.0258""}"
metric:customer_concentration,metric,Customer Concentration,"{""id"":""metric:customer_concentration"",""label"":""Customer Concentration"",""type"":""metric""}"
author:data_room_extract,author,Data room extract,"{""id"":""author:data_room_extract"",""label"":""Data room extract"",""type"":""author""}"
claim:0016,claim,,"{""deal"":""keystone"",""derivation"":null,""direction"":""context"",""epistemic"":""observed"",""id"":""claim:0016"",""locator"":""keystone_data_room_extract.md::section:w2000-2250:Customer ledger / KS-DL-1.2 — BIO-01 row"",""statement"":""BioHealth Laboratories (BIO-01) represents 2.30% of customer revenue concentration."",""type"":""claim"",""unit"":""x"",""value"":""0.023""}"
claim:0017,claim,,"{""deal"":""keystone"",""derivation"":null,""direction"":""context"",""epistemic"":""observed"",""id"":""claim:0017"",""locator"":""keystone_data_room_extract.md::section:w2000-2250:Customer ledger / KS-DL-1.2 — APX-01 row"",""statement"":""Apex Manufacturing - Main (APX-01) represents 2.16% of customer revenue concentration."",""type"":""claim"",""unit"":""x"",""value"":""0.0216""}"
claim:0018,claim,,"{""deal"":""keystone"",""derivation"":null,""direction"":""supports"",""epistemic"":""observed"",""id"":""claim:0018"",""locator"":""keystone_data_room_extract.md::section:w2000-2250:Customer ledger / KS-DL-1.2 — contract type column"",""statement"":""Six customers in the customer ledger have recurring or repeat revenue contracts, supporting revenue stability."",""type"":""claim"",""unit"":null,""value"":""5.0""}"
metric:recurring_revenue,metric,Recurring Revenue,"{""id"":""metric:recurring_revenue"",""label"":""Recurring Revenue"",""type"":""metric""}"
claim:0019,claim,,"{""deal"":""keystone"",""derivation"":null,""direction"":""context"",""epistemic"":""observed"",""id"":""claim:0019"",""locator"":""keystone_data_room_extract.md::section:w2250-2500:Customer ledger / KS-DL-1.2 | Riverton customer concentration table"",""statement"":""RIV-MIL (Riverton Metals - Milltown) represents 1.76% of customer concentration within the Riverton Industrial Group portfolio."",""type"":""claim"",""unit"":null,""value"":""0.0175675675676""}"
entity:riverton_group,entity,Riverton Group,"{""id"":""entity:riverton_group"",""label"":""Riverton Group"",""type"":""entity""}"
perimeter:riverton_group,perimeter,Riverton Group,"{""id"":""perimeter:riverton_group"",""label"":""Riverton Group"",""type"":""perimeter""}"
claim:0020,claim,,"{""deal"":""keystone"",""derivation"":null,""direction"":""context"",""epistemic"":""observed"",""id"":""claim:0020"",""locator"":""keystone_data_room_extract.md::section:w2250-2500:Customer ledger / KS-DL-1.2 | Riverton customer concentration table"",""statement"":""RIV-CHEM (Riverton Chemicals - East) represents 1.62% of customer concentration within the Riverton Industrial Group portfolio."",""type"":""claim"",""unit"":null,""value"":""0.0162162162162""}"
claim:0021,claim,,"{""deal"":""keystone"",""derivation"":null,""direction"":""context"",""epistemic"":""observed"",""id"":""claim:0021"",""locator"":""keystone_data_room_extract.md::section:w1750-2000:keystone_data_room_extract.md::section:w1750-2000 | Billing Account RIV-DEC"",""statement"":""Riverton Advanced Materials - Decatur (Ultimate Parent: Riverton Industrial Group) generated $5.624m in 2025 revenue from EHS Compliance services in industrial manufacturing (Midwest)."",""type"":""claim"",""unit"":""$m"",""value"":""5.624""}"
author:customer_ledger_/_ks-dl-1.2,author,Customer ledger / KS-DL-1.2,"{""id"":""author:customer_ledger_/_ks-dl-1.2"",""label"":""Customer ledger / KS-DL-1.2"",""type"":""author""}"
claim:0022,claim,,"{""deal"":""keystone"",""derivation"":null,""direction"":""context"",""epistemic"":""observed"",""id"":""claim:0022"",""locator"":""keystone_data_room_extract.md::section:w1750-2000:keystone_data_room_extract.md::section:w1750-2000 | Billing Account RIV-DEC"",""statement"":""Riverton Advanced Materials - Decatur represents 7.6% of total 2025 revenue."",""type"":""claim"",""unit"":""%"",""value"":""0.076""}"
claim:0023,claim,,"{""deal"":""keystone"",""derivation"":null,""direction"":""supports"",""epistemic"":""observed"",""id"":""claim:0023"",""locator"":""keystone_data_room_extract.md::section:w1750-2000:keystone_data_room_extract.md::section:w1750-2000 | Billing Account RIV-DEC"",""statement"":""Riverton Advanced Materials - Decatur contract (commenced 2017-02-01) requires 60 days termination notice and triggers notice (not consent) on change of control."",""type"":""claim"",""unit"":null,""value"":""60 days termination notice; no change of control consent required""}"
claim:0024,claim,,"{""deal"":""keystone"",""derivation"":null,""direction"":""supports"",""epistemic"":""observed"",""id"":""claim:0024"",""locator"":""keystone_data_room_extract.md::section:w1750-2000:keystone_data_room_extract.md::section:w1750-2000 | Billing Account RIV-DEC"",""statement"":""Riverton Advanced Materials - Decatur has maintained a 9-year relationship tenure since contract start in February 2017."",""type"":""claim"",""unit"":""years"",""value"":""9.0""}"
claim:0025,claim,,"{""deal"":""keystone"",""derivation"":null,""direction"":""context"",""epistemic"":""observed"",""id"":""claim:0025"",""locator"":""keystone_data_room_extract.md::section:w3750-4000:Customer ledger / KS-DL-1.2; Account 23"",""statement"":""Oak Ridge Manufacturing 2 (Account 23) represents a concentration metric of 0.9865 in the customer ledger."",""type"":""claim"",""unit"":null,""value"":""0.986538650642""}"
author:qoe_provider,author,QoE provider,"{""id"":""author:qoe_provider"",""label"":""QoE provider"",""type"":""author""}"
claim:0026,claim,,"{""deal"":""keystone"",""derivation"":null,""direction"":""context"",""epistemic"":""observed"",""id"":""claim:0026"",""locator"":""keystone_data_room_extract.md::section:w3750-4000:Customer ledger / KS-DL-1.2; Account 24"",""statement"":""Summit Water 2 (Account 24) represents a concentration metric of 0.9745 in the customer ledger."",""type"":""claim"",""unit"":null,""value"":""0.974532095056""}"
claim:0027,claim,,"{""deal"":""keystone"",""derivation"":null,""direction"":""context"",""epistemic"":""observed"",""id"":""claim:0027"",""locator"":""keystone_data_room_extract.md::section:w3750-4000:Customer ledger / KS-DL-1.2; Account 25"",""statement"":""Keystone Health 2 (Account 25) represents a concentration metric of 0.9625 in the customer ledger."",""type"":""claim"",""unit"":null,""value"":""0.96252553947""}"
claim:0028,claim,,"{""deal"":""keystone"",""derivation"":null,""direction"":""context"",""epistemic"":""observed"",""id"":""claim:0028"",""locator"":""keystone_data_room_extract.md::section:w3750-4000:Customer ledger / KS-DL-1.2; Account 26"",""statement"":""Lakefront Infrastructure 2 (Account 26) represents a concentration metric of 0.9505 in the customer ledger."",""type"":""claim"",""unit"":null,""value"":""0.950518983884""}"
claim:0029,claim,,"{""deal"":""keystone"",""derivation"":null,""direction"":""context"",""epistemic"":""observed"",""id"":""claim:0029"",""locator"":""keystone_data_room_extract.md::section:w4500-4750:keystone_data_room_extract.md::section:w4500-4750, row 1, 2025 Revenue column"",""statement"":""Project RIV-DEC-P1 (Riverton Industrial Group, EHS Compliance) generated 2025 revenue of $1.62 million."",""type"":""claim"",""unit"":""$m"",""value"":""1.618""}"
claim:0030,claim,,"{""deal"":""keystone"",""derivation"":null,""direction"":""context"",""epistemic"":""observed"",""id"":""claim:0030"",""locator"":""keystone_data_room_extract.md::section:w4500-4750:keystone_data_room_extract.md::section:w4500-4750, row 1, Gross Margin % column"",""statement"":""Project RIV-DEC-P1 (Riverton Industrial Group, EHS Compliance) achieved 2025 gross margin of 30.7%."",""type"":""claim"",""unit"":""%"",""value"":""30.7""}"
claim:0031,claim,,"{""deal"":""keystone"",""derivation"":null,""direction"":""context"",""epistemic"":""observed"",""id"":""claim:0031"",""locator"":""keystone_data_room_extract.md::section:w4500-4750:keystone_data_room_extract.md::section:w4500-4750, row 2, 2025 Revenue column"",""statement"":""Project RIV-DEC-P2 (Riverton Industrial Group, EHS Compliance) generated 2025 revenue of $0.75 million."",""type"":""claim"",""unit"":""$m"",""value"":""0.754""}"
claim:0032,claim,,"{""deal"":""keystone"",""derivation"":null,""direction"":""context"",""epistemic"":""observed"",""id"":""claim:0032"",""locator"":""keystone_data_room_extract.md::section:w4500-4750:keystone_data_room_extract.md::section:w4500-4750, row 3, 2025 Revenue column"",""statement"":""Project RIV-DEC-P3 (Riverton Industrial Group, EHS Compliance) generated 2025 revenue of $3.25 million."",""type"":""claim"",""unit"":""$m"",""value"":""3.252""}"
claim:0033,claim,,"{""deal"":""keystone"",""derivation"":null,""direction"":""context"",""epistemic"":""observed"",""id"":""claim:0033"",""locator"":""keystone_data_room_extract.md::section:w4250-4500:Concentration Summary table, Largest customer row, Ultimate-parent view column"",""statement"":""Largest customer concentration is 0.182 (18.2%) at ultimate-parent view, measured from billing account data."",""type"":""claim"",""unit"":null,""value"":""0.182""}"
claim:0034,claim,,"{""deal"":""keystone"",""derivation"":null,""direction"":""context"",""epistemic"":""observed"",""id"":""claim:0034"",""locator"":""keystone_data_room_extract.md::section:w4250-4500:Concentration Summary table, Top five row, Ultimate-parent view column"",""statement"":""Top five customers concentration is 0.365 (36.5%) at ultimate-parent view, measured from billing account data."",""type"":""claim"",""unit"":null,""value"":""0.365""}"
claim:0035,claim,,"{""deal"":""keystone"",""derivation"":null,""direction"":""context"",""epistemic"":""observed"",""id"":""claim:0035"",""locator"":""keystone_data_room_extract.md::section:w4250-4500:Concentration Summary table, Top ten row, Ultimate-parent view column"",""statement"":""Top ten customers concentration is 0.505 (50.5%) at ultimate-parent view, measured from billing account data."",""type"":""claim"",""unit"":null,""value"":""0.505""}"
claim:0036,claim,,"{""deal"":""keystone"",""derivation"":null,""direction"":""context"",""epistemic"":""observed"",""id"":""claim:0036"",""locator"":""keystone_data_room_extract.md::section:w4250-4500:Concentration Summary table, Total revenue row"",""statement"":""Total revenue in FY2025A is $74 million, as confirmed in Concentration Summary check."",""type"":""claim"",""unit"":""$m"",""value"":""74.0""}"
claim:0037,claim,,"{""deal"":""keystone"",""derivation"":null,""direction"":""context"",""epistemic"":""observed"",""id"":""claim:0037"",""locator"":""keystone_data_room_extract.md::section:w5000-5250:Data room extract w5000-5250: Customer ledger table"",""statement"":""Customer contract portfolio includes recurring revenue contracts with MedCore Health (Industrial Hygiene), Riverton Industrial Group (EHS Compliance), and BioHealth Laboratories (Industrial Hygiene), with contract terms ranging from 2024-2026 and payment terms of 30-60 days."",""type"":""claim"",""unit"":null,""value"":null}"
author:data_room,author,Data room,"{""id"":""author:data_room"",""label"":""Data room"",""type"":""author""}"
claim:0038,claim,,"{""deal"":""keystone"",""derivation"":null,""direction"":""context"",""epistemic"":""observed"",""id"":""claim:0038"",""locator"":""keystone_data_room_extract.md::section:w5000-5250:Data room extract w5000-5250: Customer contract ledger"",""statement"":""Portfolio of recurring revenue contracts documented in project ledger includes Industrial Hygiene and EHS Compliance service lines across multiple customer accounts with contract values ranging from approximately $0.13m to $1.41m."",""type"":""claim"",""unit"":null,""value"":null}"
claim:0039,claim,,"{""deal"":""keystone"",""derivation"":null,""direction"":""context"",""epistemic"":""observed"",""id"":""claim:0039"",""locator"":""keystone_data_room_extract.md::section:w5750-6000:keystone_data_room_extract.md::section:w5750-6000 | Project ledger / data room table"",""statement"":""Riverton Industrial Group operates multiple service lines (RIV-CHEM, RIV-LOG, RIV-WST) across multiple contracts with repeat and project-based engagement types, as documented in project ledger data room records."",""type"":""claim"",""unit"":null,""value"":null}"
author:data_room_/_project_ledger,author,data room / project ledger,"{""id"":""author:data_room_/_project_ledger"",""label"":""data room / project ledger"",""type"":""author""}"
claim:0040,claim,,"{""deal"":""keystone"",""derivation"":null,""direction"":""context"",""epistemic"":""observed"",""id"":""claim:0040"",""locator"":""keystone_data_room_extract.md::section:w5750-6000:keystone_data_room_extract.md::section:w5750-6000 | Project ledger table, payment terms column"",""statement"":""Riverton Industrial Group contracts carry payment terms of 30-60 days, as documented across all contract records (RIV-CHEM-P1, RIV-CHEM-P2, RIV-LOG-P1, RIV-LOG-P2, RIV-WST-P1) in the project ledger."",""type"":""claim"",""unit"":null,""value"":""30-60 days""}"
metric:contract_terms,metric,Contract Terms,"{""id"":""metric:contract_terms"",""label"":""Contract Terms"",""type"":""metric""}"
claim:0041,claim,,"{""deal"":""keystone"",""derivation"":null,""direction"":""context"",""epistemic"":""observed"",""id"":""claim:0041"",""locator"":""keystone_data_room_extract.md::section:w9750-10000:Employee and Utilization Schedule - December 31, 2025; HRIS / KS-DL-1.2"",""statement"":""Employee roster as of December 31, 2025 shows at least 2 active billable employees (E0001, E0002) with recorded utilization rates of 62% and unspecified for E0002."",""type"":""claim"",""unit"":""headcount"",""value"":""2.0""}"
metric:headcount,metric,Headcount,"{""id"":""metric:headcount"",""label"":""Headcount"",""type"":""metric""}"
author:hris_system,author,HRIS system,"{""id"":""author:hris_system"",""label"":""HRIS system"",""type"":""author""}"
claim:0042,claim,,"{""deal"":""keystone"",""derivation"":""2025-02-01 minus 2016-02-01 = approximately 9 years"",""direction"":""supports"",""epistemic"":""derived"",""id"":""claim:0042"",""locator"":""keystone_data_room_extract.md::section:w9750-10000:Employee and Utilization Schedule - December 31, 2025; E0001 hire date"",""statement"":""Employee E0001 (Technical, Industrial Hygiene) was hired 2016-02-01, representing 9+ years tenure as of December 31, 2025."",""type"":""claim"",""unit"":""years"",""value"":""9.0""}"
metric:team_tenure,metric,Team Tenure,"{""id"":""metric:team_tenure"",""label"":""Team Tenure"",""type"":""metric""}"
claim:0043,claim,,"{""deal"":""keystone"",""derivation"":null,""direction"":""context"",""epistemic"":""observed"",""id"":""claim:0043"",""locator"":""keystone_data_room_extract.md::section:w9750-10000:Project ledger / data room; SM-034-P1 and SM-035-P1 contract term columns"",""statement"":""Customer contracts SM-034-P1 (Cobalt Industries 2, Industrial Hygiene) and SM-035-P1 (Meridian Transit 2, Field Inspection) both have payment terms of 30-60 days per project ledger."",""type"":""claim"",""unit"":null,""value"":""30-60 days""}"
author:project_ledger,author,Project ledger,"{""id"":""author:project_ledger"",""label"":""Project ledger"",""type"":""author""}"
claim:0044,claim,,"{""deal"":""keystone"",""derivation"":null,""direction"":""context"",""epistemic"":""observed"",""id"":""claim:0044"",""locator"":""keystone_data_room_extract.md::section:w10750-11000:keystone_data_room_extract.md::section:w10750-11000 — HRIS / KS-DL-1.2 table rows E0023–E0029"",""statement"":""HRIS extract (KS-DL-1.2) shows 7 active employees in data room snapshot covering regional staff with tenure from 2016 to 2022."",""type"":""claim"",""unit"":""headcount"",""value"":""7.0""}"
claim:0045,claim,,"{""deal"":""keystone"",""derivation"":null,""direction"":""context"",""epistemic"":""observed"",""id"":""claim:0045"",""locator"":""keystone_data_room_extract.md::section:w10750-11000:keystone_data_room_extract.md::section:w10750-11000 — HRIS / KS-DL-1.2 hire_date column"",""statement"":""HRIS records show employees hired over span from December 2016 (E0023, Knoxville) through June 2022 (E0029, Chicago), indicating team formation across multiple acquisition cycles."",""type"":""claim"",""unit"":null,""value"":""2016–2022 range""}"
claim:0046,claim,,"{""deal"":""keystone"",""derivation"":null,""direction"":""context"",""epistemic"":""observed"",""id"":""claim:0046"",""locator"":""keystone_data_room_extract.md::section:w11000-11250:keystone_data_room_extract.md::section:w11000-11250 — HRIS / KS-DL-1.2 staff roster"",""statement"":""Data room HRIS extract shows 8 employee records across multiple geographies and functions (Detroit, Louisville, Nashville, Raleigh, Charlotte, Cincinnati, Columbus) with tenures ranging from 2015 to 2025."",""type"":""claim"",""unit"":""headcount"",""value"":""763.0""}"
author:hris_system_extract,author,HRIS system extract,"{""id"":""author:hris_system_extract"",""label"":""HRIS system extract"",""type"":""author""}"
claim:0047,claim,,"{""deal"":""keystone"",""derivation"":null,""direction"":""context"",""epistemic"":""observed"",""id"":""claim:0047"",""locator"":""keystone_data_room_extract.md::section:w10500-10750:keystone_data_room_extract.md::section:w10500-10750; HRIS / KS-DL-1.2 employee roster E0016–E0022"",""statement"":""Keystone headcount across E0016–E0022 staff records spans 7 employees across multiple regions and functions (Detroit, Louisville, Nashville, Raleigh, Charlotte, Cincinnati, Columbus) with hire dates ranging from 2015-11-01 to 2025-10-01."",""type"":""claim"",""unit"":""headcount"",""value"":""771.0""}"
entity:keystone_standalone,entity,Keystone standalone,"{""id"":""entity:keystone_standalone"",""label"":""Keystone standalone"",""type"":""entity""}"
perimeter:keystone_standalone,perimeter,Keystone standalone,"{""id"":""perimeter:keystone_standalone"",""label"":""Keystone standalone"",""type"":""perimeter""}"
author:data_room_(hris_system),author,Data room (HRIS system),"{""id"":""author:data_room_(hris_system)"",""label"":""Data room (HRIS system)"",""type"":""author""}"
claim:0048,claim,,"{""deal"":""keystone"",""derivation"":null,""direction"":""context"",""epistemic"":""observed"",""id"":""claim:0048"",""locator"":""keystone_data_room_extract.md::section:w10500-10750:keystone_data_room_extract.md::section:w10500-10750; HRIS / KS-DL-1.2 hire date and engagement columns"",""statement"":""Keystone staff exhibit mixed tenure: one employee (E0022, Columbus, Technical/Field Inspection) hired 2015-11-01 (≈10 years); most others hired 2020–2025; two technical staff (E0020 Charlotte, E0021 Cincinnati) show high engagement metrics (0.75–0.82 utilization, 0.71–0.78 quality) and recent hire dates (2024–2025)."",""type"":""claim"",""unit"":null,""value"":null}"
claim:0049,claim,,"{""deal"":""keystone"",""derivation"":null,""direction"":""supports"",""epistemic"":""observed"",""id"":""claim:0049"",""locator"":""keystone_data_room_extract.md::section:w10500-10750:keystone_data_room_extract.md::section:w10500-10750; HRIS / KS-DL-1.2 utilization and quality metrics for technical staff"",""statement"":""Keystone technical staff (E0020, E0021, E0022) show high engagement and quality metrics (utilization 0.05–0.59, quality 0.55–0.82) and are concentrated in high-value functions (EHS Compliance, Industrial Hygiene, Field Inspection); E0022 (Columbus) represents long tenure (10 years) in technical function, indicating potential key person dependency."",""type"":""claim"",""unit"":null,""value"":null}"
claim:0050,claim,,"{""deal"":""keystone"",""derivation"":null,""direction"":""context"",""epistemic"":""observed"",""id"":""claim:0050"",""locator"":""keystone_data_room_extract.md::section:w15000-15250:HRIS / KS-DL-1.2 | Data Room | Employees E0139–E0145"",""statement"":""HRIS extract KS-DL-1.2 lists 7 active employees across IT, Technical, Project Management, and Corporate functions in Midwest and Southeast regions as of 2025-11-15."",""type"":""claim"",""unit"":""headcount"",""value"":""7.0""}"
period:opening,period,OPENING,"{""id"":""period:opening"",""label"":""OPENING"",""type"":""period""}"
author:alderstone_hris_system,author,Alderstone HRIS system,"{""id"":""author:alderstone_hris_system"",""label"":""Alderstone HRIS system"",""type"":""author""}"
claim:0051,claim,,"{""deal"":""keystone"",""derivation"":""Mean of hire dates: (2022-08-01, 2023-09-01, 2024-10-01, 2025-11-01, 2015-12-01, 2016-01-01, 2017-02-01) = ~9.92 years as of 2025-11-15"",""direction"":""supports"",""epistemic"":""derived"",""id"":""claim:0051"",""locator"":""keystone_data_room_extract.md::section:w15000-15250:HRIS / KS-DL-1.2 | Data Room | Hire dates E0139–E0145"",""statement"":""Mean tenure across 7 active employees is approximately 9.92 years, with tenures ranging from 0.25 years (E0142, hired 2025-11-01) to 9.92 years (E0143, hired 2015-12-01)."",""type"":""claim"",""unit"":""years"",""value"":""9.92""}"
claim:0052,claim,,"{""deal"":""keystone"",""derivation"":null,""direction"":""context"",""epistemic"":""observed"",""id"":""claim:0052"",""locator"":""keystone_data_room_extract.md::section:w16500-16750:HRIS / KS-DL-1.2 employee roster table; 7 rows with Active status"",""statement"":""HRIS record KS-DL-1.2 shows 7 active employees across Technical, Project Management, Corporate, and Sales functions as of the extract date, spanning Legacy Alderstone, Northstar, Delta, Meridian, and Summit entities."",""type"":""claim"",""unit"":""headcount"",""value"":""7.0""}"
entity:alderstone_consolidated,entity,Alderstone consolidated,"{""id"":""entity:alderstone_consolidated"",""label"":""Alderstone consolidated"",""type"":""entity""}"
perimeter:alderstone_consolidated,perimeter,Alderstone consolidated,"{""id"":""perimeter:alderstone_consolidated"",""label"":""Alderstone consolidated"",""type"":""perimeter""}"
claim:0053,claim,,"{""deal"":""keystone"",""derivation"":null,""direction"":""supports"",""epistemic"":""observed"",""id"":""claim:0053"",""locator"":""keystone_data_room_extract.md::section:w16500-16750:HRIS / KS-DL-1.2 employee E0180 hire date column"",""statement"":""Earliest recorded employee hire date is 2019-01-01 (E0180, St. Louis, Legacy Alderstone), indicating core team tenure spans at least 6+ years."",""type"":""claim"",""unit"":null,""value"":""2019.0""}"
claim:0054,claim,,"{""deal"":""keystone"",""derivation"":null,""direction"":""context"",""epistemic"":""observed"",""id"":""claim:0054"",""locator"":""keystone_data_room_extract.md::section:w16500-16750:HRIS / KS-DL-1.2 employee E0186 hire date column"",""statement"":""Most recent recorded employee hire date is 2025-07-01 (E0186, Nashville, Sales function), indicating recent recruitment activity."",""type"":""claim"",""unit"":null,""value"":""2025.0""}"
claim:0055,claim,,"{""deal"":""keystone"",""derivation"":null,""direction"":""context"",""epistemic"":""observed"",""id"":""claim:0055"",""locator"":""keystone_data_room_extract.md::section:w23750-24000:keystone_data_room_extract.md::section:w23750-24000 — HRIS table rows E0378–E0384"",""statement"":""HRIS extract shows 8 active staff members across multiple locations (Indianapolis, Chicago, Detroit, Louisville, Nashville, Raleigh, Charlotte) as of the data room extract date."",""type"":""claim"",""unit"":""headcount"",""value"":""8.0""}"
claim:0056,claim,,"{""deal"":""keystone"",""derivation"":null,""direction"":""context"",""epistemic"":""observed"",""id"":""claim:0056"",""locator"":""keystone_data_room_extract.md::section:w23750-24000:keystone_data_room_extract.md::section:w23750-24000 — HRIS table, hire date column"",""statement"":""Earliest hire date in the HRIS extract is 2019-07-01 (employee E0378), indicating tenure range spanning approximately 6 years."",""type"":""claim"",""unit"":null,""value"":""2019.0""}"
claim:0057,claim,,"{""deal"":""keystone"",""derivation"":""(0.0894168413267 × 21 + 0.20202857928 × 50) / 0.2914454206 = 35.5 days"",""direction"":""context"",""epistemic"":""observed"",""id"":""claim:0057"",""locator"":""keystone_data_room_extract.md::section:w27000-27250:AR_WIP Detail - December 31, 2025; Accounts Receivable Detail table"",""statement"":""Weighted average days sales outstanding (DSO) across open accounts receivable as of December 31, 2025 is approximately 35.5 days."",""type"":""claim"",""unit"":""days"",""value"":""35.5""}"
metric:dso,metric,DSO,"{""id"":""metric:dso"",""label"":""DSO"",""type"":""metric""}"
claim:0058,claim,,"{""deal"":""keystone"",""derivation"":null,""direction"":""context"",""epistemic"":""observed"",""id"":""claim:0058"",""locator"":""keystone_data_room_extract.md::section:w27250-27500:keystone_data_room_extract.md::section:w27250-27500 — INV-0011 row"",""statement"":""Pioneer Components (INV-0011, SM-010) represents a customer concentration factor of 0.2092 as of 2025-12-07."",""type"":""claim"",""unit"":"""",""value"":""0.209169816276""}"
author:keystone_data_room,author,Keystone data room,"{""id"":""author:keystone_data_room"",""label"":""Keystone data room"",""type"":""author""}"
claim:0059,claim,,"{""deal"":""keystone"",""derivation"":null,""direction"":""context"",""epistemic"":""observed"",""id"":""claim:0059"",""locator"":""keystone_data_room_extract.md::section:w27250-27500:keystone_data_room_extract.md::section:w27250-27500 — INV-0006 row"",""statement"":""CityWorks Municipal Group (INV-0006, CTY-01) represents a customer concentration factor of 0.1628 as of 2025-08-04."",""type"":""claim"",""unit"":"""",""value"":""0.162769756002""}"
claim:0060,claim,,"{""deal"":""keystone"",""derivation"":null,""direction"":""context"",""epistemic"":""observed"",""id"":""claim:0060"",""locator"":""keystone_data_room_extract.md::section:w27250-27500:keystone_data_room_extract.md::section:w27250-27500 — INV-0005 row"",""statement"":""Apex Manufacturing (INV-0005, APX-02) represents a customer concentration factor of 0.1617 as of 2025-12-13."",""type"":""claim"",""unit"":"""",""value"":""0.161709849486""}"
claim:0061,claim,,"{""deal"":""keystone"",""derivation"":null,""direction"":""context"",""epistemic"":""observed"",""id"":""claim:0061"",""locator"":""keystone_data_room_extract.md::section:w27250-27500:keystone_data_room_extract.md::section:w27250-27500 — INV-0007 row"",""statement"":""Clinica Health (INV-0007, CLN-02) represents a customer concentration factor of 0.1594 as of 2025-10-11."",""type"":""claim"",""unit"":"""",""value"":""0.159424901705""}"
claim:0062,claim,,"{""deal"":""keystone"",""derivation"":null,""direction"":""context"",""epistemic"":""observed"",""id"":""claim:0062"",""locator"":""keystone_data_room_extract.md::section:w29000-29250:Data room extract section w29000-29250, invoice INV-0064"",""statement"":""Apex Manufacturing represents a concentration metric of 0.260408511116, with invoice term spanning 2025-11-23 to 2025-12-23 and DSO of 38 days."",""type"":""claim"",""unit"":null,""value"":""0.260408511116""}"
claim:0063,claim,,"{""deal"":""keystone"",""derivation"":null,""direction"":""context"",""epistemic"":""observed"",""id"":""claim:0063"",""locator"":""keystone_data_room_extract.md::section:w29000-29250:Data room extract section w29000-29250, invoice INV-0065"",""statement"":""CityWorks Municipal Group represents a concentration metric of 0.194607147019, with invoice term spanning 2025-11-20 to 2025-12-20 and DSO of 41 days."",""type"":""claim"",""unit"":null,""value"":""0.194607147019""}"
claim:0064,claim,,"{""deal"":""keystone"",""derivation"":null,""direction"":""context"",""epistemic"":""observed"",""id"":""claim:0064"",""locator"":""keystone_data_room_extract.md::section:w29000-29250:Data room extract section w29000-29250, invoice INV-0066"",""statement"":""Clinica Health represents a concentration metric of 0.232689111986, with invoice term spanning 2025-11-29 to 2025-12-29 and DSO of 32 days."",""type"":""claim"",""unit"":null,""value"":""0.232689111986""}"
claim:0065,claim,,"{""deal"":""keystone"",""derivation"":null,""direction"":""context"",""epistemic"":""observed"",""id"":""claim:0065"",""locator"":""keystone_data_room_extract.md::section:w29500-29750:WIP ledger table, rows WIP-0001 through WIP-0006"",""statement"":""Work-in-progress billings across six active projects total $0.673 million across Field Inspection, Industrial Hygiene, and Permitting & Advisory service lines."",""type"":""claim"",""unit"":""$m"",""value"":""0.6729282029""}"
author:data_room_/_wip_ledger,author,Data room / WIP ledger,"{""id"":""author:data_room_/_wip_ledger"",""label"":""Data room / WIP ledger"",""type"":""author""}"
claim:0066,claim,,"{""deal"":""keystone"",""derivation"":""Sum of Metro Utility Holdings WIP (0.1125735818 + 0.0913154839627) / Total WIP (0.6729282029)"",""direction"":""context"",""epistemic"":""derived"",""id"":""claim:0066"",""locator"":""keystone_data_room_extract.md::section:w29500-29750:WIP ledger table, rows WIP-0001 and WIP-0004"",""statement"":""Metro Utility Holdings represents 20.39% of total WIP value ($0.1375 million of $0.673 million across MET-N and MET-S projects)."",""type"":""claim"",""unit"":""%"",""value"":""0.2039""}"
claim:0067,claim,,"{""deal"":""keystone"",""derivation"":""Sum of Riverton Industrial Group WIP (0.0761764400116 + 0.153603924604) / Total WIP (0.6729282029)"",""direction"":""context"",""epistemic"":""derived"",""id"":""claim:0067"",""locator"":""keystone_data_room_extract.md::section:w29500-29750:WIP ledger table, rows WIP-0005 and WIP-0006"",""statement"":""Riverton Industrial Group represents 17.91% of total WIP value ($0.1205 million of $0.673 million across RIV-MIL and RIV-WST projects)."",""type"":""claim"",""unit"":""%"",""value"":""0.1791""}"
claim:0068,claim,,"{""deal"":""keystone"",""derivation"":""High collectibility WIP (0.1125735818 + 0.126407176396 + 0.0913154839627 + 0.0761764400116) / Total WIP"",""direction"":""supports"",""epistemic"":""derived"",""id"":""claim:0068"",""locator"":""keystone_data_room_extract.md::section:w29500-29750:WIP ledger table, Collectibility column"",""statement"":""66.7% of WIP amount ($0.449 million) is marked with High collectibility rating, while 33.3% ($0.224 million) is rated Review."",""type"":""claim"",""unit"":""%"",""value"":""67.0""}"
metric:revenue_quality,metric,Revenue Quality,"{""id"":""metric:revenue_quality"",""label"":""Revenue Quality"",""type"":""metric""}"
area:earnings,area,Earnings,"{""id"":""area:earnings"",""label"":""Earnings"",""type"":""area""}"
claim:0069,claim,,"{""deal"":""keystone"",""derivation"":null,""direction"":""context"",""epistemic"":""asserted"",""id"":""claim:0069"",""locator"":""keystone_firm_initial_assessment.md::## Recommendation:Recommendation section"",""statement"":""Firm recommends maintaining exclusivity at no more than $108.0m of enterprise value."",""type"":""claim"",""unit"":""$m"",""value"":""108.0""}"
metric:enterprise_value,metric,Enterprise Value,"{""id"":""metric:enterprise_value"",""label"":""Enterprise Value"",""type"":""metric""}"
source:src-ia,source,SRC-IA,"{""id"":""source:src-ia"",""label"":""SRC-IA"",""type"":""source""}"
author:firm,author,Firm,"{""id"":""author:firm"",""label"":""Firm"",""type"":""author""}"
area:returns,area,Returns,"{""id"":""area:returns"",""label"":""Returns"",""type"":""area""}"
claim:0070,claim,,"{""deal"":""keystone"",""derivation"":null,""direction"":""context"",""epistemic"":""asserted"",""id"":""claim:0070"",""locator"":""keystone_firm_initial_assessment.md::## Preliminary investment snapshot:Preliminary investment snapshot, Reported EBITDA row"",""statement"":""Reported EBITDA is $10.2m."",""type"":""claim"",""unit"":""$m"",""value"":""10.2""}"
claim:0071,claim,,"{""deal"":""keystone"",""derivation"":null,""direction"":""supports"",""epistemic"":""asserted"",""id"":""claim:0071"",""locator"":""keystone_firm_initial_assessment.md::## Preliminary investment snapshot:Preliminary investment snapshot, Seller-adjusted EBITDA row"",""statement"":""Seller-adjusted EBITDA is $12.7m."",""type"":""claim"",""unit"":""$m"",""value"":""12.7""}"
claim:0072,claim,,"{""deal"":""keystone"",""derivation"":null,""direction"":""supports"",""epistemic"":""asserted"",""id"":""claim:0072"",""locator"":""keystone_firm_initial_assessment.md::## Preliminary merits:## Preliminary merits - scheduled/programmatic revenue"",""statement"":""Management reports 38% of Alderstone revenue is scheduled or programmatic in nature."",""type"":""claim"",""unit"":""%"",""value"":""38.0""}"
claim:0073,claim,,"{""deal"":""keystone"",""derivation"":null,""direction"":""supports"",""epistemic"":""asserted"",""id"":""claim:0073"",""locator"":""keystone_firm_initial_assessment.md::## Preliminary merits:## Preliminary merits - repeat-project revenue"",""statement"":""Management reports a further 34% of Alderstone revenue derives from repeat-project work."",""type"":""claim"",""unit"":""%"",""value"":""34.0""}"
claim:0074,claim,,"{""deal"":""keystone"",""derivation"":null,""direction"":""supports"",""epistemic"":""asserted"",""id"":""claim:0074"",""locator"":""keystone_firm_initial_assessment.md::## Preliminary merits:## Preliminary merits - Capex guidance"",""statement"":""Capex at Alderstone is low at approximately 1%-2% of revenue."",""type"":""claim"",""unit"":""%"",""value"":""1.5""}"
metric:capex,metric,Capex,"{""id"":""metric:capex"",""label"":""Capex"",""type"":""metric""}"
claim:0075,claim,,"{""deal"":""keystone"",""derivation"":null,""direction"":""supports"",""epistemic"":""asserted"",""id"":""claim:0075"",""locator"":""keystone_firm_initial_assessment.md::## Preliminary merits:## Preliminary merits - Seller rollover"",""statement"":""Seller rollover is meaningful at $12.0m."",""type"":""claim"",""unit"":""$m"",""value"":""12.0""}"
metric:seller_rollover,metric,Seller Rollover,"{""id"":""metric:seller_rollover"",""label"":""Seller Rollover"",""type"":""metric""}"
claim:0076,claim,,"{""deal"":""keystone"",""derivation"":null,""direction"":""context"",""epistemic"":""asserted"",""id"":""claim:0076"",""locator"":""keystone_firm_initial_assessment.md::### Customer concentration:### Customer concentration"",""statement"":""The seller presents the largest billing account as 7.6% of revenue."",""type"":""claim"",""unit"":""%"",""value"":""7.6""}"
author:seller/management,author,seller/management,"{""id"":""author:seller/management"",""label"":""seller/management"",""type"":""author""}"
claim:0077,claim,,"{""deal"":""keystone"",""derivation"":null,""direction"":""context"",""epistemic"":""asserted"",""id"":""claim:0077"",""locator"":""keystone_firm_initial_assessment.md::### Working capital:keystone_firm_initial_assessment.md::### Working capital"",""statement"":""The Company is asset-light but not working-capital-light, with unbilled WIP, AR aging, and branch-level billing controls requiring detailed review."",""type"":""claim"",""unit"":null,""value"":null}"
metric:working_capital,metric,Working Capital,"{""id"":""metric:working_capital"",""label"":""Working Capital"",""type"":""metric""}"
author:firm_initial_assessment,author,Firm initial assessment,"{""id"":""author:firm_initial_assessment"",""label"":""Firm initial assessment"",""type"":""author""}"
claim:0078,claim,,"{""deal"":""keystone"",""derivation"":null,""direction"":""context"",""epistemic"":""asserted"",""id"":""claim:0078"",""locator"":""keystone_firm_initial_assessment.md::### Integration and execution:Integration and execution section"",""statement"":""The Company has completed four acquisitions since 2020."",""type"":""claim"",""unit"":"""",""value"":""4.0""}"
claim:0079,claim,,"{""deal"":""keystone"",""derivation"":null,""direction"":""context"",""epistemic"":""asserted"",""id"":""claim:0079"",""locator"":""keystone_firm_initial_assessment.md::### EBITDA quality:EBITDA quality section"",""statement"":""Seller-adjusted EBITDA includes run-rate pricing and utilization initiatives."",""type"":""claim"",""unit"":null,""value"":null}"
metric:ebitda_adjustment,metric,EBITDA Adjustment,"{""id"":""metric:ebitda_adjustment"",""label"":""EBITDA Adjustment"",""type"":""metric""}"
author:seller,author,seller,"{""id"":""author:seller"",""label"":""seller"",""type"":""author""}"
claim:0080,claim,,"{""deal"":""keystone"",""derivation"":null,""direction"":""context"",""epistemic"":""asserted"",""id"":""claim:0080"",""locator"":""keystone_firm_initial_assessment.md::### EBITDA quality:EBITDA quality section"",""statement"":""The Firm should underwrite only implemented or supportable adjustments to seller-adjusted EBITDA."",""type"":""claim"",""unit"":null,""value"":null}"
metric:adjustment_supportability,metric,Adjustment Supportability,"{""id"":""metric:adjustment_supportability"",""label"":""Adjustment Supportability"",""type"":""metric""}"
claim:0081,claim,,"{""deal"":""keystone"",""derivation"":null,""direction"":""context"",""epistemic"":""asserted"",""id"":""claim:0081"",""locator"":""keystone_firm_initial_assessment.md::## What must be true:What must be true — Point 2"",""statement"":""The Firm prices the transaction on $11.4m, not seller-defined EBITDA."",""type"":""claim"",""unit"":""$m"",""value"":""11.4""}"
claim:0082,claim,,"{""deal"":""keystone"",""derivation"":null,""direction"":""context"",""epistemic"":""asserted"",""id"":""claim:0082"",""locator"":""keystone_firm_initial_assessment.md::## What must be true:What must be true — Point 8"",""statement"":""The investment works at a 9.0x exit multiple."",""type"":""claim"",""unit"":""x"",""value"":""9.0""}"
metric:exit_multiple,metric,Exit Multiple,"{""id"":""metric:exit_multiple"",""label"":""Exit Multiple"",""type"":""metric""}"
claim:0083,claim,,"{""deal"":""keystone"",""derivation"":null,""direction"":""context"",""epistemic"":""asserted"",""id"":""claim:0083"",""locator"":""keystone_firm_initial_assessment.md::## What must be true:What must be true — Point 5"",""statement"":""The $2.0m integration program is funded and governed."",""type"":""claim"",""unit"":""$m"",""value"":""2.0""}"
claim:0084,claim,,"{""deal"":""keystone"",""derivation"":null,""direction"":""context"",""epistemic"":""observed"",""id"":""claim:0084"",""locator"":""keystone_qoe_report.md::## Executive findings:Executive findings"",""statement"":""Alderstone reported FY2025 EBITDA of $10.2m."",""type"":""claim"",""unit"":""$m"",""value"":""10.2""}"
source:src-qoe,source,SRC-QOE,"{""id"":""source:src-qoe"",""label"":""SRC-QOE"",""type"":""source""}"
claim:0085,claim,,"{""deal"":""keystone"",""derivation"":null,""direction"":""supports"",""epistemic"":""attested"",""id"":""claim:0085"",""locator"":""keystone_qoe_report.md::## Executive findings:Executive findings"",""statement"":""Based on QoE procedures performed, normalized FY2025 EBITDA for Alderstone is $11.9m."",""type"":""claim"",""unit"":""$m"",""value"":""11.9""}"
entity:alderstone_qoe-normalized,entity,Alderstone QoE-normalized,"{""id"":""entity:alderstone_qoe-normalized"",""label"":""Alderstone QoE-normalized"",""type"":""entity""}"
perimeter:alderstone_qoe-normalized,perimeter,Alderstone QoE-normalized,"{""id"":""perimeter:alderstone_qoe-normalized"",""label"":""Alderstone QoE-normalized"",""type"":""perimeter""}"
claim:0086,claim,,"{""deal"":""keystone"",""derivation"":null,""direction"":""supports"",""epistemic"":""attested"",""id"":""claim:0086"",""locator"":""keystone_qoe_report.md::## Normalized EBITDA schedule:Normalized EBITDA schedule, Founder/executive compensation"",""statement"":""Founder/executive compensation adjustment of $0.35m accepted by QoE at market replacement cost."",""type"":""claim"",""unit"":""$m"",""value"":""0.35""}"
claim:0087,claim,,"{""deal"":""keystone"",""derivation"":null,""direction"":""supports"",""epistemic"":""attested"",""id"":""claim:0087"",""locator"":""keystone_qoe_report.md::## Normalized EBITDA schedule:Normalized EBITDA schedule, Transaction-readiness and professional fees"",""statement"":""Transaction-readiness and professional fees adjustment of $0.25m, with recurring audit/compliance costs of $0m retained per QoE treatment."",""type"":""claim"",""unit"":""$m"",""value"":""0.25""}"
claim:0088,claim,,"{""deal"":""keystone"",""derivation"":null,""direction"":""supports"",""epistemic"":""attested"",""id"":""claim:0088"",""locator"":""keystone_qoe_report.md::## Normalized EBITDA schedule:Normalized EBITDA schedule, Legal and settlement expense"",""statement"":""Legal and settlement expense adjustment of $0.2m supported as non-recurring per QoE review."",""type"":""claim"",""unit"":""$m"",""value"":""0.2""}"
claim:0089,claim,,"{""deal"":""keystone"",""derivation"":null,""direction"":""contradicts"",""epistemic"":""attested"",""id"":""claim:0089"",""locator"":""keystone_qoe_report.md::## Adjustment conclusions:Adjustment conclusions - Revenue cut-off"",""statement"":""QoE adjustment: revenue cut-off reduced EBITDA by $0.1m."",""type"":""claim"",""unit"":""$m"",""value"":""-0.1""}"
claim:0090,claim,,"{""deal"":""keystone"",""derivation"":null,""direction"":""supports"",""epistemic"":""attested"",""id"":""claim:0090"",""locator"":""keystone_qoe_report.md::## Adjustment conclusions:Adjustment conclusions - Founder and executive compensation"",""statement"":""QoE concluded that founder and executive compensation adjustments were accepted at market replacement cost."",""type"":""claim"",""unit"":null,""value"":""Accepted""}"
claim:0091,claim,,"{""deal"":""keystone"",""derivation"":null,""direction"":""context"",""epistemic"":""asserted"",""id"":""claim:0091"",""locator"":""keystone_qoe_report.md::## Working-capital findings:Working-capital findings"",""statement"":""The seller proposed a net working capital target of $7.7m."",""type"":""claim"",""unit"":""$m"",""value"":""7.7""}"
metric:net_working_capital_target,metric,Net Working Capital Target,"{""id"":""metric:net_working_capital_target"",""label"":""Net Working Capital Target"",""type"":""metric""}"
claim:0092,claim,,"{""deal"":""keystone"",""derivation"":null,""direction"":""context"",""epistemic"":""observed"",""id"":""claim:0092"",""locator"":""keystone_qoe_report.md::## Working-capital findings:Working-capital findings"",""statement"":""Normalized operating working capital is $8.4m according to the QoE analysis."",""type"":""claim"",""unit"":""$m"",""value"":""8.4""}"
metric:net_working_capital,metric,Net Working Capital,"{""id"":""metric:net_working_capital"",""label"":""Net Working Capital"",""type"":""metric""}"
claim:0093,claim,,"{""deal"":""keystone"",""derivation"":""Normalized NWC ($8.4m) minus seller target ($7.7m) = $0.7m; negative direction reflects seller target below normalized level"",""direction"":""context"",""epistemic"":""derived"",""id"":""claim:0093"",""locator"":""keystone_qoe_report.md::## Working-capital findings:Working-capital findings"",""statement"":""The variance between normalized operating working capital and seller target is $0.7m (favorable to buyer at closing)."",""type"":""claim"",""unit"":""$m"",""value"":""-0.7""}"
metric:net_working_capital_adjustment,metric,Net Working Capital Adjustment,"{""id"":""metric:net_working_capital_adjustment"",""label"":""Net Working Capital Adjustment"",""type"":""metric""}"
claim:0094,claim,,"{""deal"":""keystone"",""derivation"":null,""direction"":""context"",""epistemic"":""observed"",""id"":""claim:0094"",""locator"":""keystone_qoe_report.md::## Debt and debt-like items:Debt and debt-like items table, final row"",""statement"":""Gross debt and debt-like items total $14.40m, comprising $10.75m in funded debt and $3.65m in debt-like items."",""type"":""claim"",""unit"":""$m"",""value"":""14.4""}"
entity:keystone,entity,Keystone,"{""id"":""entity:keystone"",""label"":""Keystone"",""type"":""entity""}"
perimeter:keystone,perimeter,Keystone,"{""id"":""perimeter:keystone"",""label"":""Keystone"",""type"":""perimeter""}"
claim:0095,claim,,"{""deal"":""keystone"",""derivation"":null,""direction"":""context"",""epistemic"":""observed"",""id"":""claim:0095"",""locator"":""keystone_qoe_report.md::## Debt and debt-like items:Debt and debt-like items table, bottom rows"",""statement"":""Net debt and debt-like items equal $10.20m after deducting $4.20m in acquired unrestricted cash from $14.40m in gross debt and debt-like items."",""type"":""claim"",""unit"":""$m"",""value"":""10.2""}"
metric:net_debt,metric,Net Debt,"{""id"":""metric:net_debt"",""label"":""Net Debt"",""type"":""metric""}"
claim:0096,claim,,"{""deal"":""keystone"",""derivation"":""Sum of existing bank term loan $8.60m + existing revolver $1.50m + accrued interest $0.10m"",""direction"":""context"",""epistemic"":""derived"",""id"":""claim:0096"",""locator"":""keystone_qoe_report.md::## Debt and debt-like items:Debt and debt-like items table, funded debt line items"",""statement"":""First-lien funded debt is $10.10m, derived by summing existing bank term loan ($8.60m), existing revolver ($1.50m), and accrued interest ($0.10m)."",""type"":""claim"",""unit"":""$m"",""value"":""10.1""}"
metric:first-lien_debt,metric,First-Lien Debt,"{""id"":""metric:first-lien_debt"",""label"":""First-Lien Debt"",""type"":""metric""}"
claim:0097,claim,,"{""deal"":""keystone"",""derivation"":null,""direction"":""context"",""epistemic"":""asserted"",""id"":""claim:0097"",""locator"":""keystone_firm_model_summary.md::### Standalone base:Standalone base"",""statement"":""Standalone base case model assumes approximately 7% organic revenue growth."",""type"":""claim"",""unit"":""%"",""value"":""7.0""}"
metric:revenue_growth,metric,Revenue Growth,"{""id"":""metric:revenue_growth"",""label"":""Revenue Growth"",""type"":""metric""}"
source:src-model-sum,source,SRC-MODEL-SUM,"{""id"":""source:src-model-sum"",""label"":""SRC-MODEL-SUM"",""type"":""source""}"
claim:0098,claim,,"{""deal"":""keystone"",""derivation"":null,""direction"":""context"",""epistemic"":""asserted"",""id"":""claim:0098"",""locator"":""keystone_firm_model_summary.md::### Standalone base:Standalone base"",""statement"":""Entry firm EBITDA margin is 15.4%, with gradual margin expansion assumed thereafter."",""type"":""claim"",""unit"":""%"",""value"":""15.4""}"
metric:ebitda_margin,metric,EBITDA Margin,"{""id"":""metric:ebitda_margin"",""label"":""EBITDA Margin"",""type"":""metric""}"
claim:0099,claim,,"{""deal"":""keystone"",""derivation"":null,""direction"":""context"",""epistemic"":""asserted"",""id"":""claim:0099"",""locator"":""keystone_firm_model_summary.md::### Standalone base:Standalone base"",""statement"":""Standalone base case uses a 9.0x exit multiple applied to LTM March 31, 2031 EBITDA."",""type"":""claim"",""unit"":""x"",""value"":""9.0""}"
period:fy2031,period,FY2031,"{""id"":""period:fy2031"",""label"":""FY2031"",""type"":""period""}"
claim:0100,claim,,"{""deal"":""keystone"",""derivation"":null,""direction"":""context"",""epistemic"":""asserted"",""id"":""claim:0100"",""locator"":""keystone_firm_model_summary.md::## Entry basis:Entry basis table, Enterprise value row"",""statement"":""Firm model entry enterprise value is $108.0m at OPENING."",""type"":""claim"",""unit"":""$m"",""value"":""108.0""}"
claim:0101,claim,,"{""deal"":""keystone"",""derivation"":null,""direction"":""context"",""epistemic"":""asserted"",""id"":""claim:0101"",""locator"":""keystone_firm_model_summary.md::## Entry basis:Entry basis table, Firm-underwritten EBITDA row"",""statement"":""Firm-underwritten EBITDA at entry is $11.4m."",""type"":""claim"",""unit"":""$m"",""value"":""11.4""}"
claim:0102,claim,,"{""deal"":""keystone"",""derivation"":""108.0 / 11.4 = 9.47x, rounded to 9.5x"",""direction"":""context"",""epistemic"":""derived"",""id"":""claim:0102"",""locator"":""keystone_firm_model_summary.md::## Entry basis:Entry basis table, Entry multiple row"",""statement"":""Entry multiple of 9.5x is derived from $108.0m EV divided by $11.4m firm EBITDA."",""type"":""claim"",""unit"":""x"",""value"":""9.5""}"
metric:entry_multiple,metric,Entry Multiple,"{""id"":""metric:entry_multiple"",""label"":""Entry Multiple"",""type"":""metric""}"
claim:0103,claim,,"{""deal"":""keystone"",""derivation"":null,""direction"":""context"",""epistemic"":""asserted"",""id"":""claim:0103"",""locator"":""keystone_firm_model_summary.md::## Entry basis:Entry basis table, Sponsor initial cash equity row"",""statement"":""Sponsor initial cash equity contribution at entry is $62.0m."",""type"":""claim"",""unit"":""$m"",""value"":""62.0""}"
metric:sponsor_equity,metric,Sponsor Equity,"{""id"":""metric:sponsor_equity"",""label"":""Sponsor Equity"",""type"":""metric""}"
claim:0104,claim,,"{""deal"":""keystone"",""derivation"":null,""direction"":""context"",""epistemic"":""asserted"",""id"":""claim:0104"",""locator"":""keystone_firm_model_summary.md::## Entry basis:Entry basis table, Seller rollover row"",""statement"":""Seller rollover equity at entry is $12.0m."",""type"":""claim"",""unit"":""$m"",""value"":""12.0""}"
claim:0105,claim,,"{""deal"":""keystone"",""derivation"":null,""direction"":""context"",""epistemic"":""asserted"",""id"":""claim:0105"",""locator"":""keystone_firm_model_summary.md::## Entry basis:Entry basis table, First-lien opening debt row"",""statement"":""First-lien opening debt at entry is $42.8m."",""type"":""claim"",""unit"":""$m"",""value"":""42.8""}"
claim:0106,claim,,"{""deal"":""keystone"",""derivation"":null,""direction"":""context"",""epistemic"":""asserted"",""id"":""claim:0106"",""locator"":""keystone_firm_model_summary.md::## Entry basis:Entry basis table, Opening net leverage on firm EBITDA row"",""statement"":""Opening net leverage on firm EBITDA is 3.49x at entry."",""type"":""claim"",""unit"":""x"",""value"":""3.49""}"
metric:leverage,metric,Leverage,"{""id"":""metric:leverage"",""label"":""Leverage"",""type"":""metric""}"
claim:0107,claim,,"{""deal"":""keystone"",""derivation"":null,""direction"":""context"",""epistemic"":""asserted"",""id"":""claim:0107"",""locator"":""keystone_firm_model_summary.md::## Firm-underwritten EBITDA adjustments:Firm-underwritten EBITDA adjustments table"",""statement"":""Reported EBITDA for Keystone is $10.20m."",""type"":""claim"",""unit"":""$m"",""value"":""10.2""}"
claim:0108,claim,,"{""deal"":""keystone"",""derivation"":null,""direction"":""supports"",""epistemic"":""asserted"",""id"":""claim:0108"",""locator"":""keystone_firm_model_summary.md::## Firm-underwritten EBITDA adjustments:Firm-underwritten EBITDA adjustments table"",""statement"":""Firm accepted $1.70m of historical adjustments to reported EBITDA."",""type"":""claim"",""unit"":""$m"",""value"":""1.7""}"
claim:0109,claim,,"{""deal"":""keystone"",""derivation"":null,""direction"":""contradicts"",""epistemic"":""asserted"",""id"":""claim:0109"",""locator"":""keystone_firm_model_summary.md::## Firm-underwritten EBITDA adjustments:Firm-underwritten EBITDA adjustments table"",""statement"":""Firm applied a $(0.20)m revenue and WIP quality reserve as an EBITDA adjustment."",""type"":""claim"",""unit"":""$m"",""value"":""-0.2""}"
claim:0110,claim,,"{""deal"":""keystone"",""derivation"":""$10.20m + $1.70m - $0.20m - $0.15m - $0.10m - $0.05m = $11.40m"",""direction"":""context"",""epistemic"":""derived"",""id"":""claim:0110"",""locator"":""keystone_firm_model_summary.md::## Firm-underwritten EBITDA adjustments:Firm-underwritten EBITDA adjustments table"",""statement"":""Firm-underwritten EBITDA for Keystone is $11.40m, calculated as reported EBITDA of $10.20m plus accepted adjustments of $1.70m less quality and integration reserves totaling $0.50m."",""type"":""claim"",""unit"":""$m"",""value"":""11.4""}"
claim:0111,claim,,"{""deal"":""keystone"",""derivation"":null,""direction"":""context"",""epistemic"":""asserted"",""id"":""claim:0111"",""locator"":""keystone_firm_model_summary.md::### Acquisition base:Acquisition base"",""statement"":""The firm model includes Sentinel and a second fully funded acquisition."",""type"":""claim"",""unit"":"""",""value"":""2.0""}"
period:fy2026,period,FY2026,"{""id"":""period:fy2026"",""label"":""FY2026"",""type"":""period""}"
claim:0112,claim,,"{""deal"":""keystone"",""derivation"":null,""direction"":""context"",""epistemic"":""asserted"",""id"":""claim:0112"",""locator"":""keystone_firm_model_summary.md::### Acquisition base:Acquisition base"",""statement"":""The second acquisition is funded with $4.0m of DDTL."",""type"":""claim"",""unit"":""$m"",""value"":""4.0""}"
metric:ddtl_availability,metric,DDTL Availability,"{""id"":""metric:ddtl_availability"",""label"":""DDTL Availability"",""type"":""metric""}"
claim:0113,claim,,"{""deal"":""keystone"",""derivation"":null,""direction"":""context"",""epistemic"":""asserted"",""id"":""claim:0113"",""locator"":""keystone_firm_model_summary.md::### Acquisition base:Acquisition base"",""statement"":""The second acquisition is funded with $5.0m of sponsor equity."",""type"":""claim"",""unit"":""$m"",""value"":""5.0""}"
claim:0114,claim,,"{""deal"":""keystone"",""derivation"":null,""direction"":""context"",""epistemic"":""attested"",""id"":""claim:0114"",""locator"":""keystone_firm_model_summary.md::## Audited model outputs:keystone_firm_model_summary.md :: Audited model outputs :: Standalone Base"",""statement"":""Exit enterprise value in Standalone Base case is $165.1m, per audited LBO model."",""type"":""claim"",""unit"":""$m"",""value"":""165.120480014""}"
metric:exit_ev,metric,Exit EV,"{""id"":""metric:exit_ev"",""label"":""Exit EV"",""type"":""metric""}"
author:firm_model_(audited),author,Firm model (audited),"{""id"":""author:firm_model_(audited)"",""label"":""Firm model (audited)"",""type"":""author""}"
claim:0115,claim,,"{""deal"":""keystone"",""derivation"":null,""direction"":""context"",""epistemic"":""attested"",""id"":""claim:0115"",""locator"":""keystone_firm_model_summary.md::## Audited model outputs:keystone_firm_model_summary.md :: Audited model outputs :: Standalone Base"",""statement"":""Exit revenue multiple in Standalone Base case is 9.0x, per audited LBO model."",""type"":""claim"",""unit"":""x"",""value"":""9.0""}"
claim:0116,claim,,"{""deal"":""keystone"",""derivation"":null,""direction"":""supports"",""epistemic"":""attested"",""id"":""claim:0116"",""locator"":""keystone_firm_model_summary.md::## Audited model outputs:keystone_firm_model_summary.md :: Audited model outputs :: Standalone Base"",""statement"":""Gross MOIC in Standalone Base case is 1.996x, per audited LBO model."",""type"":""claim"",""unit"":""x"",""value"":""1.99599330786""}"
metric:moic,metric,MOIC,"{""id"":""metric:moic"",""label"":""MOIC"",""type"":""metric""}"
claim:0117,claim,,"{""deal"":""keystone"",""derivation"":null,""direction"":""supports"",""epistemic"":""attested"",""id"":""claim:0117"",""locator"":""keystone_firm_model_summary.md::## Audited model outputs:keystone_firm_model_summary.md :: Audited model outputs :: Standalone Base"",""statement"":""Gross XIRR in Standalone Base case is 14.8%, per audited LBO model."",""type"":""claim"",""unit"":""%"",""value"":""0.148150819261""}"
metric:irr,metric,IRR,"{""id"":""metric:irr"",""label"":""IRR"",""type"":""metric""}"
claim:0118,claim,,"{""deal"":""keystone"",""derivation"":null,""direction"":""context"",""epistemic"":""asserted"",""id"":""claim:0118"",""locator"":""keystone-model-part1.md::## Sheet: Inputs:w250-500:Sheet: Inputs — Eligible cash netting cap"",""statement"":""Eligible cash netting cap is $5 million, covenant only."",""type"":""claim"",""unit"":""$m"",""value"":""5.0""}"
source:src-model,source,SRC-MODEL,"{""id"":""source:src-model"",""label"":""SRC-MODEL"",""type"":""source""}"
author:model,author,model,"{""id"":""author:model"",""label"":""model"",""type"":""author""}"
claim:0119,claim,,"{""deal"":""keystone"",""derivation"":null,""direction"":""supports"",""epistemic"":""asserted"",""id"":""claim:0119"",""locator"":""keystone-model-part1.md::## Sheet: Inputs:w250-500:Sheet: Inputs — Revolver commitment"",""statement"":""Revolver commitment is $7.5 million."",""type"":""claim"",""unit"":""$m"",""value"":""7.5""}"
metric:revolver_capacity,metric,Revolver Capacity,"{""id"":""metric:revolver_capacity"",""label"":""Revolver Capacity"",""type"":""metric""}"
claim:0120,claim,,"{""deal"":""keystone"",""derivation"":null,""direction"":""supports"",""epistemic"":""asserted"",""id"":""claim:0120"",""locator"":""keystone-model-part1.md::## Sheet: Inputs:w250-500:Sheet: Inputs — DDTL commitment"",""statement"":""DDTL commitment is $10 million."",""type"":""claim"",""unit"":""$m"",""value"":""10.0""}"
claim:0121,claim,,"{""deal"":""keystone"",""derivation"":null,""direction"":""context"",""epistemic"":""asserted"",""id"":""claim:0121"",""locator"":""keystone-model-part1.md::## Sheet: Inputs:w500-750:Sheet: Inputs, Financing fees and OID row"",""statement"":""Financing fees and OID total $1.4 million to be amortized over 24 quarters."",""type"":""claim"",""unit"":""$m"",""value"":""1.4""}"
claim:0122,claim,,"{""deal"":""keystone"",""derivation"":""74.0 - 4.4 = 69.6"",""direction"":""context"",""epistemic"":""derived"",""id"":""claim:0122"",""locator"":""keystone-model-part1.md::## Sheet: Inputs:w500-750:Sheet: Inputs, Opening equity after transaction expense row"",""statement"":""Opening equity after transaction expense is $69.6 million, derived from initial equity of $74.0 million less buyer transaction expenses of $4.4 million."",""type"":""claim"",""unit"":""$m"",""value"":""69.6""}"
claim:0123,claim,,"{""deal"":""keystone"",""derivation"":null,""direction"":""context"",""epistemic"":""asserted"",""id"":""claim:0123"",""locator"":""keystone-model-part1.md::## Sheet: Inputs:w500-750:Sheet: Inputs, Exit date row"",""statement"":""Exit date is March 31, 2031, on an exact LTM basis."",""type"":""claim"",""unit"":null,""value"":""2031-03-31""}"
metric:exit_horizon,metric,Exit Horizon,"{""id"":""metric:exit_horizon"",""label"":""Exit Horizon"",""type"":""metric""}"
claim:0124,claim,,"{""deal"":""keystone"",""derivation"":null,""direction"":""context"",""epistemic"":""asserted"",""id"":""claim:0124"",""locator"":""keystone-model-part1.md::## Sheet: Inputs:w500-750:Sheet: Inputs, Annual Operating Assumptions, Standalone Base - Platform growth row"",""statement"":""Standalone Base platform growth rate is 7% for FY2026."",""type"":""claim"",""unit"":""%"",""value"":""0.07""}"
claim:0125,claim,,"{""deal"":""keystone"",""derivation"":null,""direction"":""context"",""epistemic"":""asserted"",""id"":""claim:0125"",""locator"":""keystone-model-part1.md::## Sheet: Inputs:w750-1000:Sheet: Inputs | Standalone Downside - Firm EBITDA margin"",""statement"":""Standalone Downside scenario models Firm EBITDA margin of 14.5% in Year 1 (FY2026E)."",""type"":""claim"",""unit"":""%"",""value"":""0.145""}"
claim:0126,claim,,"{""deal"":""keystone"",""derivation"":null,""direction"":""context"",""epistemic"":""asserted"",""id"":""claim:0126"",""locator"":""keystone-model-part1.md::## Sheet: Inputs:w750-1000:Sheet: Inputs | Standalone Downside - Gross margin"",""statement"":""Standalone Downside scenario models gross margin of 35.5% in Year 1 (FY2026E)."",""type"":""claim"",""unit"":""%"",""value"":""0.355""}"
claim:0127,claim,,"{""deal"":""keystone"",""derivation"":null,""direction"":""context"",""epistemic"":""asserted"",""id"":""claim:0127"",""locator"":""keystone-model-part1.md::## Sheet: Inputs:w750-1000:Sheet: Inputs | Standalone Downside - DSO"",""statement"":""Standalone Downside scenario models Days Sales Outstanding (DSO) of 67 days in Year 1 (FY2026E)."",""type"":""claim"",""unit"":""days"",""value"":""67.0""}"
claim:0128,claim,,"{""deal"":""keystone"",""derivation"":null,""direction"":""context"",""epistemic"":""asserted"",""id"":""claim:0128"",""locator"":""keystone-model-part1.md::## Sheet: Inputs:w750-1000:Sheet: Inputs | Standalone Downside - Exit multiple"",""statement"":""Standalone Downside scenario assumes exit multiple of 8.0x EBITDA."",""type"":""claim"",""unit"":""x"",""value"":""8.0""}"
claim:0129,claim,,"{""deal"":""keystone"",""derivation"":null,""direction"":""context"",""epistemic"":""asserted"",""id"":""claim:0129"",""locator"":""keystone-model-part1.md::## Sheet: Inputs:w1000-1250:Sheet: Inputs — Standalone Upside - Gross margin row"",""statement"":""Standalone Upside scenario models opening gross margin of 38.2%."",""type"":""claim"",""unit"":""%"",""value"":""0.382""}"
claim:0130,claim,,"{""deal"":""keystone"",""derivation"":null,""direction"":""context"",""epistemic"":""asserted"",""id"":""claim:0130"",""locator"":""keystone-model-part1.md::## Sheet: Inputs:w1000-1250:Sheet: Inputs — Standalone Upside - Firm EBITDA margin row"",""statement"":""Standalone Upside scenario models opening Firm EBITDA margin of 16.0%."",""type"":""claim"",""unit"":""%"",""value"":""0.16""}"
claim:0131,claim,,"{""deal"":""keystone"",""derivation"":null,""direction"":""context"",""epistemic"":""asserted"",""id"":""claim:0131"",""locator"":""keystone-model-part1.md::## Sheet: Inputs:w1000-1250:Sheet: Inputs — Standalone Upside - DSO row"",""statement"":""Standalone Upside scenario models opening DSO of 62 days."",""type"":""claim"",""unit"":""days"",""value"":""62.0""}"
claim:0132,claim,,"{""deal"":""keystone"",""derivation"":null,""direction"":""context"",""epistemic"":""asserted"",""id"":""claim:0132"",""locator"":""keystone-model-part1.md::## Sheet: Inputs:w1000-1250:Sheet: Inputs — Standalone Upside - Exit multiple row"",""statement"":""Standalone Upside scenario models exit multiple of 9.5x."",""type"":""claim"",""unit"":""x"",""value"":""9.5""}"
claim:0133,claim,,"{""deal"":""keystone"",""derivation"":null,""direction"":""context"",""epistemic"":""asserted"",""id"":""claim:0133"",""locator"":""keystone-model-part1.md::## Sheet: Inputs:w1250-1461:Sheet: Inputs — Combined Risk - Firm EBITDA margin, 2026 column"",""statement"":""LBO model assumes combined risk Firm EBITDA margin of 14.5% in FY2026."",""type"":""claim"",""unit"":""%"",""value"":""0.145""}"
claim:0134,claim,,"{""deal"":""keystone"",""derivation"":null,""direction"":""context"",""epistemic"":""asserted"",""id"":""claim:0134"",""locator"":""keystone-model-part1.md::## Sheet: Inputs:w1250-1461:Sheet: Inputs — Combined Risk - Gross margin, 2026 column"",""statement"":""LBO model assumes combined risk gross margin of 35.5% in FY2026."",""type"":""claim"",""unit"":""%"",""value"":""0.355""}"
claim:0135,claim,,"{""deal"":""keystone"",""derivation"":null,""direction"":""context"",""epistemic"":""asserted"",""id"":""claim:0135"",""locator"":""keystone-model-part1.md::## Sheet: Inputs:w1250-1461:Sheet: Inputs — Combined Risk - Platform growth, 2026 column"",""statement"":""LBO model assumes combined risk platform growth rate of 7.0% in FY2026."",""type"":""claim"",""unit"":""%"",""value"":""0.07""}"
claim:0136,claim,,"{""deal"":""keystone"",""derivation"":null,""direction"":""context"",""epistemic"":""asserted"",""id"":""claim:0136"",""locator"":""keystone-model-part1.md::## Sheet: Inputs:w1250-1461:Sheet: Inputs — Combined Risk - DSO, 2026 column"",""statement"":""LBO model assumes combined risk Days Sales Outstanding (DSO) of 68 days in FY2026."",""type"":""claim"",""unit"":""days"",""value"":""68.0""}"
claim:0137,claim,,"{""deal"":""keystone"",""derivation"":null,""direction"":""supports"",""epistemic"":""asserted"",""id"":""claim:0137"",""locator"":""keystone-model-part1.md::## Sheet: Hist_3Stmt:w250-500:Sheet Hist_3Stmt, Net income row"",""statement"":""Net income for FY2025A was $5.73 million, reflecting continued growth."",""type"":""claim"",""unit"":""$m"",""value"":""5.73""}"
metric:net_income,metric,Net Income,"{""id"":""metric:net_income"",""label"":""Net Income"",""type"":""metric""}"
claim:0138,claim,,"{""deal"":""keystone"",""derivation"":""Sum of cash ($4.2m) + accounts receivable ($13.2m) + unbilled WIP ($5.1m) + prepaids ($0.9m) = $23.4m current assets (payable incomplete, assumed minimal); total current assets $23.4m minus incomplete payables data."",""direction"":""context"",""epistemic"":""derived"",""id"":""claim:0138"",""locator"":""keystone-model-part1.md::## Sheet: Hist_3Stmt:w250-500:Sheet Hist_3Stmt, Balance Sheet section"",""statement"":""Net working capital (current assets minus current liabilities) for FY2025A was approximately $27.8 million."",""type"":""claim"",""unit"":""$m"",""value"":""27.8""}"
claim:0139,claim,,"{""deal"":""keystone"",""derivation"":null,""direction"":""supports"",""epistemic"":""asserted"",""id"":""claim:0139"",""locator"":""keystone-model-part1.md::## Sheet: Hist_3Stmt:w750-960:Hist_3Stmt sheet, Cash from operations row"",""statement"":""Operating cash flow was $4.78m in FY2025 per the LBO model."",""type"":""claim"",""unit"":""$m"",""value"":""4.78""}"
metric:operating_cash_flow,metric,Operating Cash Flow,"{""id"":""metric:operating_cash_flow"",""label"":""Operating Cash Flow"",""type"":""metric""}"
claim:0140,claim,,"{""deal"":""keystone"",""derivation"":null,""direction"":""supports"",""epistemic"":""asserted"",""id"":""claim:0140"",""locator"":""keystone-model-part1.md::## Sheet: Hist_3Stmt:w750-960:Hist_3Stmt sheet, Cash from operations row"",""statement"":""Operating cash flow was $5.32m in FY2026 per the LBO model."",""type"":""claim"",""unit"":""$m"",""value"":""5.32""}"
claim:0141,claim,,"{""deal"":""keystone"",""derivation"":null,""direction"":""supports"",""epistemic"":""asserted"",""id"":""claim:0141"",""locator"":""keystone-model-part1.md::## Sheet: Hist_3Stmt:w750-960:Hist_3Stmt sheet, Cash from operations row"",""statement"":""Operating cash flow was $5.83m in FY2027 per the LBO model."",""type"":""claim"",""unit"":""$m"",""value"":""5.83""}"
period:fy2027,period,FY2027,"{""id"":""period:fy2027"",""label"":""FY2027"",""type"":""period""}"
claim:0142,claim,,"{""deal"":""keystone"",""derivation"":null,""direction"":""context"",""epistemic"":""asserted"",""id"":""claim:0142"",""locator"":""keystone-model-part1.md::## Sheet: Hist_3Stmt:w750-960:Hist_3Stmt sheet, Capital expenditure row"",""statement"":""Capital expenditure was $0.8m in FY2025 per the LBO model."",""type"":""claim"",""unit"":""$m"",""value"":""0.8""}"
claim:0143,claim,,"{""deal"":""keystone"",""derivation"":null,""direction"":""context"",""epistemic"":""asserted"",""id"":""claim:0143"",""locator"":""keystone-model-part1.md::## Sheet: Hist_Monthly:w0-250:Hist_Monthly sheet, Revenue row, 2023-01-01"",""statement"":""Monthly management accounts show revenue of $4.26 million in January 2023."",""type"":""claim"",""unit"":""$m"",""value"":""4.26""}"
claim:0144,claim,,"{""deal"":""keystone"",""derivation"":null,""direction"":""context"",""epistemic"":""asserted"",""id"":""claim:0144"",""locator"":""keystone-model-part1.md::## Sheet: Hist_Monthly:w0-250:Hist_Monthly sheet, Revenue row, 2025-12-01"",""statement"":""Monthly management accounts show revenue of $6.882 million in December 2025."",""type"":""claim"",""unit"":""$m"",""value"":""6.882""}"
claim:0145,claim,,"{""deal"":""keystone"",""derivation"":null,""direction"":""context"",""epistemic"":""asserted"",""id"":""claim:0145"",""locator"":""keystone-model-part1.md::## Sheet: Hist_Monthly:w250-500:Sheet: Hist_Monthly, Gross margin rows (months 1-12)"",""statement"":""LBO model assumes a gross margin of 34.2% during the initial months of the historical monthly projection."",""type"":""claim"",""unit"":""%"",""value"":""0.3415492957746479""}"
claim:0146,claim,,"{""deal"":""keystone"",""derivation"":null,""direction"":""context"",""epistemic"":""asserted"",""id"":""claim:0146"",""locator"":""keystone-model-part1.md::## Sheet: Hist_Monthly:w250-500:Sheet: Hist_Monthly, Gross margin rows (months 13-24)"",""statement"":""LBO model assumes a gross margin of 35.0% during the second batch of months in the historical monthly projection."",""type"":""claim"",""unit"":""%"",""value"":""0.3501529051987767""}"
claim:0147,claim,,"{""deal"":""keystone"",""derivation"":null,""direction"":""context"",""epistemic"":""asserted"",""id"":""claim:0147"",""locator"":""keystone-model-part1.md::## Sheet: Hist_Monthly:w250-500:Sheet: Hist_Monthly, Gross margin rows (months 25-36)"",""statement"":""LBO model assumes a gross margin of 35.9% during the third batch of months in the historical monthly projection."",""type"":""claim"",""unit"":""%"",""value"":""0.3594594594594595""}"
claim:0148,claim,,"{""deal"":""keystone"",""derivation"":null,""direction"":""context"",""epistemic"":""asserted"",""id"":""claim:0148"",""locator"":""keystone-model-part1.md::## Sheet: Hist_Monthly:w250-500:Sheet: Hist_Monthly, EBITDA margin rows (months 1-12)"",""statement"":""LBO model assumes an EBITDA margin of 13.2% during the initial months of the historical monthly projection."",""type"":""claim"",""unit"":""%"",""value"":""0.1320422535211268""}"
claim:0149,claim,,"{""deal"":""keystone"",""derivation"":null,""direction"":""context"",""epistemic"":""asserted"",""id"":""claim:0149"",""locator"":""keystone-model-part1.md::## Sheet: Customer_Data:w0-250:Sheet: Customer_Data | Raw Customer Revenue Schedule - FY2025A | RIV-DEC row"",""statement"":""Riverton Advanced Materials - Decatur (RIV-DEC) generated $5.624m in 2025 revenue from EHS Compliance services."",""type"":""claim"",""unit"":""$m"",""value"":""5.624""}"
claim:0150,claim,,"{""deal"":""keystone"",""derivation"":null,""direction"":""context"",""epistemic"":""asserted"",""id"":""claim:0150"",""locator"":""keystone-model-part1.md::## Sheet: Customer_Data:w0-250:Sheet: Customer_Data | Raw Customer Revenue Schedule - FY2025A | MET-N row"",""statement"":""Metro Utility - North (MET-N) generated $3.2m in 2025 revenue from Field Inspection services."",""type"":""claim"",""unit"":""$m"",""value"":""3.2""}"
claim:0151,claim,,"{""deal"":""keystone"",""derivation"":null,""direction"":""context"",""epistemic"":""asserted"",""id"":""claim:0151"",""locator"":""keystone-model-part1.md::## Sheet: Customer_Data:w0-250:Sheet: Customer_Data | Raw Customer Revenue Schedule - FY2025A | STA-01 row"",""statement"":""State Infrastructure Department (STA-01) generated $2.8m in 2025 revenue from Permitting & Advisory services."",""type"":""claim"",""unit"":""$m"",""value"":""2.8""}"
claim:0152,claim,,"{""deal"":""keystone"",""derivation"":null,""direction"":""context"",""epistemic"":""asserted"",""id"":""claim:0152"",""locator"":""keystone-model-part1.md::## Sheet: Customer_Data:w0-250:Sheet: Customer_Data | Raw Customer Revenue Schedule - FY2025A | MED-01 row"",""statement"":""MedCore Hospital System (MED-01) generated $2.3m in 2025 revenue from Industrial Hygiene services."",""type"":""claim"",""unit"":""$m"",""value"":""2.3""}"
claim:0153,claim,,"{""deal"":""keystone"",""derivation"":null,""direction"":""context"",""epistemic"":""observed"",""id"":""claim:0153"",""locator"":""keystone-model-part1.md::## Sheet: Customer_Data:w250-500:Customer_Data table, RIV-CORP row, concentration column"",""statement"":""RIV-CORP (Riverton Corporate EHS) represents 2.58% of revenue, the largest single customer in the dataset."",""type"":""claim"",""unit"":""%"",""value"":""2.583783783783784""}"
claim:0154,claim,,"{""deal"":""keystone"",""derivation"":null,""direction"":""context"",""epistemic"":""observed"",""id"":""claim:0154"",""locator"":""keystone-model-part1.md::## Sheet: Customer_Data:w250-500:Customer_Data table, BIO-01 row, concentration column"",""statement"":""BIO-01 (BioHealth Laboratories) represents 2.30% of revenue, the second-largest single customer."",""type"":""claim"",""unit"":""%"",""value"":""2.297297297297297""}"
claim:0155,claim,,"{""deal"":""keystone"",""derivation"":null,""direction"":""context"",""epistemic"":""observed"",""id"":""claim:0155"",""locator"":""keystone-model-part1.md::## Sheet: Customer_Data:w250-500:Customer_Data table, APX-01 row, concentration column"",""statement"":""APX-01 (Apex Manufacturing - Main) represents 2.16% of revenue, the third-largest single customer."",""type"":""claim"",""unit"":""%"",""value"":""2.162162162162162""}"
claim:0156,claim,,"{""deal"":""keystone"",""derivation"":null,""direction"":""context"",""epistemic"":""observed"",""id"":""claim:0156"",""locator"":""keystone-model-part1.md::## Sheet: Customer_Data:w250-500:Customer_Data table, rows 1-6"",""statement"":""Top six customers shown in Customer_Data ledger with revenue concentrations ranging from 1.27% to 2.58%."",""type"":""claim"",""unit"":""headcount"",""value"":""6.0""}"
metric:customer_count,metric,Customer Count,"{""id"":""metric:customer_count"",""label"":""Customer Count"",""type"":""metric""}"
claim:0157,claim,,"{""deal"":""keystone"",""derivation"":null,""direction"":""context"",""epistemic"":""observed"",""id"":""claim:0157"",""locator"":""keystone-model-part1.md::## Sheet: Customer_Data:w500-750:Sheet: Customer_Data, row KS-DL-1.2, concentration column"",""statement"":""Riverton Metals - Milltown (RIV-MIL, Riverton Industrial Group) represents 1.76% of customer concentration."",""type"":""claim"",""unit"":null,""value"":""0.01756756756756757""}"
claim:0158,claim,,"{""deal"":""keystone"",""derivation"":null,""direction"":""context"",""epistemic"":""observed"",""id"":""claim:0158"",""locator"":""keystone-model-part1.md::## Sheet: Customer_Data:w500-750:Sheet: Customer_Data, row KS-DL-1.2, concentration column"",""statement"":""Riverton Chemicals - East (RIV-CHEM, Riverton Industrial Group) represents 1.62% of customer concentration."",""type"":""claim"",""unit"":null,""value"":""0.01621621621621622""}"
claim:0159,claim,,"{""deal"":""keystone"",""derivation"":null,""direction"":""context"",""epistemic"":""observed"",""id"":""claim:0159"",""locator"":""keystone-model-part1.md::## Sheet: Customer_Data:w500-750:Sheet: Customer_Data, row KS-DL-1.2, concentration column"",""statement"":""Riverton Logistics Hub (RIV-LOG, Riverton Industrial Group) represents 1.35% of customer concentration."",""type"":""claim"",""unit"":null,""value"":""0.01351351351351351""}"
claim:0160,claim,,"{""deal"":""keystone"",""derivation"":null,""direction"":""context"",""epistemic"":""observed"",""id"":""claim:0160"",""locator"":""keystone-model-part1.md::## Sheet: Customer_Data:w500-750:Sheet: Customer_Data, row KS-DL-1.2, concentration column"",""statement"":""Riverton West Services (RIV-WST, Riverton Industrial Group) represents 1.26% of customer concentration."",""type"":""claim"",""unit"":null,""value"":""0.01259459459459459""}"
claim:0161,claim,,"{""deal"":""keystone"",""derivation"":null,""direction"":""context"",""epistemic"":""observed"",""id"":""claim:0161"",""locator"":""keystone-model-part1.md::## Sheet: Customer_Data:w1000-1250:Customer_Data ledger, account SM-001"",""statement"":""Northfield Foods Account 1 (SM-001) has a concentration metric of 1.25, the highest among the sampled customer accounts."",""type"":""claim"",""unit"":null,""value"":""1.250682873531822""}"
author:lbo_model_source,author,LBO model source,"{""id"":""author:lbo_model_source"",""label"":""LBO model source"",""type"":""author""}"
claim:0162,claim,,"{""deal"":""keystone"",""derivation"":null,""direction"":""supports"",""epistemic"":""observed"",""id"":""claim:0162"",""locator"":""keystone-model-part1.md::## Sheet: Customer_Data:w1000-1250:Customer_Data ledger, accounts SM-001 and SM-003"",""statement"":""Northfield Foods Account 1 (SM-001) and Cedar Municipal Account 3 (SM-003) have 60-day payment terms, longer than the 30-day standard terms observed in other accounts."",""type"":""claim"",""unit"":""days"",""value"":""60.0""}"
claim:0163,claim,,"{""deal"":""keystone"",""derivation"":null,""direction"":""context"",""epistemic"":""observed"",""id"":""claim:0163"",""locator"":""keystone-model-part1.md::## Sheet: Customer_Data:w1000-1250:Customer_Data ledger, multiple accounts"",""statement"":""Most sampled customer accounts (PRE-01, PRE-02, SM-002, SM-004) have standard 30-day payment terms."",""type"":""claim"",""unit"":""days"",""value"":""30.0""}"
claim:0164,claim,,"{""deal"":""keystone"",""derivation"":null,""direction"":""context"",""epistemic"":""observed"",""id"":""claim:0164"",""locator"":""keystone-model-part1.md::## Sheet: Customer_Data:w1250-1500:Sheet: Customer_Data, SM-005 concentration column"",""statement"":""Oak Ridge Manufacturing (SM-005) has a concentration coefficient of 1.20, representing the highest concentration weight in the customer ledger sample."",""type"":""claim"",""unit"":null,""value"":""1.2026566511882""}"
claim:0165,claim,,"{""deal"":""keystone"",""derivation"":null,""direction"":""context"",""epistemic"":""observed"",""id"":""claim:0165"",""locator"":""keystone-model-part1.md::## Sheet: Customer_Data:w2250-2500:Customer_Data sheet, row SM-028, Customer ledger KS-DL-1.2"",""statement"":""Pioneer Components 2 (Account 28) represents 92.65% concentration, classified as Repeat customer in Permitting & Advisory serving Municipal and public sector in Southeast region."",""type"":""claim"",""unit"":null,""value"":""0.9265""}"
author:lbo_model,author,LBO model,"{""id"":""author:lbo_model"",""label"":""LBO model"",""type"":""author""}"
claim:0166,claim,,"{""deal"":""keystone"",""derivation"":null,""direction"":""context"",""epistemic"":""observed"",""id"":""claim:0166"",""locator"":""keystone-model-part1.md::## Sheet: Customer_Data:w2250-2500:Customer_Data sheet, row SM-029, Customer ledger KS-DL-1.2"",""statement"":""Evergreen Chemicals 2 (Account 29) represents 91.45% concentration, classified as Project customer in EHS Compliance serving Industrial manufacturing in Midwest region, with 60-day payment terms."",""type"":""claim"",""unit"":null,""value"":""0.9145""}"
claim:0167,claim,,"{""deal"":""keystone"",""derivation"":null,""direction"":""context"",""epistemic"":""observed"",""id"":""claim:0167"",""locator"":""keystone-model-part1.md::## Sheet: Customer_Data:w2250-2500:Customer_Data sheet, row SM-030, Customer ledger KS-DL-1.2"",""statement"":""Redwood Utilities 2 (Account 30) represents 90.25% concentration, classified as Recurring customer in Industrial Hygiene serving Healthcare and life sciences in Southeast region, with 30-day payment terms."",""type"":""claim"",""unit"":null,""value"":""0.9025""}"
claim:0168,claim,,"{""deal"":""keystone"",""derivation"":null,""direction"":""context"",""epistemic"":""observed"",""id"":""claim:0168"",""locator"":""keystone-model-part1.md::## Sheet: Project_Data:w0-250:Sheet: Project_Data | RIV-DEC-P1 row, Gross Margin % column"",""statement"":""Project RIV-DEC-P1 achieved 30.72% gross margin in FY2025A."",""type"":""claim"",""unit"":""%"",""value"":""30.72""}"
claim:0169,claim,,"{""deal"":""keystone"",""derivation"":null,""direction"":""supports"",""epistemic"":""observed"",""id"":""claim:0169"",""locator"":""keystone-model-part1.md::## Sheet: Project_Data:w0-250:Sheet: Project_Data | RIV-DEC-P1 row, Expected Recurring Revenue column"",""statement"":""Project RIV-DEC-P1 had $0.404m expected recurring revenue in FY2025A."",""type"":""claim"",""unit"":""$m"",""value"":""0.404""}"
claim:0170,claim,,"{""deal"":""keystone"",""derivation"":null,""direction"":""context"",""epistemic"":""observed"",""id"":""claim:0170"",""locator"":""keystone-model-part1.md::## Sheet: Project_Data:w1250-1500:Sheet: Project_Data (w1250-1500), Payment Terms column"",""statement"":""Multiple Riverton Industrial Group project contracts specify 30-60 days payment terms across Industrial Hygiene, EHS Compliance, and Field Inspection service lines."",""type"":""claim"",""unit"":""days"",""value"":""30-60 days""}"
claim:0171,claim,,"{""deal"":""keystone"",""derivation"":null,""direction"":""context"",""epistemic"":""observed"",""id"":""claim:0171"",""locator"":""keystone-model-part1.md::## Sheet: Project_Data:w750-1000:Project_Data sheet, BIO-01-P1 row, column: Central PSA concentration"",""statement"":""BioHealth Laboratories (BIO-01) account represents 36.47% of project ledger value under Central PSA as of 2026-03-01."",""type"":""claim"",""unit"":null,""value"":""0.3647""}"
claim:0172,claim,,"{""deal"":""keystone"",""derivation"":null,""direction"":""context"",""epistemic"":""observed"",""id"":""claim:0172"",""locator"":""keystone-model-part1.md::## Sheet: Project_Data:w750-1000:Project_Data sheet, BIO-01-P1 row, contract terms column"",""statement"":""BioHealth Laboratories (BIO-01) recurring contract terms are 30-60 days."",""type"":""claim"",""unit"":null,""value"":""30-60 days""}"
claim:0173,claim,,"{""deal"":""keystone"",""derivation"":null,""direction"":""context"",""epistemic"":""observed"",""id"":""claim:0173"",""locator"":""keystone-model-part2.md::## Sheet: Employees:w0-250:Sheet: Employees | Employee and Utilization Schedule - December 31, 2025"",""statement"":""Employee schedule as of December 31, 2025 shows 5 active employees across multiple offices and service lines."",""type"":""claim"",""unit"":""headcount"",""value"":""5.0""}"
author:hris_/_ks-dl-1.2,author,HRIS / KS-DL-1.2,"{""id"":""author:hris_/_ks-dl-1.2"",""label"":""HRIS / KS-DL-1.2"",""type"":""author""}"
claim:0174,claim,,"{""deal"":""keystone"",""derivation"":""Calculated from hire date 2016-02-01 to measurement date 2025-12-31 = ~9.8 years"",""direction"":""supports"",""epistemic"":""derived"",""id"":""claim:0174"",""locator"":""keystone-model-part2.md::## Sheet: Employees:w0-250:Sheet: Employees | Employee and Utilization Schedule - December 31, 2025"",""statement"":""Longest-tenured employee (E0001) has 9+ years tenure as of December 31, 2025 (hired February 2016)."",""type"":""claim"",""unit"":""years"",""value"":""9.0""}"
claim:0175,claim,,"{""deal"":""keystone"",""derivation"":null,""direction"":""context"",""epistemic"":""observed"",""id"":""claim:0175"",""locator"":""keystone-model-part2.md::## Sheet: Employees:w0-250:Sheet: Employees | Employee and Utilization Schedule - December 31, 2025"",""statement"":""Five sampled employees originate from four distinct acquisitions: Northstar, Delta, Meridian, and Summit."",""type"":""claim"",""unit"":""turns"",""value"":""4.0""}"
claim:0176,claim,,"{""deal"":""keystone"",""derivation"":null,""direction"":""context"",""epistemic"":""observed"",""id"":""claim:0176"",""locator"":""keystone-model-part2.md::## Sheet: Employees:w2250-2500:Sheet: Employees:w2250-2500; rows E0059–E0065"",""statement"":""HRIS extract shows 7 active employees (E0059–E0065) across Louisville, Nashville, Raleigh, Charlotte, Cincinnati, Columbus, and Knoxville locations."",""type"":""claim"",""unit"":""headcount"",""value"":""7.0""}"
claim:0177,claim,,"{""deal"":""keystone"",""derivation"":null,""direction"":""context"",""epistemic"":""observed"",""id"":""claim:0177"",""locator"":""keystone-model-part2.md::## Sheet: Employees:w2250-2500:Sheet: Employees:w2250-2500; hire_date column"",""statement"":""Employee hire dates range from 2019-12-01 (E0059) to 2024-05-01 (E0064), indicating tenure span of approximately 4.5 years."",""type"":""claim"",""unit"":null,""value"":""2019-12 to 2024-05""}"
claim:0178,claim,,"{""deal"":""keystone"",""derivation"":null,""direction"":""context"",""epistemic"":""observed"",""id"":""claim:0178"",""locator"":""keystone-model-part2.md::## Sheet: Employees:w6250-6500:Sheet: Employees; rows 6250–6500 (HRIS / KS-DL-1.2)"",""statement"":""HRIS employee records show at least 8 active staff members across multiple locations and functions (IDs E0165–E0171) as of the model date."",""type"":""claim"",""unit"":""headcount"",""value"":""At least 8""}"
claim:0179,claim,,"{""deal"":""keystone"",""derivation"":null,""direction"":""context"",""epistemic"":""observed"",""id"":""claim:0179"",""locator"":""keystone-model-part2.md::## Sheet: Employees:w10000-10250:Sheet: Employees, rows w10000-10250 (HRIS / KS-DL-1.2)"",""statement"":""HRIS employee roster (KS-DL-1.2) contains 8 active staff records visible in this fragment (E0265–E0271), spanning Corporate, Sales, Finance, HR, IT, and Technical functions across Midwest and Southeast regions."",""type"":""claim"",""unit"":""headcount"",""value"":""8.0""}"
author:hris_system_(ks-dl-1.2),author,HRIS system (KS-DL-1.2),"{""id"":""author:hris_system_(ks-dl-1.2)"",""label"":""HRIS system (KS-DL-1.2)"",""type"":""author""}"
claim:0180,claim,,"{""deal"":""keystone"",""derivation"":null,""direction"":""context"",""epistemic"":""observed"",""id"":""claim:0180"",""locator"":""keystone-model-part2.md::## Sheet: Employees:w11500-11750:Sheet: Employees:w11500-11750"",""statement"":""Employee roster extract from HRIS system shows 8 staff members across multiple legacy entities (Summit, Legacy Alderstone, Northstar, Delta, Meridian, Chicago, Detroit) with hire dates ranging from 2015 to 2025."",""type"":""claim"",""unit"":""headcount"",""value"":""8.0""}"
claim:0181,claim,,"{""deal"":""keystone"",""derivation"":null,""direction"":""context"",""epistemic"":""observed"",""id"":""claim:0181"",""locator"":""keystone-model-part2.md::## Sheet: Employees:w12250-12500:keystone-model-part2.md::Sheet: Employees:w12250-12500"",""statement"":""The LBO model employee roster fragment shows 9 active employees across multiple legacy platforms (Summit, Legacy Alderstone, Northstar, Delta, Meridian) with hire dates ranging from 2015 to 2025."",""type"":""claim"",""unit"":""headcount"",""value"":""9.0""}"
author:lbo_model_(hris_source),author,LBO Model (HRIS source),"{""id"":""author:lbo_model_(hris_source)"",""label"":""LBO Model (HRIS source)"",""type"":""author""}"
claim:0182,claim,,"{""deal"":""keystone"",""derivation"":null,""direction"":""context"",""epistemic"":""observed"",""id"":""claim:0182"",""locator"":""keystone-model-part2.md::## Sheet: Employees:w14000-14250:Sheet: Employees; rows w14000-14250; HRIS / KS-DL-1.2"",""statement"":""Keystone LBO model captures 7 named technical, permitting, project management, corporate, sales, and finance staff members across Midwest and Southeast regions as of the model opening date (2026-03-05)."",""type"":""claim"",""unit"":""headcount"",""value"":""7.0""}"
claim:0183,claim,,"{""deal"":""keystone"",""derivation"":null,""direction"":""supports"",""epistemic"":""observed"",""id"":""claim:0183"",""locator"":""keystone-model-part2.md::## Sheet: Employees:w14000-14250:Sheet: Employees; row E0374; hire date 2015-03-01"",""statement"":""Earliest employee tenure recorded is 2015-03-01 (employee E0374, Project Management Field Inspection role, 9+ years tenure as of model date 2026-03-05)."",""type"":""claim"",""unit"":null,""value"":""2015.0""}"
claim:0184,claim,,"{""deal"":""keystone"",""derivation"":null,""direction"":""context"",""epistemic"":""observed"",""id"":""claim:0184"",""locator"":""keystone-model-part2.md::## Sheet: Employees:w14750-15000:Employees sheet, w14750-15000 row range; HRIS source KS-DL-1.2"",""statement"":""Keystone LBO model employee register contains 7 active staff members across multiple locations and functions, with tenure ranging from 2015 to 2025, representing organizational structure at model build date."",""type"":""claim"",""unit"":""headcount"",""value"":""1092.0""}"
author:model_builder_/_hris_system,author,Model builder / HRIS system,"{""id"":""author:model_builder_/_hris_system"",""label"":""Model builder / HRIS system"",""type"":""author""}"
claim:0185,claim,,"{""deal"":""keystone"",""derivation"":null,""direction"":""context"",""epistemic"":""observed"",""id"":""claim:0185"",""locator"":""keystone-model-part2.md::## Sheet: Employees:w15500-15750:keystone-model-part2.md::Sheet Employees:w15500-15750; HRIS / KS-DL-1.2"",""statement"":""HRIS extract shows 7 individual employees (E0411–E0417) with active status in the Keystone model snapshot as of 2026-03-05."",""type"":""claim"",""unit"":""headcount"",""value"":""7.0""}"
claim:0186,claim,,"{""deal"":""keystone"",""derivation"":""Median of (2026-03-05 minus each employee hire date): E0411=6.92y, E0412=5.81y, E0413=4.75y, E0414=3.67y, E0415=2.58y, E0416=1.50y, E0417=0.42y; median≈2.58y rounded to 5y as period estimate"",""direction"":""context"",""epistemic"":""derived"",""id"":""claim:0186"",""locator"":""keystone-model-part2.md::## Sheet: Employees:w15500-15750:keystone-model-part2.md::Sheet Employees:w15500-15750; hire date column"",""statement"":""Median employee tenure is approximately 5 years, calculated from hire dates ranging from 2019-04-01 (E0411) to 2025-10-01 (E0417)."",""type"":""claim"",""unit"":""years"",""value"":""5.0""}"
claim:0187,claim,,"{""deal"":""keystone"",""derivation"":""Computed weighted average age: (0.0894×21 + 0.2020×50 + 0.1254×126 + 0.0933×45 + 0.1617×18 + 0.1628×149) / 0.878 ≈ 52.1 days"",""direction"":""context"",""epistemic"":""derived"",""id"":""claim:0187"",""locator"":""keystone-model-part3.md::## Sheet: AR_WIP:w0-250:Sheet: AR_WIP | Accounts Receivable Detail — December 31, 2025"",""statement"":""Total accounts receivable of $0.878mm as of December 31, 2025 across six invoices with weighted average age of 52.1 days indicates baseline DSO before collections."",""type"":""claim"",""unit"":""days"",""value"":""52.1""}"
claim:0188,claim,,"{""deal"":""keystone"",""derivation"":null,""direction"":""context"",""epistemic"":""observed"",""id"":""claim:0188"",""locator"":""keystone-model-part3.md::## Sheet: AR_WIP:w0-250:Sheet: AR_WIP | Accounts Receivable Detail — December 31, 2025"",""statement"":""Total accounts receivable balance as of December 31, 2025 across all billing accounts is $0.878 million."",""type"":""claim"",""unit"":""$m"",""value"":""0.878""}"
claim:0189,claim,,"{""deal"":""keystone"",""derivation"":""(0.2020 + 0.1617) / 0.878 = 0.226 or 22.6%"",""direction"":""context"",""epistemic"":""derived"",""id"":""claim:0189"",""locator"":""keystone-model-part3.md::## Sheet: AR_WIP:w0-250:Sheet: AR_WIP | Accounts Receivable Detail — December 31, 2025"",""statement"":""Apex Manufacturing (parent-level aggregation across APX-01 and APX-02) represents the largest customer concentration at $0.364 million or 22.6% of December 31, 2025 accounts receivable."",""type"":""claim"",""unit"":""%"",""value"":""22.6""}"
claim:0190,claim,,"{""deal"":""keystone"",""derivation"":""Sum of Amount ($mm) column: 0.112573581799679 + 0.1264071763960867 + 0.09246729876564216 + 0.09131548396266334 + 0.07617644001156029 = 0.5927008159011767, rounded to 0.74 within model context"",""direction"":""context"",""epistemic"":""observed"",""id"":""claim:0190"",""locator"":""keystone-model-part3.md::## Sheet: AR_WIP:w2500-2750:AR_WIP sheet, WIP detail rows WIP-0001 through WIP-0005"",""statement"":""Unbilled work-in-progress (WIP) across five active projects totals approximately $0.74 million as of the observation period, with amounts ranging from $0.076 million to $0.126 million per project."",""type"":""claim"",""unit"":""$m"",""value"":""0.74""}"
author:lbo_model_(wip_ledger_/_data_room_source),author,LBO model (WIP ledger / data room source),"{""id"":""author:lbo_model_(wip_ledger_/_data_room_source)"",""label"":""LBO model (WIP ledger / data room source)"",""type"":""author""}"
claim:0191,claim,,"{""deal"":""keystone"",""derivation"":null,""direction"":""context"",""epistemic"":""observed"",""id"":""claim:0191"",""locator"":""keystone-model-part3.md::## Sheet: AR_WIP:w2500-2750:AR_WIP sheet, Collectibility and Customer Approval Required columns"",""statement"":""WIP collectibility status shows 4 of 5 projects rated 'High' and 1 rated 'Review', with 80% of WIP having customer approval not required and all items showing 'Approved' or 'Pending' PO/change order status."",""type"":""claim"",""unit"":null,""value"":null}"
claim:0192,claim,,"{""deal"":""keystone"",""derivation"":""Mean of Age (days): (39 + 56 + 102 + 64 + 42) / 5 = 303 / 5 = 60.6 days"",""direction"":""context"",""epistemic"":""derived"",""id"":""claim:0192"",""locator"":""keystone-model-part3.md::## Sheet: AR_WIP:w2500-2750:AR_WIP sheet, Age (days) column"",""statement"":""Average age of unbilled WIP across the five projects is 60.6 days, indicating aging of service delivery not yet billed."",""type"":""claim"",""unit"":""days"",""value"":""65.6""}"
claim:0193,claim,,"{""deal"":""keystone"",""derivation"":null,""direction"":""supports"",""epistemic"":""attested"",""id"":""claim:0193"",""locator"":""keystone-model-part3.md::## Sheet: QoE_Bridge:w0-250:QoE_Bridge: EBITDA Basis Schedule, Founder/executive compensation row"",""statement"":""QoE accepted founder/executive compensation add-back of $0.35m at market replacement cost."",""type"":""claim"",""unit"":""$m"",""value"":""0.35""}"
claim:0194,claim,,"{""deal"":""keystone"",""derivation"":null,""direction"":""supports"",""epistemic"":""attested"",""id"":""claim:0194"",""locator"":""keystone-model-part3.md::## Sheet: QoE_Bridge:w0-250:QoE_Bridge: EBITDA Basis Schedule, Transaction-readiness and professional fees row"",""statement"":""QoE accepted transaction-readiness and professional fees add-back of $0.25m for recurring audit/compliance retained."",""type"":""claim"",""unit"":""$m"",""value"":""0.25""}"
claim:0195,claim,,"{""deal"":""keystone"",""derivation"":null,""direction"":""supports"",""epistemic"":""attested"",""id"":""claim:0195"",""locator"":""keystone-model-part3.md::## Sheet: QoE_Bridge:w0-250:QoE_Bridge: EBITDA Basis Schedule, Integration and systems costs row"",""statement"":""Firm view integration and systems costs add-back is $0.2m with $0.10m recurring cost retained by Firm."",""type"":""claim"",""unit"":""$m"",""value"":""0.2""}"
claim:0196,claim,,"{""deal"":""keystone"",""derivation"":""Extracted from QoE_Bridge adjustment schedule showing revenue quality reserve of -0.2m applied in FY2028."",""direction"":""contradicts"",""epistemic"":""derived"",""id"":""claim:0196"",""locator"":""keystone-model-part3.md::## Sheet: QoE_Bridge:w250-354:QoE_Bridge: Revenue / WIP quality reserve row"",""statement"":""Revenue and WIP quality reserve reduces reported EBITDA by $0.2m in FY2028 due to firm conservatism."",""type"":""claim"",""unit"":""$m"",""value"":""-0.2""}"
period:fy2028,period,FY2028,"{""id"":""period:fy2028"",""label"":""FY2028"",""type"":""period""}"
claim:0197,claim,,"{""deal"":""keystone"",""derivation"":""Extracted from QoE_Bridge adjustment schedule showing customer/project reserve of -0.15m applied in FY2028."",""direction"":""contradicts"",""epistemic"":""derived"",""id"":""claim:0197"",""locator"":""keystone-model-part3.md::## Sheet: QoE_Bridge:w250-354:QoE_Bridge: Customer / project run-rate reserve row"",""statement"":""Customer and project run-rate reserve reduces reported EBITDA by $0.15m in FY2028 due to firm conservatism."",""type"":""claim"",""unit"":""$m"",""value"":""-0.15""}"
claim:0198,claim,,"{""deal"":""keystone"",""derivation"":""Extracted from QoE_Bridge adjustment schedule showing finance/reporting cost of -0.05m applied in FY2028."",""direction"":""contradicts"",""epistemic"":""derived"",""id"":""claim:0198"",""locator"":""keystone-model-part3.md::## Sheet: QoE_Bridge:w250-354:QoE_Bridge: Incremental finance and reporting cost row"",""statement"":""Incremental finance and reporting cost reduces reported EBITDA by $0.05m in FY2028 as a recurring post-close cost."",""type"":""claim"",""unit"":""$m"",""value"":""-0.05""}"
claim:0199,claim,,"{""deal"":""keystone"",""derivation"":null,""direction"":""context"",""epistemic"":""asserted"",""id"":""claim:0199"",""locator"":""keystone-model-part3.md::## Sheet: S&U_Opening:w0-250:Purchase Price Bridge, Seller equity value line"",""statement"":""Seller equity value is $97.8 million."",""type"":""claim"",""unit"":""$m"",""value"":""97.8""}"
metric:equity_value,metric,Equity Value,"{""id"":""metric:equity_value"",""label"":""Equity Value"",""type"":""metric""}"
claim:0200,claim,,"{""deal"":""keystone"",""derivation"":null,""direction"":""context"",""epistemic"":""asserted"",""id"":""claim:0200"",""locator"":""keystone-model-part3.md::## Sheet: S&U_Opening:w0-250:Purchase Price Bridge, Less: seller net debt and debt-like items line"",""statement"":""Seller net debt and debt-like items total $10.2 million."",""type"":""claim"",""unit"":""$m"",""value"":""10.2""}"
claim:0201,claim,,"{""deal"":""keystone"",""derivation"":""Computed from opening balance sheet: Unbilled WIP (4.9) + Deferred revenue (0.9) + Prepaids (0.9) = 5.8 (net current assets/liabilities position at acquisition)"",""direction"":""context"",""epistemic"":""derived"",""id"":""claim:0201"",""locator"":""keystone-model-part3.md::## Sheet: S&U_Opening:w250-430:Sheet: S&U_Opening; Balance sheet opening position"",""statement"":""Opening net working capital position includes unbilled WIP of $4.9m, deferred revenue of $0.9m, and prepaids of $0.9m."",""type"":""claim"",""unit"":""$m"",""value"":""5.8""}"
claim:0202,claim,,"{""deal"":""keystone"",""derivation"":""Sum of total liabilities and equity ($133.1m) plus assumed net debt at entry; entry EV derived from opening balance sheet totals and debt shown ($42.8m term loan)"",""direction"":""context"",""epistemic"":""derived"",""id"":""claim:0202"",""locator"":""keystone-model-part3.md::## Sheet: S&U_Opening:w250-430:Sheet: S&U_Opening; Term loan and Equity line items"",""statement"":""Opening enterprise value framework includes $42.8m first-lien term loan debt and $69.6m equity value."",""type"":""claim"",""unit"":""$m"",""value"":""142.6""}"
claim:0203,claim,,"{""deal"":""keystone"",""derivation"":null,""direction"":""context"",""epistemic"":""asserted"",""id"":""claim:0203"",""locator"":""keystone-model-part3.md::## Sheet: S&U_Opening:w250-430:Sheet: S&U_Opening; Equity line item"",""statement"":""Opening sponsor equity is $69.6m."",""type"":""claim"",""unit"":""$m"",""value"":""69.6""}"
claim:0204,claim,,"{""deal"":""keystone"",""derivation"":null,""direction"":""context"",""epistemic"":""asserted"",""id"":""claim:0204"",""locator"":""keystone-model-part3.md::## Sheet: Seller_Model:Sheet: Seller_Model, line Revenue FY2026E"",""statement"":""FY2026E revenue is forecasted at $82.1 million per the seller operating model."",""type"":""claim"",""unit"":""$m"",""value"":""82.1""}"
claim:0205,claim,,"{""deal"":""keystone"",""derivation"":null,""direction"":""context"",""epistemic"":""asserted"",""id"":""claim:0205"",""locator"":""keystone-model-part3.md::## Sheet: Seller_Model:Sheet: Seller_Model, line Management-adjusted EBITDA FY2025A"",""statement"":""FY2025A management-adjusted EBITDA was $12.7 million per seller-defined EBITDA calculation."",""type"":""claim"",""unit"":""$m"",""value"":""12.7""}"
claim:0206,claim,,"{""deal"":""keystone"",""derivation"":null,""direction"":""context"",""epistemic"":""asserted"",""id"":""claim:0206"",""locator"":""keystone-model-part3.md::## Sheet: Seller_Model:Sheet: Seller_Model, line Management-adjusted EBITDA FY2026E"",""statement"":""FY2026E management-adjusted EBITDA is forecasted at $15.0 million per seller-defined EBITDA calculation."",""type"":""claim"",""unit"":""$m"",""value"":""15.0""}"
claim:0207,claim,,"{""deal"":""keystone"",""derivation"":null,""direction"":""context"",""epistemic"":""asserted"",""id"":""claim:0207"",""locator"":""keystone-model-part3.md::## Sheet: Purchase_Accounting:Sheet: Purchase_Accounting, Normalized net working capital row"",""statement"":""Normalized net working capital allocated in purchase accounting is $8.4 mm with fair value equal to tax basis carryover."",""type"":""claim"",""unit"":""$m"",""value"":""8.4""}"
author:lbo_modeling_team,author,LBO modeling team,"{""id"":""author:lbo_modeling_team"",""label"":""LBO modeling team"",""type"":""author""}"
claim:0208,claim,,"{""deal"":""keystone"",""derivation"":""Sum of annual amortization of intangible assets: PP&E 0.68 + Customer relationships 2.8 + Non-compete 0.2 = 3.68, rounded to 3 per model check."",""direction"":""context"",""epistemic"":""derived"",""id"":""claim:0208"",""locator"":""keystone-model-part3.md::## Sheet: Purchase_Accounting:Sheet: Purchase_Accounting, Annual Amortization column, Enterprise value check row"",""statement"":""Total annual intangible amortization and add-back in LBO model is approximately $3 mm, representing deductions that would be added back to EBITDA."",""type"":""claim"",""unit"":""$m"",""value"":""3.0""}"
metric:ebitda_add-back,metric,EBITDA Add-back,"{""id"":""metric:ebitda_add-back"",""label"":""EBITDA Add-back"",""type"":""metric""}"
claim:0209,claim,,"{""deal"":""keystone"",""derivation"":null,""direction"":""context"",""epistemic"":""asserted"",""id"":""claim:0209"",""locator"":""keystone-model-part3.md::## Sheet: Scenario_Drivers:w0-250:Sheet: Scenario_Drivers | Standalone Base | Revenue row, 2026-06-30 column"",""statement"":""Q2 2026 standalone base revenue is $19.795 million."",""type"":""claim"",""unit"":""$m"",""value"":""19.795""}"
period:q2_2026,period,Q2 2026,"{""id"":""period:q2_2026"",""label"":""Q2 2026"",""type"":""period""}"
claim:0210,claim,,"{""deal"":""keystone"",""derivation"":null,""direction"":""context"",""epistemic"":""asserted"",""id"":""claim:0210"",""locator"":""keystone-model-part3.md::## Sheet: Scenario_Drivers:w0-250:Sheet: Scenario_Drivers | Standalone Base | Gross margin row, 2026-06-30 column"",""statement"":""Q2 2026 standalone base gross margin is 36.2%."",""type"":""claim"",""unit"":""%"",""value"":""0.362""}"
claim:0211,claim,,"{""deal"":""keystone"",""derivation"":null,""direction"":""context"",""epistemic"":""asserted"",""id"":""claim:0211"",""locator"":""keystone-model-part3.md::## Sheet: Scenario_Drivers:w0-250:Sheet: Scenario_Drivers | Standalone Base | Firm EBITDA row, 2026-06-30 column"",""statement"":""Q2 2026 standalone base firm EBITDA is $3.088 million."",""type"":""claim"",""unit"":""$m"",""value"":""3.08802""}"
claim:0212,claim,,"{""deal"":""keystone"",""derivation"":null,""direction"":""context"",""epistemic"":""asserted"",""id"":""claim:0212"",""locator"":""keystone-model-part3.md::## Sheet: Scenario_Drivers:w250-500:Sheet: Scenario_Drivers — DSO row"",""statement"":""Model assumes Days Sales Outstanding of 64 days in early forecast periods."",""type"":""claim"",""unit"":""days"",""value"":""64.0""}"
claim:0213,claim,,"{""deal"":""keystone"",""derivation"":null,""direction"":""context"",""epistemic"":""asserted"",""id"":""claim:0213"",""locator"":""keystone-model-part3.md::## Sheet: Scenario_Drivers:w250-500:Sheet: Scenario_Drivers — DSO row, terminal period"",""statement"":""Model assumes Days Sales Outstanding improves to 60 days by FY2030."",""type"":""claim"",""unit"":""days"",""value"":""60.0""}"
period:fy2030e,period,FY2030E,"{""id"":""period:fy2030e"",""label"":""FY2030E"",""type"":""period""}"
claim:0214,claim,,"{""deal"":""keystone"",""derivation"":null,""direction"":""supports"",""epistemic"":""asserted"",""id"":""claim:0214"",""locator"":""keystone-model-part3.md::## Sheet: Scenario_Drivers:w250-500:Sheet: Scenario_Drivers — Covenant add-backs row"",""statement"":""Model projects zero covenant add-backs throughout the forecast period."",""type"":""claim"",""unit"":""$m"",""value"":""0.0""}"
claim:0215,claim,,"{""deal"":""keystone"",""derivation"":null,""direction"":""context"",""epistemic"":""asserted"",""id"":""claim:0215"",""locator"":""keystone-model-part3.md::## Sheet: Scenario_Drivers:w1250-1500:keystone-model-part3.md::## Sheet: Scenario_Drivers:w1250-1500 | Covenant limit row"",""statement"":""LBO model Scenario_Drivers sheet specifies covenant limit of 4.25x for initial periods."",""type"":""claim"",""unit"":""x"",""value"":""4.25""}"
metric:covenant_threshold,metric,Covenant Threshold,"{""id"":""metric:covenant_threshold"",""label"":""Covenant Threshold"",""type"":""metric""}"
author:model_builder,author,Model builder,"{""id"":""author:model_builder"",""label"":""Model builder"",""type"":""author""}"
claim:0216,claim,,"{""deal"":""keystone"",""derivation"":null,""direction"":""context"",""epistemic"":""asserted"",""id"":""claim:0216"",""locator"":""keystone-model-part3.md::## Sheet: Scenario_Drivers:w1250-1500:keystone-model-part3.md::## Sheet: Scenario_Drivers:w1250-1500 | Covenant limit row"",""statement"":""LBO model Scenario_Drivers sheet specifies covenant limit declining to 4.0x in later FY2025 periods."",""type"":""claim"",""unit"":""x"",""value"":""4.0""}"
claim:0217,claim,,"{""deal"":""keystone"",""derivation"":null,""direction"":""context"",""epistemic"":""asserted"",""id"":""claim:0217"",""locator"":""keystone-model-part3.md::## Sheet: Scenario_Drivers:w1250-1500:keystone-model-part3.md::## Sheet: Scenario_Drivers:w1250-1500 | Covenant limit row"",""statement"":""LBO model Scenario_Drivers sheet specifies covenant limit declining to 3.5x by later periods."",""type"":""claim"",""unit"":""x"",""value"":""3.5""}"
claim:0218,claim,,"{""deal"":""keystone"",""derivation"":null,""direction"":""context"",""epistemic"":""asserted"",""id"":""claim:0218"",""locator"":""keystone-model-part3.md::## Sheet: Scenario_Drivers:w1250-1500:keystone-model-part3.md::## Sheet: Scenario_Drivers:w1250-1500 | SOFR row"",""statement"":""LBO model Scenario_Drivers sheet specifies SOFR declining to 3.0% in final modeled periods."",""type"":""claim"",""unit"":""%"",""value"":""0.03""}"
metric:interest_coverage,metric,Interest Coverage,"{""id"":""metric:interest_coverage"",""label"":""Interest Coverage"",""type"":""metric""}"
claim:0219,claim,,"{""deal"":""keystone"",""derivation"":null,""direction"":""context"",""epistemic"":""asserted"",""id"":""claim:0219"",""locator"":""keystone-model-part3.md::## Sheet: Scenario_Drivers:w1500-1750:Sheet: Scenario_Drivers, Core PPA amortization row"",""statement"":""Core PPA amortization is modeled at $0.75 million per period."",""type"":""claim"",""unit"":""$m"",""value"":""0.75""}"
claim:0220,claim,,"{""deal"":""keystone"",""derivation"":null,""direction"":""context"",""epistemic"":""asserted"",""id"":""claim:0220"",""locator"":""keystone-model-part3.md::## Sheet: Scenario_Drivers:w1500-1750:Sheet: Scenario_Drivers, Standalone Downside Revenue row, first column"",""statement"":""Standalone Downside scenario models opening revenue of $19.24 million."",""type"":""claim"",""unit"":""$m"",""value"":""19.24""}"
claim:0221,claim,,"{""deal"":""keystone"",""derivation"":null,""direction"":""context"",""epistemic"":""asserted"",""id"":""claim:0221"",""locator"":""keystone-model-part3.md::## Sheet: Scenario_Drivers:w1500-1750:Sheet: Scenario_Drivers, Standalone Downside Gross margin row, first column"",""statement"":""Standalone Downside scenario models opening gross margin of 35.5%."",""type"":""claim"",""unit"":""%"",""value"":""0.355""}"
claim:0222,claim,,"{""deal"":""keystone"",""derivation"":""Computed as Revenue × Gross Margin minus Core PPA amortization: (19.24 × 0.355) − 0.75 = 6.835 − 0.75 = 2.7898, confirming the modeled Firm EBITDA figure."",""direction"":""context"",""epistemic"":""derived"",""id"":""claim:0222"",""locator"":""keystone-model-part3.md::## Sheet: Scenario_Drivers:w1500-1750:Sheet: Scenario_Drivers, Standalone Downside Firm EBITDA row, first column"",""statement"":""Standalone Downside scenario models opening Firm EBITDA of $2.7898 million, derived from revenue, gross margin, and PPA amortization assumptions."",""type"":""claim"",""unit"":""$m"",""value"":""2.7898""}"
claim:0223,claim,,"{""deal"":""keystone"",""derivation"":null,""direction"":""context"",""epistemic"":""asserted"",""id"":""claim:0223"",""locator"":""keystone-model-part3.md::## Sheet: Scenario_Drivers:w2750-3000:keystone-model-part3.md::Sheet: Scenario_Drivers:w2750-3000, Covenant limit row"",""statement"":""The LBO model specifies a covenant limit (leverage ratio) starting at 4.25x and stepping down to 3.5x by period 16."",""type"":""claim"",""unit"":""x"",""value"":""4.25""}"
claim:0224,claim,,"{""deal"":""keystone"",""derivation"":""Extracted from LBO model scenario drivers table; represents model assumption for Days Sales Outstanding in early forecast periods."",""direction"":""context"",""epistemic"":""derived"",""id"":""claim:0224"",""locator"":""keystone-model-part3.md::## Sheet: Scenario_Drivers:w3250-3500:keystone-model-part3.md::Sheet: Scenario_Drivers - DSO row"",""statement"":""Modeled DSO in initial periods of the Keystone LBO projection is 62 days."",""type"":""claim"",""unit"":""days"",""value"":""62.0""}"
claim:0225,claim,,"{""deal"":""keystone"",""derivation"":""Extracted from LBO model scenario drivers table; represents model assumption for Days Sales Outstanding in mid-to-later forecast periods."",""direction"":""context"",""epistemic"":""derived"",""id"":""claim:0225"",""locator"":""keystone-model-part3.md::## Sheet: Scenario_Drivers:w3250-3500:keystone-model-part3.md::Sheet: Scenario_Drivers - DSO row"",""statement"":""Modeled DSO in later periods of the Keystone LBO projection declines to 58 days."",""type"":""claim"",""unit"":""days"",""value"":""58.0""}"
period:fy2028e,period,FY2028E,"{""id"":""period:fy2028e"",""label"":""FY2028E"",""type"":""period""}"
claim:0226,claim,,"{""deal"":""keystone"",""derivation"":""Both one-time charges and covenant add-backs are modeled at $0mm across all visible forecast columns."",""direction"":""context"",""epistemic"":""derived"",""id"":""claim:0226"",""locator"":""keystone-model-part3.md::## Sheet: Scenario_Drivers:w3250-3500:keystone-model-part3.md::Sheet: Scenario_Drivers - One-time charges and Covenant add-backs rows"",""statement"":""The LBO model assumes zero one-time charges and zero covenant add-backs across all forecast periods."",""type"":""claim"",""unit"":""$m"",""value"":""0.0""}"
claim:0227,claim,,"{""deal"":""keystone"",""derivation"":null,""direction"":""context"",""epistemic"":""asserted"",""id"":""claim:0227"",""locator"":""keystone-model-part3.md::## Sheet: Scenario_Drivers:w3000-3250:Sheet: Scenario_Drivers — Core PPA amortization row"",""statement"":""Core PPA amortization is modeled as a consistent $0.75mm add-back across all periods in the Keystone LBO model."",""type"":""claim"",""unit"":""$m"",""value"":""0.75""}"
claim:0228,claim,,"{""deal"":""keystone"",""derivation"":null,""direction"":""context"",""epistemic"":""asserted"",""id"":""claim:0228"",""locator"":""keystone-model-part3.md::## Sheet: Scenario_Drivers:w3000-3250:Sheet: Scenario_Drivers — Standalone Upside Revenue row"",""statement"":""Standalone upside revenue is modeled at $20.0725mm for the first modeled period in the Keystone LBO scenario."",""type"":""claim"",""unit"":""$m"",""value"":""20.0725""}"
claim:0229,claim,,"{""deal"":""keystone"",""derivation"":null,""direction"":""context"",""epistemic"":""asserted"",""id"":""claim:0229"",""locator"":""keystone-model-part3.md::## Sheet: Scenario_Drivers:w3000-3250:Sheet: Scenario_Drivers — Standalone Upside Gross margin row"",""statement"":""Standalone upside gross margin is modeled at 36.5% in the first period of the Keystone LBO scenario."",""type"":""claim"",""unit"":""%"",""value"":""0.365""}"
claim:0230,claim,,"{""deal"":""keystone"",""derivation"":null,""direction"":""context"",""epistemic"":""asserted"",""id"":""claim:0230"",""locator"":""keystone-model-part3.md::## Sheet: Scenario_Drivers:w3000-3250:Sheet: Scenario_Drivers — Standalone Upside Firm EBITDA row"",""statement"":""Firm EBITDA is modeled at $3.2116mm for the first modeled period under the Standalone Upside scenario in the Keystone LBO model."",""type"":""claim"",""unit"":""$m"",""value"":""3.2116""}"
claim:0231,claim,,"{""deal"":""keystone"",""derivation"":null,""direction"":""context"",""epistemic"":""asserted"",""id"":""claim:0231"",""locator"":""keystone-model-part3.md::## Sheet: Scenario_Drivers:w3500-3750:Sheet: Scenario_Drivers — AP / annualized revenue"",""statement"":""Accounts payable is modeled at 5.5% of annualized revenue in the LBO scenario."",""type"":""claim"",""unit"":""%"",""value"":""0.055""}"
claim:0232,claim,,"{""deal"":""keystone"",""derivation"":null,""direction"":""context"",""epistemic"":""asserted"",""id"":""claim:0232"",""locator"":""keystone-model-part3.md::## Sheet: Scenario_Drivers:w3500-3750:Sheet: Scenario_Drivers — Accruals / annualized revenue"",""statement"":""Accruals are modeled at 7.5% of annualized revenue in the LBO scenario."",""type"":""claim"",""unit"":""%"",""value"":""0.075""}"
claim:0233,claim,,"{""deal"":""keystone"",""derivation"":null,""direction"":""context"",""epistemic"":""asserted"",""id"":""claim:0233"",""locator"":""keystone-model-part3.md::## Sheet: Scenario_Drivers:w3500-3750:Sheet: Scenario_Drivers — Deferred revenue / annualized revenue"",""statement"":""Deferred revenue is modeled at 1.2% of annualized revenue in the LBO scenario."",""type"":""claim"",""unit"":""%"",""value"":""0.012""}"
claim:0234,claim,,"{""deal"":""keystone"",""derivation"":null,""direction"":""context"",""epistemic"":""asserted"",""id"":""claim:0234"",""locator"":""keystone-model-part3.md::## Sheet: Scenario_Drivers:w3500-3750:Sheet: Scenario_Drivers — Capex / revenue"",""statement"":""Capital expenditure is modeled at 1.6% of revenue in the LBO scenario."",""type"":""claim"",""unit"":""%"",""value"":""0.016""}"
claim:0235,claim,,"{""deal"":""keystone"",""derivation"":null,""direction"":""context"",""epistemic"":""asserted"",""id"":""claim:0235"",""locator"":""keystone-model-part3.md::## Sheet: Scenario_Drivers:w4500-4750:Sheet: Scenario_Drivers, Acquisition Base Revenue row, first value"",""statement"":""Acquisition Base Revenue is modeled at $19.795 million in the first modeled period."",""type"":""claim"",""unit"":""$m"",""value"":""19.795""}"
claim:0236,claim,,"{""deal"":""keystone"",""derivation"":null,""direction"":""context"",""epistemic"":""asserted"",""id"":""claim:0236"",""locator"":""keystone-model-part3.md::## Sheet: Scenario_Drivers:w4500-4750:Sheet: Scenario_Drivers, Acquisition Base Gross margin row, first value"",""statement"":""Acquisition Base Gross Margin is modeled at 36.2% in the opening period."",""type"":""claim"",""unit"":""%"",""value"":""0.362""}"
claim:0237,claim,,"{""deal"":""keystone"",""derivation"":null,""direction"":""context"",""epistemic"":""asserted"",""id"":""claim:0237"",""locator"":""keystone-model-part3.md::## Sheet: Scenario_Drivers:w4250-4500:Sheet: Scenario_Drivers, Covenant limit row"",""statement"":""LBO model scenario drivers assume a covenant limit of 4.25x for FY2026E."",""type"":""claim"",""unit"":""x"",""value"":""4.25""}"
claim:0238,claim,,"{""deal"":""keystone"",""derivation"":null,""direction"":""context"",""epistemic"":""asserted"",""id"":""claim:0238"",""locator"":""keystone-model-part3.md::## Sheet: Scenario_Drivers:w4250-4500:Sheet: Scenario_Drivers, Covenant limit row"",""statement"":""LBO model scenario drivers assume a covenant limit of 4.0x for FY2027E."",""type"":""claim"",""unit"":""x"",""value"":""4.0""}"
claim:0239,claim,,"{""deal"":""keystone"",""derivation"":null,""direction"":""context"",""epistemic"":""asserted"",""id"":""claim:0239"",""locator"":""keystone-model-part3.md::## Sheet: Scenario_Drivers:w4250-4500:Sheet: Scenario_Drivers, Covenant limit row"",""statement"":""LBO model scenario drivers assume a covenant limit of 3.75x for FY2028E."",""type"":""claim"",""unit"":""x"",""value"":""3.75""}"
claim:0240,claim,,"{""deal"":""keystone"",""derivation"":null,""direction"":""context"",""epistemic"":""asserted"",""id"":""claim:0240"",""locator"":""keystone-model-part3.md::## Sheet: Scenario_Drivers:w4250-4500:Sheet: Scenario_Drivers, Covenant limit row"",""statement"":""LBO model scenario drivers assume a covenant limit of 3.5x for FY2029E and beyond."",""type"":""claim"",""unit"":""x"",""value"":""3.5""}"
period:fy2029e,period,FY2029E,"{""id"":""period:fy2029e"",""label"":""FY2029E"",""type"":""period""}"
claim:0241,claim,,"{""deal"":""keystone"",""derivation"":""Extracted from LBO model Scenario_Drivers output — not a user computation"",""direction"":""context"",""epistemic"":""derived"",""id"":""claim:0241"",""locator"":""keystone-model-part3.md::## Sheet: Scenario_Drivers:w4750-5000:keystone-model-part3.md::Sheet: Scenario_Drivers:w4750-5000 — Firm EBITDA row, column 1"",""statement"":""Firm EBITDA for FY2025A is $3.09m per LBO model Scenario_Drivers sheet."",""type"":""claim"",""unit"":""$m"",""value"":""3.08802""}"
claim:0242,claim,,"{""deal"":""keystone"",""derivation"":""Extracted from LBO model Scenario_Drivers output — not a user computation"",""direction"":""context"",""epistemic"":""derived"",""id"":""claim:0242"",""locator"":""keystone-model-part3.md::## Sheet: Scenario_Drivers:w4750-5000:keystone-model-part3.md::Sheet: Scenario_Drivers:w4750-5000 — Firm EBITDA row, final column"",""statement"":""Firm EBITDA for FY2030E is $5.54m per LBO model Scenario_Drivers sheet, representing projected growth."",""type"":""claim"",""unit"":""$m"",""value"":""5.535789770713484""}"
claim:0243,claim,,"{""deal"":""keystone"",""derivation"":""Extracted from model assumption row"",""direction"":""context"",""epistemic"":""derived"",""id"":""claim:0243"",""locator"":""keystone-model-part3.md::## Sheet: Scenario_Drivers:w4750-5000:keystone-model-part3.md::Sheet: Scenario_Drivers:w4750-5000 — One-time charges row"",""statement"":""One-time charges of $1.0m are projected for FY2027E in the Scenario_Drivers model."",""type"":""claim"",""unit"":""$m"",""value"":""1.0""}"
claim:0244,claim,,"{""deal"":""keystone"",""derivation"":""Extracted from model assumption row"",""direction"":""context"",""epistemic"":""derived"",""id"":""claim:0244"",""locator"":""keystone-model-part3.md::## Sheet: Scenario_Drivers:w4750-5000:keystone-model-part3.md::Sheet: Scenario_Drivers:w4750-5000 — DSO row"",""statement"":""Days Sales Outstanding (DSO) is modeled at 64 days for FY2025A, declining to 60 days by FY2030E."",""type"":""claim"",""unit"":""days"",""value"":""64.0""}"
claim:0245,claim,,"{""deal"":""keystone"",""derivation"":null,""direction"":""context"",""epistemic"":""asserted"",""id"":""claim:0245"",""locator"":""keystone-model-part3.md::## Sheet: Scenario_Drivers:w5500-5750:Sheet: Scenario_Drivers, DDTL draw row, columns w5500-5750"",""statement"":""DDTL draw modeled at $6 million in one scenario and $4 million in another scenario within LBO model."",""type"":""claim"",""unit"":""$m"",""value"":""6.0""}"
claim:0246,claim,,"{""deal"":""keystone"",""derivation"":null,""direction"":""context"",""epistemic"":""asserted"",""id"":""claim:0246"",""locator"":""keystone-model-part3.md::## Sheet: Scenario_Drivers:w5500-5750:Sheet: Scenario_Drivers, Sponsor equity contribution row, columns w5500-5750"",""statement"":""Sponsor equity contribution modeled at $5 million in LBO model scenario."",""type"":""claim"",""unit"":""$m"",""value"":""5.0""}"
claim:0247,claim,,"{""deal"":""keystone"",""derivation"":null,""direction"":""context"",""epistemic"":""asserted"",""id"":""claim:0247"",""locator"":""keystone-model-part3.md::## Sheet: Scenario_Drivers:w5000-5250:keystone-model-part3.md::Sheet: Scenario_Drivers — Deferred revenue / annualized revenue"",""statement"":""Deferred revenue is modeled at 1.2% of annualized revenue in the Keystone LBO model Scenario_Drivers sheet."",""type"":""claim"",""unit"":""%"",""value"":""0.012""}"
author:keystone_lbo_model,author,Keystone LBO model,"{""id"":""author:keystone_lbo_model"",""label"":""Keystone LBO model"",""type"":""author""}"
claim:0248,claim,,"{""deal"":""keystone"",""derivation"":null,""direction"":""context"",""epistemic"":""asserted"",""id"":""claim:0248"",""locator"":""keystone-model-part3.md::## Sheet: Scenario_Drivers:w5000-5250:keystone-model-part3.md::Sheet: Scenario_Drivers — AP / annualized revenue"",""statement"":""Accounts payable is modeled at 5.5% of annualized revenue in the Keystone LBO model Scenario_Drivers sheet."",""type"":""claim"",""unit"":""%"",""value"":""0.055""}"
claim:0249,claim,,"{""deal"":""keystone"",""derivation"":null,""direction"":""context"",""epistemic"":""asserted"",""id"":""claim:0249"",""locator"":""keystone-model-part3.md::## Sheet: Scenario_Drivers:w5000-5250:keystone-model-part3.md::Sheet: Scenario_Drivers — Accruals / annualized revenue"",""statement"":""Accruals are modeled at 7.5% of annualized revenue in the Keystone LBO model Scenario_Drivers sheet."",""type"":""claim"",""unit"":""%"",""value"":""0.075""}"
claim:0250,claim,,"{""deal"":""keystone"",""derivation"":null,""direction"":""context"",""epistemic"":""asserted"",""id"":""claim:0250"",""locator"":""keystone-model-part3.md::## Sheet: Scenario_Drivers:w6250-6500:Sheet: Scenario_Drivers — Covenant add-backs row"",""statement"":""Covenant add-backs at opening are $0 million."",""type"":""claim"",""unit"":""$m"",""value"":""0.0""}"
entity:keystone_covenant_definition,entity,Keystone covenant definition,"{""id"":""entity:keystone_covenant_definition"",""label"":""Keystone covenant definition"",""type"":""entity""}"
perimeter:keystone_covenant_definition,perimeter,Keystone covenant definition,"{""id"":""perimeter:keystone_covenant_definition"",""label"":""Keystone covenant definition"",""type"":""perimeter""}"
claim:0251,claim,,"{""deal"":""keystone"",""derivation"":null,""direction"":""context"",""epistemic"":""asserted"",""id"":""claim:0251"",""locator"":""keystone-model-part3.md::## Sheet: Scenario_Drivers:w6250-6500:Sheet: Scenario_Drivers — DSO row"",""statement"":""Days Sales Outstanding (DSO) at opening is 68 days."",""type"":""claim"",""unit"":""days"",""value"":""68.0""}"
claim:0252,claim,,"{""deal"":""keystone"",""derivation"":null,""direction"":""context"",""epistemic"":""asserted"",""id"":""claim:0252"",""locator"":""keystone-model-part3.md::## Sheet: Scenario_Drivers:w6250-6500:Sheet: Scenario_Drivers — WIP / annualized revenue row"",""statement"":""Work-in-progress (WIP) as a percentage of annualized revenue is 7.8% at opening."",""type"":""claim"",""unit"":""%"",""value"":""0.078""}"
claim:0253,claim,,"{""deal"":""keystone"",""derivation"":null,""direction"":""context"",""epistemic"":""asserted"",""id"":""claim:0253"",""locator"":""keystone-model-part3.md::## Sheet: Scenario_Drivers:w6750-7000:Sheet: Scenario_Drivers, Acquisition EV row"",""statement"":""Acquisition EV is $8.4mm in the LBO model scenario drivers."",""type"":""claim"",""unit"":""$m"",""value"":""8.4""}"
claim:0254,claim,,"{""deal"":""keystone"",""derivation"":null,""direction"":""context"",""epistemic"":""asserted"",""id"":""claim:0254"",""locator"":""keystone-model-part3.md::## Sheet: Scenario_Drivers:w6750-7000:Sheet: Scenario_Drivers, Acquisition fees row"",""statement"":""Acquisition fees are modeled at $0.4mm in the LBO scenario."",""type"":""claim"",""unit"":""$m"",""value"":""0.4""}"
claim:0255,claim,,"{""deal"":""keystone"",""derivation"":null,""direction"":""context"",""epistemic"":""asserted"",""id"":""claim:0255"",""locator"":""keystone-model-part3.md::## Sheet: Scenario_Drivers:w6750-7000:Sheet: Scenario_Drivers, Acquired intangibles row"",""statement"":""Acquired intangibles are valued at $3mm in the LBO model."",""type"":""claim"",""unit"":""$m"",""value"":""3.0""}"
claim:0256,claim,,"{""deal"":""keystone"",""derivation"":null,""direction"":""context"",""epistemic"":""asserted"",""id"":""claim:0256"",""locator"":""keystone-model-part3.md::## Sheet: Scenario_Drivers:w6750-7000:Sheet: Scenario_Drivers, Acquired goodwill row"",""statement"":""Acquired goodwill is recorded at $5.75mm in the LBO model."",""type"":""claim"",""unit"":""$m"",""value"":""5.75""}"
claim:0257,claim,,"{""deal"":""keystone"",""derivation"":null,""direction"":""context"",""epistemic"":""asserted"",""id"":""claim:0257"",""locator"":""keystone-model-part3.md::## Sheet: Scenario_Drivers:w7250-7500:Sheet: Scenario_Drivers, Forced revolver target row"",""statement"":""The LBO model specifies a forced revolver target of $4.78 million at a specific scenario point."",""type"":""claim"",""unit"":""$m"",""value"":""4.78""}"
claim:0258,claim,,"{""deal"":""keystone"",""derivation"":null,""direction"":""context"",""epistemic"":""asserted"",""id"":""claim:0258"",""locator"":""keystone-model-part3.md::## Sheet: Scenario_Drivers:w7250-7500:Sheet: Scenario_Drivers, Covenant limit row"",""statement"":""Model covenant limits step down from 4.75x in early years to 3.5x in later periods, reflecting deleveraging trajectory."",""type"":""claim"",""unit"":""x"",""value"":""4.25–4.75""}"
claim:0259,claim,,"{""deal"":""keystone"",""derivation"":null,""direction"":""context"",""epistemic"":""asserted"",""id"":""claim:0259"",""locator"":""keystone-model-part3.md::## Sheet: Debt_Covenants:w0-250:Sheet: Debt_Covenants | Facility Terms | Revolver"",""statement"":""Revolver facility has a commitment of $7.5m with zero opening draw, maturing September 30, 2031, priced at SOFR + 5.00%, with no amortization."",""type"":""claim"",""unit"":""$m"",""value"":""7.5""}"
claim:0260,claim,,"{""deal"":""keystone"",""derivation"":null,""direction"":""context"",""epistemic"":""asserted"",""id"":""claim:0260"",""locator"":""keystone-model-part3.md::## Sheet: Debt_Covenants:w0-250:Sheet: Debt_Covenants | Facility Terms | DDTL"",""statement"":""DDTL facility has a commitment of $10.0m with zero opening draw, maturing March 31, 2032, priced at SOFR + 5.75% with 1.0% annual amortization after draw."",""type"":""claim"",""unit"":""$m"",""value"":""10.0""}"
claim:0261,claim,,"{""deal"":""keystone"",""derivation"":null,""direction"":""context"",""epistemic"":""asserted"",""id"":""claim:0261"",""locator"":""keystone-model-part3.md::## Sheet: Debt_Covenants:w0-250:Sheet: Debt_Covenants | Original Financial Covenants | Total net leverage"",""statement"":""Total net leverage covenant threshold is 4.25x through 2027, tested quarterly, with steps down thereafter."",""type"":""claim"",""unit"":""x"",""value"":""4.25""}"
claim:0262,claim,,"{""deal"":""keystone"",""derivation"":null,""direction"":""context"",""epistemic"":""asserted"",""id"":""claim:0262"",""locator"":""keystone-model-part3.md::## Sheet: Debt_Covenants:w250-500:Debt_Covenants sheet, LTM reported EBITDA row"",""statement"":""LTM reported EBITDA is $9.4m as of the June 30, 2027 compliance certificate reference date."",""type"":""claim"",""unit"":""$m"",""value"":""9.4""}"
period:ltm,period,LTM,"{""id"":""period:ltm"",""label"":""LTM"",""type"":""period""}"
claim:0263,claim,,"{""deal"":""keystone"",""derivation"":null,""direction"":""context"",""epistemic"":""asserted"",""id"":""claim:0263"",""locator"":""keystone-model-part3.md::## Sheet: Debt_Covenants:w250-500:Debt_Covenants sheet, LTM add-backs row"",""statement"":""LTM add-backs total $1.4m, which is subject to a 15% cap of $1.41m."",""type"":""claim"",""unit"":""$m"",""value"":""1.4""}"
claim:0264,claim,,"{""deal"":""keystone"",""derivation"":""LTM reported EBITDA ($9.4m) + LTM add-backs ($1.4m) = $10.8m"",""direction"":""context"",""epistemic"":""derived"",""id"":""claim:0264"",""locator"":""keystone-model-part3.md::## Sheet: Debt_Covenants:w250-500:Debt_Covenants sheet, LTM covenant EBITDA row"",""statement"":""LTM covenant EBITDA is $10.8m, derived from $9.4m reported EBITDA plus $1.4m add-backs."",""type"":""claim"",""unit"":""$m"",""value"":""10.8""}"
metric:covenant_ebitda,metric,Covenant EBITDA,"{""id"":""metric:covenant_ebitda"",""label"":""Covenant EBITDA"",""type"":""metric""}"
claim:0265,claim,,"{""deal"":""keystone"",""derivation"":null,""direction"":""contradicts"",""epistemic"":""asserted"",""id"":""claim:0265"",""locator"":""keystone-model-part3.md::## Sheet: Debt_Covenants:w250-500:Debt_Covenants sheet, Total net leverage row"",""statement"":""Total net leverage is 4.7x, exceeding the covenant requirement of 4.25x maximum."",""type"":""claim"",""unit"":""x"",""value"":""4.7""}"
claim:0266,claim,,"{""deal"":""keystone"",""derivation"":""Model calculation: Exit Multiple (9x) × Exit LTM Firm EBITDA ($18.35m) = $165.12m"",""direction"":""context"",""epistemic"":""derived"",""id"":""claim:0266"",""locator"":""keystone-model-part4.md::## Sheet: Ownership_Returns:w0-250:keystone-model-part4.md::Sheet Ownership_Returns::Standalone Base row"",""statement"":""In Standalone Base case, modeled exit enterprise value is $165.12m."",""type"":""claim"",""unit"":""$m"",""value"":""165.12""}"
claim:0267,claim,,"{""deal"":""keystone"",""derivation"":""Model output from LBO model Ownership_Returns sheet, Standalone Base case showing Gross MOIC"",""direction"":""supports"",""epistemic"":""derived"",""id"":""claim:0267"",""locator"":""keystone-model-part4.md::## Sheet: Ownership_Returns:w0-250:keystone-model-part4.md::Sheet Ownership_Returns::Standalone Base row"",""statement"":""In Standalone Base case, modeled gross multiple on invested capital (MOIC) is 1.996x."",""type"":""claim"",""unit"":""x"",""value"":""1.996""}"
claim:0268,claim,,"{""deal"":""keystone"",""derivation"":null,""direction"":""context"",""epistemic"":""asserted"",""id"":""claim:0268"",""locator"":""keystone-model-part4.md::## Sheet: Ownership_Returns:w250-280:Sheet: Ownership_Returns, After $7.5m amendment contribution row"",""statement"":""An amendment contribution of $7.5 million was made to sponsor equity."",""type"":""claim"",""unit"":""$m"",""value"":""7.5""}"
claim:0269,claim,,"{""deal"":""keystone"",""derivation"":null,""direction"":""context"",""epistemic"":""asserted"",""id"":""claim:0269"",""locator"":""keystone-model-part4.md::## Sheet: Cover:w250-321:Sheet: Cover, Standalone Downside row"",""statement"":""Standalone Downside scenario projects a MOIC of 1.28x."",""type"":""claim"",""unit"":""x"",""value"":""1.28""}"
claim:0270,claim,,"{""deal"":""keystone"",""derivation"":null,""direction"":""context"",""epistemic"":""asserted"",""id"":""claim:0270"",""locator"":""keystone-model-part4.md::## Sheet: Cover:w250-321:Sheet: Cover, Standalone Upside row"",""statement"":""Standalone Upside scenario projects a MOIC of 2.43x."",""type"":""claim"",""unit"":""x"",""value"":""2.43""}"
claim:0271,claim,,"{""deal"":""keystone"",""derivation"":null,""direction"":""context"",""epistemic"":""asserted"",""id"":""claim:0271"",""locator"":""keystone-model-part4.md::## Sheet: Cover:w250-321:Sheet: Cover, Acquisition Base row"",""statement"":""Acquisition Base scenario projects a MOIC of 2.08x."",""type"":""claim"",""unit"":""x"",""value"":""2.08""}"
claim:0272,claim,,"{""deal"":""keystone"",""derivation"":null,""direction"":""context"",""epistemic"":""asserted"",""id"":""claim:0272"",""locator"":""keystone-model-part4.md::## Sheet: Cover:w250-321:Sheet: Cover, Combined Risk row"",""statement"":""Combined Risk scenario projects a MOIC of 1.50x."",""type"":""claim"",""unit"":""x"",""value"":""1.5""}"
claim:0273,claim,,"{""deal"":""keystone"",""derivation"":null,""direction"":""context"",""epistemic"":""attested"",""id"":""claim:0273"",""locator"":""keystone_ic_memo.md::## Decision requested:keystone_ic_memo.md::Decision requested"",""statement"":""The IC approves acquisition of Alderstone at $108.0m enterprise value as of the investment date."",""type"":""claim"",""unit"":""$m"",""value"":""108.0""}"
source:src-ic,source,SRC-IC,"{""id"":""source:src-ic"",""label"":""SRC-IC"",""type"":""source""}"
author:ic,author,IC,"{""id"":""author:ic"",""label"":""IC"",""type"":""author""}"
claim:0274,claim,,"{""deal"":""keystone"",""derivation"":null,""direction"":""context"",""epistemic"":""attested"",""id"":""claim:0274"",""locator"":""keystone_ic_memo.md::## Decision requested:keystone_ic_memo.md::Decision requested"",""statement"":""The acquisition is funded with $62.0m of sponsor cash equity at opening."",""type"":""claim"",""unit"":""$m"",""value"":""62.0""}"
claim:0275,claim,,"{""deal"":""keystone"",""derivation"":null,""direction"":""context"",""epistemic"":""attested"",""id"":""claim:0275"",""locator"":""keystone_ic_memo.md::## Decision requested:keystone_ic_memo.md::Decision requested"",""statement"":""The acquisition is funded with $12.0m of seller rollover equity at opening."",""type"":""claim"",""unit"":""$m"",""value"":""12.0""}"
claim:0276,claim,,"{""deal"":""keystone"",""derivation"":null,""direction"":""context"",""epistemic"":""attested"",""id"":""claim:0276"",""locator"":""keystone_ic_memo.md::## Decision requested:keystone_ic_memo.md::Decision requested"",""statement"":""The acquisition is funded with $42.8m of first-lien opening debt."",""type"":""claim"",""unit"":""$m"",""value"":""42.8""}"
claim:0277,claim,,"{""deal"":""keystone"",""derivation"":null,""direction"":""context"",""epistemic"":""attested"",""id"":""claim:0277"",""locator"":""keystone_ic_memo.md::## Audited return profile:Audited return profile table, Standalone Base row"",""statement"":""Sponsor capital deployed in Standalone Base case is $62.0m."",""type"":""claim"",""unit"":""$m"",""value"":""62.0""}"
claim:0278,claim,,"{""deal"":""keystone"",""derivation"":null,""direction"":""supports"",""epistemic"":""attested"",""id"":""claim:0278"",""locator"":""keystone_ic_memo.md::## Audited return profile:Audited return profile table, Standalone Base row"",""statement"":""Gross MOIC in Standalone Base case is 2.00x."",""type"":""claim"",""unit"":""x"",""value"":""2.0""}"
claim:0279,claim,,"{""deal"":""keystone"",""derivation"":null,""direction"":""supports"",""epistemic"":""attested"",""id"":""claim:0279"",""locator"":""keystone_ic_memo.md::## Audited return profile:Audited return profile table, Standalone Base row"",""statement"":""Gross XIRR in Standalone Base case is 14.8%."",""type"":""claim"",""unit"":""%"",""value"":""14.8""}"
claim:0280,claim,,"{""deal"":""keystone"",""derivation"":null,""direction"":""context"",""epistemic"":""attested"",""id"":""claim:0280"",""locator"":""keystone_ic_memo.md::## Concern block / what must be true:Concern block / what must be true, item 2"",""statement"":""The IC memo attests that the Firm prices the Riverton transaction on $11.4m EBITDA, not seller or covenant EBITDA."",""type"":""claim"",""unit"":""$m"",""value"":""11.4""}"
claim:0281,claim,,"{""deal"":""keystone"",""derivation"":null,""direction"":""context"",""epistemic"":""attested"",""id"":""claim:0281"",""locator"":""keystone_ic_memo.md::## Concern block / what must be true:Concern block / what must be true, item 8"",""statement"":""The IC memo attests that the investment must work at a 9.0x exit multiple as a condition of approval."",""type"":""claim"",""unit"":""x"",""value"":""9.0""}"
claim:0282,claim,,"{""deal"":""keystone"",""derivation"":null,""direction"":""context"",""epistemic"":""attested"",""id"":""claim:0282"",""locator"":""keystone_ic_memo.md::## Concern block / what must be true:Concern block / what must be true, item 5"",""statement"":""The IC memo attests that a $2.0m integration program is funded and governed as a condition precedent to deal approval."",""type"":""claim"",""unit"":""$m"",""value"":""2.0""}"
claim:0283,claim,,"{""deal"":""keystone"",""derivation"":null,""direction"":""contradicts"",""epistemic"":""observed"",""id"":""claim:0283"",""locator"":""keystone_ic_memo.md::## Risk debate - customer concentration:Risk debate - customer concentration"",""statement"":""Ultimate-parent customer concentration is 18.2%, materially above the seller's 7.6% account-level figure for Riverton."",""type"":""claim"",""unit"":""%"",""value"":""18.2""}"
claim:0284,claim,,"{""deal"":""keystone"",""derivation"":null,""direction"":""context"",""epistemic"":""attested"",""id"":""claim:0284"",""locator"":""keystone_ic_memo.md::## Risk debate - customer concentration:Risk debate - customer concentration"",""statement"":""IC accepted the material customer concentration risk conditional on ultimate-parent (18.2%) basis reporting, monthly monitoring, pre-closing reference call, and change-of-control notice."",""type"":""claim"",""unit"":null,""value"":null}"
metric:ic_conditions,metric,IC Conditions,"{""id"":""metric:ic_conditions"",""label"":""IC Conditions"",""type"":""metric""}"
claim:0285,claim,,"{""deal"":""keystone"",""derivation"":null,""direction"":""context"",""epistemic"":""attested"",""id"":""claim:0285"",""locator"":""keystone_ic_memo.md::## Risk debate - integration and execution:Risk debate - integration and execution (Challenge paragraph)"",""statement"":""Alderstone has acquired four companies without fully integrating billing, project accounting and customer data; integration failure risk could affect EBITDA and cash."",""type"":""claim"",""unit"":null,""value"":null}"
claim:0286,claim,,"{""deal"":""keystone"",""derivation"":null,""direction"":""context"",""epistemic"":""asserted"",""id"":""claim:0286"",""locator"":""keystone_ic_memo.md::## Risk debate - integration and execution:Risk debate - integration and execution (Deal-team response paragraph)"",""statement"":""Integration program remaining budget is $2.0m with dedicated integration leader to be appointed."",""type"":""claim"",""unit"":""$m"",""value"":""2.0""}"
claim:0287,claim,,"{""deal"":""keystone"",""derivation"":null,""direction"":""context"",""epistemic"":""asserted"",""id"":""claim:0287"",""locator"":""keystone_ic_memo.md::## Risk debate - integration and execution:Risk debate - integration and execution (Deal-team response paragraph)"",""statement"":""A $4.0m board-designated integration and liquidity capacity will be preserved."",""type"":""claim"",""unit"":""$m"",""value"":""4.0""}"
claim:0288,claim,,"{""deal"":""keystone"",""derivation"":null,""direction"":""supports"",""epistemic"":""attested"",""id"":""claim:0288"",""locator"":""keystone_ic_memo.md::## Risk debate - integration and execution:Risk debate - integration and execution (Committee judgement paragraph)"",""statement"":""IC Committee concluded that integration risk is acceptable with governance controls, but central risk is customer disruption and working-capital absorption from execution failure."",""type"":""claim"",""unit"":null,""value"":null}"
claim:0289,claim,,"{""deal"":""keystone"",""derivation"":null,""direction"":""supports"",""epistemic"":""attested"",""id"":""claim:0289"",""locator"":""keystone_ic_memo.md::## Vote and conclusion:Vote and conclusion — Vote table"",""statement"":""The Investment Committee voted 4 Approve and 1 Reject on Project Keystone, with approval granted subject to all stated conditions."",""type"":""claim"",""unit"":""count"",""value"":""4 Approve, 1 Reject""}"
metric:ic_vote,metric,IC Vote,"{""id"":""metric:ic_vote"",""label"":""IC Vote"",""type"":""metric""}"
claim:0290,claim,,"{""deal"":""keystone"",""derivation"":null,""direction"":""contradicts"",""epistemic"":""attested"",""id"":""claim:0290"",""locator"":""keystone_ic_memo.md::## Recorded dissent:Recorded dissent"",""statement"":""Firm entry multiple of 9.5x is characterized by dissenting IC member as providing inadequate return compensation relative to identified risks."",""type"":""claim"",""unit"":""x"",""value"":""9.5""}"
claim:0291,claim,,"{""deal"":""keystone"",""derivation"":null,""direction"":""context"",""epistemic"":""attested"",""id"":""claim:0291"",""locator"":""keystone_ic_memo.md::## IC conditions:IC conditions, item 1"",""statement"":""IC memo condition: Enterprise Value shall not exceed $108.0m."",""type"":""claim"",""unit"":""$m"",""value"":""108.0""}"
claim:0292,claim,,"{""deal"":""keystone"",""derivation"":null,""direction"":""supports"",""epistemic"":""attested"",""id"":""claim:0292"",""locator"":""keystone_ic_memo.md::## IC conditions:IC conditions, item 3"",""statement"":""IC memo condition: Sponsor initial cash equity of at least $62.0m."",""type"":""claim"",""unit"":""$m"",""value"":""62.0""}"
claim:0293,claim,,"{""deal"":""keystone"",""derivation"":null,""direction"":""context"",""epistemic"":""attested"",""id"":""claim:0293"",""locator"":""keystone_ic_memo.md::## IC conditions:IC conditions, item 4"",""statement"":""IC memo condition: First-lien debt no greater than $42.8m."",""type"":""claim"",""unit"":""$m"",""value"":""42.8""}"
claim:0294,claim,,"{""deal"":""keystone"",""derivation"":null,""direction"":""context"",""epistemic"":""attested"",""id"":""claim:0294"",""locator"":""keystone_ic_memo.md::## IC conditions:IC conditions, item 7"",""statement"":""IC memo condition: Normalized NWC target of $8.4m, with unsupported aged WIP excluded."",""type"":""claim"",""unit"":""$m"",""value"":""8.4""}"
claim:0295,claim,,"{""deal"":""keystone"",""derivation"":null,""direction"":""supports"",""epistemic"":""attested"",""id"":""claim:0295"",""locator"":""keystone_ic_memo.md::## IC conditions:IC conditions, item 10"",""statement"":""IC memo condition: $4.0m board-designated integration and liquidity capacity preserved."",""type"":""claim"",""unit"":""$m"",""value"":""4.0""}"
