src,tgt,rel,data
claim:0000,metric:active_billing_accounts,MEASURES,"{""rel"":""MEASURES"",""source"":""claim:0000"",""target"":""metric:active_billing_accounts""}"
claim:0000,perimeter:unknown,SCOPED_TO,"{""rel"":""SCOPED_TO"",""source"":""claim:0000"",""target"":""perimeter:unknown""}"
claim:0000,source:seller_cim,FROM_SOURCE,"{""rel"":""FROM_SOURCE"",""source"":""claim:0000"",""target"":""source:seller_cim""}"
claim:0001,metric:customer_retention,MEASURES,"{""rel"":""MEASURES"",""source"":""claim:0001"",""target"":""metric:customer_retention""}"
claim:0001,perimeter:unknown,SCOPED_TO,"{""rel"":""SCOPED_TO"",""source"":""claim:0001"",""target"":""perimeter:unknown""}"
claim:0001,source:seller_cim,FROM_SOURCE,"{""rel"":""FROM_SOURCE"",""source"":""claim:0001"",""target"":""source:seller_cim""}"
claim:0002,metric:acquisition_count,MEASURES,"{""rel"":""MEASURES"",""source"":""claim:0002"",""target"":""metric:acquisition_count""}"
claim:0002,perimeter:alderstone_standalone,SCOPED_TO,"{""rel"":""SCOPED_TO"",""source"":""claim:0002"",""target"":""perimeter:alderstone_standalone""}"
claim:0002,source:seller_cim,FROM_SOURCE,"{""rel"":""FROM_SOURCE"",""source"":""claim:0002"",""target"":""source:seller_cim""}"
claim:0003,metric:customer_contract_terms,MEASURES,"{""rel"":""MEASURES"",""source"":""claim:0003"",""target"":""metric:customer_contract_terms""}"
claim:0003,perimeter:unknown,SCOPED_TO,"{""rel"":""SCOPED_TO"",""source"":""claim:0003"",""target"":""perimeter:unknown""}"
claim:0003,source:seller_cim,FROM_SOURCE,"{""rel"":""FROM_SOURCE"",""source"":""claim:0003"",""target"":""source:seller_cim""}"
claim:0004,metric:systems_integration_risk,MEASURES,"{""rel"":""MEASURES"",""source"":""claim:0004"",""target"":""metric:systems_integration_risk""}"
claim:0004,perimeter:unknown,SCOPED_TO,"{""rel"":""SCOPED_TO"",""source"":""claim:0004"",""target"":""perimeter:unknown""}"
claim:0004,source:seller_cim,FROM_SOURCE,"{""rel"":""FROM_SOURCE"",""source"":""claim:0004"",""target"":""source:seller_cim""}"
claim:0005,metric:key_person_risk,MEASURES,"{""rel"":""MEASURES"",""source"":""claim:0005"",""target"":""metric:key_person_risk""}"
claim:0005,perimeter:unknown,SCOPED_TO,"{""rel"":""SCOPED_TO"",""source"":""claim:0005"",""target"":""perimeter:unknown""}"
claim:0005,source:seller_cim,FROM_SOURCE,"{""rel"":""FROM_SOURCE"",""source"":""claim:0005"",""target"":""source:seller_cim""}"
claim:0006,metric:integration_risk,MEASURES,"{""rel"":""MEASURES"",""source"":""claim:0006"",""target"":""metric:integration_risk""}"
claim:0006,perimeter:unknown,SCOPED_TO,"{""rel"":""SCOPED_TO"",""source"":""claim:0006"",""target"":""perimeter:unknown""}"
claim:0006,source:seller_cim,FROM_SOURCE,"{""rel"":""FROM_SOURCE"",""source"":""claim:0006"",""target"":""source:seller_cim""}"
claim:0007,metric:revenue,MEASURES,"{""rel"":""MEASURES"",""source"":""claim:0007"",""target"":""metric:revenue""}"
claim:0007,period:fy2025a,IN_PERIOD,"{""rel"":""IN_PERIOD"",""source"":""claim:0007"",""target"":""period:fy2025a""}"
claim:0007,perimeter:alderstone_standalone,SCOPED_TO,"{""rel"":""SCOPED_TO"",""source"":""claim:0007"",""target"":""perimeter:alderstone_standalone""}"
claim:0007,source:data_room_extract,FROM_SOURCE,"{""rel"":""FROM_SOURCE"",""source"":""claim:0007"",""target"":""source:data_room_extract""}"
claim:0008,metric:ebitda,MEASURES,"{""rel"":""MEASURES"",""source"":""claim:0008"",""target"":""metric:ebitda""}"
claim:0008,period:fy2025a,IN_PERIOD,"{""rel"":""IN_PERIOD"",""source"":""claim:0008"",""target"":""period:fy2025a""}"
claim:0008,perimeter:unknown,SCOPED_TO,"{""rel"":""SCOPED_TO"",""source"":""claim:0008"",""target"":""perimeter:unknown""}"
claim:0008,source:data_room_extract,FROM_SOURCE,"{""rel"":""FROM_SOURCE"",""source"":""claim:0008"",""target"":""source:data_room_extract""}"
claim:0009,metric:gross_debt,MEASURES,"{""rel"":""MEASURES"",""source"":""claim:0009"",""target"":""metric:gross_debt""}"
claim:0009,period:fy2025a,IN_PERIOD,"{""rel"":""IN_PERIOD"",""source"":""claim:0009"",""target"":""period:fy2025a""}"
claim:0009,perimeter:unknown,SCOPED_TO,"{""rel"":""SCOPED_TO"",""source"":""claim:0009"",""target"":""perimeter:unknown""}"
claim:0009,source:data_room_extract,FROM_SOURCE,"{""rel"":""FROM_SOURCE"",""source"":""claim:0009"",""target"":""source:data_room_extract""}"
claim:0010,metric:gross_debt,MEASURES,"{""rel"":""MEASURES"",""source"":""claim:0010"",""target"":""metric:gross_debt""}"
claim:0010,period:fy2026e,IN_PERIOD,"{""rel"":""IN_PERIOD"",""source"":""claim:0010"",""target"":""period:fy2026e""}"
claim:0010,perimeter:unknown,SCOPED_TO,"{""rel"":""SCOPED_TO"",""source"":""claim:0010"",""target"":""perimeter:unknown""}"
claim:0010,source:data_room_extract,FROM_SOURCE,"{""rel"":""FROM_SOURCE"",""source"":""claim:0010"",""target"":""source:data_room_extract""}"
claim:0011,metric:gross_debt,MEASURES,"{""rel"":""MEASURES"",""source"":""claim:0011"",""target"":""metric:gross_debt""}"
claim:0011,period:fy2027e,IN_PERIOD,"{""rel"":""IN_PERIOD"",""source"":""claim:0011"",""target"":""period:fy2027e""}"
claim:0011,perimeter:unknown,SCOPED_TO,"{""rel"":""SCOPED_TO"",""source"":""claim:0011"",""target"":""perimeter:unknown""}"
claim:0011,source:data_room_extract,FROM_SOURCE,"{""rel"":""FROM_SOURCE"",""source"":""claim:0011"",""target"":""source:data_room_extract""}"
claim:0012,metric:revenue,MEASURES,"{""rel"":""MEASURES"",""source"":""claim:0012"",""target"":""metric:revenue""}"
claim:0012,period:fy2025,IN_PERIOD,"{""rel"":""IN_PERIOD"",""source"":""claim:0012"",""target"":""period:fy2025""}"
claim:0012,perimeter:unknown,SCOPED_TO,"{""rel"":""SCOPED_TO"",""source"":""claim:0012"",""target"":""perimeter:unknown""}"
claim:0012,source:data_room_extract,FROM_SOURCE,"{""rel"":""FROM_SOURCE"",""source"":""claim:0012"",""target"":""source:data_room_extract""}"
claim:0013,metric:gross_profit,MEASURES,"{""rel"":""MEASURES"",""source"":""claim:0013"",""target"":""metric:gross_profit""}"
claim:0013,period:fy2025,IN_PERIOD,"{""rel"":""IN_PERIOD"",""source"":""claim:0013"",""target"":""period:fy2025""}"
claim:0013,perimeter:unknown,SCOPED_TO,"{""rel"":""SCOPED_TO"",""source"":""claim:0013"",""target"":""perimeter:unknown""}"
claim:0013,source:data_room_extract,FROM_SOURCE,"{""rel"":""FROM_SOURCE"",""source"":""claim:0013"",""target"":""source:data_room_extract""}"
claim:0014,metric:gross_margin,MEASURES,"{""rel"":""MEASURES"",""source"":""claim:0014"",""target"":""metric:gross_margin""}"
claim:0014,period:fy2025,IN_PERIOD,"{""rel"":""IN_PERIOD"",""source"":""claim:0014"",""target"":""period:fy2025""}"
claim:0014,perimeter:unknown,SCOPED_TO,"{""rel"":""SCOPED_TO"",""source"":""claim:0014"",""target"":""perimeter:unknown""}"
claim:0014,source:data_room_extract,FROM_SOURCE,"{""rel"":""FROM_SOURCE"",""source"":""claim:0014"",""target"":""source:data_room_extract""}"
claim:0015,metric:customer_concentration,MEASURES,"{""rel"":""MEASURES"",""source"":""claim:0015"",""target"":""metric:customer_concentration""}"
claim:0015,perimeter:unknown,SCOPED_TO,"{""rel"":""SCOPED_TO"",""source"":""claim:0015"",""target"":""perimeter:unknown""}"
claim:0015,source:data_room_extract,FROM_SOURCE,"{""rel"":""FROM_SOURCE"",""source"":""claim:0015"",""target"":""source:data_room_extract""}"
claim:0016,metric:customer_concentration,MEASURES,"{""rel"":""MEASURES"",""source"":""claim:0016"",""target"":""metric:customer_concentration""}"
claim:0016,perimeter:unknown,SCOPED_TO,"{""rel"":""SCOPED_TO"",""source"":""claim:0016"",""target"":""perimeter:unknown""}"
claim:0016,source:data_room_extract,FROM_SOURCE,"{""rel"":""FROM_SOURCE"",""source"":""claim:0016"",""target"":""source:data_room_extract""}"
claim:0017,metric:customer_concentration,MEASURES,"{""rel"":""MEASURES"",""source"":""claim:0017"",""target"":""metric:customer_concentration""}"
claim:0017,perimeter:unknown,SCOPED_TO,"{""rel"":""SCOPED_TO"",""source"":""claim:0017"",""target"":""perimeter:unknown""}"
claim:0017,source:data_room_extract,FROM_SOURCE,"{""rel"":""FROM_SOURCE"",""source"":""claim:0017"",""target"":""source:data_room_extract""}"
claim:0018,metric:recurring_revenue,MEASURES,"{""rel"":""MEASURES"",""source"":""claim:0018"",""target"":""metric:recurring_revenue""}"
claim:0018,perimeter:unknown,SCOPED_TO,"{""rel"":""SCOPED_TO"",""source"":""claim:0018"",""target"":""perimeter:unknown""}"
claim:0018,source:data_room_extract,FROM_SOURCE,"{""rel"":""FROM_SOURCE"",""source"":""claim:0018"",""target"":""source:data_room_extract""}"
claim:0019,metric:customer_concentration,MEASURES,"{""rel"":""MEASURES"",""source"":""claim:0019"",""target"":""metric:customer_concentration""}"
claim:0019,perimeter:riverton_group,SCOPED_TO,"{""rel"":""SCOPED_TO"",""source"":""claim:0019"",""target"":""perimeter:riverton_group""}"
claim:0019,source:data_room_extract,FROM_SOURCE,"{""rel"":""FROM_SOURCE"",""source"":""claim:0019"",""target"":""source:data_room_extract""}"
claim:0020,metric:customer_concentration,MEASURES,"{""rel"":""MEASURES"",""source"":""claim:0020"",""target"":""metric:customer_concentration""}"
claim:0020,perimeter:riverton_group,SCOPED_TO,"{""rel"":""SCOPED_TO"",""source"":""claim:0020"",""target"":""perimeter:riverton_group""}"
claim:0020,source:data_room_extract,FROM_SOURCE,"{""rel"":""FROM_SOURCE"",""source"":""claim:0020"",""target"":""source:data_room_extract""}"
claim:0021,metric:revenue,MEASURES,"{""rel"":""MEASURES"",""source"":""claim:0021"",""target"":""metric:revenue""}"
claim:0021,period:fy2025a,IN_PERIOD,"{""rel"":""IN_PERIOD"",""source"":""claim:0021"",""target"":""period:fy2025a""}"
claim:0021,perimeter:unknown,SCOPED_TO,"{""rel"":""SCOPED_TO"",""source"":""claim:0021"",""target"":""perimeter:unknown""}"
claim:0021,source:data_room_extract,FROM_SOURCE,"{""rel"":""FROM_SOURCE"",""source"":""claim:0021"",""target"":""source:data_room_extract""}"
claim:0022,metric:customer_concentration,MEASURES,"{""rel"":""MEASURES"",""source"":""claim:0022"",""target"":""metric:customer_concentration""}"
claim:0022,period:fy2025a,IN_PERIOD,"{""rel"":""IN_PERIOD"",""source"":""claim:0022"",""target"":""period:fy2025a""}"
claim:0022,perimeter:unknown,SCOPED_TO,"{""rel"":""SCOPED_TO"",""source"":""claim:0022"",""target"":""perimeter:unknown""}"
claim:0022,source:data_room_extract,FROM_SOURCE,"{""rel"":""FROM_SOURCE"",""source"":""claim:0022"",""target"":""source:data_room_extract""}"
claim:0023,metric:customer_contract_terms,MEASURES,"{""rel"":""MEASURES"",""source"":""claim:0023"",""target"":""metric:customer_contract_terms""}"
claim:0023,period:fy2025a,IN_PERIOD,"{""rel"":""IN_PERIOD"",""source"":""claim:0023"",""target"":""period:fy2025a""}"
claim:0023,perimeter:unknown,SCOPED_TO,"{""rel"":""SCOPED_TO"",""source"":""claim:0023"",""target"":""perimeter:unknown""}"
claim:0023,source:data_room_extract,FROM_SOURCE,"{""rel"":""FROM_SOURCE"",""source"":""claim:0023"",""target"":""source:data_room_extract""}"
claim:0024,metric:customer_retention,MEASURES,"{""rel"":""MEASURES"",""source"":""claim:0024"",""target"":""metric:customer_retention""}"
claim:0024,period:fy2025a,IN_PERIOD,"{""rel"":""IN_PERIOD"",""source"":""claim:0024"",""target"":""period:fy2025a""}"
claim:0024,perimeter:unknown,SCOPED_TO,"{""rel"":""SCOPED_TO"",""source"":""claim:0024"",""target"":""perimeter:unknown""}"
claim:0024,source:data_room_extract,FROM_SOURCE,"{""rel"":""FROM_SOURCE"",""source"":""claim:0024"",""target"":""source:data_room_extract""}"
claim:0025,metric:customer_concentration,MEASURES,"{""rel"":""MEASURES"",""source"":""claim:0025"",""target"":""metric:customer_concentration""}"
claim:0025,perimeter:unknown,SCOPED_TO,"{""rel"":""SCOPED_TO"",""source"":""claim:0025"",""target"":""perimeter:unknown""}"
claim:0025,source:data_room_extract,FROM_SOURCE,"{""rel"":""FROM_SOURCE"",""source"":""claim:0025"",""target"":""source:data_room_extract""}"
claim:0026,metric:customer_concentration,MEASURES,"{""rel"":""MEASURES"",""source"":""claim:0026"",""target"":""metric:customer_concentration""}"
claim:0026,perimeter:unknown,SCOPED_TO,"{""rel"":""SCOPED_TO"",""source"":""claim:0026"",""target"":""perimeter:unknown""}"
claim:0026,source:data_room_extract,FROM_SOURCE,"{""rel"":""FROM_SOURCE"",""source"":""claim:0026"",""target"":""source:data_room_extract""}"
claim:0027,metric:customer_concentration,MEASURES,"{""rel"":""MEASURES"",""source"":""claim:0027"",""target"":""metric:customer_concentration""}"
claim:0027,perimeter:unknown,SCOPED_TO,"{""rel"":""SCOPED_TO"",""source"":""claim:0027"",""target"":""perimeter:unknown""}"
claim:0027,source:data_room_extract,FROM_SOURCE,"{""rel"":""FROM_SOURCE"",""source"":""claim:0027"",""target"":""source:data_room_extract""}"
claim:0028,metric:customer_concentration,MEASURES,"{""rel"":""MEASURES"",""source"":""claim:0028"",""target"":""metric:customer_concentration""}"
claim:0028,perimeter:unknown,SCOPED_TO,"{""rel"":""SCOPED_TO"",""source"":""claim:0028"",""target"":""perimeter:unknown""}"
claim:0028,source:data_room_extract,FROM_SOURCE,"{""rel"":""FROM_SOURCE"",""source"":""claim:0028"",""target"":""source:data_room_extract""}"
claim:0029,metric:revenue,MEASURES,"{""rel"":""MEASURES"",""source"":""claim:0029"",""target"":""metric:revenue""}"
claim:0029,period:fy2025,IN_PERIOD,"{""rel"":""IN_PERIOD"",""source"":""claim:0029"",""target"":""period:fy2025""}"
claim:0029,perimeter:riverton_group,SCOPED_TO,"{""rel"":""SCOPED_TO"",""source"":""claim:0029"",""target"":""perimeter:riverton_group""}"
claim:0029,source:data_room_extract,FROM_SOURCE,"{""rel"":""FROM_SOURCE"",""source"":""claim:0029"",""target"":""source:data_room_extract""}"
claim:0030,metric:gross_margin,MEASURES,"{""rel"":""MEASURES"",""source"":""claim:0030"",""target"":""metric:gross_margin""}"
claim:0030,period:fy2025,IN_PERIOD,"{""rel"":""IN_PERIOD"",""source"":""claim:0030"",""target"":""period:fy2025""}"
claim:0030,perimeter:riverton_group,SCOPED_TO,"{""rel"":""SCOPED_TO"",""source"":""claim:0030"",""target"":""perimeter:riverton_group""}"
claim:0030,source:data_room_extract,FROM_SOURCE,"{""rel"":""FROM_SOURCE"",""source"":""claim:0030"",""target"":""source:data_room_extract""}"
claim:0031,metric:revenue,MEASURES,"{""rel"":""MEASURES"",""source"":""claim:0031"",""target"":""metric:revenue""}"
claim:0031,period:fy2025,IN_PERIOD,"{""rel"":""IN_PERIOD"",""source"":""claim:0031"",""target"":""period:fy2025""}"
claim:0031,perimeter:riverton_group,SCOPED_TO,"{""rel"":""SCOPED_TO"",""source"":""claim:0031"",""target"":""perimeter:riverton_group""}"
claim:0031,source:data_room_extract,FROM_SOURCE,"{""rel"":""FROM_SOURCE"",""source"":""claim:0031"",""target"":""source:data_room_extract""}"
claim:0032,metric:revenue,MEASURES,"{""rel"":""MEASURES"",""source"":""claim:0032"",""target"":""metric:revenue""}"
claim:0032,period:fy2025,IN_PERIOD,"{""rel"":""IN_PERIOD"",""source"":""claim:0032"",""target"":""period:fy2025""}"
claim:0032,perimeter:riverton_group,SCOPED_TO,"{""rel"":""SCOPED_TO"",""source"":""claim:0032"",""target"":""perimeter:riverton_group""}"
claim:0032,source:data_room_extract,FROM_SOURCE,"{""rel"":""FROM_SOURCE"",""source"":""claim:0032"",""target"":""source:data_room_extract""}"
claim:0033,metric:customer_concentration,MEASURES,"{""rel"":""MEASURES"",""source"":""claim:0033"",""target"":""metric:customer_concentration""}"
claim:0033,perimeter:unknown,SCOPED_TO,"{""rel"":""SCOPED_TO"",""source"":""claim:0033"",""target"":""perimeter:unknown""}"
claim:0033,source:data_room_extract,FROM_SOURCE,"{""rel"":""FROM_SOURCE"",""source"":""claim:0033"",""target"":""source:data_room_extract""}"
claim:0034,metric:customer_concentration,MEASURES,"{""rel"":""MEASURES"",""source"":""claim:0034"",""target"":""metric:customer_concentration""}"
claim:0034,perimeter:unknown,SCOPED_TO,"{""rel"":""SCOPED_TO"",""source"":""claim:0034"",""target"":""perimeter:unknown""}"
claim:0034,source:data_room_extract,FROM_SOURCE,"{""rel"":""FROM_SOURCE"",""source"":""claim:0034"",""target"":""source:data_room_extract""}"
claim:0035,metric:customer_concentration,MEASURES,"{""rel"":""MEASURES"",""source"":""claim:0035"",""target"":""metric:customer_concentration""}"
claim:0035,perimeter:unknown,SCOPED_TO,"{""rel"":""SCOPED_TO"",""source"":""claim:0035"",""target"":""perimeter:unknown""}"
claim:0035,source:data_room_extract,FROM_SOURCE,"{""rel"":""FROM_SOURCE"",""source"":""claim:0035"",""target"":""source:data_room_extract""}"
claim:0036,metric:revenue,MEASURES,"{""rel"":""MEASURES"",""source"":""claim:0036"",""target"":""metric:revenue""}"
claim:0036,period:fy2025a,IN_PERIOD,"{""rel"":""IN_PERIOD"",""source"":""claim:0036"",""target"":""period:fy2025a""}"
claim:0036,perimeter:unknown,SCOPED_TO,"{""rel"":""SCOPED_TO"",""source"":""claim:0036"",""target"":""perimeter:unknown""}"
claim:0036,source:data_room_extract,FROM_SOURCE,"{""rel"":""FROM_SOURCE"",""source"":""claim:0036"",""target"":""source:data_room_extract""}"
claim:0037,metric:customer_concentration,MEASURES,"{""rel"":""MEASURES"",""source"":""claim:0037"",""target"":""metric:customer_concentration""}"
claim:0037,perimeter:unknown,SCOPED_TO,"{""rel"":""SCOPED_TO"",""source"":""claim:0037"",""target"":""perimeter:unknown""}"
claim:0037,source:data_room_extract,FROM_SOURCE,"{""rel"":""FROM_SOURCE"",""source"":""claim:0037"",""target"":""source:data_room_extract""}"
claim:0038,metric:recurring_revenue,MEASURES,"{""rel"":""MEASURES"",""source"":""claim:0038"",""target"":""metric:recurring_revenue""}"
claim:0038,perimeter:unknown,SCOPED_TO,"{""rel"":""SCOPED_TO"",""source"":""claim:0038"",""target"":""perimeter:unknown""}"
claim:0038,source:data_room_extract,FROM_SOURCE,"{""rel"":""FROM_SOURCE"",""source"":""claim:0038"",""target"":""source:data_room_extract""}"
claim:0039,metric:customer_concentration,MEASURES,"{""rel"":""MEASURES"",""source"":""claim:0039"",""target"":""metric:customer_concentration""}"
claim:0039,perimeter:riverton_group,SCOPED_TO,"{""rel"":""SCOPED_TO"",""source"":""claim:0039"",""target"":""perimeter:riverton_group""}"
claim:0039,source:data_room_extract,FROM_SOURCE,"{""rel"":""FROM_SOURCE"",""source"":""claim:0039"",""target"":""source:data_room_extract""}"
claim:0040,metric:contract_terms,MEASURES,"{""rel"":""MEASURES"",""source"":""claim:0040"",""target"":""metric:contract_terms""}"
claim:0040,perimeter:riverton_group,SCOPED_TO,"{""rel"":""SCOPED_TO"",""source"":""claim:0040"",""target"":""perimeter:riverton_group""}"
claim:0040,source:data_room_extract,FROM_SOURCE,"{""rel"":""FROM_SOURCE"",""source"":""claim:0040"",""target"":""source:data_room_extract""}"
claim:0041,metric:headcount,MEASURES,"{""rel"":""MEASURES"",""source"":""claim:0041"",""target"":""metric:headcount""}"
claim:0041,perimeter:unknown,SCOPED_TO,"{""rel"":""SCOPED_TO"",""source"":""claim:0041"",""target"":""perimeter:unknown""}"
claim:0041,source:data_room_extract,FROM_SOURCE,"{""rel"":""FROM_SOURCE"",""source"":""claim:0041"",""target"":""source:data_room_extract""}"
claim:0042,metric:team_tenure,MEASURES,"{""rel"":""MEASURES"",""source"":""claim:0042"",""target"":""metric:team_tenure""}"
claim:0042,perimeter:unknown,SCOPED_TO,"{""rel"":""SCOPED_TO"",""source"":""claim:0042"",""target"":""perimeter:unknown""}"
claim:0042,source:data_room_extract,FROM_SOURCE,"{""rel"":""FROM_SOURCE"",""source"":""claim:0042"",""target"":""source:data_room_extract""}"
claim:0043,metric:contract_terms,MEASURES,"{""rel"":""MEASURES"",""source"":""claim:0043"",""target"":""metric:contract_terms""}"
claim:0043,perimeter:unknown,SCOPED_TO,"{""rel"":""SCOPED_TO"",""source"":""claim:0043"",""target"":""perimeter:unknown""}"
claim:0043,source:data_room_extract,FROM_SOURCE,"{""rel"":""FROM_SOURCE"",""source"":""claim:0043"",""target"":""source:data_room_extract""}"
claim:0044,metric:headcount,MEASURES,"{""rel"":""MEASURES"",""source"":""claim:0044"",""target"":""metric:headcount""}"
claim:0044,perimeter:unknown,SCOPED_TO,"{""rel"":""SCOPED_TO"",""source"":""claim:0044"",""target"":""perimeter:unknown""}"
claim:0044,source:data_room_extract,FROM_SOURCE,"{""rel"":""FROM_SOURCE"",""source"":""claim:0044"",""target"":""source:data_room_extract""}"
claim:0045,metric:team_tenure,MEASURES,"{""rel"":""MEASURES"",""source"":""claim:0045"",""target"":""metric:team_tenure""}"
claim:0045,perimeter:unknown,SCOPED_TO,"{""rel"":""SCOPED_TO"",""source"":""claim:0045"",""target"":""perimeter:unknown""}"
claim:0045,source:data_room_extract,FROM_SOURCE,"{""rel"":""FROM_SOURCE"",""source"":""claim:0045"",""target"":""source:data_room_extract""}"
claim:0046,metric:headcount,MEASURES,"{""rel"":""MEASURES"",""source"":""claim:0046"",""target"":""metric:headcount""}"
claim:0046,perimeter:unknown,SCOPED_TO,"{""rel"":""SCOPED_TO"",""source"":""claim:0046"",""target"":""perimeter:unknown""}"
claim:0046,source:data_room_extract,FROM_SOURCE,"{""rel"":""FROM_SOURCE"",""source"":""claim:0046"",""target"":""source:data_room_extract""}"
claim:0047,metric:headcount,MEASURES,"{""rel"":""MEASURES"",""source"":""claim:0047"",""target"":""metric:headcount""}"
claim:0047,perimeter:keystone_standalone,SCOPED_TO,"{""rel"":""SCOPED_TO"",""source"":""claim:0047"",""target"":""perimeter:keystone_standalone""}"
claim:0047,source:data_room_extract,FROM_SOURCE,"{""rel"":""FROM_SOURCE"",""source"":""claim:0047"",""target"":""source:data_room_extract""}"
claim:0048,metric:team_tenure,MEASURES,"{""rel"":""MEASURES"",""source"":""claim:0048"",""target"":""metric:team_tenure""}"
claim:0048,perimeter:keystone_standalone,SCOPED_TO,"{""rel"":""SCOPED_TO"",""source"":""claim:0048"",""target"":""perimeter:keystone_standalone""}"
claim:0048,source:data_room_extract,FROM_SOURCE,"{""rel"":""FROM_SOURCE"",""source"":""claim:0048"",""target"":""source:data_room_extract""}"
claim:0049,metric:key_person_risk,MEASURES,"{""rel"":""MEASURES"",""source"":""claim:0049"",""target"":""metric:key_person_risk""}"
claim:0049,perimeter:keystone_standalone,SCOPED_TO,"{""rel"":""SCOPED_TO"",""source"":""claim:0049"",""target"":""perimeter:keystone_standalone""}"
claim:0049,source:data_room_extract,FROM_SOURCE,"{""rel"":""FROM_SOURCE"",""source"":""claim:0049"",""target"":""source:data_room_extract""}"
claim:0050,metric:headcount,MEASURES,"{""rel"":""MEASURES"",""source"":""claim:0050"",""target"":""metric:headcount""}"
claim:0050,period:opening,IN_PERIOD,"{""rel"":""IN_PERIOD"",""source"":""claim:0050"",""target"":""period:opening""}"
claim:0050,perimeter:alderstone_standalone,SCOPED_TO,"{""rel"":""SCOPED_TO"",""source"":""claim:0050"",""target"":""perimeter:alderstone_standalone""}"
claim:0050,source:data_room_extract,FROM_SOURCE,"{""rel"":""FROM_SOURCE"",""source"":""claim:0050"",""target"":""source:data_room_extract""}"
claim:0051,metric:team_tenure,MEASURES,"{""rel"":""MEASURES"",""source"":""claim:0051"",""target"":""metric:team_tenure""}"
claim:0051,period:opening,IN_PERIOD,"{""rel"":""IN_PERIOD"",""source"":""claim:0051"",""target"":""period:opening""}"
claim:0051,perimeter:alderstone_standalone,SCOPED_TO,"{""rel"":""SCOPED_TO"",""source"":""claim:0051"",""target"":""perimeter:alderstone_standalone""}"
claim:0051,source:data_room_extract,FROM_SOURCE,"{""rel"":""FROM_SOURCE"",""source"":""claim:0051"",""target"":""source:data_room_extract""}"
claim:0052,metric:headcount,MEASURES,"{""rel"":""MEASURES"",""source"":""claim:0052"",""target"":""metric:headcount""}"
claim:0052,period:opening,IN_PERIOD,"{""rel"":""IN_PERIOD"",""source"":""claim:0052"",""target"":""period:opening""}"
claim:0052,perimeter:alderstone_consolidated,SCOPED_TO,"{""rel"":""SCOPED_TO"",""source"":""claim:0052"",""target"":""perimeter:alderstone_consolidated""}"
claim:0052,source:data_room_extract,FROM_SOURCE,"{""rel"":""FROM_SOURCE"",""source"":""claim:0052"",""target"":""source:data_room_extract""}"
claim:0053,metric:team_tenure,MEASURES,"{""rel"":""MEASURES"",""source"":""claim:0053"",""target"":""metric:team_tenure""}"
claim:0053,period:opening,IN_PERIOD,"{""rel"":""IN_PERIOD"",""source"":""claim:0053"",""target"":""period:opening""}"
claim:0053,perimeter:alderstone_consolidated,SCOPED_TO,"{""rel"":""SCOPED_TO"",""source"":""claim:0053"",""target"":""perimeter:alderstone_consolidated""}"
claim:0053,source:data_room_extract,FROM_SOURCE,"{""rel"":""FROM_SOURCE"",""source"":""claim:0053"",""target"":""source:data_room_extract""}"
claim:0054,metric:team_tenure,MEASURES,"{""rel"":""MEASURES"",""source"":""claim:0054"",""target"":""metric:team_tenure""}"
claim:0054,period:opening,IN_PERIOD,"{""rel"":""IN_PERIOD"",""source"":""claim:0054"",""target"":""period:opening""}"
claim:0054,perimeter:alderstone_consolidated,SCOPED_TO,"{""rel"":""SCOPED_TO"",""source"":""claim:0054"",""target"":""perimeter:alderstone_consolidated""}"
claim:0054,source:data_room_extract,FROM_SOURCE,"{""rel"":""FROM_SOURCE"",""source"":""claim:0054"",""target"":""source:data_room_extract""}"
claim:0055,metric:headcount,MEASURES,"{""rel"":""MEASURES"",""source"":""claim:0055"",""target"":""metric:headcount""}"
claim:0055,perimeter:alderstone_standalone,SCOPED_TO,"{""rel"":""SCOPED_TO"",""source"":""claim:0055"",""target"":""perimeter:alderstone_standalone""}"
claim:0055,source:data_room_extract,FROM_SOURCE,"{""rel"":""FROM_SOURCE"",""source"":""claim:0055"",""target"":""source:data_room_extract""}"
claim:0056,metric:team_tenure,MEASURES,"{""rel"":""MEASURES"",""source"":""claim:0056"",""target"":""metric:team_tenure""}"
claim:0056,perimeter:alderstone_standalone,SCOPED_TO,"{""rel"":""SCOPED_TO"",""source"":""claim:0056"",""target"":""perimeter:alderstone_standalone""}"
claim:0056,source:data_room_extract,FROM_SOURCE,"{""rel"":""FROM_SOURCE"",""source"":""claim:0056"",""target"":""source:data_room_extract""}"
claim:0057,metric:dso,MEASURES,"{""rel"":""MEASURES"",""source"":""claim:0057"",""target"":""metric:dso""}"
claim:0057,period:fy2025,IN_PERIOD,"{""rel"":""IN_PERIOD"",""source"":""claim:0057"",""target"":""period:fy2025""}"
claim:0057,perimeter:unknown,SCOPED_TO,"{""rel"":""SCOPED_TO"",""source"":""claim:0057"",""target"":""perimeter:unknown""}"
claim:0057,source:data_room_extract,FROM_SOURCE,"{""rel"":""FROM_SOURCE"",""source"":""claim:0057"",""target"":""source:data_room_extract""}"
claim:0058,metric:customer_concentration,MEASURES,"{""rel"":""MEASURES"",""source"":""claim:0058"",""target"":""metric:customer_concentration""}"
claim:0058,perimeter:unknown,SCOPED_TO,"{""rel"":""SCOPED_TO"",""source"":""claim:0058"",""target"":""perimeter:unknown""}"
claim:0058,source:data_room_extract,FROM_SOURCE,"{""rel"":""FROM_SOURCE"",""source"":""claim:0058"",""target"":""source:data_room_extract""}"
claim:0059,metric:customer_concentration,MEASURES,"{""rel"":""MEASURES"",""source"":""claim:0059"",""target"":""metric:customer_concentration""}"
claim:0059,perimeter:unknown,SCOPED_TO,"{""rel"":""SCOPED_TO"",""source"":""claim:0059"",""target"":""perimeter:unknown""}"
claim:0059,source:data_room_extract,FROM_SOURCE,"{""rel"":""FROM_SOURCE"",""source"":""claim:0059"",""target"":""source:data_room_extract""}"
claim:0060,metric:customer_concentration,MEASURES,"{""rel"":""MEASURES"",""source"":""claim:0060"",""target"":""metric:customer_concentration""}"
claim:0060,perimeter:unknown,SCOPED_TO,"{""rel"":""SCOPED_TO"",""source"":""claim:0060"",""target"":""perimeter:unknown""}"
claim:0060,source:data_room_extract,FROM_SOURCE,"{""rel"":""FROM_SOURCE"",""source"":""claim:0060"",""target"":""source:data_room_extract""}"
claim:0061,metric:customer_concentration,MEASURES,"{""rel"":""MEASURES"",""source"":""claim:0061"",""target"":""metric:customer_concentration""}"
claim:0061,perimeter:unknown,SCOPED_TO,"{""rel"":""SCOPED_TO"",""source"":""claim:0061"",""target"":""perimeter:unknown""}"
claim:0061,source:data_room_extract,FROM_SOURCE,"{""rel"":""FROM_SOURCE"",""source"":""claim:0061"",""target"":""source:data_room_extract""}"
claim:0062,metric:customer_concentration,MEASURES,"{""rel"":""MEASURES"",""source"":""claim:0062"",""target"":""metric:customer_concentration""}"
claim:0062,perimeter:unknown,SCOPED_TO,"{""rel"":""SCOPED_TO"",""source"":""claim:0062"",""target"":""perimeter:unknown""}"
claim:0062,source:data_room_extract,FROM_SOURCE,"{""rel"":""FROM_SOURCE"",""source"":""claim:0062"",""target"":""source:data_room_extract""}"
claim:0063,metric:customer_concentration,MEASURES,"{""rel"":""MEASURES"",""source"":""claim:0063"",""target"":""metric:customer_concentration""}"
claim:0063,perimeter:unknown,SCOPED_TO,"{""rel"":""SCOPED_TO"",""source"":""claim:0063"",""target"":""perimeter:unknown""}"
claim:0063,source:data_room_extract,FROM_SOURCE,"{""rel"":""FROM_SOURCE"",""source"":""claim:0063"",""target"":""source:data_room_extract""}"
claim:0064,metric:customer_concentration,MEASURES,"{""rel"":""MEASURES"",""source"":""claim:0064"",""target"":""metric:customer_concentration""}"
claim:0064,perimeter:unknown,SCOPED_TO,"{""rel"":""SCOPED_TO"",""source"":""claim:0064"",""target"":""perimeter:unknown""}"
claim:0064,source:data_room_extract,FROM_SOURCE,"{""rel"":""FROM_SOURCE"",""source"":""claim:0064"",""target"":""source:data_room_extract""}"
claim:0065,metric:revenue,MEASURES,"{""rel"":""MEASURES"",""source"":""claim:0065"",""target"":""metric:revenue""}"
claim:0065,perimeter:unknown,SCOPED_TO,"{""rel"":""SCOPED_TO"",""source"":""claim:0065"",""target"":""perimeter:unknown""}"
claim:0065,source:data_room_extract,FROM_SOURCE,"{""rel"":""FROM_SOURCE"",""source"":""claim:0065"",""target"":""source:data_room_extract""}"
claim:0066,metric:customer_concentration,MEASURES,"{""rel"":""MEASURES"",""source"":""claim:0066"",""target"":""metric:customer_concentration""}"
claim:0066,perimeter:unknown,SCOPED_TO,"{""rel"":""SCOPED_TO"",""source"":""claim:0066"",""target"":""perimeter:unknown""}"
claim:0066,source:data_room_extract,FROM_SOURCE,"{""rel"":""FROM_SOURCE"",""source"":""claim:0066"",""target"":""source:data_room_extract""}"
claim:0067,metric:customer_concentration,MEASURES,"{""rel"":""MEASURES"",""source"":""claim:0067"",""target"":""metric:customer_concentration""}"
claim:0067,perimeter:unknown,SCOPED_TO,"{""rel"":""SCOPED_TO"",""source"":""claim:0067"",""target"":""perimeter:unknown""}"
claim:0067,source:data_room_extract,FROM_SOURCE,"{""rel"":""FROM_SOURCE"",""source"":""claim:0067"",""target"":""source:data_room_extract""}"
claim:0068,metric:revenue_quality,MEASURES,"{""rel"":""MEASURES"",""source"":""claim:0068"",""target"":""metric:revenue_quality""}"
claim:0068,perimeter:unknown,SCOPED_TO,"{""rel"":""SCOPED_TO"",""source"":""claim:0068"",""target"":""perimeter:unknown""}"
claim:0068,source:data_room_extract,FROM_SOURCE,"{""rel"":""FROM_SOURCE"",""source"":""claim:0068"",""target"":""source:data_room_extract""}"
claim:0069,metric:enterprise_value,MEASURES,"{""rel"":""MEASURES"",""source"":""claim:0069"",""target"":""metric:enterprise_value""}"
claim:0069,perimeter:unknown,SCOPED_TO,"{""rel"":""SCOPED_TO"",""source"":""claim:0069"",""target"":""perimeter:unknown""}"
claim:0069,source:firm_initial_assessment,FROM_SOURCE,"{""rel"":""FROM_SOURCE"",""source"":""claim:0069"",""target"":""source:firm_initial_assessment""}"
claim:0070,metric:ebitda,MEASURES,"{""rel"":""MEASURES"",""source"":""claim:0070"",""target"":""metric:ebitda""}"
claim:0070,perimeter:unknown,SCOPED_TO,"{""rel"":""SCOPED_TO"",""source"":""claim:0070"",""target"":""perimeter:unknown""}"
claim:0070,source:firm_initial_assessment,FROM_SOURCE,"{""rel"":""FROM_SOURCE"",""source"":""claim:0070"",""target"":""source:firm_initial_assessment""}"
claim:0071,metric:ebitda,MEASURES,"{""rel"":""MEASURES"",""source"":""claim:0071"",""target"":""metric:ebitda""}"
claim:0071,perimeter:unknown,SCOPED_TO,"{""rel"":""SCOPED_TO"",""source"":""claim:0071"",""target"":""perimeter:unknown""}"
claim:0071,source:firm_initial_assessment,FROM_SOURCE,"{""rel"":""FROM_SOURCE"",""source"":""claim:0071"",""target"":""source:firm_initial_assessment""}"
claim:0072,metric:recurring_revenue,MEASURES,"{""rel"":""MEASURES"",""source"":""claim:0072"",""target"":""metric:recurring_revenue""}"
claim:0072,perimeter:alderstone_standalone,SCOPED_TO,"{""rel"":""SCOPED_TO"",""source"":""claim:0072"",""target"":""perimeter:alderstone_standalone""}"
claim:0072,source:firm_initial_assessment,FROM_SOURCE,"{""rel"":""FROM_SOURCE"",""source"":""claim:0072"",""target"":""source:firm_initial_assessment""}"
claim:0073,metric:revenue,MEASURES,"{""rel"":""MEASURES"",""source"":""claim:0073"",""target"":""metric:revenue""}"
claim:0073,perimeter:alderstone_standalone,SCOPED_TO,"{""rel"":""SCOPED_TO"",""source"":""claim:0073"",""target"":""perimeter:alderstone_standalone""}"
claim:0073,source:firm_initial_assessment,FROM_SOURCE,"{""rel"":""FROM_SOURCE"",""source"":""claim:0073"",""target"":""source:firm_initial_assessment""}"
claim:0074,metric:capex,MEASURES,"{""rel"":""MEASURES"",""source"":""claim:0074"",""target"":""metric:capex""}"
claim:0074,perimeter:alderstone_standalone,SCOPED_TO,"{""rel"":""SCOPED_TO"",""source"":""claim:0074"",""target"":""perimeter:alderstone_standalone""}"
claim:0074,source:firm_initial_assessment,FROM_SOURCE,"{""rel"":""FROM_SOURCE"",""source"":""claim:0074"",""target"":""source:firm_initial_assessment""}"
claim:0075,metric:seller_rollover,MEASURES,"{""rel"":""MEASURES"",""source"":""claim:0075"",""target"":""metric:seller_rollover""}"
claim:0075,perimeter:alderstone_standalone,SCOPED_TO,"{""rel"":""SCOPED_TO"",""source"":""claim:0075"",""target"":""perimeter:alderstone_standalone""}"
claim:0075,source:firm_initial_assessment,FROM_SOURCE,"{""rel"":""FROM_SOURCE"",""source"":""claim:0075"",""target"":""source:firm_initial_assessment""}"
claim:0076,metric:customer_concentration,MEASURES,"{""rel"":""MEASURES"",""source"":""claim:0076"",""target"":""metric:customer_concentration""}"
claim:0076,perimeter:unknown,SCOPED_TO,"{""rel"":""SCOPED_TO"",""source"":""claim:0076"",""target"":""perimeter:unknown""}"
claim:0076,source:firm_initial_assessment,FROM_SOURCE,"{""rel"":""FROM_SOURCE"",""source"":""claim:0076"",""target"":""source:firm_initial_assessment""}"
claim:0077,metric:working_capital,MEASURES,"{""rel"":""MEASURES"",""source"":""claim:0077"",""target"":""metric:working_capital""}"
claim:0077,perimeter:unknown,SCOPED_TO,"{""rel"":""SCOPED_TO"",""source"":""claim:0077"",""target"":""perimeter:unknown""}"
claim:0077,source:firm_initial_assessment,FROM_SOURCE,"{""rel"":""FROM_SOURCE"",""source"":""claim:0077"",""target"":""source:firm_initial_assessment""}"
claim:0078,metric:acquisition_count,MEASURES,"{""rel"":""MEASURES"",""source"":""claim:0078"",""target"":""metric:acquisition_count""}"
claim:0078,perimeter:unknown,SCOPED_TO,"{""rel"":""SCOPED_TO"",""source"":""claim:0078"",""target"":""perimeter:unknown""}"
claim:0078,source:firm_initial_assessment,FROM_SOURCE,"{""rel"":""FROM_SOURCE"",""source"":""claim:0078"",""target"":""source:firm_initial_assessment""}"
claim:0079,metric:ebitda_adjustment,MEASURES,"{""rel"":""MEASURES"",""source"":""claim:0079"",""target"":""metric:ebitda_adjustment""}"
claim:0079,perimeter:unknown,SCOPED_TO,"{""rel"":""SCOPED_TO"",""source"":""claim:0079"",""target"":""perimeter:unknown""}"
claim:0079,source:firm_initial_assessment,FROM_SOURCE,"{""rel"":""FROM_SOURCE"",""source"":""claim:0079"",""target"":""source:firm_initial_assessment""}"
claim:0080,metric:adjustment_supportability,MEASURES,"{""rel"":""MEASURES"",""source"":""claim:0080"",""target"":""metric:adjustment_supportability""}"
claim:0080,perimeter:unknown,SCOPED_TO,"{""rel"":""SCOPED_TO"",""source"":""claim:0080"",""target"":""perimeter:unknown""}"
claim:0080,source:firm_initial_assessment,FROM_SOURCE,"{""rel"":""FROM_SOURCE"",""source"":""claim:0080"",""target"":""source:firm_initial_assessment""}"
claim:0081,metric:enterprise_value,MEASURES,"{""rel"":""MEASURES"",""source"":""claim:0081"",""target"":""metric:enterprise_value""}"
claim:0081,perimeter:unknown,SCOPED_TO,"{""rel"":""SCOPED_TO"",""source"":""claim:0081"",""target"":""perimeter:unknown""}"
claim:0081,source:firm_initial_assessment,FROM_SOURCE,"{""rel"":""FROM_SOURCE"",""source"":""claim:0081"",""target"":""source:firm_initial_assessment""}"
claim:0082,metric:exit_multiple,MEASURES,"{""rel"":""MEASURES"",""source"":""claim:0082"",""target"":""metric:exit_multiple""}"
claim:0082,perimeter:unknown,SCOPED_TO,"{""rel"":""SCOPED_TO"",""source"":""claim:0082"",""target"":""perimeter:unknown""}"
claim:0082,source:firm_initial_assessment,FROM_SOURCE,"{""rel"":""FROM_SOURCE"",""source"":""claim:0082"",""target"":""source:firm_initial_assessment""}"
claim:0083,metric:ebitda_adjustment,MEASURES,"{""rel"":""MEASURES"",""source"":""claim:0083"",""target"":""metric:ebitda_adjustment""}"
claim:0083,perimeter:unknown,SCOPED_TO,"{""rel"":""SCOPED_TO"",""source"":""claim:0083"",""target"":""perimeter:unknown""}"
claim:0083,source:firm_initial_assessment,FROM_SOURCE,"{""rel"":""FROM_SOURCE"",""source"":""claim:0083"",""target"":""source:firm_initial_assessment""}"
claim:0084,metric:ebitda,MEASURES,"{""rel"":""MEASURES"",""source"":""claim:0084"",""target"":""metric:ebitda""}"
claim:0084,period:fy2025a,IN_PERIOD,"{""rel"":""IN_PERIOD"",""source"":""claim:0084"",""target"":""period:fy2025a""}"
claim:0084,perimeter:alderstone_standalone,SCOPED_TO,"{""rel"":""SCOPED_TO"",""source"":""claim:0084"",""target"":""perimeter:alderstone_standalone""}"
claim:0084,source:qoe_report,FROM_SOURCE,"{""rel"":""FROM_SOURCE"",""source"":""claim:0084"",""target"":""source:qoe_report""}"
claim:0085,metric:ebitda,MEASURES,"{""rel"":""MEASURES"",""source"":""claim:0085"",""target"":""metric:ebitda""}"
claim:0085,period:fy2025a,IN_PERIOD,"{""rel"":""IN_PERIOD"",""source"":""claim:0085"",""target"":""period:fy2025a""}"
claim:0085,perimeter:alderstone_qoe-normalized,SCOPED_TO,"{""rel"":""SCOPED_TO"",""source"":""claim:0085"",""target"":""perimeter:alderstone_qoe-normalized""}"
claim:0085,source:qoe_report,FROM_SOURCE,"{""rel"":""FROM_SOURCE"",""source"":""claim:0085"",""target"":""source:qoe_report""}"
claim:0086,metric:ebitda_adjustment,MEASURES,"{""rel"":""MEASURES"",""source"":""claim:0086"",""target"":""metric:ebitda_adjustment""}"
claim:0086,perimeter:unknown,SCOPED_TO,"{""rel"":""SCOPED_TO"",""source"":""claim:0086"",""target"":""perimeter:unknown""}"
claim:0086,source:qoe_report,FROM_SOURCE,"{""rel"":""FROM_SOURCE"",""source"":""claim:0086"",""target"":""source:qoe_report""}"
claim:0087,metric:ebitda_adjustment,MEASURES,"{""rel"":""MEASURES"",""source"":""claim:0087"",""target"":""metric:ebitda_adjustment""}"
claim:0087,perimeter:unknown,SCOPED_TO,"{""rel"":""SCOPED_TO"",""source"":""claim:0087"",""target"":""perimeter:unknown""}"
claim:0087,source:qoe_report,FROM_SOURCE,"{""rel"":""FROM_SOURCE"",""source"":""claim:0087"",""target"":""source:qoe_report""}"
claim:0088,metric:ebitda_adjustment,MEASURES,"{""rel"":""MEASURES"",""source"":""claim:0088"",""target"":""metric:ebitda_adjustment""}"
claim:0088,perimeter:unknown,SCOPED_TO,"{""rel"":""SCOPED_TO"",""source"":""claim:0088"",""target"":""perimeter:unknown""}"
claim:0088,source:qoe_report,FROM_SOURCE,"{""rel"":""FROM_SOURCE"",""source"":""claim:0088"",""target"":""source:qoe_report""}"
claim:0089,metric:ebitda_adjustment,MEASURES,"{""rel"":""MEASURES"",""source"":""claim:0089"",""target"":""metric:ebitda_adjustment""}"
claim:0089,perimeter:keystone_standalone,SCOPED_TO,"{""rel"":""SCOPED_TO"",""source"":""claim:0089"",""target"":""perimeter:keystone_standalone""}"
claim:0089,source:qoe_report,FROM_SOURCE,"{""rel"":""FROM_SOURCE"",""source"":""claim:0089"",""target"":""source:qoe_report""}"
claim:0090,metric:adjustment_supportability,MEASURES,"{""rel"":""MEASURES"",""source"":""claim:0090"",""target"":""metric:adjustment_supportability""}"
claim:0090,perimeter:keystone_standalone,SCOPED_TO,"{""rel"":""SCOPED_TO"",""source"":""claim:0090"",""target"":""perimeter:keystone_standalone""}"
claim:0090,source:qoe_report,FROM_SOURCE,"{""rel"":""FROM_SOURCE"",""source"":""claim:0090"",""target"":""source:qoe_report""}"
claim:0091,metric:net_working_capital_target,MEASURES,"{""rel"":""MEASURES"",""source"":""claim:0091"",""target"":""metric:net_working_capital_target""}"
claim:0091,perimeter:keystone_standalone,SCOPED_TO,"{""rel"":""SCOPED_TO"",""source"":""claim:0091"",""target"":""perimeter:keystone_standalone""}"
claim:0091,source:qoe_report,FROM_SOURCE,"{""rel"":""FROM_SOURCE"",""source"":""claim:0091"",""target"":""source:qoe_report""}"
claim:0092,metric:net_working_capital,MEASURES,"{""rel"":""MEASURES"",""source"":""claim:0092"",""target"":""metric:net_working_capital""}"
claim:0092,perimeter:keystone_standalone,SCOPED_TO,"{""rel"":""SCOPED_TO"",""source"":""claim:0092"",""target"":""perimeter:keystone_standalone""}"
claim:0092,source:qoe_report,FROM_SOURCE,"{""rel"":""FROM_SOURCE"",""source"":""claim:0092"",""target"":""source:qoe_report""}"
claim:0093,metric:net_working_capital_adjustment,MEASURES,"{""rel"":""MEASURES"",""source"":""claim:0093"",""target"":""metric:net_working_capital_adjustment""}"
claim:0093,perimeter:keystone_standalone,SCOPED_TO,"{""rel"":""SCOPED_TO"",""source"":""claim:0093"",""target"":""perimeter:keystone_standalone""}"
claim:0093,source:qoe_report,FROM_SOURCE,"{""rel"":""FROM_SOURCE"",""source"":""claim:0093"",""target"":""source:qoe_report""}"
claim:0094,metric:gross_debt,MEASURES,"{""rel"":""MEASURES"",""source"":""claim:0094"",""target"":""metric:gross_debt""}"
claim:0094,perimeter:keystone,SCOPED_TO,"{""rel"":""SCOPED_TO"",""source"":""claim:0094"",""target"":""perimeter:keystone""}"
claim:0094,source:qoe_report,FROM_SOURCE,"{""rel"":""FROM_SOURCE"",""source"":""claim:0094"",""target"":""source:qoe_report""}"
claim:0095,metric:net_debt,MEASURES,"{""rel"":""MEASURES"",""source"":""claim:0095"",""target"":""metric:net_debt""}"
claim:0095,perimeter:keystone,SCOPED_TO,"{""rel"":""SCOPED_TO"",""source"":""claim:0095"",""target"":""perimeter:keystone""}"
claim:0095,source:qoe_report,FROM_SOURCE,"{""rel"":""FROM_SOURCE"",""source"":""claim:0095"",""target"":""source:qoe_report""}"
claim:0096,metric:first-lien_debt,MEASURES,"{""rel"":""MEASURES"",""source"":""claim:0096"",""target"":""metric:first-lien_debt""}"
claim:0096,perimeter:keystone,SCOPED_TO,"{""rel"":""SCOPED_TO"",""source"":""claim:0096"",""target"":""perimeter:keystone""}"
claim:0096,source:qoe_report,FROM_SOURCE,"{""rel"":""FROM_SOURCE"",""source"":""claim:0096"",""target"":""source:qoe_report""}"
claim:0097,metric:revenue_growth,MEASURES,"{""rel"":""MEASURES"",""source"":""claim:0097"",""target"":""metric:revenue_growth""}"
claim:0097,perimeter:keystone_standalone,SCOPED_TO,"{""rel"":""SCOPED_TO"",""source"":""claim:0097"",""target"":""perimeter:keystone_standalone""}"
claim:0097,source:firm_model_summary,FROM_SOURCE,"{""rel"":""FROM_SOURCE"",""source"":""claim:0097"",""target"":""source:firm_model_summary""}"
claim:0098,metric:ebitda_margin,MEASURES,"{""rel"":""MEASURES"",""source"":""claim:0098"",""target"":""metric:ebitda_margin""}"
claim:0098,period:opening,IN_PERIOD,"{""rel"":""IN_PERIOD"",""source"":""claim:0098"",""target"":""period:opening""}"
claim:0098,perimeter:keystone_standalone,SCOPED_TO,"{""rel"":""SCOPED_TO"",""source"":""claim:0098"",""target"":""perimeter:keystone_standalone""}"
claim:0098,source:firm_model_summary,FROM_SOURCE,"{""rel"":""FROM_SOURCE"",""source"":""claim:0098"",""target"":""source:firm_model_summary""}"
claim:0099,metric:exit_multiple,MEASURES,"{""rel"":""MEASURES"",""source"":""claim:0099"",""target"":""metric:exit_multiple""}"
claim:0099,period:fy2031,IN_PERIOD,"{""rel"":""IN_PERIOD"",""source"":""claim:0099"",""target"":""period:fy2031""}"
claim:0099,perimeter:keystone_standalone,SCOPED_TO,"{""rel"":""SCOPED_TO"",""source"":""claim:0099"",""target"":""perimeter:keystone_standalone""}"
claim:0099,source:firm_model_summary,FROM_SOURCE,"{""rel"":""FROM_SOURCE"",""source"":""claim:0099"",""target"":""source:firm_model_summary""}"
claim:0100,metric:enterprise_value,MEASURES,"{""rel"":""MEASURES"",""source"":""claim:0100"",""target"":""metric:enterprise_value""}"
claim:0100,period:opening,IN_PERIOD,"{""rel"":""IN_PERIOD"",""source"":""claim:0100"",""target"":""period:opening""}"
claim:0100,perimeter:unknown,SCOPED_TO,"{""rel"":""SCOPED_TO"",""source"":""claim:0100"",""target"":""perimeter:unknown""}"
claim:0100,source:firm_model_summary,FROM_SOURCE,"{""rel"":""FROM_SOURCE"",""source"":""claim:0100"",""target"":""source:firm_model_summary""}"
claim:0101,metric:ebitda,MEASURES,"{""rel"":""MEASURES"",""source"":""claim:0101"",""target"":""metric:ebitda""}"
claim:0101,period:opening,IN_PERIOD,"{""rel"":""IN_PERIOD"",""source"":""claim:0101"",""target"":""period:opening""}"
claim:0101,perimeter:unknown,SCOPED_TO,"{""rel"":""SCOPED_TO"",""source"":""claim:0101"",""target"":""perimeter:unknown""}"
claim:0101,source:firm_model_summary,FROM_SOURCE,"{""rel"":""FROM_SOURCE"",""source"":""claim:0101"",""target"":""source:firm_model_summary""}"
claim:0102,metric:entry_multiple,MEASURES,"{""rel"":""MEASURES"",""source"":""claim:0102"",""target"":""metric:entry_multiple""}"
claim:0102,period:opening,IN_PERIOD,"{""rel"":""IN_PERIOD"",""source"":""claim:0102"",""target"":""period:opening""}"
claim:0102,perimeter:unknown,SCOPED_TO,"{""rel"":""SCOPED_TO"",""source"":""claim:0102"",""target"":""perimeter:unknown""}"
claim:0102,source:firm_model_summary,FROM_SOURCE,"{""rel"":""FROM_SOURCE"",""source"":""claim:0102"",""target"":""source:firm_model_summary""}"
claim:0103,metric:sponsor_equity,MEASURES,"{""rel"":""MEASURES"",""source"":""claim:0103"",""target"":""metric:sponsor_equity""}"
claim:0103,period:opening,IN_PERIOD,"{""rel"":""IN_PERIOD"",""source"":""claim:0103"",""target"":""period:opening""}"
claim:0103,perimeter:unknown,SCOPED_TO,"{""rel"":""SCOPED_TO"",""source"":""claim:0103"",""target"":""perimeter:unknown""}"
claim:0103,source:firm_model_summary,FROM_SOURCE,"{""rel"":""FROM_SOURCE"",""source"":""claim:0103"",""target"":""source:firm_model_summary""}"
claim:0104,metric:seller_rollover,MEASURES,"{""rel"":""MEASURES"",""source"":""claim:0104"",""target"":""metric:seller_rollover""}"
claim:0104,period:opening,IN_PERIOD,"{""rel"":""IN_PERIOD"",""source"":""claim:0104"",""target"":""period:opening""}"
claim:0104,perimeter:unknown,SCOPED_TO,"{""rel"":""SCOPED_TO"",""source"":""claim:0104"",""target"":""perimeter:unknown""}"
claim:0104,source:firm_model_summary,FROM_SOURCE,"{""rel"":""FROM_SOURCE"",""source"":""claim:0104"",""target"":""source:firm_model_summary""}"
claim:0105,metric:first-lien_debt,MEASURES,"{""rel"":""MEASURES"",""source"":""claim:0105"",""target"":""metric:first-lien_debt""}"
claim:0105,period:opening,IN_PERIOD,"{""rel"":""IN_PERIOD"",""source"":""claim:0105"",""target"":""period:opening""}"
claim:0105,perimeter:unknown,SCOPED_TO,"{""rel"":""SCOPED_TO"",""source"":""claim:0105"",""target"":""perimeter:unknown""}"
claim:0105,source:firm_model_summary,FROM_SOURCE,"{""rel"":""FROM_SOURCE"",""source"":""claim:0105"",""target"":""source:firm_model_summary""}"
claim:0106,metric:leverage,MEASURES,"{""rel"":""MEASURES"",""source"":""claim:0106"",""target"":""metric:leverage""}"
claim:0106,period:opening,IN_PERIOD,"{""rel"":""IN_PERIOD"",""source"":""claim:0106"",""target"":""period:opening""}"
claim:0106,perimeter:unknown,SCOPED_TO,"{""rel"":""SCOPED_TO"",""source"":""claim:0106"",""target"":""perimeter:unknown""}"
claim:0106,source:firm_model_summary,FROM_SOURCE,"{""rel"":""FROM_SOURCE"",""source"":""claim:0106"",""target"":""source:firm_model_summary""}"
claim:0107,metric:ebitda,MEASURES,"{""rel"":""MEASURES"",""source"":""claim:0107"",""target"":""metric:ebitda""}"
claim:0107,perimeter:keystone_standalone,SCOPED_TO,"{""rel"":""SCOPED_TO"",""source"":""claim:0107"",""target"":""perimeter:keystone_standalone""}"
claim:0107,source:firm_model_summary,FROM_SOURCE,"{""rel"":""FROM_SOURCE"",""source"":""claim:0107"",""target"":""source:firm_model_summary""}"
claim:0108,metric:ebitda_adjustment,MEASURES,"{""rel"":""MEASURES"",""source"":""claim:0108"",""target"":""metric:ebitda_adjustment""}"
claim:0108,perimeter:keystone_standalone,SCOPED_TO,"{""rel"":""SCOPED_TO"",""source"":""claim:0108"",""target"":""perimeter:keystone_standalone""}"
claim:0108,source:firm_model_summary,FROM_SOURCE,"{""rel"":""FROM_SOURCE"",""source"":""claim:0108"",""target"":""source:firm_model_summary""}"
claim:0109,metric:ebitda_adjustment,MEASURES,"{""rel"":""MEASURES"",""source"":""claim:0109"",""target"":""metric:ebitda_adjustment""}"
claim:0109,perimeter:keystone_standalone,SCOPED_TO,"{""rel"":""SCOPED_TO"",""source"":""claim:0109"",""target"":""perimeter:keystone_standalone""}"
claim:0109,source:firm_model_summary,FROM_SOURCE,"{""rel"":""FROM_SOURCE"",""source"":""claim:0109"",""target"":""source:firm_model_summary""}"
claim:0110,metric:ebitda,MEASURES,"{""rel"":""MEASURES"",""source"":""claim:0110"",""target"":""metric:ebitda""}"
claim:0110,perimeter:keystone_standalone,SCOPED_TO,"{""rel"":""SCOPED_TO"",""source"":""claim:0110"",""target"":""perimeter:keystone_standalone""}"
claim:0110,source:firm_model_summary,FROM_SOURCE,"{""rel"":""FROM_SOURCE"",""source"":""claim:0110"",""target"":""source:firm_model_summary""}"
claim:0111,metric:acquisition_count,MEASURES,"{""rel"":""MEASURES"",""source"":""claim:0111"",""target"":""metric:acquisition_count""}"
claim:0111,period:fy2026,IN_PERIOD,"{""rel"":""IN_PERIOD"",""source"":""claim:0111"",""target"":""period:fy2026""}"
claim:0111,perimeter:unknown,SCOPED_TO,"{""rel"":""SCOPED_TO"",""source"":""claim:0111"",""target"":""perimeter:unknown""}"
claim:0111,source:firm_model_summary,FROM_SOURCE,"{""rel"":""FROM_SOURCE"",""source"":""claim:0111"",""target"":""source:firm_model_summary""}"
claim:0112,metric:ddtl_availability,MEASURES,"{""rel"":""MEASURES"",""source"":""claim:0112"",""target"":""metric:ddtl_availability""}"
claim:0112,period:fy2026,IN_PERIOD,"{""rel"":""IN_PERIOD"",""source"":""claim:0112"",""target"":""period:fy2026""}"
claim:0112,perimeter:unknown,SCOPED_TO,"{""rel"":""SCOPED_TO"",""source"":""claim:0112"",""target"":""perimeter:unknown""}"
claim:0112,source:firm_model_summary,FROM_SOURCE,"{""rel"":""FROM_SOURCE"",""source"":""claim:0112"",""target"":""source:firm_model_summary""}"
claim:0113,metric:sponsor_equity,MEASURES,"{""rel"":""MEASURES"",""source"":""claim:0113"",""target"":""metric:sponsor_equity""}"
claim:0113,period:fy2026,IN_PERIOD,"{""rel"":""IN_PERIOD"",""source"":""claim:0113"",""target"":""period:fy2026""}"
claim:0113,perimeter:unknown,SCOPED_TO,"{""rel"":""SCOPED_TO"",""source"":""claim:0113"",""target"":""perimeter:unknown""}"
claim:0113,source:firm_model_summary,FROM_SOURCE,"{""rel"":""FROM_SOURCE"",""source"":""claim:0113"",""target"":""source:firm_model_summary""}"
claim:0114,metric:exit_ev,MEASURES,"{""rel"":""MEASURES"",""source"":""claim:0114"",""target"":""metric:exit_ev""}"
claim:0114,perimeter:alderstone_standalone,SCOPED_TO,"{""rel"":""SCOPED_TO"",""source"":""claim:0114"",""target"":""perimeter:alderstone_standalone""}"
claim:0114,source:firm_model_summary,FROM_SOURCE,"{""rel"":""FROM_SOURCE"",""source"":""claim:0114"",""target"":""source:firm_model_summary""}"
claim:0115,metric:exit_multiple,MEASURES,"{""rel"":""MEASURES"",""source"":""claim:0115"",""target"":""metric:exit_multiple""}"
claim:0115,perimeter:alderstone_standalone,SCOPED_TO,"{""rel"":""SCOPED_TO"",""source"":""claim:0115"",""target"":""perimeter:alderstone_standalone""}"
claim:0115,source:firm_model_summary,FROM_SOURCE,"{""rel"":""FROM_SOURCE"",""source"":""claim:0115"",""target"":""source:firm_model_summary""}"
claim:0116,metric:moic,MEASURES,"{""rel"":""MEASURES"",""source"":""claim:0116"",""target"":""metric:moic""}"
claim:0116,perimeter:alderstone_standalone,SCOPED_TO,"{""rel"":""SCOPED_TO"",""source"":""claim:0116"",""target"":""perimeter:alderstone_standalone""}"
claim:0116,source:firm_model_summary,FROM_SOURCE,"{""rel"":""FROM_SOURCE"",""source"":""claim:0116"",""target"":""source:firm_model_summary""}"
claim:0117,metric:irr,MEASURES,"{""rel"":""MEASURES"",""source"":""claim:0117"",""target"":""metric:irr""}"
claim:0117,perimeter:alderstone_standalone,SCOPED_TO,"{""rel"":""SCOPED_TO"",""source"":""claim:0117"",""target"":""perimeter:alderstone_standalone""}"
claim:0117,source:firm_model_summary,FROM_SOURCE,"{""rel"":""FROM_SOURCE"",""source"":""claim:0117"",""target"":""source:firm_model_summary""}"
claim:0118,metric:net_debt,MEASURES,"{""rel"":""MEASURES"",""source"":""claim:0118"",""target"":""metric:net_debt""}"
claim:0118,perimeter:unknown,SCOPED_TO,"{""rel"":""SCOPED_TO"",""source"":""claim:0118"",""target"":""perimeter:unknown""}"
claim:0118,source:firm_model_summary,FROM_SOURCE,"{""rel"":""FROM_SOURCE"",""source"":""claim:0118"",""target"":""source:firm_model_summary""}"
claim:0119,metric:revolver_capacity,MEASURES,"{""rel"":""MEASURES"",""source"":""claim:0119"",""target"":""metric:revolver_capacity""}"
claim:0119,perimeter:unknown,SCOPED_TO,"{""rel"":""SCOPED_TO"",""source"":""claim:0119"",""target"":""perimeter:unknown""}"
claim:0119,source:firm_model_summary,FROM_SOURCE,"{""rel"":""FROM_SOURCE"",""source"":""claim:0119"",""target"":""source:firm_model_summary""}"
claim:0120,metric:ddtl_availability,MEASURES,"{""rel"":""MEASURES"",""source"":""claim:0120"",""target"":""metric:ddtl_availability""}"
claim:0120,perimeter:unknown,SCOPED_TO,"{""rel"":""SCOPED_TO"",""source"":""claim:0120"",""target"":""perimeter:unknown""}"
claim:0120,source:firm_model_summary,FROM_SOURCE,"{""rel"":""FROM_SOURCE"",""source"":""claim:0120"",""target"":""source:firm_model_summary""}"
claim:0121,metric:capex,MEASURES,"{""rel"":""MEASURES"",""source"":""claim:0121"",""target"":""metric:capex""}"
claim:0121,period:opening,IN_PERIOD,"{""rel"":""IN_PERIOD"",""source"":""claim:0121"",""target"":""period:opening""}"
claim:0121,perimeter:unknown,SCOPED_TO,"{""rel"":""SCOPED_TO"",""source"":""claim:0121"",""target"":""perimeter:unknown""}"
claim:0121,source:firm_model_summary,FROM_SOURCE,"{""rel"":""FROM_SOURCE"",""source"":""claim:0121"",""target"":""source:firm_model_summary""}"
claim:0122,metric:sponsor_equity,MEASURES,"{""rel"":""MEASURES"",""source"":""claim:0122"",""target"":""metric:sponsor_equity""}"
claim:0122,period:opening,IN_PERIOD,"{""rel"":""IN_PERIOD"",""source"":""claim:0122"",""target"":""period:opening""}"
claim:0122,perimeter:unknown,SCOPED_TO,"{""rel"":""SCOPED_TO"",""source"":""claim:0122"",""target"":""perimeter:unknown""}"
claim:0122,source:firm_model_summary,FROM_SOURCE,"{""rel"":""FROM_SOURCE"",""source"":""claim:0122"",""target"":""source:firm_model_summary""}"
claim:0123,metric:exit_horizon,MEASURES,"{""rel"":""MEASURES"",""source"":""claim:0123"",""target"":""metric:exit_horizon""}"
claim:0123,perimeter:unknown,SCOPED_TO,"{""rel"":""SCOPED_TO"",""source"":""claim:0123"",""target"":""perimeter:unknown""}"
claim:0123,source:firm_model_summary,FROM_SOURCE,"{""rel"":""FROM_SOURCE"",""source"":""claim:0123"",""target"":""source:firm_model_summary""}"
claim:0124,metric:revenue_growth,MEASURES,"{""rel"":""MEASURES"",""source"":""claim:0124"",""target"":""metric:revenue_growth""}"
claim:0124,period:fy2026,IN_PERIOD,"{""rel"":""IN_PERIOD"",""source"":""claim:0124"",""target"":""period:fy2026""}"
claim:0124,perimeter:alderstone_standalone,SCOPED_TO,"{""rel"":""SCOPED_TO"",""source"":""claim:0124"",""target"":""perimeter:alderstone_standalone""}"
claim:0124,source:firm_model_summary,FROM_SOURCE,"{""rel"":""FROM_SOURCE"",""source"":""claim:0124"",""target"":""source:firm_model_summary""}"
claim:0125,metric:ebitda_margin,MEASURES,"{""rel"":""MEASURES"",""source"":""claim:0125"",""target"":""metric:ebitda_margin""}"
claim:0125,period:fy2026e,IN_PERIOD,"{""rel"":""IN_PERIOD"",""source"":""claim:0125"",""target"":""period:fy2026e""}"
claim:0125,perimeter:alderstone_standalone,SCOPED_TO,"{""rel"":""SCOPED_TO"",""source"":""claim:0125"",""target"":""perimeter:alderstone_standalone""}"
claim:0125,source:firm_model_summary,FROM_SOURCE,"{""rel"":""FROM_SOURCE"",""source"":""claim:0125"",""target"":""source:firm_model_summary""}"
claim:0126,metric:gross_margin,MEASURES,"{""rel"":""MEASURES"",""source"":""claim:0126"",""target"":""metric:gross_margin""}"
claim:0126,period:fy2026e,IN_PERIOD,"{""rel"":""IN_PERIOD"",""source"":""claim:0126"",""target"":""period:fy2026e""}"
claim:0126,perimeter:alderstone_standalone,SCOPED_TO,"{""rel"":""SCOPED_TO"",""source"":""claim:0126"",""target"":""perimeter:alderstone_standalone""}"
claim:0126,source:firm_model_summary,FROM_SOURCE,"{""rel"":""FROM_SOURCE"",""source"":""claim:0126"",""target"":""source:firm_model_summary""}"
claim:0127,metric:dso,MEASURES,"{""rel"":""MEASURES"",""source"":""claim:0127"",""target"":""metric:dso""}"
claim:0127,period:fy2026e,IN_PERIOD,"{""rel"":""IN_PERIOD"",""source"":""claim:0127"",""target"":""period:fy2026e""}"
claim:0127,perimeter:alderstone_standalone,SCOPED_TO,"{""rel"":""SCOPED_TO"",""source"":""claim:0127"",""target"":""perimeter:alderstone_standalone""}"
claim:0127,source:firm_model_summary,FROM_SOURCE,"{""rel"":""FROM_SOURCE"",""source"":""claim:0127"",""target"":""source:firm_model_summary""}"
claim:0128,metric:exit_multiple,MEASURES,"{""rel"":""MEASURES"",""source"":""claim:0128"",""target"":""metric:exit_multiple""}"
claim:0128,perimeter:alderstone_standalone,SCOPED_TO,"{""rel"":""SCOPED_TO"",""source"":""claim:0128"",""target"":""perimeter:alderstone_standalone""}"
claim:0128,source:firm_model_summary,FROM_SOURCE,"{""rel"":""FROM_SOURCE"",""source"":""claim:0128"",""target"":""source:firm_model_summary""}"
claim:0129,metric:gross_margin,MEASURES,"{""rel"":""MEASURES"",""source"":""claim:0129"",""target"":""metric:gross_margin""}"
claim:0129,perimeter:alderstone_standalone,SCOPED_TO,"{""rel"":""SCOPED_TO"",""source"":""claim:0129"",""target"":""perimeter:alderstone_standalone""}"
claim:0129,source:firm_model_summary,FROM_SOURCE,"{""rel"":""FROM_SOURCE"",""source"":""claim:0129"",""target"":""source:firm_model_summary""}"
claim:0130,metric:ebitda_margin,MEASURES,"{""rel"":""MEASURES"",""source"":""claim:0130"",""target"":""metric:ebitda_margin""}"
claim:0130,perimeter:alderstone_standalone,SCOPED_TO,"{""rel"":""SCOPED_TO"",""source"":""claim:0130"",""target"":""perimeter:alderstone_standalone""}"
claim:0130,source:firm_model_summary,FROM_SOURCE,"{""rel"":""FROM_SOURCE"",""source"":""claim:0130"",""target"":""source:firm_model_summary""}"
claim:0131,metric:dso,MEASURES,"{""rel"":""MEASURES"",""source"":""claim:0131"",""target"":""metric:dso""}"
claim:0131,perimeter:alderstone_standalone,SCOPED_TO,"{""rel"":""SCOPED_TO"",""source"":""claim:0131"",""target"":""perimeter:alderstone_standalone""}"
claim:0131,source:firm_model_summary,FROM_SOURCE,"{""rel"":""FROM_SOURCE"",""source"":""claim:0131"",""target"":""source:firm_model_summary""}"
claim:0132,metric:exit_multiple,MEASURES,"{""rel"":""MEASURES"",""source"":""claim:0132"",""target"":""metric:exit_multiple""}"
claim:0132,perimeter:alderstone_standalone,SCOPED_TO,"{""rel"":""SCOPED_TO"",""source"":""claim:0132"",""target"":""perimeter:alderstone_standalone""}"
claim:0132,source:firm_model_summary,FROM_SOURCE,"{""rel"":""FROM_SOURCE"",""source"":""claim:0132"",""target"":""source:firm_model_summary""}"
claim:0133,metric:ebitda_margin,MEASURES,"{""rel"":""MEASURES"",""source"":""claim:0133"",""target"":""metric:ebitda_margin""}"
claim:0133,period:fy2026,IN_PERIOD,"{""rel"":""IN_PERIOD"",""source"":""claim:0133"",""target"":""period:fy2026""}"
claim:0133,perimeter:alderstone_consolidated,SCOPED_TO,"{""rel"":""SCOPED_TO"",""source"":""claim:0133"",""target"":""perimeter:alderstone_consolidated""}"
claim:0133,source:firm_model_summary,FROM_SOURCE,"{""rel"":""FROM_SOURCE"",""source"":""claim:0133"",""target"":""source:firm_model_summary""}"
claim:0134,metric:gross_margin,MEASURES,"{""rel"":""MEASURES"",""source"":""claim:0134"",""target"":""metric:gross_margin""}"
claim:0134,period:fy2026,IN_PERIOD,"{""rel"":""IN_PERIOD"",""source"":""claim:0134"",""target"":""period:fy2026""}"
claim:0134,perimeter:alderstone_consolidated,SCOPED_TO,"{""rel"":""SCOPED_TO"",""source"":""claim:0134"",""target"":""perimeter:alderstone_consolidated""}"
claim:0134,source:firm_model_summary,FROM_SOURCE,"{""rel"":""FROM_SOURCE"",""source"":""claim:0134"",""target"":""source:firm_model_summary""}"
claim:0135,metric:revenue_growth,MEASURES,"{""rel"":""MEASURES"",""source"":""claim:0135"",""target"":""metric:revenue_growth""}"
claim:0135,period:fy2026,IN_PERIOD,"{""rel"":""IN_PERIOD"",""source"":""claim:0135"",""target"":""period:fy2026""}"
claim:0135,perimeter:alderstone_consolidated,SCOPED_TO,"{""rel"":""SCOPED_TO"",""source"":""claim:0135"",""target"":""perimeter:alderstone_consolidated""}"
claim:0135,source:firm_model_summary,FROM_SOURCE,"{""rel"":""FROM_SOURCE"",""source"":""claim:0135"",""target"":""source:firm_model_summary""}"
claim:0136,metric:dso,MEASURES,"{""rel"":""MEASURES"",""source"":""claim:0136"",""target"":""metric:dso""}"
claim:0136,period:fy2026,IN_PERIOD,"{""rel"":""IN_PERIOD"",""source"":""claim:0136"",""target"":""period:fy2026""}"
claim:0136,perimeter:alderstone_consolidated,SCOPED_TO,"{""rel"":""SCOPED_TO"",""source"":""claim:0136"",""target"":""perimeter:alderstone_consolidated""}"
claim:0136,source:firm_model_summary,FROM_SOURCE,"{""rel"":""FROM_SOURCE"",""source"":""claim:0136"",""target"":""source:firm_model_summary""}"
claim:0137,metric:net_income,MEASURES,"{""rel"":""MEASURES"",""source"":""claim:0137"",""target"":""metric:net_income""}"
claim:0137,period:fy2025a,IN_PERIOD,"{""rel"":""IN_PERIOD"",""source"":""claim:0137"",""target"":""period:fy2025a""}"
claim:0137,perimeter:keystone_standalone,SCOPED_TO,"{""rel"":""SCOPED_TO"",""source"":""claim:0137"",""target"":""perimeter:keystone_standalone""}"
claim:0137,source:firm_model_summary,FROM_SOURCE,"{""rel"":""FROM_SOURCE"",""source"":""claim:0137"",""target"":""source:firm_model_summary""}"
claim:0138,metric:working_capital,MEASURES,"{""rel"":""MEASURES"",""source"":""claim:0138"",""target"":""metric:working_capital""}"
claim:0138,period:fy2025a,IN_PERIOD,"{""rel"":""IN_PERIOD"",""source"":""claim:0138"",""target"":""period:fy2025a""}"
claim:0138,perimeter:keystone_standalone,SCOPED_TO,"{""rel"":""SCOPED_TO"",""source"":""claim:0138"",""target"":""perimeter:keystone_standalone""}"
claim:0138,source:firm_model_summary,FROM_SOURCE,"{""rel"":""FROM_SOURCE"",""source"":""claim:0138"",""target"":""source:firm_model_summary""}"
claim:0139,metric:operating_cash_flow,MEASURES,"{""rel"":""MEASURES"",""source"":""claim:0139"",""target"":""metric:operating_cash_flow""}"
claim:0139,period:fy2025,IN_PERIOD,"{""rel"":""IN_PERIOD"",""source"":""claim:0139"",""target"":""period:fy2025""}"
claim:0139,perimeter:unknown,SCOPED_TO,"{""rel"":""SCOPED_TO"",""source"":""claim:0139"",""target"":""perimeter:unknown""}"
claim:0139,source:firm_model_summary,FROM_SOURCE,"{""rel"":""FROM_SOURCE"",""source"":""claim:0139"",""target"":""source:firm_model_summary""}"
claim:0140,metric:operating_cash_flow,MEASURES,"{""rel"":""MEASURES"",""source"":""claim:0140"",""target"":""metric:operating_cash_flow""}"
claim:0140,period:fy2026,IN_PERIOD,"{""rel"":""IN_PERIOD"",""source"":""claim:0140"",""target"":""period:fy2026""}"
claim:0140,perimeter:unknown,SCOPED_TO,"{""rel"":""SCOPED_TO"",""source"":""claim:0140"",""target"":""perimeter:unknown""}"
claim:0140,source:firm_model_summary,FROM_SOURCE,"{""rel"":""FROM_SOURCE"",""source"":""claim:0140"",""target"":""source:firm_model_summary""}"
claim:0141,metric:operating_cash_flow,MEASURES,"{""rel"":""MEASURES"",""source"":""claim:0141"",""target"":""metric:operating_cash_flow""}"
claim:0141,period:fy2027,IN_PERIOD,"{""rel"":""IN_PERIOD"",""source"":""claim:0141"",""target"":""period:fy2027""}"
claim:0141,perimeter:unknown,SCOPED_TO,"{""rel"":""SCOPED_TO"",""source"":""claim:0141"",""target"":""perimeter:unknown""}"
claim:0141,source:firm_model_summary,FROM_SOURCE,"{""rel"":""FROM_SOURCE"",""source"":""claim:0141"",""target"":""source:firm_model_summary""}"
claim:0142,metric:capex,MEASURES,"{""rel"":""MEASURES"",""source"":""claim:0142"",""target"":""metric:capex""}"
claim:0142,period:fy2025,IN_PERIOD,"{""rel"":""IN_PERIOD"",""source"":""claim:0142"",""target"":""period:fy2025""}"
claim:0142,perimeter:unknown,SCOPED_TO,"{""rel"":""SCOPED_TO"",""source"":""claim:0142"",""target"":""perimeter:unknown""}"
claim:0142,source:firm_model_summary,FROM_SOURCE,"{""rel"":""FROM_SOURCE"",""source"":""claim:0142"",""target"":""source:firm_model_summary""}"
claim:0143,metric:revenue,MEASURES,"{""rel"":""MEASURES"",""source"":""claim:0143"",""target"":""metric:revenue""}"
claim:0143,period:fy2025a,IN_PERIOD,"{""rel"":""IN_PERIOD"",""source"":""claim:0143"",""target"":""period:fy2025a""}"
claim:0143,perimeter:keystone_standalone,SCOPED_TO,"{""rel"":""SCOPED_TO"",""source"":""claim:0143"",""target"":""perimeter:keystone_standalone""}"
claim:0143,source:firm_model_summary,FROM_SOURCE,"{""rel"":""FROM_SOURCE"",""source"":""claim:0143"",""target"":""source:firm_model_summary""}"
claim:0144,metric:revenue,MEASURES,"{""rel"":""MEASURES"",""source"":""claim:0144"",""target"":""metric:revenue""}"
claim:0144,period:fy2025a,IN_PERIOD,"{""rel"":""IN_PERIOD"",""source"":""claim:0144"",""target"":""period:fy2025a""}"
claim:0144,perimeter:keystone_standalone,SCOPED_TO,"{""rel"":""SCOPED_TO"",""source"":""claim:0144"",""target"":""perimeter:keystone_standalone""}"
claim:0144,source:firm_model_summary,FROM_SOURCE,"{""rel"":""FROM_SOURCE"",""source"":""claim:0144"",""target"":""source:firm_model_summary""}"
claim:0145,metric:gross_margin,MEASURES,"{""rel"":""MEASURES"",""source"":""claim:0145"",""target"":""metric:gross_margin""}"
claim:0145,perimeter:unknown,SCOPED_TO,"{""rel"":""SCOPED_TO"",""source"":""claim:0145"",""target"":""perimeter:unknown""}"
claim:0145,source:firm_model_summary,FROM_SOURCE,"{""rel"":""FROM_SOURCE"",""source"":""claim:0145"",""target"":""source:firm_model_summary""}"
claim:0146,metric:gross_margin,MEASURES,"{""rel"":""MEASURES"",""source"":""claim:0146"",""target"":""metric:gross_margin""}"
claim:0146,perimeter:unknown,SCOPED_TO,"{""rel"":""SCOPED_TO"",""source"":""claim:0146"",""target"":""perimeter:unknown""}"
claim:0146,source:firm_model_summary,FROM_SOURCE,"{""rel"":""FROM_SOURCE"",""source"":""claim:0146"",""target"":""source:firm_model_summary""}"
claim:0147,metric:gross_margin,MEASURES,"{""rel"":""MEASURES"",""source"":""claim:0147"",""target"":""metric:gross_margin""}"
claim:0147,perimeter:unknown,SCOPED_TO,"{""rel"":""SCOPED_TO"",""source"":""claim:0147"",""target"":""perimeter:unknown""}"
claim:0147,source:firm_model_summary,FROM_SOURCE,"{""rel"":""FROM_SOURCE"",""source"":""claim:0147"",""target"":""source:firm_model_summary""}"
claim:0148,metric:ebitda_margin,MEASURES,"{""rel"":""MEASURES"",""source"":""claim:0148"",""target"":""metric:ebitda_margin""}"
claim:0148,perimeter:unknown,SCOPED_TO,"{""rel"":""SCOPED_TO"",""source"":""claim:0148"",""target"":""perimeter:unknown""}"
claim:0148,source:firm_model_summary,FROM_SOURCE,"{""rel"":""FROM_SOURCE"",""source"":""claim:0148"",""target"":""source:firm_model_summary""}"
claim:0149,metric:revenue,MEASURES,"{""rel"":""MEASURES"",""source"":""claim:0149"",""target"":""metric:revenue""}"
claim:0149,period:fy2025a,IN_PERIOD,"{""rel"":""IN_PERIOD"",""source"":""claim:0149"",""target"":""period:fy2025a""}"
claim:0149,perimeter:keystone_standalone,SCOPED_TO,"{""rel"":""SCOPED_TO"",""source"":""claim:0149"",""target"":""perimeter:keystone_standalone""}"
claim:0149,source:firm_model_summary,FROM_SOURCE,"{""rel"":""FROM_SOURCE"",""source"":""claim:0149"",""target"":""source:firm_model_summary""}"
claim:0150,metric:revenue,MEASURES,"{""rel"":""MEASURES"",""source"":""claim:0150"",""target"":""metric:revenue""}"
claim:0150,period:fy2025a,IN_PERIOD,"{""rel"":""IN_PERIOD"",""source"":""claim:0150"",""target"":""period:fy2025a""}"
claim:0150,perimeter:keystone_standalone,SCOPED_TO,"{""rel"":""SCOPED_TO"",""source"":""claim:0150"",""target"":""perimeter:keystone_standalone""}"
claim:0150,source:firm_model_summary,FROM_SOURCE,"{""rel"":""FROM_SOURCE"",""source"":""claim:0150"",""target"":""source:firm_model_summary""}"
claim:0151,metric:revenue,MEASURES,"{""rel"":""MEASURES"",""source"":""claim:0151"",""target"":""metric:revenue""}"
claim:0151,period:fy2025a,IN_PERIOD,"{""rel"":""IN_PERIOD"",""source"":""claim:0151"",""target"":""period:fy2025a""}"
claim:0151,perimeter:keystone_standalone,SCOPED_TO,"{""rel"":""SCOPED_TO"",""source"":""claim:0151"",""target"":""perimeter:keystone_standalone""}"
claim:0151,source:firm_model_summary,FROM_SOURCE,"{""rel"":""FROM_SOURCE"",""source"":""claim:0151"",""target"":""source:firm_model_summary""}"
claim:0152,metric:revenue,MEASURES,"{""rel"":""MEASURES"",""source"":""claim:0152"",""target"":""metric:revenue""}"
claim:0152,period:fy2025a,IN_PERIOD,"{""rel"":""IN_PERIOD"",""source"":""claim:0152"",""target"":""period:fy2025a""}"
claim:0152,perimeter:keystone_standalone,SCOPED_TO,"{""rel"":""SCOPED_TO"",""source"":""claim:0152"",""target"":""perimeter:keystone_standalone""}"
claim:0152,source:firm_model_summary,FROM_SOURCE,"{""rel"":""FROM_SOURCE"",""source"":""claim:0152"",""target"":""source:firm_model_summary""}"
claim:0153,metric:customer_concentration,MEASURES,"{""rel"":""MEASURES"",""source"":""claim:0153"",""target"":""metric:customer_concentration""}"
claim:0153,perimeter:unknown,SCOPED_TO,"{""rel"":""SCOPED_TO"",""source"":""claim:0153"",""target"":""perimeter:unknown""}"
claim:0153,source:firm_model_summary,FROM_SOURCE,"{""rel"":""FROM_SOURCE"",""source"":""claim:0153"",""target"":""source:firm_model_summary""}"
claim:0154,metric:customer_concentration,MEASURES,"{""rel"":""MEASURES"",""source"":""claim:0154"",""target"":""metric:customer_concentration""}"
claim:0154,perimeter:unknown,SCOPED_TO,"{""rel"":""SCOPED_TO"",""source"":""claim:0154"",""target"":""perimeter:unknown""}"
claim:0154,source:firm_model_summary,FROM_SOURCE,"{""rel"":""FROM_SOURCE"",""source"":""claim:0154"",""target"":""source:firm_model_summary""}"
claim:0155,metric:customer_concentration,MEASURES,"{""rel"":""MEASURES"",""source"":""claim:0155"",""target"":""metric:customer_concentration""}"
claim:0155,perimeter:unknown,SCOPED_TO,"{""rel"":""SCOPED_TO"",""source"":""claim:0155"",""target"":""perimeter:unknown""}"
claim:0155,source:firm_model_summary,FROM_SOURCE,"{""rel"":""FROM_SOURCE"",""source"":""claim:0155"",""target"":""source:firm_model_summary""}"
claim:0156,metric:customer_count,MEASURES,"{""rel"":""MEASURES"",""source"":""claim:0156"",""target"":""metric:customer_count""}"
claim:0156,perimeter:unknown,SCOPED_TO,"{""rel"":""SCOPED_TO"",""source"":""claim:0156"",""target"":""perimeter:unknown""}"
claim:0156,source:firm_model_summary,FROM_SOURCE,"{""rel"":""FROM_SOURCE"",""source"":""claim:0156"",""target"":""source:firm_model_summary""}"
claim:0157,metric:customer_concentration,MEASURES,"{""rel"":""MEASURES"",""source"":""claim:0157"",""target"":""metric:customer_concentration""}"
claim:0157,perimeter:unknown,SCOPED_TO,"{""rel"":""SCOPED_TO"",""source"":""claim:0157"",""target"":""perimeter:unknown""}"
claim:0157,source:firm_model_summary,FROM_SOURCE,"{""rel"":""FROM_SOURCE"",""source"":""claim:0157"",""target"":""source:firm_model_summary""}"
claim:0158,metric:customer_concentration,MEASURES,"{""rel"":""MEASURES"",""source"":""claim:0158"",""target"":""metric:customer_concentration""}"
claim:0158,perimeter:unknown,SCOPED_TO,"{""rel"":""SCOPED_TO"",""source"":""claim:0158"",""target"":""perimeter:unknown""}"
claim:0158,source:firm_model_summary,FROM_SOURCE,"{""rel"":""FROM_SOURCE"",""source"":""claim:0158"",""target"":""source:firm_model_summary""}"
claim:0159,metric:customer_concentration,MEASURES,"{""rel"":""MEASURES"",""source"":""claim:0159"",""target"":""metric:customer_concentration""}"
claim:0159,perimeter:unknown,SCOPED_TO,"{""rel"":""SCOPED_TO"",""source"":""claim:0159"",""target"":""perimeter:unknown""}"
claim:0159,source:firm_model_summary,FROM_SOURCE,"{""rel"":""FROM_SOURCE"",""source"":""claim:0159"",""target"":""source:firm_model_summary""}"
claim:0160,metric:customer_concentration,MEASURES,"{""rel"":""MEASURES"",""source"":""claim:0160"",""target"":""metric:customer_concentration""}"
claim:0160,perimeter:unknown,SCOPED_TO,"{""rel"":""SCOPED_TO"",""source"":""claim:0160"",""target"":""perimeter:unknown""}"
claim:0160,source:firm_model_summary,FROM_SOURCE,"{""rel"":""FROM_SOURCE"",""source"":""claim:0160"",""target"":""source:firm_model_summary""}"
claim:0161,metric:customer_concentration,MEASURES,"{""rel"":""MEASURES"",""source"":""claim:0161"",""target"":""metric:customer_concentration""}"
claim:0161,perimeter:unknown,SCOPED_TO,"{""rel"":""SCOPED_TO"",""source"":""claim:0161"",""target"":""perimeter:unknown""}"
claim:0161,source:firm_model_summary,FROM_SOURCE,"{""rel"":""FROM_SOURCE"",""source"":""claim:0161"",""target"":""source:firm_model_summary""}"
claim:0162,metric:customer_contract_terms,MEASURES,"{""rel"":""MEASURES"",""source"":""claim:0162"",""target"":""metric:customer_contract_terms""}"
claim:0162,perimeter:unknown,SCOPED_TO,"{""rel"":""SCOPED_TO"",""source"":""claim:0162"",""target"":""perimeter:unknown""}"
claim:0162,source:firm_model_summary,FROM_SOURCE,"{""rel"":""FROM_SOURCE"",""source"":""claim:0162"",""target"":""source:firm_model_summary""}"
claim:0163,metric:customer_contract_terms,MEASURES,"{""rel"":""MEASURES"",""source"":""claim:0163"",""target"":""metric:customer_contract_terms""}"
claim:0163,perimeter:unknown,SCOPED_TO,"{""rel"":""SCOPED_TO"",""source"":""claim:0163"",""target"":""perimeter:unknown""}"
claim:0163,source:firm_model_summary,FROM_SOURCE,"{""rel"":""FROM_SOURCE"",""source"":""claim:0163"",""target"":""source:firm_model_summary""}"
claim:0164,metric:customer_concentration,MEASURES,"{""rel"":""MEASURES"",""source"":""claim:0164"",""target"":""metric:customer_concentration""}"
claim:0164,perimeter:unknown,SCOPED_TO,"{""rel"":""SCOPED_TO"",""source"":""claim:0164"",""target"":""perimeter:unknown""}"
claim:0164,source:firm_model_summary,FROM_SOURCE,"{""rel"":""FROM_SOURCE"",""source"":""claim:0164"",""target"":""source:firm_model_summary""}"
claim:0165,metric:customer_concentration,MEASURES,"{""rel"":""MEASURES"",""source"":""claim:0165"",""target"":""metric:customer_concentration""}"
claim:0165,perimeter:unknown,SCOPED_TO,"{""rel"":""SCOPED_TO"",""source"":""claim:0165"",""target"":""perimeter:unknown""}"
claim:0165,source:firm_model_summary,FROM_SOURCE,"{""rel"":""FROM_SOURCE"",""source"":""claim:0165"",""target"":""source:firm_model_summary""}"
claim:0166,metric:customer_concentration,MEASURES,"{""rel"":""MEASURES"",""source"":""claim:0166"",""target"":""metric:customer_concentration""}"
claim:0166,perimeter:unknown,SCOPED_TO,"{""rel"":""SCOPED_TO"",""source"":""claim:0166"",""target"":""perimeter:unknown""}"
claim:0166,source:firm_model_summary,FROM_SOURCE,"{""rel"":""FROM_SOURCE"",""source"":""claim:0166"",""target"":""source:firm_model_summary""}"
claim:0167,metric:customer_concentration,MEASURES,"{""rel"":""MEASURES"",""source"":""claim:0167"",""target"":""metric:customer_concentration""}"
claim:0167,perimeter:unknown,SCOPED_TO,"{""rel"":""SCOPED_TO"",""source"":""claim:0167"",""target"":""perimeter:unknown""}"
claim:0167,source:firm_model_summary,FROM_SOURCE,"{""rel"":""FROM_SOURCE"",""source"":""claim:0167"",""target"":""source:firm_model_summary""}"
claim:0168,metric:gross_margin,MEASURES,"{""rel"":""MEASURES"",""source"":""claim:0168"",""target"":""metric:gross_margin""}"
claim:0168,period:fy2025a,IN_PERIOD,"{""rel"":""IN_PERIOD"",""source"":""claim:0168"",""target"":""period:fy2025a""}"
claim:0168,perimeter:riverton_group,SCOPED_TO,"{""rel"":""SCOPED_TO"",""source"":""claim:0168"",""target"":""perimeter:riverton_group""}"
claim:0168,source:firm_model_summary,FROM_SOURCE,"{""rel"":""FROM_SOURCE"",""source"":""claim:0168"",""target"":""source:firm_model_summary""}"
claim:0169,metric:recurring_revenue,MEASURES,"{""rel"":""MEASURES"",""source"":""claim:0169"",""target"":""metric:recurring_revenue""}"
claim:0169,period:fy2025a,IN_PERIOD,"{""rel"":""IN_PERIOD"",""source"":""claim:0169"",""target"":""period:fy2025a""}"
claim:0169,perimeter:riverton_group,SCOPED_TO,"{""rel"":""SCOPED_TO"",""source"":""claim:0169"",""target"":""perimeter:riverton_group""}"
claim:0169,source:firm_model_summary,FROM_SOURCE,"{""rel"":""FROM_SOURCE"",""source"":""claim:0169"",""target"":""source:firm_model_summary""}"
claim:0170,metric:customer_contract_terms,MEASURES,"{""rel"":""MEASURES"",""source"":""claim:0170"",""target"":""metric:customer_contract_terms""}"
claim:0170,perimeter:riverton_group,SCOPED_TO,"{""rel"":""SCOPED_TO"",""source"":""claim:0170"",""target"":""perimeter:riverton_group""}"
claim:0170,source:firm_model_summary,FROM_SOURCE,"{""rel"":""FROM_SOURCE"",""source"":""claim:0170"",""target"":""source:firm_model_summary""}"
claim:0171,metric:customer_concentration,MEASURES,"{""rel"":""MEASURES"",""source"":""claim:0171"",""target"":""metric:customer_concentration""}"
claim:0171,period:fy2026e,IN_PERIOD,"{""rel"":""IN_PERIOD"",""source"":""claim:0171"",""target"":""period:fy2026e""}"
claim:0171,perimeter:keystone_standalone,SCOPED_TO,"{""rel"":""SCOPED_TO"",""source"":""claim:0171"",""target"":""perimeter:keystone_standalone""}"
claim:0171,source:firm_model_summary,FROM_SOURCE,"{""rel"":""FROM_SOURCE"",""source"":""claim:0171"",""target"":""source:firm_model_summary""}"
claim:0172,metric:customer_contract_terms,MEASURES,"{""rel"":""MEASURES"",""source"":""claim:0172"",""target"":""metric:customer_contract_terms""}"
claim:0172,period:fy2026e,IN_PERIOD,"{""rel"":""IN_PERIOD"",""source"":""claim:0172"",""target"":""period:fy2026e""}"
claim:0172,perimeter:keystone_standalone,SCOPED_TO,"{""rel"":""SCOPED_TO"",""source"":""claim:0172"",""target"":""perimeter:keystone_standalone""}"
claim:0172,source:firm_model_summary,FROM_SOURCE,"{""rel"":""FROM_SOURCE"",""source"":""claim:0172"",""target"":""source:firm_model_summary""}"
claim:0173,metric:headcount,MEASURES,"{""rel"":""MEASURES"",""source"":""claim:0173"",""target"":""metric:headcount""}"
claim:0173,period:fy2025a,IN_PERIOD,"{""rel"":""IN_PERIOD"",""source"":""claim:0173"",""target"":""period:fy2025a""}"
claim:0173,perimeter:unknown,SCOPED_TO,"{""rel"":""SCOPED_TO"",""source"":""claim:0173"",""target"":""perimeter:unknown""}"
claim:0173,source:firm_model_summary,FROM_SOURCE,"{""rel"":""FROM_SOURCE"",""source"":""claim:0173"",""target"":""source:firm_model_summary""}"
claim:0174,metric:team_tenure,MEASURES,"{""rel"":""MEASURES"",""source"":""claim:0174"",""target"":""metric:team_tenure""}"
claim:0174,period:fy2025a,IN_PERIOD,"{""rel"":""IN_PERIOD"",""source"":""claim:0174"",""target"":""period:fy2025a""}"
claim:0174,perimeter:unknown,SCOPED_TO,"{""rel"":""SCOPED_TO"",""source"":""claim:0174"",""target"":""perimeter:unknown""}"
claim:0174,source:firm_model_summary,FROM_SOURCE,"{""rel"":""FROM_SOURCE"",""source"":""claim:0174"",""target"":""source:firm_model_summary""}"
claim:0175,metric:acquisition_count,MEASURES,"{""rel"":""MEASURES"",""source"":""claim:0175"",""target"":""metric:acquisition_count""}"
claim:0175,period:fy2025a,IN_PERIOD,"{""rel"":""IN_PERIOD"",""source"":""claim:0175"",""target"":""period:fy2025a""}"
claim:0175,perimeter:unknown,SCOPED_TO,"{""rel"":""SCOPED_TO"",""source"":""claim:0175"",""target"":""perimeter:unknown""}"
claim:0175,source:firm_model_summary,FROM_SOURCE,"{""rel"":""FROM_SOURCE"",""source"":""claim:0175"",""target"":""source:firm_model_summary""}"
claim:0176,metric:headcount,MEASURES,"{""rel"":""MEASURES"",""source"":""claim:0176"",""target"":""metric:headcount""}"
claim:0176,perimeter:alderstone_consolidated,SCOPED_TO,"{""rel"":""SCOPED_TO"",""source"":""claim:0176"",""target"":""perimeter:alderstone_consolidated""}"
claim:0176,source:firm_model_summary,FROM_SOURCE,"{""rel"":""FROM_SOURCE"",""source"":""claim:0176"",""target"":""source:firm_model_summary""}"
claim:0177,metric:team_tenure,MEASURES,"{""rel"":""MEASURES"",""source"":""claim:0177"",""target"":""metric:team_tenure""}"
claim:0177,perimeter:alderstone_consolidated,SCOPED_TO,"{""rel"":""SCOPED_TO"",""source"":""claim:0177"",""target"":""perimeter:alderstone_consolidated""}"
claim:0177,source:firm_model_summary,FROM_SOURCE,"{""rel"":""FROM_SOURCE"",""source"":""claim:0177"",""target"":""source:firm_model_summary""}"
claim:0178,metric:headcount,MEASURES,"{""rel"":""MEASURES"",""source"":""claim:0178"",""target"":""metric:headcount""}"
claim:0178,perimeter:unknown,SCOPED_TO,"{""rel"":""SCOPED_TO"",""source"":""claim:0178"",""target"":""perimeter:unknown""}"
claim:0178,source:firm_model_summary,FROM_SOURCE,"{""rel"":""FROM_SOURCE"",""source"":""claim:0178"",""target"":""source:firm_model_summary""}"
claim:0179,metric:headcount,MEASURES,"{""rel"":""MEASURES"",""source"":""claim:0179"",""target"":""metric:headcount""}"
claim:0179,perimeter:unknown,SCOPED_TO,"{""rel"":""SCOPED_TO"",""source"":""claim:0179"",""target"":""perimeter:unknown""}"
claim:0179,source:firm_model_summary,FROM_SOURCE,"{""rel"":""FROM_SOURCE"",""source"":""claim:0179"",""target"":""source:firm_model_summary""}"
claim:0180,metric:headcount,MEASURES,"{""rel"":""MEASURES"",""source"":""claim:0180"",""target"":""metric:headcount""}"
claim:0180,perimeter:alderstone_consolidated,SCOPED_TO,"{""rel"":""SCOPED_TO"",""source"":""claim:0180"",""target"":""perimeter:alderstone_consolidated""}"
claim:0180,source:firm_model_summary,FROM_SOURCE,"{""rel"":""FROM_SOURCE"",""source"":""claim:0180"",""target"":""source:firm_model_summary""}"
claim:0181,metric:headcount,MEASURES,"{""rel"":""MEASURES"",""source"":""claim:0181"",""target"":""metric:headcount""}"
claim:0181,perimeter:unknown,SCOPED_TO,"{""rel"":""SCOPED_TO"",""source"":""claim:0181"",""target"":""perimeter:unknown""}"
claim:0181,source:firm_model_summary,FROM_SOURCE,"{""rel"":""FROM_SOURCE"",""source"":""claim:0181"",""target"":""source:firm_model_summary""}"
claim:0182,metric:headcount,MEASURES,"{""rel"":""MEASURES"",""source"":""claim:0182"",""target"":""metric:headcount""}"
claim:0182,period:opening,IN_PERIOD,"{""rel"":""IN_PERIOD"",""source"":""claim:0182"",""target"":""period:opening""}"
claim:0182,perimeter:unknown,SCOPED_TO,"{""rel"":""SCOPED_TO"",""source"":""claim:0182"",""target"":""perimeter:unknown""}"
claim:0182,source:firm_model_summary,FROM_SOURCE,"{""rel"":""FROM_SOURCE"",""source"":""claim:0182"",""target"":""source:firm_model_summary""}"
claim:0183,metric:team_tenure,MEASURES,"{""rel"":""MEASURES"",""source"":""claim:0183"",""target"":""metric:team_tenure""}"
claim:0183,period:opening,IN_PERIOD,"{""rel"":""IN_PERIOD"",""source"":""claim:0183"",""target"":""period:opening""}"
claim:0183,perimeter:unknown,SCOPED_TO,"{""rel"":""SCOPED_TO"",""source"":""claim:0183"",""target"":""perimeter:unknown""}"
claim:0183,source:firm_model_summary,FROM_SOURCE,"{""rel"":""FROM_SOURCE"",""source"":""claim:0183"",""target"":""source:firm_model_summary""}"
claim:0184,metric:headcount,MEASURES,"{""rel"":""MEASURES"",""source"":""claim:0184"",""target"":""metric:headcount""}"
claim:0184,perimeter:unknown,SCOPED_TO,"{""rel"":""SCOPED_TO"",""source"":""claim:0184"",""target"":""perimeter:unknown""}"
claim:0184,source:firm_model_summary,FROM_SOURCE,"{""rel"":""FROM_SOURCE"",""source"":""claim:0184"",""target"":""source:firm_model_summary""}"
claim:0185,metric:headcount,MEASURES,"{""rel"":""MEASURES"",""source"":""claim:0185"",""target"":""metric:headcount""}"
claim:0185,perimeter:keystone,SCOPED_TO,"{""rel"":""SCOPED_TO"",""source"":""claim:0185"",""target"":""perimeter:keystone""}"
claim:0185,source:firm_model_summary,FROM_SOURCE,"{""rel"":""FROM_SOURCE"",""source"":""claim:0185"",""target"":""source:firm_model_summary""}"
claim:0186,metric:team_tenure,MEASURES,"{""rel"":""MEASURES"",""source"":""claim:0186"",""target"":""metric:team_tenure""}"
claim:0186,perimeter:keystone,SCOPED_TO,"{""rel"":""SCOPED_TO"",""source"":""claim:0186"",""target"":""perimeter:keystone""}"
claim:0186,source:firm_model_summary,FROM_SOURCE,"{""rel"":""FROM_SOURCE"",""source"":""claim:0186"",""target"":""source:firm_model_summary""}"
claim:0187,metric:dso,MEASURES,"{""rel"":""MEASURES"",""source"":""claim:0187"",""target"":""metric:dso""}"
claim:0187,period:fy2025a,IN_PERIOD,"{""rel"":""IN_PERIOD"",""source"":""claim:0187"",""target"":""period:fy2025a""}"
claim:0187,perimeter:unknown,SCOPED_TO,"{""rel"":""SCOPED_TO"",""source"":""claim:0187"",""target"":""perimeter:unknown""}"
claim:0187,source:firm_model_summary,FROM_SOURCE,"{""rel"":""FROM_SOURCE"",""source"":""claim:0187"",""target"":""source:firm_model_summary""}"
claim:0188,metric:working_capital,MEASURES,"{""rel"":""MEASURES"",""source"":""claim:0188"",""target"":""metric:working_capital""}"
claim:0188,period:fy2025a,IN_PERIOD,"{""rel"":""IN_PERIOD"",""source"":""claim:0188"",""target"":""period:fy2025a""}"
claim:0188,perimeter:unknown,SCOPED_TO,"{""rel"":""SCOPED_TO"",""source"":""claim:0188"",""target"":""perimeter:unknown""}"
claim:0188,source:firm_model_summary,FROM_SOURCE,"{""rel"":""FROM_SOURCE"",""source"":""claim:0188"",""target"":""source:firm_model_summary""}"
claim:0189,metric:customer_concentration,MEASURES,"{""rel"":""MEASURES"",""source"":""claim:0189"",""target"":""metric:customer_concentration""}"
claim:0189,period:fy2025a,IN_PERIOD,"{""rel"":""IN_PERIOD"",""source"":""claim:0189"",""target"":""period:fy2025a""}"
claim:0189,perimeter:unknown,SCOPED_TO,"{""rel"":""SCOPED_TO"",""source"":""claim:0189"",""target"":""perimeter:unknown""}"
claim:0189,source:firm_model_summary,FROM_SOURCE,"{""rel"":""FROM_SOURCE"",""source"":""claim:0189"",""target"":""source:firm_model_summary""}"
claim:0190,metric:working_capital,MEASURES,"{""rel"":""MEASURES"",""source"":""claim:0190"",""target"":""metric:working_capital""}"
claim:0190,perimeter:riverton_group,SCOPED_TO,"{""rel"":""SCOPED_TO"",""source"":""claim:0190"",""target"":""perimeter:riverton_group""}"
claim:0190,source:firm_model_summary,FROM_SOURCE,"{""rel"":""FROM_SOURCE"",""source"":""claim:0190"",""target"":""source:firm_model_summary""}"
claim:0191,metric:revenue_quality,MEASURES,"{""rel"":""MEASURES"",""source"":""claim:0191"",""target"":""metric:revenue_quality""}"
claim:0191,perimeter:riverton_group,SCOPED_TO,"{""rel"":""SCOPED_TO"",""source"":""claim:0191"",""target"":""perimeter:riverton_group""}"
claim:0191,source:firm_model_summary,FROM_SOURCE,"{""rel"":""FROM_SOURCE"",""source"":""claim:0191"",""target"":""source:firm_model_summary""}"
claim:0192,metric:dso,MEASURES,"{""rel"":""MEASURES"",""source"":""claim:0192"",""target"":""metric:dso""}"
claim:0192,perimeter:riverton_group,SCOPED_TO,"{""rel"":""SCOPED_TO"",""source"":""claim:0192"",""target"":""perimeter:riverton_group""}"
claim:0192,source:firm_model_summary,FROM_SOURCE,"{""rel"":""FROM_SOURCE"",""source"":""claim:0192"",""target"":""source:firm_model_summary""}"
claim:0193,metric:ebitda_adjustment,MEASURES,"{""rel"":""MEASURES"",""source"":""claim:0193"",""target"":""metric:ebitda_adjustment""}"
claim:0193,perimeter:keystone_standalone,SCOPED_TO,"{""rel"":""SCOPED_TO"",""source"":""claim:0193"",""target"":""perimeter:keystone_standalone""}"
claim:0193,source:firm_model_summary,FROM_SOURCE,"{""rel"":""FROM_SOURCE"",""source"":""claim:0193"",""target"":""source:firm_model_summary""}"
claim:0194,metric:ebitda_adjustment,MEASURES,"{""rel"":""MEASURES"",""source"":""claim:0194"",""target"":""metric:ebitda_adjustment""}"
claim:0194,perimeter:keystone_standalone,SCOPED_TO,"{""rel"":""SCOPED_TO"",""source"":""claim:0194"",""target"":""perimeter:keystone_standalone""}"
claim:0194,source:firm_model_summary,FROM_SOURCE,"{""rel"":""FROM_SOURCE"",""source"":""claim:0194"",""target"":""source:firm_model_summary""}"
claim:0195,metric:ebitda_adjustment,MEASURES,"{""rel"":""MEASURES"",""source"":""claim:0195"",""target"":""metric:ebitda_adjustment""}"
claim:0195,perimeter:keystone_standalone,SCOPED_TO,"{""rel"":""SCOPED_TO"",""source"":""claim:0195"",""target"":""perimeter:keystone_standalone""}"
claim:0195,source:firm_model_summary,FROM_SOURCE,"{""rel"":""FROM_SOURCE"",""source"":""claim:0195"",""target"":""source:firm_model_summary""}"
claim:0196,metric:ebitda_adjustment,MEASURES,"{""rel"":""MEASURES"",""source"":""claim:0196"",""target"":""metric:ebitda_adjustment""}"
claim:0196,period:fy2028,IN_PERIOD,"{""rel"":""IN_PERIOD"",""source"":""claim:0196"",""target"":""period:fy2028""}"
claim:0196,perimeter:keystone_standalone,SCOPED_TO,"{""rel"":""SCOPED_TO"",""source"":""claim:0196"",""target"":""perimeter:keystone_standalone""}"
claim:0196,source:firm_model_summary,FROM_SOURCE,"{""rel"":""FROM_SOURCE"",""source"":""claim:0196"",""target"":""source:firm_model_summary""}"
claim:0197,metric:ebitda_adjustment,MEASURES,"{""rel"":""MEASURES"",""source"":""claim:0197"",""target"":""metric:ebitda_adjustment""}"
claim:0197,period:fy2028,IN_PERIOD,"{""rel"":""IN_PERIOD"",""source"":""claim:0197"",""target"":""period:fy2028""}"
claim:0197,perimeter:keystone_standalone,SCOPED_TO,"{""rel"":""SCOPED_TO"",""source"":""claim:0197"",""target"":""perimeter:keystone_standalone""}"
claim:0197,source:firm_model_summary,FROM_SOURCE,"{""rel"":""FROM_SOURCE"",""source"":""claim:0197"",""target"":""source:firm_model_summary""}"
claim:0198,metric:ebitda_adjustment,MEASURES,"{""rel"":""MEASURES"",""source"":""claim:0198"",""target"":""metric:ebitda_adjustment""}"
claim:0198,period:fy2028,IN_PERIOD,"{""rel"":""IN_PERIOD"",""source"":""claim:0198"",""target"":""period:fy2028""}"
claim:0198,perimeter:keystone_standalone,SCOPED_TO,"{""rel"":""SCOPED_TO"",""source"":""claim:0198"",""target"":""perimeter:keystone_standalone""}"
claim:0198,source:firm_model_summary,FROM_SOURCE,"{""rel"":""FROM_SOURCE"",""source"":""claim:0198"",""target"":""source:firm_model_summary""}"
claim:0199,metric:equity_value,MEASURES,"{""rel"":""MEASURES"",""source"":""claim:0199"",""target"":""metric:equity_value""}"
claim:0199,period:opening,IN_PERIOD,"{""rel"":""IN_PERIOD"",""source"":""claim:0199"",""target"":""period:opening""}"
claim:0199,perimeter:unknown,SCOPED_TO,"{""rel"":""SCOPED_TO"",""source"":""claim:0199"",""target"":""perimeter:unknown""}"
claim:0199,source:firm_model_summary,FROM_SOURCE,"{""rel"":""FROM_SOURCE"",""source"":""claim:0199"",""target"":""source:firm_model_summary""}"
claim:0200,metric:net_debt,MEASURES,"{""rel"":""MEASURES"",""source"":""claim:0200"",""target"":""metric:net_debt""}"
claim:0200,period:opening,IN_PERIOD,"{""rel"":""IN_PERIOD"",""source"":""claim:0200"",""target"":""period:opening""}"
claim:0200,perimeter:unknown,SCOPED_TO,"{""rel"":""SCOPED_TO"",""source"":""claim:0200"",""target"":""perimeter:unknown""}"
claim:0200,source:firm_model_summary,FROM_SOURCE,"{""rel"":""FROM_SOURCE"",""source"":""claim:0200"",""target"":""source:firm_model_summary""}"
claim:0201,metric:net_working_capital,MEASURES,"{""rel"":""MEASURES"",""source"":""claim:0201"",""target"":""metric:net_working_capital""}"
claim:0201,period:opening,IN_PERIOD,"{""rel"":""IN_PERIOD"",""source"":""claim:0201"",""target"":""period:opening""}"
claim:0201,perimeter:keystone_standalone,SCOPED_TO,"{""rel"":""SCOPED_TO"",""source"":""claim:0201"",""target"":""perimeter:keystone_standalone""}"
claim:0201,source:firm_model_summary,FROM_SOURCE,"{""rel"":""FROM_SOURCE"",""source"":""claim:0201"",""target"":""source:firm_model_summary""}"
claim:0202,metric:enterprise_value,MEASURES,"{""rel"":""MEASURES"",""source"":""claim:0202"",""target"":""metric:enterprise_value""}"
claim:0202,period:opening,IN_PERIOD,"{""rel"":""IN_PERIOD"",""source"":""claim:0202"",""target"":""period:opening""}"
claim:0202,perimeter:keystone_standalone,SCOPED_TO,"{""rel"":""SCOPED_TO"",""source"":""claim:0202"",""target"":""perimeter:keystone_standalone""}"
claim:0202,source:firm_model_summary,FROM_SOURCE,"{""rel"":""FROM_SOURCE"",""source"":""claim:0202"",""target"":""source:firm_model_summary""}"
claim:0203,metric:sponsor_equity,MEASURES,"{""rel"":""MEASURES"",""source"":""claim:0203"",""target"":""metric:sponsor_equity""}"
claim:0203,period:opening,IN_PERIOD,"{""rel"":""IN_PERIOD"",""source"":""claim:0203"",""target"":""period:opening""}"
claim:0203,perimeter:keystone_standalone,SCOPED_TO,"{""rel"":""SCOPED_TO"",""source"":""claim:0203"",""target"":""perimeter:keystone_standalone""}"
claim:0203,source:firm_model_summary,FROM_SOURCE,"{""rel"":""FROM_SOURCE"",""source"":""claim:0203"",""target"":""source:firm_model_summary""}"
claim:0204,metric:revenue,MEASURES,"{""rel"":""MEASURES"",""source"":""claim:0204"",""target"":""metric:revenue""}"
claim:0204,period:fy2026e,IN_PERIOD,"{""rel"":""IN_PERIOD"",""source"":""claim:0204"",""target"":""period:fy2026e""}"
claim:0204,perimeter:unknown,SCOPED_TO,"{""rel"":""SCOPED_TO"",""source"":""claim:0204"",""target"":""perimeter:unknown""}"
claim:0204,source:firm_model_summary,FROM_SOURCE,"{""rel"":""FROM_SOURCE"",""source"":""claim:0204"",""target"":""source:firm_model_summary""}"
claim:0205,metric:ebitda,MEASURES,"{""rel"":""MEASURES"",""source"":""claim:0205"",""target"":""metric:ebitda""}"
claim:0205,period:fy2025a,IN_PERIOD,"{""rel"":""IN_PERIOD"",""source"":""claim:0205"",""target"":""period:fy2025a""}"
claim:0205,perimeter:unknown,SCOPED_TO,"{""rel"":""SCOPED_TO"",""source"":""claim:0205"",""target"":""perimeter:unknown""}"
claim:0205,source:firm_model_summary,FROM_SOURCE,"{""rel"":""FROM_SOURCE"",""source"":""claim:0205"",""target"":""source:firm_model_summary""}"
claim:0206,metric:ebitda,MEASURES,"{""rel"":""MEASURES"",""source"":""claim:0206"",""target"":""metric:ebitda""}"
claim:0206,period:fy2026e,IN_PERIOD,"{""rel"":""IN_PERIOD"",""source"":""claim:0206"",""target"":""period:fy2026e""}"
claim:0206,perimeter:unknown,SCOPED_TO,"{""rel"":""SCOPED_TO"",""source"":""claim:0206"",""target"":""perimeter:unknown""}"
claim:0206,source:firm_model_summary,FROM_SOURCE,"{""rel"":""FROM_SOURCE"",""source"":""claim:0206"",""target"":""source:firm_model_summary""}"
claim:0207,metric:net_working_capital,MEASURES,"{""rel"":""MEASURES"",""source"":""claim:0207"",""target"":""metric:net_working_capital""}"
claim:0207,perimeter:unknown,SCOPED_TO,"{""rel"":""SCOPED_TO"",""source"":""claim:0207"",""target"":""perimeter:unknown""}"
claim:0207,source:firm_model_summary,FROM_SOURCE,"{""rel"":""FROM_SOURCE"",""source"":""claim:0207"",""target"":""source:firm_model_summary""}"
claim:0208,metric:ebitda_add-back,MEASURES,"{""rel"":""MEASURES"",""source"":""claim:0208"",""target"":""metric:ebitda_add-back""}"
claim:0208,perimeter:unknown,SCOPED_TO,"{""rel"":""SCOPED_TO"",""source"":""claim:0208"",""target"":""perimeter:unknown""}"
claim:0208,source:firm_model_summary,FROM_SOURCE,"{""rel"":""FROM_SOURCE"",""source"":""claim:0208"",""target"":""source:firm_model_summary""}"
claim:0209,metric:revenue,MEASURES,"{""rel"":""MEASURES"",""source"":""claim:0209"",""target"":""metric:revenue""}"
claim:0209,period:q2_2026,IN_PERIOD,"{""rel"":""IN_PERIOD"",""source"":""claim:0209"",""target"":""period:q2_2026""}"
claim:0209,perimeter:alderstone_standalone,SCOPED_TO,"{""rel"":""SCOPED_TO"",""source"":""claim:0209"",""target"":""perimeter:alderstone_standalone""}"
claim:0209,source:firm_model_summary,FROM_SOURCE,"{""rel"":""FROM_SOURCE"",""source"":""claim:0209"",""target"":""source:firm_model_summary""}"
claim:0210,metric:gross_margin,MEASURES,"{""rel"":""MEASURES"",""source"":""claim:0210"",""target"":""metric:gross_margin""}"
claim:0210,period:q2_2026,IN_PERIOD,"{""rel"":""IN_PERIOD"",""source"":""claim:0210"",""target"":""period:q2_2026""}"
claim:0210,perimeter:alderstone_standalone,SCOPED_TO,"{""rel"":""SCOPED_TO"",""source"":""claim:0210"",""target"":""perimeter:alderstone_standalone""}"
claim:0210,source:firm_model_summary,FROM_SOURCE,"{""rel"":""FROM_SOURCE"",""source"":""claim:0210"",""target"":""source:firm_model_summary""}"
claim:0211,metric:ebitda,MEASURES,"{""rel"":""MEASURES"",""source"":""claim:0211"",""target"":""metric:ebitda""}"
claim:0211,period:q2_2026,IN_PERIOD,"{""rel"":""IN_PERIOD"",""source"":""claim:0211"",""target"":""period:q2_2026""}"
claim:0211,perimeter:alderstone_standalone,SCOPED_TO,"{""rel"":""SCOPED_TO"",""source"":""claim:0211"",""target"":""perimeter:alderstone_standalone""}"
claim:0211,source:firm_model_summary,FROM_SOURCE,"{""rel"":""FROM_SOURCE"",""source"":""claim:0211"",""target"":""source:firm_model_summary""}"
claim:0212,metric:dso,MEASURES,"{""rel"":""MEASURES"",""source"":""claim:0212"",""target"":""metric:dso""}"
claim:0212,period:fy2025a,IN_PERIOD,"{""rel"":""IN_PERIOD"",""source"":""claim:0212"",""target"":""period:fy2025a""}"
claim:0212,perimeter:unknown,SCOPED_TO,"{""rel"":""SCOPED_TO"",""source"":""claim:0212"",""target"":""perimeter:unknown""}"
claim:0212,source:firm_model_summary,FROM_SOURCE,"{""rel"":""FROM_SOURCE"",""source"":""claim:0212"",""target"":""source:firm_model_summary""}"
claim:0213,metric:dso,MEASURES,"{""rel"":""MEASURES"",""source"":""claim:0213"",""target"":""metric:dso""}"
claim:0213,period:fy2030e,IN_PERIOD,"{""rel"":""IN_PERIOD"",""source"":""claim:0213"",""target"":""period:fy2030e""}"
claim:0213,perimeter:unknown,SCOPED_TO,"{""rel"":""SCOPED_TO"",""source"":""claim:0213"",""target"":""perimeter:unknown""}"
claim:0213,source:firm_model_summary,FROM_SOURCE,"{""rel"":""FROM_SOURCE"",""source"":""claim:0213"",""target"":""source:firm_model_summary""}"
claim:0214,metric:ebitda_add-back,MEASURES,"{""rel"":""MEASURES"",""source"":""claim:0214"",""target"":""metric:ebitda_add-back""}"
claim:0214,period:fy2025a,IN_PERIOD,"{""rel"":""IN_PERIOD"",""source"":""claim:0214"",""target"":""period:fy2025a""}"
claim:0214,perimeter:unknown,SCOPED_TO,"{""rel"":""SCOPED_TO"",""source"":""claim:0214"",""target"":""perimeter:unknown""}"
claim:0214,source:firm_model_summary,FROM_SOURCE,"{""rel"":""FROM_SOURCE"",""source"":""claim:0214"",""target"":""source:firm_model_summary""}"
claim:0215,metric:covenant_threshold,MEASURES,"{""rel"":""MEASURES"",""source"":""claim:0215"",""target"":""metric:covenant_threshold""}"
claim:0215,period:fy2025,IN_PERIOD,"{""rel"":""IN_PERIOD"",""source"":""claim:0215"",""target"":""period:fy2025""}"
claim:0215,perimeter:unknown,SCOPED_TO,"{""rel"":""SCOPED_TO"",""source"":""claim:0215"",""target"":""perimeter:unknown""}"
claim:0215,source:firm_model_summary,FROM_SOURCE,"{""rel"":""FROM_SOURCE"",""source"":""claim:0215"",""target"":""source:firm_model_summary""}"
claim:0216,metric:covenant_threshold,MEASURES,"{""rel"":""MEASURES"",""source"":""claim:0216"",""target"":""metric:covenant_threshold""}"
claim:0216,period:fy2026,IN_PERIOD,"{""rel"":""IN_PERIOD"",""source"":""claim:0216"",""target"":""period:fy2026""}"
claim:0216,perimeter:unknown,SCOPED_TO,"{""rel"":""SCOPED_TO"",""source"":""claim:0216"",""target"":""perimeter:unknown""}"
claim:0216,source:firm_model_summary,FROM_SOURCE,"{""rel"":""FROM_SOURCE"",""source"":""claim:0216"",""target"":""source:firm_model_summary""}"
claim:0217,metric:covenant_threshold,MEASURES,"{""rel"":""MEASURES"",""source"":""claim:0217"",""target"":""metric:covenant_threshold""}"
claim:0217,period:fy2027,IN_PERIOD,"{""rel"":""IN_PERIOD"",""source"":""claim:0217"",""target"":""period:fy2027""}"
claim:0217,perimeter:unknown,SCOPED_TO,"{""rel"":""SCOPED_TO"",""source"":""claim:0217"",""target"":""perimeter:unknown""}"
claim:0217,source:firm_model_summary,FROM_SOURCE,"{""rel"":""FROM_SOURCE"",""source"":""claim:0217"",""target"":""source:firm_model_summary""}"
claim:0218,metric:interest_coverage,MEASURES,"{""rel"":""MEASURES"",""source"":""claim:0218"",""target"":""metric:interest_coverage""}"
claim:0218,period:fy2027,IN_PERIOD,"{""rel"":""IN_PERIOD"",""source"":""claim:0218"",""target"":""period:fy2027""}"
claim:0218,perimeter:unknown,SCOPED_TO,"{""rel"":""SCOPED_TO"",""source"":""claim:0218"",""target"":""perimeter:unknown""}"
claim:0218,source:firm_model_summary,FROM_SOURCE,"{""rel"":""FROM_SOURCE"",""source"":""claim:0218"",""target"":""source:firm_model_summary""}"
claim:0219,metric:ebitda_adjustment,MEASURES,"{""rel"":""MEASURES"",""source"":""claim:0219"",""target"":""metric:ebitda_adjustment""}"
claim:0219,perimeter:unknown,SCOPED_TO,"{""rel"":""SCOPED_TO"",""source"":""claim:0219"",""target"":""perimeter:unknown""}"
claim:0219,source:firm_model_summary,FROM_SOURCE,"{""rel"":""FROM_SOURCE"",""source"":""claim:0219"",""target"":""source:firm_model_summary""}"
claim:0220,metric:revenue,MEASURES,"{""rel"":""MEASURES"",""source"":""claim:0220"",""target"":""metric:revenue""}"
claim:0220,perimeter:keystone_standalone,SCOPED_TO,"{""rel"":""SCOPED_TO"",""source"":""claim:0220"",""target"":""perimeter:keystone_standalone""}"
claim:0220,source:firm_model_summary,FROM_SOURCE,"{""rel"":""FROM_SOURCE"",""source"":""claim:0220"",""target"":""source:firm_model_summary""}"
claim:0221,metric:gross_margin,MEASURES,"{""rel"":""MEASURES"",""source"":""claim:0221"",""target"":""metric:gross_margin""}"
claim:0221,perimeter:keystone_standalone,SCOPED_TO,"{""rel"":""SCOPED_TO"",""source"":""claim:0221"",""target"":""perimeter:keystone_standalone""}"
claim:0221,source:firm_model_summary,FROM_SOURCE,"{""rel"":""FROM_SOURCE"",""source"":""claim:0221"",""target"":""source:firm_model_summary""}"
claim:0222,metric:ebitda,MEASURES,"{""rel"":""MEASURES"",""source"":""claim:0222"",""target"":""metric:ebitda""}"
claim:0222,perimeter:keystone_standalone,SCOPED_TO,"{""rel"":""SCOPED_TO"",""source"":""claim:0222"",""target"":""perimeter:keystone_standalone""}"
claim:0222,source:firm_model_summary,FROM_SOURCE,"{""rel"":""FROM_SOURCE"",""source"":""claim:0222"",""target"":""source:firm_model_summary""}"
claim:0223,metric:covenant_threshold,MEASURES,"{""rel"":""MEASURES"",""source"":""claim:0223"",""target"":""metric:covenant_threshold""}"
claim:0223,perimeter:unknown,SCOPED_TO,"{""rel"":""SCOPED_TO"",""source"":""claim:0223"",""target"":""perimeter:unknown""}"
claim:0223,source:firm_model_summary,FROM_SOURCE,"{""rel"":""FROM_SOURCE"",""source"":""claim:0223"",""target"":""source:firm_model_summary""}"
claim:0224,metric:dso,MEASURES,"{""rel"":""MEASURES"",""source"":""claim:0224"",""target"":""metric:dso""}"
claim:0224,period:fy2026e,IN_PERIOD,"{""rel"":""IN_PERIOD"",""source"":""claim:0224"",""target"":""period:fy2026e""}"
claim:0224,perimeter:unknown,SCOPED_TO,"{""rel"":""SCOPED_TO"",""source"":""claim:0224"",""target"":""perimeter:unknown""}"
claim:0224,source:firm_model_summary,FROM_SOURCE,"{""rel"":""FROM_SOURCE"",""source"":""claim:0224"",""target"":""source:firm_model_summary""}"
claim:0225,metric:dso,MEASURES,"{""rel"":""MEASURES"",""source"":""claim:0225"",""target"":""metric:dso""}"
claim:0225,period:fy2028e,IN_PERIOD,"{""rel"":""IN_PERIOD"",""source"":""claim:0225"",""target"":""period:fy2028e""}"
claim:0225,perimeter:unknown,SCOPED_TO,"{""rel"":""SCOPED_TO"",""source"":""claim:0225"",""target"":""perimeter:unknown""}"
claim:0225,source:firm_model_summary,FROM_SOURCE,"{""rel"":""FROM_SOURCE"",""source"":""claim:0225"",""target"":""source:firm_model_summary""}"
claim:0226,metric:working_capital,MEASURES,"{""rel"":""MEASURES"",""source"":""claim:0226"",""target"":""metric:working_capital""}"
claim:0226,perimeter:unknown,SCOPED_TO,"{""rel"":""SCOPED_TO"",""source"":""claim:0226"",""target"":""perimeter:unknown""}"
claim:0226,source:firm_model_summary,FROM_SOURCE,"{""rel"":""FROM_SOURCE"",""source"":""claim:0226"",""target"":""source:firm_model_summary""}"
claim:0227,metric:ebitda_add-back,MEASURES,"{""rel"":""MEASURES"",""source"":""claim:0227"",""target"":""metric:ebitda_add-back""}"
claim:0227,perimeter:unknown,SCOPED_TO,"{""rel"":""SCOPED_TO"",""source"":""claim:0227"",""target"":""perimeter:unknown""}"
claim:0227,source:firm_model_summary,FROM_SOURCE,"{""rel"":""FROM_SOURCE"",""source"":""claim:0227"",""target"":""source:firm_model_summary""}"
claim:0228,metric:revenue,MEASURES,"{""rel"":""MEASURES"",""source"":""claim:0228"",""target"":""metric:revenue""}"
claim:0228,period:fy2026e,IN_PERIOD,"{""rel"":""IN_PERIOD"",""source"":""claim:0228"",""target"":""period:fy2026e""}"
claim:0228,perimeter:keystone_standalone,SCOPED_TO,"{""rel"":""SCOPED_TO"",""source"":""claim:0228"",""target"":""perimeter:keystone_standalone""}"
claim:0228,source:firm_model_summary,FROM_SOURCE,"{""rel"":""FROM_SOURCE"",""source"":""claim:0228"",""target"":""source:firm_model_summary""}"
claim:0229,metric:gross_margin,MEASURES,"{""rel"":""MEASURES"",""source"":""claim:0229"",""target"":""metric:gross_margin""}"
claim:0229,period:fy2026e,IN_PERIOD,"{""rel"":""IN_PERIOD"",""source"":""claim:0229"",""target"":""period:fy2026e""}"
claim:0229,perimeter:keystone_standalone,SCOPED_TO,"{""rel"":""SCOPED_TO"",""source"":""claim:0229"",""target"":""perimeter:keystone_standalone""}"
claim:0229,source:firm_model_summary,FROM_SOURCE,"{""rel"":""FROM_SOURCE"",""source"":""claim:0229"",""target"":""source:firm_model_summary""}"
claim:0230,metric:ebitda,MEASURES,"{""rel"":""MEASURES"",""source"":""claim:0230"",""target"":""metric:ebitda""}"
claim:0230,period:fy2026e,IN_PERIOD,"{""rel"":""IN_PERIOD"",""source"":""claim:0230"",""target"":""period:fy2026e""}"
claim:0230,perimeter:keystone_standalone,SCOPED_TO,"{""rel"":""SCOPED_TO"",""source"":""claim:0230"",""target"":""perimeter:keystone_standalone""}"
claim:0230,source:firm_model_summary,FROM_SOURCE,"{""rel"":""FROM_SOURCE"",""source"":""claim:0230"",""target"":""source:firm_model_summary""}"
claim:0231,metric:net_working_capital,MEASURES,"{""rel"":""MEASURES"",""source"":""claim:0231"",""target"":""metric:net_working_capital""}"
claim:0231,perimeter:unknown,SCOPED_TO,"{""rel"":""SCOPED_TO"",""source"":""claim:0231"",""target"":""perimeter:unknown""}"
claim:0231,source:firm_model_summary,FROM_SOURCE,"{""rel"":""FROM_SOURCE"",""source"":""claim:0231"",""target"":""source:firm_model_summary""}"
claim:0232,metric:net_working_capital,MEASURES,"{""rel"":""MEASURES"",""source"":""claim:0232"",""target"":""metric:net_working_capital""}"
claim:0232,perimeter:unknown,SCOPED_TO,"{""rel"":""SCOPED_TO"",""source"":""claim:0232"",""target"":""perimeter:unknown""}"
claim:0232,source:firm_model_summary,FROM_SOURCE,"{""rel"":""FROM_SOURCE"",""source"":""claim:0232"",""target"":""source:firm_model_summary""}"
claim:0233,metric:net_working_capital,MEASURES,"{""rel"":""MEASURES"",""source"":""claim:0233"",""target"":""metric:net_working_capital""}"
claim:0233,perimeter:unknown,SCOPED_TO,"{""rel"":""SCOPED_TO"",""source"":""claim:0233"",""target"":""perimeter:unknown""}"
claim:0233,source:firm_model_summary,FROM_SOURCE,"{""rel"":""FROM_SOURCE"",""source"":""claim:0233"",""target"":""source:firm_model_summary""}"
claim:0234,metric:capex,MEASURES,"{""rel"":""MEASURES"",""source"":""claim:0234"",""target"":""metric:capex""}"
claim:0234,perimeter:unknown,SCOPED_TO,"{""rel"":""SCOPED_TO"",""source"":""claim:0234"",""target"":""perimeter:unknown""}"
claim:0234,source:firm_model_summary,FROM_SOURCE,"{""rel"":""FROM_SOURCE"",""source"":""claim:0234"",""target"":""source:firm_model_summary""}"
claim:0235,metric:revenue,MEASURES,"{""rel"":""MEASURES"",""source"":""claim:0235"",""target"":""metric:revenue""}"
claim:0235,perimeter:unknown,SCOPED_TO,"{""rel"":""SCOPED_TO"",""source"":""claim:0235"",""target"":""perimeter:unknown""}"
claim:0235,source:firm_model_summary,FROM_SOURCE,"{""rel"":""FROM_SOURCE"",""source"":""claim:0235"",""target"":""source:firm_model_summary""}"
claim:0236,metric:gross_margin,MEASURES,"{""rel"":""MEASURES"",""source"":""claim:0236"",""target"":""metric:gross_margin""}"
claim:0236,perimeter:unknown,SCOPED_TO,"{""rel"":""SCOPED_TO"",""source"":""claim:0236"",""target"":""perimeter:unknown""}"
claim:0236,source:firm_model_summary,FROM_SOURCE,"{""rel"":""FROM_SOURCE"",""source"":""claim:0236"",""target"":""source:firm_model_summary""}"
claim:0237,metric:covenant_threshold,MEASURES,"{""rel"":""MEASURES"",""source"":""claim:0237"",""target"":""metric:covenant_threshold""}"
claim:0237,period:fy2026e,IN_PERIOD,"{""rel"":""IN_PERIOD"",""source"":""claim:0237"",""target"":""period:fy2026e""}"
claim:0237,perimeter:unknown,SCOPED_TO,"{""rel"":""SCOPED_TO"",""source"":""claim:0237"",""target"":""perimeter:unknown""}"
claim:0237,source:firm_model_summary,FROM_SOURCE,"{""rel"":""FROM_SOURCE"",""source"":""claim:0237"",""target"":""source:firm_model_summary""}"
claim:0238,metric:covenant_threshold,MEASURES,"{""rel"":""MEASURES"",""source"":""claim:0238"",""target"":""metric:covenant_threshold""}"
claim:0238,period:fy2027e,IN_PERIOD,"{""rel"":""IN_PERIOD"",""source"":""claim:0238"",""target"":""period:fy2027e""}"
claim:0238,perimeter:unknown,SCOPED_TO,"{""rel"":""SCOPED_TO"",""source"":""claim:0238"",""target"":""perimeter:unknown""}"
claim:0238,source:firm_model_summary,FROM_SOURCE,"{""rel"":""FROM_SOURCE"",""source"":""claim:0238"",""target"":""source:firm_model_summary""}"
claim:0239,metric:covenant_threshold,MEASURES,"{""rel"":""MEASURES"",""source"":""claim:0239"",""target"":""metric:covenant_threshold""}"
claim:0239,period:fy2028e,IN_PERIOD,"{""rel"":""IN_PERIOD"",""source"":""claim:0239"",""target"":""period:fy2028e""}"
claim:0239,perimeter:unknown,SCOPED_TO,"{""rel"":""SCOPED_TO"",""source"":""claim:0239"",""target"":""perimeter:unknown""}"
claim:0239,source:firm_model_summary,FROM_SOURCE,"{""rel"":""FROM_SOURCE"",""source"":""claim:0239"",""target"":""source:firm_model_summary""}"
claim:0240,metric:covenant_threshold,MEASURES,"{""rel"":""MEASURES"",""source"":""claim:0240"",""target"":""metric:covenant_threshold""}"
claim:0240,period:fy2029e,IN_PERIOD,"{""rel"":""IN_PERIOD"",""source"":""claim:0240"",""target"":""period:fy2029e""}"
claim:0240,perimeter:unknown,SCOPED_TO,"{""rel"":""SCOPED_TO"",""source"":""claim:0240"",""target"":""perimeter:unknown""}"
claim:0240,source:firm_model_summary,FROM_SOURCE,"{""rel"":""FROM_SOURCE"",""source"":""claim:0240"",""target"":""source:firm_model_summary""}"
claim:0241,metric:ebitda,MEASURES,"{""rel"":""MEASURES"",""source"":""claim:0241"",""target"":""metric:ebitda""}"
claim:0241,period:fy2025a,IN_PERIOD,"{""rel"":""IN_PERIOD"",""source"":""claim:0241"",""target"":""period:fy2025a""}"
claim:0241,perimeter:alderstone_standalone,SCOPED_TO,"{""rel"":""SCOPED_TO"",""source"":""claim:0241"",""target"":""perimeter:alderstone_standalone""}"
claim:0241,source:firm_model_summary,FROM_SOURCE,"{""rel"":""FROM_SOURCE"",""source"":""claim:0241"",""target"":""source:firm_model_summary""}"
claim:0242,metric:ebitda,MEASURES,"{""rel"":""MEASURES"",""source"":""claim:0242"",""target"":""metric:ebitda""}"
claim:0242,period:fy2030e,IN_PERIOD,"{""rel"":""IN_PERIOD"",""source"":""claim:0242"",""target"":""period:fy2030e""}"
claim:0242,perimeter:alderstone_standalone,SCOPED_TO,"{""rel"":""SCOPED_TO"",""source"":""claim:0242"",""target"":""perimeter:alderstone_standalone""}"
claim:0242,source:firm_model_summary,FROM_SOURCE,"{""rel"":""FROM_SOURCE"",""source"":""claim:0242"",""target"":""source:firm_model_summary""}"
claim:0243,metric:ebitda_adjustment,MEASURES,"{""rel"":""MEASURES"",""source"":""claim:0243"",""target"":""metric:ebitda_adjustment""}"
claim:0243,period:fy2027e,IN_PERIOD,"{""rel"":""IN_PERIOD"",""source"":""claim:0243"",""target"":""period:fy2027e""}"
claim:0243,perimeter:alderstone_standalone,SCOPED_TO,"{""rel"":""SCOPED_TO"",""source"":""claim:0243"",""target"":""perimeter:alderstone_standalone""}"
claim:0243,source:firm_model_summary,FROM_SOURCE,"{""rel"":""FROM_SOURCE"",""source"":""claim:0243"",""target"":""source:firm_model_summary""}"
claim:0244,metric:dso,MEASURES,"{""rel"":""MEASURES"",""source"":""claim:0244"",""target"":""metric:dso""}"
claim:0244,period:fy2025a,IN_PERIOD,"{""rel"":""IN_PERIOD"",""source"":""claim:0244"",""target"":""period:fy2025a""}"
claim:0244,perimeter:alderstone_standalone,SCOPED_TO,"{""rel"":""SCOPED_TO"",""source"":""claim:0244"",""target"":""perimeter:alderstone_standalone""}"
claim:0244,source:firm_model_summary,FROM_SOURCE,"{""rel"":""FROM_SOURCE"",""source"":""claim:0244"",""target"":""source:firm_model_summary""}"
claim:0245,metric:ddtl_availability,MEASURES,"{""rel"":""MEASURES"",""source"":""claim:0245"",""target"":""metric:ddtl_availability""}"
claim:0245,perimeter:unknown,SCOPED_TO,"{""rel"":""SCOPED_TO"",""source"":""claim:0245"",""target"":""perimeter:unknown""}"
claim:0245,source:firm_model_summary,FROM_SOURCE,"{""rel"":""FROM_SOURCE"",""source"":""claim:0245"",""target"":""source:firm_model_summary""}"
claim:0246,metric:sponsor_equity,MEASURES,"{""rel"":""MEASURES"",""source"":""claim:0246"",""target"":""metric:sponsor_equity""}"
claim:0246,perimeter:unknown,SCOPED_TO,"{""rel"":""SCOPED_TO"",""source"":""claim:0246"",""target"":""perimeter:unknown""}"
claim:0246,source:firm_model_summary,FROM_SOURCE,"{""rel"":""FROM_SOURCE"",""source"":""claim:0246"",""target"":""source:firm_model_summary""}"
claim:0247,metric:working_capital,MEASURES,"{""rel"":""MEASURES"",""source"":""claim:0247"",""target"":""metric:working_capital""}"
claim:0247,perimeter:unknown,SCOPED_TO,"{""rel"":""SCOPED_TO"",""source"":""claim:0247"",""target"":""perimeter:unknown""}"
claim:0247,source:firm_model_summary,FROM_SOURCE,"{""rel"":""FROM_SOURCE"",""source"":""claim:0247"",""target"":""source:firm_model_summary""}"
claim:0248,metric:working_capital,MEASURES,"{""rel"":""MEASURES"",""source"":""claim:0248"",""target"":""metric:working_capital""}"
claim:0248,perimeter:unknown,SCOPED_TO,"{""rel"":""SCOPED_TO"",""source"":""claim:0248"",""target"":""perimeter:unknown""}"
claim:0248,source:firm_model_summary,FROM_SOURCE,"{""rel"":""FROM_SOURCE"",""source"":""claim:0248"",""target"":""source:firm_model_summary""}"
claim:0249,metric:working_capital,MEASURES,"{""rel"":""MEASURES"",""source"":""claim:0249"",""target"":""metric:working_capital""}"
claim:0249,perimeter:unknown,SCOPED_TO,"{""rel"":""SCOPED_TO"",""source"":""claim:0249"",""target"":""perimeter:unknown""}"
claim:0249,source:firm_model_summary,FROM_SOURCE,"{""rel"":""FROM_SOURCE"",""source"":""claim:0249"",""target"":""source:firm_model_summary""}"
claim:0250,metric:ebitda_add-back,MEASURES,"{""rel"":""MEASURES"",""source"":""claim:0250"",""target"":""metric:ebitda_add-back""}"
claim:0250,period:opening,IN_PERIOD,"{""rel"":""IN_PERIOD"",""source"":""claim:0250"",""target"":""period:opening""}"
claim:0250,perimeter:keystone_covenant_definition,SCOPED_TO,"{""rel"":""SCOPED_TO"",""source"":""claim:0250"",""target"":""perimeter:keystone_covenant_definition""}"
claim:0250,source:firm_model_summary,FROM_SOURCE,"{""rel"":""FROM_SOURCE"",""source"":""claim:0250"",""target"":""source:firm_model_summary""}"
claim:0251,metric:dso,MEASURES,"{""rel"":""MEASURES"",""source"":""claim:0251"",""target"":""metric:dso""}"
claim:0251,period:opening,IN_PERIOD,"{""rel"":""IN_PERIOD"",""source"":""claim:0251"",""target"":""period:opening""}"
claim:0251,perimeter:keystone_standalone,SCOPED_TO,"{""rel"":""SCOPED_TO"",""source"":""claim:0251"",""target"":""perimeter:keystone_standalone""}"
claim:0251,source:firm_model_summary,FROM_SOURCE,"{""rel"":""FROM_SOURCE"",""source"":""claim:0251"",""target"":""source:firm_model_summary""}"
claim:0252,metric:working_capital,MEASURES,"{""rel"":""MEASURES"",""source"":""claim:0252"",""target"":""metric:working_capital""}"
claim:0252,period:opening,IN_PERIOD,"{""rel"":""IN_PERIOD"",""source"":""claim:0252"",""target"":""period:opening""}"
claim:0252,perimeter:keystone_standalone,SCOPED_TO,"{""rel"":""SCOPED_TO"",""source"":""claim:0252"",""target"":""perimeter:keystone_standalone""}"
claim:0252,source:firm_model_summary,FROM_SOURCE,"{""rel"":""FROM_SOURCE"",""source"":""claim:0252"",""target"":""source:firm_model_summary""}"
claim:0253,metric:enterprise_value,MEASURES,"{""rel"":""MEASURES"",""source"":""claim:0253"",""target"":""metric:enterprise_value""}"
claim:0253,perimeter:unknown,SCOPED_TO,"{""rel"":""SCOPED_TO"",""source"":""claim:0253"",""target"":""perimeter:unknown""}"
claim:0253,source:firm_model_summary,FROM_SOURCE,"{""rel"":""FROM_SOURCE"",""source"":""claim:0253"",""target"":""source:firm_model_summary""}"
claim:0254,metric:ebitda_add-back,MEASURES,"{""rel"":""MEASURES"",""source"":""claim:0254"",""target"":""metric:ebitda_add-back""}"
claim:0254,perimeter:unknown,SCOPED_TO,"{""rel"":""SCOPED_TO"",""source"":""claim:0254"",""target"":""perimeter:unknown""}"
claim:0254,source:firm_model_summary,FROM_SOURCE,"{""rel"":""FROM_SOURCE"",""source"":""claim:0254"",""target"":""source:firm_model_summary""}"
claim:0255,metric:enterprise_value,MEASURES,"{""rel"":""MEASURES"",""source"":""claim:0255"",""target"":""metric:enterprise_value""}"
claim:0255,perimeter:unknown,SCOPED_TO,"{""rel"":""SCOPED_TO"",""source"":""claim:0255"",""target"":""perimeter:unknown""}"
claim:0255,source:firm_model_summary,FROM_SOURCE,"{""rel"":""FROM_SOURCE"",""source"":""claim:0255"",""target"":""source:firm_model_summary""}"
claim:0256,metric:enterprise_value,MEASURES,"{""rel"":""MEASURES"",""source"":""claim:0256"",""target"":""metric:enterprise_value""}"
claim:0256,perimeter:unknown,SCOPED_TO,"{""rel"":""SCOPED_TO"",""source"":""claim:0256"",""target"":""perimeter:unknown""}"
claim:0256,source:firm_model_summary,FROM_SOURCE,"{""rel"":""FROM_SOURCE"",""source"":""claim:0256"",""target"":""source:firm_model_summary""}"
claim:0257,metric:revolver_capacity,MEASURES,"{""rel"":""MEASURES"",""source"":""claim:0257"",""target"":""metric:revolver_capacity""}"
claim:0257,perimeter:unknown,SCOPED_TO,"{""rel"":""SCOPED_TO"",""source"":""claim:0257"",""target"":""perimeter:unknown""}"
claim:0257,source:firm_model_summary,FROM_SOURCE,"{""rel"":""FROM_SOURCE"",""source"":""claim:0257"",""target"":""source:firm_model_summary""}"
claim:0258,metric:leverage,MEASURES,"{""rel"":""MEASURES"",""source"":""claim:0258"",""target"":""metric:leverage""}"
claim:0258,perimeter:unknown,SCOPED_TO,"{""rel"":""SCOPED_TO"",""source"":""claim:0258"",""target"":""perimeter:unknown""}"
claim:0258,source:firm_model_summary,FROM_SOURCE,"{""rel"":""FROM_SOURCE"",""source"":""claim:0258"",""target"":""source:firm_model_summary""}"
claim:0259,metric:revolver_capacity,MEASURES,"{""rel"":""MEASURES"",""source"":""claim:0259"",""target"":""metric:revolver_capacity""}"
claim:0259,period:opening,IN_PERIOD,"{""rel"":""IN_PERIOD"",""source"":""claim:0259"",""target"":""period:opening""}"
claim:0259,perimeter:unknown,SCOPED_TO,"{""rel"":""SCOPED_TO"",""source"":""claim:0259"",""target"":""perimeter:unknown""}"
claim:0259,source:firm_model_summary,FROM_SOURCE,"{""rel"":""FROM_SOURCE"",""source"":""claim:0259"",""target"":""source:firm_model_summary""}"
claim:0260,metric:ddtl_availability,MEASURES,"{""rel"":""MEASURES"",""source"":""claim:0260"",""target"":""metric:ddtl_availability""}"
claim:0260,period:opening,IN_PERIOD,"{""rel"":""IN_PERIOD"",""source"":""claim:0260"",""target"":""period:opening""}"
claim:0260,perimeter:unknown,SCOPED_TO,"{""rel"":""SCOPED_TO"",""source"":""claim:0260"",""target"":""perimeter:unknown""}"
claim:0260,source:firm_model_summary,FROM_SOURCE,"{""rel"":""FROM_SOURCE"",""source"":""claim:0260"",""target"":""source:firm_model_summary""}"
claim:0261,metric:covenant_threshold,MEASURES,"{""rel"":""MEASURES"",""source"":""claim:0261"",""target"":""metric:covenant_threshold""}"
claim:0261,period:fy2027,IN_PERIOD,"{""rel"":""IN_PERIOD"",""source"":""claim:0261"",""target"":""period:fy2027""}"
claim:0261,perimeter:unknown,SCOPED_TO,"{""rel"":""SCOPED_TO"",""source"":""claim:0261"",""target"":""perimeter:unknown""}"
claim:0261,source:firm_model_summary,FROM_SOURCE,"{""rel"":""FROM_SOURCE"",""source"":""claim:0261"",""target"":""source:firm_model_summary""}"
claim:0262,metric:ebitda,MEASURES,"{""rel"":""MEASURES"",""source"":""claim:0262"",""target"":""metric:ebitda""}"
claim:0262,period:ltm,IN_PERIOD,"{""rel"":""IN_PERIOD"",""source"":""claim:0262"",""target"":""period:ltm""}"
claim:0262,perimeter:unknown,SCOPED_TO,"{""rel"":""SCOPED_TO"",""source"":""claim:0262"",""target"":""perimeter:unknown""}"
claim:0262,source:firm_model_summary,FROM_SOURCE,"{""rel"":""FROM_SOURCE"",""source"":""claim:0262"",""target"":""source:firm_model_summary""}"
claim:0263,metric:ebitda_add-back,MEASURES,"{""rel"":""MEASURES"",""source"":""claim:0263"",""target"":""metric:ebitda_add-back""}"
claim:0263,period:ltm,IN_PERIOD,"{""rel"":""IN_PERIOD"",""source"":""claim:0263"",""target"":""period:ltm""}"
claim:0263,perimeter:unknown,SCOPED_TO,"{""rel"":""SCOPED_TO"",""source"":""claim:0263"",""target"":""perimeter:unknown""}"
claim:0263,source:firm_model_summary,FROM_SOURCE,"{""rel"":""FROM_SOURCE"",""source"":""claim:0263"",""target"":""source:firm_model_summary""}"
claim:0264,metric:covenant_ebitda,MEASURES,"{""rel"":""MEASURES"",""source"":""claim:0264"",""target"":""metric:covenant_ebitda""}"
claim:0264,period:ltm,IN_PERIOD,"{""rel"":""IN_PERIOD"",""source"":""claim:0264"",""target"":""period:ltm""}"
claim:0264,perimeter:unknown,SCOPED_TO,"{""rel"":""SCOPED_TO"",""source"":""claim:0264"",""target"":""perimeter:unknown""}"
claim:0264,source:firm_model_summary,FROM_SOURCE,"{""rel"":""FROM_SOURCE"",""source"":""claim:0264"",""target"":""source:firm_model_summary""}"
claim:0265,metric:leverage,MEASURES,"{""rel"":""MEASURES"",""source"":""claim:0265"",""target"":""metric:leverage""}"
claim:0265,perimeter:unknown,SCOPED_TO,"{""rel"":""SCOPED_TO"",""source"":""claim:0265"",""target"":""perimeter:unknown""}"
claim:0265,source:firm_model_summary,FROM_SOURCE,"{""rel"":""FROM_SOURCE"",""source"":""claim:0265"",""target"":""source:firm_model_summary""}"
claim:0266,metric:exit_ev,MEASURES,"{""rel"":""MEASURES"",""source"":""claim:0266"",""target"":""metric:exit_ev""}"
claim:0266,perimeter:unknown,SCOPED_TO,"{""rel"":""SCOPED_TO"",""source"":""claim:0266"",""target"":""perimeter:unknown""}"
claim:0266,source:firm_model_summary,FROM_SOURCE,"{""rel"":""FROM_SOURCE"",""source"":""claim:0266"",""target"":""source:firm_model_summary""}"
claim:0267,metric:moic,MEASURES,"{""rel"":""MEASURES"",""source"":""claim:0267"",""target"":""metric:moic""}"
claim:0267,perimeter:unknown,SCOPED_TO,"{""rel"":""SCOPED_TO"",""source"":""claim:0267"",""target"":""perimeter:unknown""}"
claim:0267,source:firm_model_summary,FROM_SOURCE,"{""rel"":""FROM_SOURCE"",""source"":""claim:0267"",""target"":""source:firm_model_summary""}"
claim:0268,metric:sponsor_equity,MEASURES,"{""rel"":""MEASURES"",""source"":""claim:0268"",""target"":""metric:sponsor_equity""}"
claim:0268,perimeter:unknown,SCOPED_TO,"{""rel"":""SCOPED_TO"",""source"":""claim:0268"",""target"":""perimeter:unknown""}"
claim:0268,source:firm_model_summary,FROM_SOURCE,"{""rel"":""FROM_SOURCE"",""source"":""claim:0268"",""target"":""source:firm_model_summary""}"
claim:0269,metric:moic,MEASURES,"{""rel"":""MEASURES"",""source"":""claim:0269"",""target"":""metric:moic""}"
claim:0269,perimeter:unknown,SCOPED_TO,"{""rel"":""SCOPED_TO"",""source"":""claim:0269"",""target"":""perimeter:unknown""}"
claim:0269,source:firm_model_summary,FROM_SOURCE,"{""rel"":""FROM_SOURCE"",""source"":""claim:0269"",""target"":""source:firm_model_summary""}"
claim:0270,metric:moic,MEASURES,"{""rel"":""MEASURES"",""source"":""claim:0270"",""target"":""metric:moic""}"
claim:0270,perimeter:unknown,SCOPED_TO,"{""rel"":""SCOPED_TO"",""source"":""claim:0270"",""target"":""perimeter:unknown""}"
claim:0270,source:firm_model_summary,FROM_SOURCE,"{""rel"":""FROM_SOURCE"",""source"":""claim:0270"",""target"":""source:firm_model_summary""}"
claim:0271,metric:moic,MEASURES,"{""rel"":""MEASURES"",""source"":""claim:0271"",""target"":""metric:moic""}"
claim:0271,perimeter:unknown,SCOPED_TO,"{""rel"":""SCOPED_TO"",""source"":""claim:0271"",""target"":""perimeter:unknown""}"
claim:0271,source:firm_model_summary,FROM_SOURCE,"{""rel"":""FROM_SOURCE"",""source"":""claim:0271"",""target"":""source:firm_model_summary""}"
claim:0272,metric:moic,MEASURES,"{""rel"":""MEASURES"",""source"":""claim:0272"",""target"":""metric:moic""}"
claim:0272,perimeter:unknown,SCOPED_TO,"{""rel"":""SCOPED_TO"",""source"":""claim:0272"",""target"":""perimeter:unknown""}"
claim:0272,source:firm_model_summary,FROM_SOURCE,"{""rel"":""FROM_SOURCE"",""source"":""claim:0272"",""target"":""source:firm_model_summary""}"
claim:0273,metric:enterprise_value,MEASURES,"{""rel"":""MEASURES"",""source"":""claim:0273"",""target"":""metric:enterprise_value""}"
claim:0273,period:opening,IN_PERIOD,"{""rel"":""IN_PERIOD"",""source"":""claim:0273"",""target"":""period:opening""}"
claim:0273,perimeter:alderstone_standalone,SCOPED_TO,"{""rel"":""SCOPED_TO"",""source"":""claim:0273"",""target"":""perimeter:alderstone_standalone""}"
claim:0273,source:ic_memo,FROM_SOURCE,"{""rel"":""FROM_SOURCE"",""source"":""claim:0273"",""target"":""source:ic_memo""}"
claim:0274,metric:sponsor_equity,MEASURES,"{""rel"":""MEASURES"",""source"":""claim:0274"",""target"":""metric:sponsor_equity""}"
claim:0274,period:opening,IN_PERIOD,"{""rel"":""IN_PERIOD"",""source"":""claim:0274"",""target"":""period:opening""}"
claim:0274,perimeter:alderstone_standalone,SCOPED_TO,"{""rel"":""SCOPED_TO"",""source"":""claim:0274"",""target"":""perimeter:alderstone_standalone""}"
claim:0274,source:ic_memo,FROM_SOURCE,"{""rel"":""FROM_SOURCE"",""source"":""claim:0274"",""target"":""source:ic_memo""}"
claim:0275,metric:seller_rollover,MEASURES,"{""rel"":""MEASURES"",""source"":""claim:0275"",""target"":""metric:seller_rollover""}"
claim:0275,period:opening,IN_PERIOD,"{""rel"":""IN_PERIOD"",""source"":""claim:0275"",""target"":""period:opening""}"
claim:0275,perimeter:alderstone_standalone,SCOPED_TO,"{""rel"":""SCOPED_TO"",""source"":""claim:0275"",""target"":""perimeter:alderstone_standalone""}"
claim:0275,source:ic_memo,FROM_SOURCE,"{""rel"":""FROM_SOURCE"",""source"":""claim:0275"",""target"":""source:ic_memo""}"
claim:0276,metric:first-lien_debt,MEASURES,"{""rel"":""MEASURES"",""source"":""claim:0276"",""target"":""metric:first-lien_debt""}"
claim:0276,period:opening,IN_PERIOD,"{""rel"":""IN_PERIOD"",""source"":""claim:0276"",""target"":""period:opening""}"
claim:0276,perimeter:alderstone_standalone,SCOPED_TO,"{""rel"":""SCOPED_TO"",""source"":""claim:0276"",""target"":""perimeter:alderstone_standalone""}"
claim:0276,source:ic_memo,FROM_SOURCE,"{""rel"":""FROM_SOURCE"",""source"":""claim:0276"",""target"":""source:ic_memo""}"
claim:0277,metric:sponsor_equity,MEASURES,"{""rel"":""MEASURES"",""source"":""claim:0277"",""target"":""metric:sponsor_equity""}"
claim:0277,perimeter:unknown,SCOPED_TO,"{""rel"":""SCOPED_TO"",""source"":""claim:0277"",""target"":""perimeter:unknown""}"
claim:0277,source:ic_memo,FROM_SOURCE,"{""rel"":""FROM_SOURCE"",""source"":""claim:0277"",""target"":""source:ic_memo""}"
claim:0278,metric:moic,MEASURES,"{""rel"":""MEASURES"",""source"":""claim:0278"",""target"":""metric:moic""}"
claim:0278,perimeter:unknown,SCOPED_TO,"{""rel"":""SCOPED_TO"",""source"":""claim:0278"",""target"":""perimeter:unknown""}"
claim:0278,source:ic_memo,FROM_SOURCE,"{""rel"":""FROM_SOURCE"",""source"":""claim:0278"",""target"":""source:ic_memo""}"
claim:0279,metric:irr,MEASURES,"{""rel"":""MEASURES"",""source"":""claim:0279"",""target"":""metric:irr""}"
claim:0279,perimeter:unknown,SCOPED_TO,"{""rel"":""SCOPED_TO"",""source"":""claim:0279"",""target"":""perimeter:unknown""}"
claim:0279,source:ic_memo,FROM_SOURCE,"{""rel"":""FROM_SOURCE"",""source"":""claim:0279"",""target"":""source:ic_memo""}"
claim:0280,metric:ebitda,MEASURES,"{""rel"":""MEASURES"",""source"":""claim:0280"",""target"":""metric:ebitda""}"
claim:0280,period:opening,IN_PERIOD,"{""rel"":""IN_PERIOD"",""source"":""claim:0280"",""target"":""period:opening""}"
claim:0280,perimeter:riverton_group,SCOPED_TO,"{""rel"":""SCOPED_TO"",""source"":""claim:0280"",""target"":""perimeter:riverton_group""}"
claim:0280,source:ic_memo,FROM_SOURCE,"{""rel"":""FROM_SOURCE"",""source"":""claim:0280"",""target"":""source:ic_memo""}"
claim:0281,metric:exit_multiple,MEASURES,"{""rel"":""MEASURES"",""source"":""claim:0281"",""target"":""metric:exit_multiple""}"
claim:0281,perimeter:riverton_group,SCOPED_TO,"{""rel"":""SCOPED_TO"",""source"":""claim:0281"",""target"":""perimeter:riverton_group""}"
claim:0281,source:ic_memo,FROM_SOURCE,"{""rel"":""FROM_SOURCE"",""source"":""claim:0281"",""target"":""source:ic_memo""}"
claim:0282,metric:ebitda_adjustment,MEASURES,"{""rel"":""MEASURES"",""source"":""claim:0282"",""target"":""metric:ebitda_adjustment""}"
claim:0282,period:opening,IN_PERIOD,"{""rel"":""IN_PERIOD"",""source"":""claim:0282"",""target"":""period:opening""}"
claim:0282,perimeter:riverton_group,SCOPED_TO,"{""rel"":""SCOPED_TO"",""source"":""claim:0282"",""target"":""perimeter:riverton_group""}"
claim:0282,source:ic_memo,FROM_SOURCE,"{""rel"":""FROM_SOURCE"",""source"":""claim:0282"",""target"":""source:ic_memo""}"
claim:0283,metric:customer_concentration,MEASURES,"{""rel"":""MEASURES"",""source"":""claim:0283"",""target"":""metric:customer_concentration""}"
claim:0283,perimeter:unknown,SCOPED_TO,"{""rel"":""SCOPED_TO"",""source"":""claim:0283"",""target"":""perimeter:unknown""}"
claim:0283,source:ic_memo,FROM_SOURCE,"{""rel"":""FROM_SOURCE"",""source"":""claim:0283"",""target"":""source:ic_memo""}"
claim:0284,metric:ic_conditions,MEASURES,"{""rel"":""MEASURES"",""source"":""claim:0284"",""target"":""metric:ic_conditions""}"
claim:0284,perimeter:unknown,SCOPED_TO,"{""rel"":""SCOPED_TO"",""source"":""claim:0284"",""target"":""perimeter:unknown""}"
claim:0284,source:ic_memo,FROM_SOURCE,"{""rel"":""FROM_SOURCE"",""source"":""claim:0284"",""target"":""source:ic_memo""}"
claim:0285,metric:systems_integration_risk,MEASURES,"{""rel"":""MEASURES"",""source"":""claim:0285"",""target"":""metric:systems_integration_risk""}"
claim:0285,perimeter:alderstone_consolidated,SCOPED_TO,"{""rel"":""SCOPED_TO"",""source"":""claim:0285"",""target"":""perimeter:alderstone_consolidated""}"
claim:0285,source:ic_memo,FROM_SOURCE,"{""rel"":""FROM_SOURCE"",""source"":""claim:0285"",""target"":""source:ic_memo""}"
claim:0286,metric:ebitda_adjustment,MEASURES,"{""rel"":""MEASURES"",""source"":""claim:0286"",""target"":""metric:ebitda_adjustment""}"
claim:0286,perimeter:alderstone_consolidated,SCOPED_TO,"{""rel"":""SCOPED_TO"",""source"":""claim:0286"",""target"":""perimeter:alderstone_consolidated""}"
claim:0286,source:ic_memo,FROM_SOURCE,"{""rel"":""FROM_SOURCE"",""source"":""claim:0286"",""target"":""source:ic_memo""}"
claim:0287,metric:revolver_capacity,MEASURES,"{""rel"":""MEASURES"",""source"":""claim:0287"",""target"":""metric:revolver_capacity""}"
claim:0287,perimeter:alderstone_consolidated,SCOPED_TO,"{""rel"":""SCOPED_TO"",""source"":""claim:0287"",""target"":""perimeter:alderstone_consolidated""}"
claim:0287,source:ic_memo,FROM_SOURCE,"{""rel"":""FROM_SOURCE"",""source"":""claim:0287"",""target"":""source:ic_memo""}"
claim:0288,metric:integration_risk,MEASURES,"{""rel"":""MEASURES"",""source"":""claim:0288"",""target"":""metric:integration_risk""}"
claim:0288,perimeter:alderstone_consolidated,SCOPED_TO,"{""rel"":""SCOPED_TO"",""source"":""claim:0288"",""target"":""perimeter:alderstone_consolidated""}"
claim:0288,source:ic_memo,FROM_SOURCE,"{""rel"":""FROM_SOURCE"",""source"":""claim:0288"",""target"":""source:ic_memo""}"
claim:0289,metric:ic_vote,MEASURES,"{""rel"":""MEASURES"",""source"":""claim:0289"",""target"":""metric:ic_vote""}"
claim:0289,perimeter:unknown,SCOPED_TO,"{""rel"":""SCOPED_TO"",""source"":""claim:0289"",""target"":""perimeter:unknown""}"
claim:0289,source:ic_memo,FROM_SOURCE,"{""rel"":""FROM_SOURCE"",""source"":""claim:0289"",""target"":""source:ic_memo""}"
claim:0290,metric:entry_multiple,MEASURES,"{""rel"":""MEASURES"",""source"":""claim:0290"",""target"":""metric:entry_multiple""}"
claim:0290,perimeter:unknown,SCOPED_TO,"{""rel"":""SCOPED_TO"",""source"":""claim:0290"",""target"":""perimeter:unknown""}"
claim:0290,source:ic_memo,FROM_SOURCE,"{""rel"":""FROM_SOURCE"",""source"":""claim:0290"",""target"":""source:ic_memo""}"
claim:0291,metric:enterprise_value,MEASURES,"{""rel"":""MEASURES"",""source"":""claim:0291"",""target"":""metric:enterprise_value""}"
claim:0291,perimeter:keystone_standalone,SCOPED_TO,"{""rel"":""SCOPED_TO"",""source"":""claim:0291"",""target"":""perimeter:keystone_standalone""}"
claim:0291,source:ic_memo,FROM_SOURCE,"{""rel"":""FROM_SOURCE"",""source"":""claim:0291"",""target"":""source:ic_memo""}"
claim:0292,metric:sponsor_equity,MEASURES,"{""rel"":""MEASURES"",""source"":""claim:0292"",""target"":""metric:sponsor_equity""}"
claim:0292,perimeter:keystone_standalone,SCOPED_TO,"{""rel"":""SCOPED_TO"",""source"":""claim:0292"",""target"":""perimeter:keystone_standalone""}"
claim:0292,source:ic_memo,FROM_SOURCE,"{""rel"":""FROM_SOURCE"",""source"":""claim:0292"",""target"":""source:ic_memo""}"
claim:0293,metric:first-lien_debt,MEASURES,"{""rel"":""MEASURES"",""source"":""claim:0293"",""target"":""metric:first-lien_debt""}"
claim:0293,perimeter:keystone_standalone,SCOPED_TO,"{""rel"":""SCOPED_TO"",""source"":""claim:0293"",""target"":""perimeter:keystone_standalone""}"
claim:0293,source:ic_memo,FROM_SOURCE,"{""rel"":""FROM_SOURCE"",""source"":""claim:0293"",""target"":""source:ic_memo""}"
claim:0294,metric:net_working_capital_target,MEASURES,"{""rel"":""MEASURES"",""source"":""claim:0294"",""target"":""metric:net_working_capital_target""}"
claim:0294,perimeter:keystone_standalone,SCOPED_TO,"{""rel"":""SCOPED_TO"",""source"":""claim:0294"",""target"":""perimeter:keystone_standalone""}"
claim:0294,source:ic_memo,FROM_SOURCE,"{""rel"":""FROM_SOURCE"",""source"":""claim:0294"",""target"":""source:ic_memo""}"
claim:0295,metric:revolver_capacity,MEASURES,"{""rel"":""MEASURES"",""source"":""claim:0295"",""target"":""metric:revolver_capacity""}"
claim:0295,perimeter:keystone_standalone,SCOPED_TO,"{""rel"":""SCOPED_TO"",""source"":""claim:0295"",""target"":""perimeter:keystone_standalone""}"
claim:0295,source:ic_memo,FROM_SOURCE,"{""rel"":""FROM_SOURCE"",""source"":""claim:0295"",""target"":""source:ic_memo""}"
