src,tgt,rel,data
claim:0000,metric:active_billing_accounts,MEASURES,"{""rel"":""MEASURES"",""source"":""claim:0000"",""target"":""metric:active_billing_accounts""}"
claim:0000,perimeter:unknown,SCOPED_TO,"{""rel"":""SCOPED_TO"",""source"":""claim:0000"",""target"":""perimeter:unknown""}"
claim:0000,source:seller_cim,FROM_SOURCE,"{""rel"":""FROM_SOURCE"",""source"":""claim:0000"",""target"":""source:seller_cim""}"
claim:0001,metric:customer_concentration,MEASURES,"{""rel"":""MEASURES"",""source"":""claim:0001"",""target"":""metric:customer_concentration""}"
claim:0001,perimeter:unknown,SCOPED_TO,"{""rel"":""SCOPED_TO"",""source"":""claim:0001"",""target"":""perimeter:unknown""}"
claim:0001,source:seller_cim,FROM_SOURCE,"{""rel"":""FROM_SOURCE"",""source"":""claim:0001"",""target"":""source:seller_cim""}"
claim:0002,metric:acquisition_count,MEASURES,"{""rel"":""MEASURES"",""source"":""claim:0002"",""target"":""metric:acquisition_count""}"
claim:0002,perimeter:alderstone_standalone,SCOPED_TO,"{""rel"":""SCOPED_TO"",""source"":""claim:0002"",""target"":""perimeter:alderstone_standalone""}"
claim:0002,source:seller_cim,FROM_SOURCE,"{""rel"":""FROM_SOURCE"",""source"":""claim:0002"",""target"":""source:seller_cim""}"
claim:0003,metric:customer_contract_terms,MEASURES,"{""rel"":""MEASURES"",""source"":""claim:0003"",""target"":""metric:customer_contract_terms""}"
claim:0003,perimeter:unknown,SCOPED_TO,"{""rel"":""SCOPED_TO"",""source"":""claim:0003"",""target"":""perimeter:unknown""}"
claim:0003,source:seller_cim,FROM_SOURCE,"{""rel"":""FROM_SOURCE"",""source"":""claim:0003"",""target"":""source:seller_cim""}"
claim:0004,metric:systems_integration_risk,MEASURES,"{""rel"":""MEASURES"",""source"":""claim:0004"",""target"":""metric:systems_integration_risk""}"
claim:0004,perimeter:unknown,SCOPED_TO,"{""rel"":""SCOPED_TO"",""source"":""claim:0004"",""target"":""perimeter:unknown""}"
claim:0004,source:seller_cim,FROM_SOURCE,"{""rel"":""FROM_SOURCE"",""source"":""claim:0004"",""target"":""source:seller_cim""}"
claim:0005,metric:key_person_risk,MEASURES,"{""rel"":""MEASURES"",""source"":""claim:0005"",""target"":""metric:key_person_risk""}"
claim:0005,perimeter:unknown,SCOPED_TO,"{""rel"":""SCOPED_TO"",""source"":""claim:0005"",""target"":""perimeter:unknown""}"
claim:0005,source:seller_cim,FROM_SOURCE,"{""rel"":""FROM_SOURCE"",""source"":""claim:0005"",""target"":""source:seller_cim""}"
claim:0006,metric:integration_risk,MEASURES,"{""rel"":""MEASURES"",""source"":""claim:0006"",""target"":""metric:integration_risk""}"
claim:0006,perimeter:unknown,SCOPED_TO,"{""rel"":""SCOPED_TO"",""source"":""claim:0006"",""target"":""perimeter:unknown""}"
claim:0006,source:seller_cim,FROM_SOURCE,"{""rel"":""FROM_SOURCE"",""source"":""claim:0006"",""target"":""source:seller_cim""}"
claim:0007,metric:ebitda,MEASURES,"{""rel"":""MEASURES"",""source"":""claim:0007"",""target"":""metric:ebitda""}"
claim:0007,period:fy2025a,IN_PERIOD,"{""rel"":""IN_PERIOD"",""source"":""claim:0007"",""target"":""period:fy2025a""}"
claim:0007,perimeter:unknown,SCOPED_TO,"{""rel"":""SCOPED_TO"",""source"":""claim:0007"",""target"":""perimeter:unknown""}"
claim:0007,source:data_room_extract,FROM_SOURCE,"{""rel"":""FROM_SOURCE"",""source"":""claim:0007"",""target"":""source:data_room_extract""}"
claim:0008,metric:ebitda_margin,MEASURES,"{""rel"":""MEASURES"",""source"":""claim:0008"",""target"":""metric:ebitda_margin""}"
claim:0008,period:fy2025a,IN_PERIOD,"{""rel"":""IN_PERIOD"",""source"":""claim:0008"",""target"":""period:fy2025a""}"
claim:0008,perimeter:unknown,SCOPED_TO,"{""rel"":""SCOPED_TO"",""source"":""claim:0008"",""target"":""perimeter:unknown""}"
claim:0008,source:data_room_extract,FROM_SOURCE,"{""rel"":""FROM_SOURCE"",""source"":""claim:0008"",""target"":""source:data_room_extract""}"
claim:0009,metric:net_income,MEASURES,"{""rel"":""MEASURES"",""source"":""claim:0009"",""target"":""metric:net_income""}"
claim:0009,period:fy2025a,IN_PERIOD,"{""rel"":""IN_PERIOD"",""source"":""claim:0009"",""target"":""period:fy2025a""}"
claim:0009,perimeter:unknown,SCOPED_TO,"{""rel"":""SCOPED_TO"",""source"":""claim:0009"",""target"":""perimeter:unknown""}"
claim:0009,source:data_room_extract,FROM_SOURCE,"{""rel"":""FROM_SOURCE"",""source"":""claim:0009"",""target"":""source:data_room_extract""}"
claim:0010,metric:gross_debt,MEASURES,"{""rel"":""MEASURES"",""source"":""claim:0010"",""target"":""metric:gross_debt""}"
claim:0010,period:fy2025a,IN_PERIOD,"{""rel"":""IN_PERIOD"",""source"":""claim:0010"",""target"":""period:fy2025a""}"
claim:0010,perimeter:unknown,SCOPED_TO,"{""rel"":""SCOPED_TO"",""source"":""claim:0010"",""target"":""perimeter:unknown""}"
claim:0010,source:data_room_extract,FROM_SOURCE,"{""rel"":""FROM_SOURCE"",""source"":""claim:0010"",""target"":""source:data_room_extract""}"
claim:0011,metric:gross_debt,MEASURES,"{""rel"":""MEASURES"",""source"":""claim:0011"",""target"":""metric:gross_debt""}"
claim:0011,period:fy2026e,IN_PERIOD,"{""rel"":""IN_PERIOD"",""source"":""claim:0011"",""target"":""period:fy2026e""}"
claim:0011,perimeter:unknown,SCOPED_TO,"{""rel"":""SCOPED_TO"",""source"":""claim:0011"",""target"":""perimeter:unknown""}"
claim:0011,source:data_room_extract,FROM_SOURCE,"{""rel"":""FROM_SOURCE"",""source"":""claim:0011"",""target"":""source:data_room_extract""}"
claim:0012,metric:gross_debt,MEASURES,"{""rel"":""MEASURES"",""source"":""claim:0012"",""target"":""metric:gross_debt""}"
claim:0012,period:fy2027e,IN_PERIOD,"{""rel"":""IN_PERIOD"",""source"":""claim:0012"",""target"":""period:fy2027e""}"
claim:0012,perimeter:unknown,SCOPED_TO,"{""rel"":""SCOPED_TO"",""source"":""claim:0012"",""target"":""perimeter:unknown""}"
claim:0012,source:data_room_extract,FROM_SOURCE,"{""rel"":""FROM_SOURCE"",""source"":""claim:0012"",""target"":""source:data_room_extract""}"
claim:0013,metric:revenue,MEASURES,"{""rel"":""MEASURES"",""source"":""claim:0013"",""target"":""metric:revenue""}"
claim:0013,period:fy2025,IN_PERIOD,"{""rel"":""IN_PERIOD"",""source"":""claim:0013"",""target"":""period:fy2025""}"
claim:0013,perimeter:unknown,SCOPED_TO,"{""rel"":""SCOPED_TO"",""source"":""claim:0013"",""target"":""perimeter:unknown""}"
claim:0013,source:data_room_extract,FROM_SOURCE,"{""rel"":""FROM_SOURCE"",""source"":""claim:0013"",""target"":""source:data_room_extract""}"
claim:0014,metric:gross_profit,MEASURES,"{""rel"":""MEASURES"",""source"":""claim:0014"",""target"":""metric:gross_profit""}"
claim:0014,period:fy2025,IN_PERIOD,"{""rel"":""IN_PERIOD"",""source"":""claim:0014"",""target"":""period:fy2025""}"
claim:0014,perimeter:unknown,SCOPED_TO,"{""rel"":""SCOPED_TO"",""source"":""claim:0014"",""target"":""perimeter:unknown""}"
claim:0014,source:data_room_extract,FROM_SOURCE,"{""rel"":""FROM_SOURCE"",""source"":""claim:0014"",""target"":""source:data_room_extract""}"
claim:0015,metric:gross_margin,MEASURES,"{""rel"":""MEASURES"",""source"":""claim:0015"",""target"":""metric:gross_margin""}"
claim:0015,period:fy2025,IN_PERIOD,"{""rel"":""IN_PERIOD"",""source"":""claim:0015"",""target"":""period:fy2025""}"
claim:0015,perimeter:unknown,SCOPED_TO,"{""rel"":""SCOPED_TO"",""source"":""claim:0015"",""target"":""perimeter:unknown""}"
claim:0015,source:data_room_extract,FROM_SOURCE,"{""rel"":""FROM_SOURCE"",""source"":""claim:0015"",""target"":""source:data_room_extract""}"
claim:0016,metric:revenue,MEASURES,"{""rel"":""MEASURES"",""source"":""claim:0016"",""target"":""metric:revenue""}"
claim:0016,perimeter:unknown,SCOPED_TO,"{""rel"":""SCOPED_TO"",""source"":""claim:0016"",""target"":""perimeter:unknown""}"
claim:0016,source:data_room_extract,FROM_SOURCE,"{""rel"":""FROM_SOURCE"",""source"":""claim:0016"",""target"":""source:data_room_extract""}"
claim:0017,metric:revenue,MEASURES,"{""rel"":""MEASURES"",""source"":""claim:0017"",""target"":""metric:revenue""}"
claim:0017,perimeter:unknown,SCOPED_TO,"{""rel"":""SCOPED_TO"",""source"":""claim:0017"",""target"":""perimeter:unknown""}"
claim:0017,source:data_room_extract,FROM_SOURCE,"{""rel"":""FROM_SOURCE"",""source"":""claim:0017"",""target"":""source:data_room_extract""}"
claim:0018,metric:revenue,MEASURES,"{""rel"":""MEASURES"",""source"":""claim:0018"",""target"":""metric:revenue""}"
claim:0018,perimeter:unknown,SCOPED_TO,"{""rel"":""SCOPED_TO"",""source"":""claim:0018"",""target"":""perimeter:unknown""}"
claim:0018,source:data_room_extract,FROM_SOURCE,"{""rel"":""FROM_SOURCE"",""source"":""claim:0018"",""target"":""source:data_room_extract""}"
claim:0019,metric:customer_concentration,MEASURES,"{""rel"":""MEASURES"",""source"":""claim:0019"",""target"":""metric:customer_concentration""}"
claim:0019,perimeter:unknown,SCOPED_TO,"{""rel"":""SCOPED_TO"",""source"":""claim:0019"",""target"":""perimeter:unknown""}"
claim:0019,source:data_room_extract,FROM_SOURCE,"{""rel"":""FROM_SOURCE"",""source"":""claim:0019"",""target"":""source:data_room_extract""}"
claim:0020,metric:revenue,MEASURES,"{""rel"":""MEASURES"",""source"":""claim:0020"",""target"":""metric:revenue""}"
claim:0020,period:fy2025a,IN_PERIOD,"{""rel"":""IN_PERIOD"",""source"":""claim:0020"",""target"":""period:fy2025a""}"
claim:0020,perimeter:riverton_group,SCOPED_TO,"{""rel"":""SCOPED_TO"",""source"":""claim:0020"",""target"":""perimeter:riverton_group""}"
claim:0020,source:data_room_extract,FROM_SOURCE,"{""rel"":""FROM_SOURCE"",""source"":""claim:0020"",""target"":""source:data_room_extract""}"
claim:0021,metric:customer_concentration,MEASURES,"{""rel"":""MEASURES"",""source"":""claim:0021"",""target"":""metric:customer_concentration""}"
claim:0021,period:fy2025a,IN_PERIOD,"{""rel"":""IN_PERIOD"",""source"":""claim:0021"",""target"":""period:fy2025a""}"
claim:0021,perimeter:riverton_group,SCOPED_TO,"{""rel"":""SCOPED_TO"",""source"":""claim:0021"",""target"":""perimeter:riverton_group""}"
claim:0021,source:data_room_extract,FROM_SOURCE,"{""rel"":""FROM_SOURCE"",""source"":""claim:0021"",""target"":""source:data_room_extract""}"
claim:0022,metric:customer_contract_terms,MEASURES,"{""rel"":""MEASURES"",""source"":""claim:0022"",""target"":""metric:customer_contract_terms""}"
claim:0022,period:fy2025a,IN_PERIOD,"{""rel"":""IN_PERIOD"",""source"":""claim:0022"",""target"":""period:fy2025a""}"
claim:0022,perimeter:riverton_group,SCOPED_TO,"{""rel"":""SCOPED_TO"",""source"":""claim:0022"",""target"":""perimeter:riverton_group""}"
claim:0022,source:data_room_extract,FROM_SOURCE,"{""rel"":""FROM_SOURCE"",""source"":""claim:0022"",""target"":""source:data_room_extract""}"
claim:0023,metric:customer_retention,MEASURES,"{""rel"":""MEASURES"",""source"":""claim:0023"",""target"":""metric:customer_retention""}"
claim:0023,period:fy2025a,IN_PERIOD,"{""rel"":""IN_PERIOD"",""source"":""claim:0023"",""target"":""period:fy2025a""}"
claim:0023,perimeter:riverton_group,SCOPED_TO,"{""rel"":""SCOPED_TO"",""source"":""claim:0023"",""target"":""perimeter:riverton_group""}"
claim:0023,source:data_room_extract,FROM_SOURCE,"{""rel"":""FROM_SOURCE"",""source"":""claim:0023"",""target"":""source:data_room_extract""}"
claim:0024,metric:customer_concentration,MEASURES,"{""rel"":""MEASURES"",""source"":""claim:0024"",""target"":""metric:customer_concentration""}"
claim:0024,perimeter:riverton_group,SCOPED_TO,"{""rel"":""SCOPED_TO"",""source"":""claim:0024"",""target"":""perimeter:riverton_group""}"
claim:0024,source:data_room_extract,FROM_SOURCE,"{""rel"":""FROM_SOURCE"",""source"":""claim:0024"",""target"":""source:data_room_extract""}"
claim:0025,metric:customer_concentration,MEASURES,"{""rel"":""MEASURES"",""source"":""claim:0025"",""target"":""metric:customer_concentration""}"
claim:0025,perimeter:riverton_group,SCOPED_TO,"{""rel"":""SCOPED_TO"",""source"":""claim:0025"",""target"":""perimeter:riverton_group""}"
claim:0025,source:data_room_extract,FROM_SOURCE,"{""rel"":""FROM_SOURCE"",""source"":""claim:0025"",""target"":""source:data_room_extract""}"
claim:0026,metric:customer_concentration,MEASURES,"{""rel"":""MEASURES"",""source"":""claim:0026"",""target"":""metric:customer_concentration""}"
claim:0026,perimeter:riverton_group,SCOPED_TO,"{""rel"":""SCOPED_TO"",""source"":""claim:0026"",""target"":""perimeter:riverton_group""}"
claim:0026,source:data_room_extract,FROM_SOURCE,"{""rel"":""FROM_SOURCE"",""source"":""claim:0026"",""target"":""source:data_room_extract""}"
claim:0027,metric:customer_concentration,MEASURES,"{""rel"":""MEASURES"",""source"":""claim:0027"",""target"":""metric:customer_concentration""}"
claim:0027,perimeter:riverton_group,SCOPED_TO,"{""rel"":""SCOPED_TO"",""source"":""claim:0027"",""target"":""perimeter:riverton_group""}"
claim:0027,source:data_room_extract,FROM_SOURCE,"{""rel"":""FROM_SOURCE"",""source"":""claim:0027"",""target"":""source:data_room_extract""}"
claim:0028,metric:customer_concentration,MEASURES,"{""rel"":""MEASURES"",""source"":""claim:0028"",""target"":""metric:customer_concentration""}"
claim:0028,perimeter:unknown,SCOPED_TO,"{""rel"":""SCOPED_TO"",""source"":""claim:0028"",""target"":""perimeter:unknown""}"
claim:0028,source:data_room_extract,FROM_SOURCE,"{""rel"":""FROM_SOURCE"",""source"":""claim:0028"",""target"":""source:data_room_extract""}"
claim:0029,metric:customer_concentration,MEASURES,"{""rel"":""MEASURES"",""source"":""claim:0029"",""target"":""metric:customer_concentration""}"
claim:0029,perimeter:unknown,SCOPED_TO,"{""rel"":""SCOPED_TO"",""source"":""claim:0029"",""target"":""perimeter:unknown""}"
claim:0029,source:data_room_extract,FROM_SOURCE,"{""rel"":""FROM_SOURCE"",""source"":""claim:0029"",""target"":""source:data_room_extract""}"
claim:0030,metric:customer_concentration,MEASURES,"{""rel"":""MEASURES"",""source"":""claim:0030"",""target"":""metric:customer_concentration""}"
claim:0030,perimeter:unknown,SCOPED_TO,"{""rel"":""SCOPED_TO"",""source"":""claim:0030"",""target"":""perimeter:unknown""}"
claim:0030,source:data_room_extract,FROM_SOURCE,"{""rel"":""FROM_SOURCE"",""source"":""claim:0030"",""target"":""source:data_room_extract""}"
claim:0031,metric:customer_concentration,MEASURES,"{""rel"":""MEASURES"",""source"":""claim:0031"",""target"":""metric:customer_concentration""}"
claim:0031,perimeter:unknown,SCOPED_TO,"{""rel"":""SCOPED_TO"",""source"":""claim:0031"",""target"":""perimeter:unknown""}"
claim:0031,source:data_room_extract,FROM_SOURCE,"{""rel"":""FROM_SOURCE"",""source"":""claim:0031"",""target"":""source:data_room_extract""}"
claim:0032,metric:customer_concentration,MEASURES,"{""rel"":""MEASURES"",""source"":""claim:0032"",""target"":""metric:customer_concentration""}"
claim:0032,perimeter:unknown,SCOPED_TO,"{""rel"":""SCOPED_TO"",""source"":""claim:0032"",""target"":""perimeter:unknown""}"
claim:0032,source:data_room_extract,FROM_SOURCE,"{""rel"":""FROM_SOURCE"",""source"":""claim:0032"",""target"":""source:data_room_extract""}"
claim:0033,metric:customer_concentration,MEASURES,"{""rel"":""MEASURES"",""source"":""claim:0033"",""target"":""metric:customer_concentration""}"
claim:0033,perimeter:unknown,SCOPED_TO,"{""rel"":""SCOPED_TO"",""source"":""claim:0033"",""target"":""perimeter:unknown""}"
claim:0033,source:data_room_extract,FROM_SOURCE,"{""rel"":""FROM_SOURCE"",""source"":""claim:0033"",""target"":""source:data_room_extract""}"
claim:0034,metric:customer_concentration,MEASURES,"{""rel"":""MEASURES"",""source"":""claim:0034"",""target"":""metric:customer_concentration""}"
claim:0034,perimeter:unknown,SCOPED_TO,"{""rel"":""SCOPED_TO"",""source"":""claim:0034"",""target"":""perimeter:unknown""}"
claim:0034,source:data_room_extract,FROM_SOURCE,"{""rel"":""FROM_SOURCE"",""source"":""claim:0034"",""target"":""source:data_room_extract""}"
claim:0035,metric:revenue,MEASURES,"{""rel"":""MEASURES"",""source"":""claim:0035"",""target"":""metric:revenue""}"
claim:0035,period:fy2025a,IN_PERIOD,"{""rel"":""IN_PERIOD"",""source"":""claim:0035"",""target"":""period:fy2025a""}"
claim:0035,perimeter:unknown,SCOPED_TO,"{""rel"":""SCOPED_TO"",""source"":""claim:0035"",""target"":""perimeter:unknown""}"
claim:0035,source:data_room_extract,FROM_SOURCE,"{""rel"":""FROM_SOURCE"",""source"":""claim:0035"",""target"":""source:data_room_extract""}"
claim:0036,metric:revenue,MEASURES,"{""rel"":""MEASURES"",""source"":""claim:0036"",""target"":""metric:revenue""}"
claim:0036,period:fy2025,IN_PERIOD,"{""rel"":""IN_PERIOD"",""source"":""claim:0036"",""target"":""period:fy2025""}"
claim:0036,perimeter:riverton_group,SCOPED_TO,"{""rel"":""SCOPED_TO"",""source"":""claim:0036"",""target"":""perimeter:riverton_group""}"
claim:0036,source:data_room_extract,FROM_SOURCE,"{""rel"":""FROM_SOURCE"",""source"":""claim:0036"",""target"":""source:data_room_extract""}"
claim:0037,metric:revenue,MEASURES,"{""rel"":""MEASURES"",""source"":""claim:0037"",""target"":""metric:revenue""}"
claim:0037,period:fy2025,IN_PERIOD,"{""rel"":""IN_PERIOD"",""source"":""claim:0037"",""target"":""period:fy2025""}"
claim:0037,perimeter:riverton_group,SCOPED_TO,"{""rel"":""SCOPED_TO"",""source"":""claim:0037"",""target"":""perimeter:riverton_group""}"
claim:0037,source:data_room_extract,FROM_SOURCE,"{""rel"":""FROM_SOURCE"",""source"":""claim:0037"",""target"":""source:data_room_extract""}"
claim:0038,metric:revenue,MEASURES,"{""rel"":""MEASURES"",""source"":""claim:0038"",""target"":""metric:revenue""}"
claim:0038,period:fy2025,IN_PERIOD,"{""rel"":""IN_PERIOD"",""source"":""claim:0038"",""target"":""period:fy2025""}"
claim:0038,perimeter:riverton_group,SCOPED_TO,"{""rel"":""SCOPED_TO"",""source"":""claim:0038"",""target"":""perimeter:riverton_group""}"
claim:0038,source:data_room_extract,FROM_SOURCE,"{""rel"":""FROM_SOURCE"",""source"":""claim:0038"",""target"":""source:data_room_extract""}"
claim:0039,metric:recurring_revenue,MEASURES,"{""rel"":""MEASURES"",""source"":""claim:0039"",""target"":""metric:recurring_revenue""}"
claim:0039,perimeter:keystone,SCOPED_TO,"{""rel"":""SCOPED_TO"",""source"":""claim:0039"",""target"":""perimeter:keystone""}"
claim:0039,source:data_room_extract,FROM_SOURCE,"{""rel"":""FROM_SOURCE"",""source"":""claim:0039"",""target"":""source:data_room_extract""}"
claim:0040,metric:contract_terms,MEASURES,"{""rel"":""MEASURES"",""source"":""claim:0040"",""target"":""metric:contract_terms""}"
claim:0040,perimeter:keystone,SCOPED_TO,"{""rel"":""SCOPED_TO"",""source"":""claim:0040"",""target"":""perimeter:keystone""}"
claim:0040,source:data_room_extract,FROM_SOURCE,"{""rel"":""FROM_SOURCE"",""source"":""claim:0040"",""target"":""source:data_room_extract""}"
claim:0041,metric:recurring_revenue,MEASURES,"{""rel"":""MEASURES"",""source"":""claim:0041"",""target"":""metric:recurring_revenue""}"
claim:0041,perimeter:keystone,SCOPED_TO,"{""rel"":""SCOPED_TO"",""source"":""claim:0041"",""target"":""perimeter:keystone""}"
claim:0041,source:data_room_extract,FROM_SOURCE,"{""rel"":""FROM_SOURCE"",""source"":""claim:0041"",""target"":""source:data_room_extract""}"
claim:0042,metric:recurring_revenue,MEASURES,"{""rel"":""MEASURES"",""source"":""claim:0042"",""target"":""metric:recurring_revenue""}"
claim:0042,perimeter:unknown,SCOPED_TO,"{""rel"":""SCOPED_TO"",""source"":""claim:0042"",""target"":""perimeter:unknown""}"
claim:0042,source:data_room_extract,FROM_SOURCE,"{""rel"":""FROM_SOURCE"",""source"":""claim:0042"",""target"":""source:data_room_extract""}"
claim:0043,metric:customer_concentration,MEASURES,"{""rel"":""MEASURES"",""source"":""claim:0043"",""target"":""metric:customer_concentration""}"
claim:0043,perimeter:unknown,SCOPED_TO,"{""rel"":""SCOPED_TO"",""source"":""claim:0043"",""target"":""perimeter:unknown""}"
claim:0043,source:data_room_extract,FROM_SOURCE,"{""rel"":""FROM_SOURCE"",""source"":""claim:0043"",""target"":""source:data_room_extract""}"
claim:0044,metric:contract_terms,MEASURES,"{""rel"":""MEASURES"",""source"":""claim:0044"",""target"":""metric:contract_terms""}"
claim:0044,perimeter:unknown,SCOPED_TO,"{""rel"":""SCOPED_TO"",""source"":""claim:0044"",""target"":""perimeter:unknown""}"
claim:0044,source:data_room_extract,FROM_SOURCE,"{""rel"":""FROM_SOURCE"",""source"":""claim:0044"",""target"":""source:data_room_extract""}"
claim:0045,metric:customer_count,MEASURES,"{""rel"":""MEASURES"",""source"":""claim:0045"",""target"":""metric:customer_count""}"
claim:0045,perimeter:unknown,SCOPED_TO,"{""rel"":""SCOPED_TO"",""source"":""claim:0045"",""target"":""perimeter:unknown""}"
claim:0045,source:data_room_extract,FROM_SOURCE,"{""rel"":""FROM_SOURCE"",""source"":""claim:0045"",""target"":""source:data_room_extract""}"
claim:0046,metric:contract_terms,MEASURES,"{""rel"":""MEASURES"",""source"":""claim:0046"",""target"":""metric:contract_terms""}"
claim:0046,perimeter:riverton_group,SCOPED_TO,"{""rel"":""SCOPED_TO"",""source"":""claim:0046"",""target"":""perimeter:riverton_group""}"
claim:0046,source:data_room_extract,FROM_SOURCE,"{""rel"":""FROM_SOURCE"",""source"":""claim:0046"",""target"":""source:data_room_extract""}"
claim:0047,metric:customer_concentration,MEASURES,"{""rel"":""MEASURES"",""source"":""claim:0047"",""target"":""metric:customer_concentration""}"
claim:0047,perimeter:riverton_group,SCOPED_TO,"{""rel"":""SCOPED_TO"",""source"":""claim:0047"",""target"":""perimeter:riverton_group""}"
claim:0047,source:data_room_extract,FROM_SOURCE,"{""rel"":""FROM_SOURCE"",""source"":""claim:0047"",""target"":""source:data_room_extract""}"
claim:0048,metric:customer_count,MEASURES,"{""rel"":""MEASURES"",""source"":""claim:0048"",""target"":""metric:customer_count""}"
claim:0048,perimeter:riverton_group,SCOPED_TO,"{""rel"":""SCOPED_TO"",""source"":""claim:0048"",""target"":""perimeter:riverton_group""}"
claim:0048,source:data_room_extract,FROM_SOURCE,"{""rel"":""FROM_SOURCE"",""source"":""claim:0048"",""target"":""source:data_room_extract""}"
claim:0049,metric:headcount,MEASURES,"{""rel"":""MEASURES"",""source"":""claim:0049"",""target"":""metric:headcount""}"
claim:0049,period:2025-12-31,IN_PERIOD,"{""rel"":""IN_PERIOD"",""source"":""claim:0049"",""target"":""period:2025-12-31""}"
claim:0049,perimeter:unknown,SCOPED_TO,"{""rel"":""SCOPED_TO"",""source"":""claim:0049"",""target"":""perimeter:unknown""}"
claim:0049,source:data_room_extract,FROM_SOURCE,"{""rel"":""FROM_SOURCE"",""source"":""claim:0049"",""target"":""source:data_room_extract""}"
claim:0050,metric:team_tenure,MEASURES,"{""rel"":""MEASURES"",""source"":""claim:0050"",""target"":""metric:team_tenure""}"
claim:0050,period:2025-12-31,IN_PERIOD,"{""rel"":""IN_PERIOD"",""source"":""claim:0050"",""target"":""period:2025-12-31""}"
claim:0050,perimeter:unknown,SCOPED_TO,"{""rel"":""SCOPED_TO"",""source"":""claim:0050"",""target"":""perimeter:unknown""}"
claim:0050,source:data_room_extract,FROM_SOURCE,"{""rel"":""FROM_SOURCE"",""source"":""claim:0050"",""target"":""source:data_room_extract""}"
claim:0051,metric:headcount,MEASURES,"{""rel"":""MEASURES"",""source"":""claim:0051"",""target"":""metric:headcount""}"
claim:0051,perimeter:unknown,SCOPED_TO,"{""rel"":""SCOPED_TO"",""source"":""claim:0051"",""target"":""perimeter:unknown""}"
claim:0051,source:data_room_extract,FROM_SOURCE,"{""rel"":""FROM_SOURCE"",""source"":""claim:0051"",""target"":""source:data_room_extract""}"
claim:0052,metric:team_tenure,MEASURES,"{""rel"":""MEASURES"",""source"":""claim:0052"",""target"":""metric:team_tenure""}"
claim:0052,perimeter:unknown,SCOPED_TO,"{""rel"":""SCOPED_TO"",""source"":""claim:0052"",""target"":""perimeter:unknown""}"
claim:0052,source:data_room_extract,FROM_SOURCE,"{""rel"":""FROM_SOURCE"",""source"":""claim:0052"",""target"":""source:data_room_extract""}"
claim:0053,metric:headcount,MEASURES,"{""rel"":""MEASURES"",""source"":""claim:0053"",""target"":""metric:headcount""}"
claim:0053,perimeter:unknown,SCOPED_TO,"{""rel"":""SCOPED_TO"",""source"":""claim:0053"",""target"":""perimeter:unknown""}"
claim:0053,source:data_room_extract,FROM_SOURCE,"{""rel"":""FROM_SOURCE"",""source"":""claim:0053"",""target"":""source:data_room_extract""}"
claim:0054,metric:team_tenure,MEASURES,"{""rel"":""MEASURES"",""source"":""claim:0054"",""target"":""metric:team_tenure""}"
claim:0054,perimeter:unknown,SCOPED_TO,"{""rel"":""SCOPED_TO"",""source"":""claim:0054"",""target"":""perimeter:unknown""}"
claim:0054,source:data_room_extract,FROM_SOURCE,"{""rel"":""FROM_SOURCE"",""source"":""claim:0054"",""target"":""source:data_room_extract""}"
claim:0055,metric:headcount,MEASURES,"{""rel"":""MEASURES"",""source"":""claim:0055"",""target"":""metric:headcount""}"
claim:0055,perimeter:unknown,SCOPED_TO,"{""rel"":""SCOPED_TO"",""source"":""claim:0055"",""target"":""perimeter:unknown""}"
claim:0055,source:data_room_extract,FROM_SOURCE,"{""rel"":""FROM_SOURCE"",""source"":""claim:0055"",""target"":""source:data_room_extract""}"
claim:0056,metric:team_tenure,MEASURES,"{""rel"":""MEASURES"",""source"":""claim:0056"",""target"":""metric:team_tenure""}"
claim:0056,perimeter:unknown,SCOPED_TO,"{""rel"":""SCOPED_TO"",""source"":""claim:0056"",""target"":""perimeter:unknown""}"
claim:0056,source:data_room_extract,FROM_SOURCE,"{""rel"":""FROM_SOURCE"",""source"":""claim:0056"",""target"":""source:data_room_extract""}"
claim:0057,metric:headcount,MEASURES,"{""rel"":""MEASURES"",""source"":""claim:0057"",""target"":""metric:headcount""}"
claim:0057,perimeter:alderstone_standalone,SCOPED_TO,"{""rel"":""SCOPED_TO"",""source"":""claim:0057"",""target"":""perimeter:alderstone_standalone""}"
claim:0057,source:data_room_extract,FROM_SOURCE,"{""rel"":""FROM_SOURCE"",""source"":""claim:0057"",""target"":""source:data_room_extract""}"
claim:0058,metric:team_tenure,MEASURES,"{""rel"":""MEASURES"",""source"":""claim:0058"",""target"":""metric:team_tenure""}"
claim:0058,perimeter:alderstone_standalone,SCOPED_TO,"{""rel"":""SCOPED_TO"",""source"":""claim:0058"",""target"":""perimeter:alderstone_standalone""}"
claim:0058,source:data_room_extract,FROM_SOURCE,"{""rel"":""FROM_SOURCE"",""source"":""claim:0058"",""target"":""source:data_room_extract""}"
claim:0059,metric:headcount,MEASURES,"{""rel"":""MEASURES"",""source"":""claim:0059"",""target"":""metric:headcount""}"
claim:0059,period:opening,IN_PERIOD,"{""rel"":""IN_PERIOD"",""source"":""claim:0059"",""target"":""period:opening""}"
claim:0059,perimeter:alderstone_consolidated,SCOPED_TO,"{""rel"":""SCOPED_TO"",""source"":""claim:0059"",""target"":""perimeter:alderstone_consolidated""}"
claim:0059,source:data_room_extract,FROM_SOURCE,"{""rel"":""FROM_SOURCE"",""source"":""claim:0059"",""target"":""source:data_room_extract""}"
claim:0060,metric:team_tenure,MEASURES,"{""rel"":""MEASURES"",""source"":""claim:0060"",""target"":""metric:team_tenure""}"
claim:0060,period:opening,IN_PERIOD,"{""rel"":""IN_PERIOD"",""source"":""claim:0060"",""target"":""period:opening""}"
claim:0060,perimeter:alderstone_consolidated,SCOPED_TO,"{""rel"":""SCOPED_TO"",""source"":""claim:0060"",""target"":""perimeter:alderstone_consolidated""}"
claim:0060,source:data_room_extract,FROM_SOURCE,"{""rel"":""FROM_SOURCE"",""source"":""claim:0060"",""target"":""source:data_room_extract""}"
claim:0061,metric:team_tenure,MEASURES,"{""rel"":""MEASURES"",""source"":""claim:0061"",""target"":""metric:team_tenure""}"
claim:0061,period:opening,IN_PERIOD,"{""rel"":""IN_PERIOD"",""source"":""claim:0061"",""target"":""period:opening""}"
claim:0061,perimeter:alderstone_consolidated,SCOPED_TO,"{""rel"":""SCOPED_TO"",""source"":""claim:0061"",""target"":""perimeter:alderstone_consolidated""}"
claim:0061,source:data_room_extract,FROM_SOURCE,"{""rel"":""FROM_SOURCE"",""source"":""claim:0061"",""target"":""source:data_room_extract""}"
claim:0062,metric:headcount,MEASURES,"{""rel"":""MEASURES"",""source"":""claim:0062"",""target"":""metric:headcount""}"
claim:0062,perimeter:unknown,SCOPED_TO,"{""rel"":""SCOPED_TO"",""source"":""claim:0062"",""target"":""perimeter:unknown""}"
claim:0062,source:data_room_extract,FROM_SOURCE,"{""rel"":""FROM_SOURCE"",""source"":""claim:0062"",""target"":""source:data_room_extract""}"
claim:0063,metric:active_billing_accounts,MEASURES,"{""rel"":""MEASURES"",""source"":""claim:0063"",""target"":""metric:active_billing_accounts""}"
claim:0063,period:fy2025a,IN_PERIOD,"{""rel"":""IN_PERIOD"",""source"":""claim:0063"",""target"":""period:fy2025a""}"
claim:0063,perimeter:unknown,SCOPED_TO,"{""rel"":""SCOPED_TO"",""source"":""claim:0063"",""target"":""perimeter:unknown""}"
claim:0063,source:data_room_extract,FROM_SOURCE,"{""rel"":""FROM_SOURCE"",""source"":""claim:0063"",""target"":""source:data_room_extract""}"
claim:0064,metric:customer_concentration,MEASURES,"{""rel"":""MEASURES"",""source"":""claim:0064"",""target"":""metric:customer_concentration""}"
claim:0064,period:fy2025a,IN_PERIOD,"{""rel"":""IN_PERIOD"",""source"":""claim:0064"",""target"":""period:fy2025a""}"
claim:0064,perimeter:unknown,SCOPED_TO,"{""rel"":""SCOPED_TO"",""source"":""claim:0064"",""target"":""perimeter:unknown""}"
claim:0064,source:data_room_extract,FROM_SOURCE,"{""rel"":""FROM_SOURCE"",""source"":""claim:0064"",""target"":""source:data_room_extract""}"
claim:0065,metric:dso,MEASURES,"{""rel"":""MEASURES"",""source"":""claim:0065"",""target"":""metric:dso""}"
claim:0065,period:fy2025a,IN_PERIOD,"{""rel"":""IN_PERIOD"",""source"":""claim:0065"",""target"":""period:fy2025a""}"
claim:0065,perimeter:unknown,SCOPED_TO,"{""rel"":""SCOPED_TO"",""source"":""claim:0065"",""target"":""perimeter:unknown""}"
claim:0065,source:data_room_extract,FROM_SOURCE,"{""rel"":""FROM_SOURCE"",""source"":""claim:0065"",""target"":""source:data_room_extract""}"
claim:0066,metric:customer_concentration,MEASURES,"{""rel"":""MEASURES"",""source"":""claim:0066"",""target"":""metric:customer_concentration""}"
claim:0066,perimeter:unknown,SCOPED_TO,"{""rel"":""SCOPED_TO"",""source"":""claim:0066"",""target"":""perimeter:unknown""}"
claim:0066,source:data_room_extract,FROM_SOURCE,"{""rel"":""FROM_SOURCE"",""source"":""claim:0066"",""target"":""source:data_room_extract""}"
claim:0067,metric:customer_concentration,MEASURES,"{""rel"":""MEASURES"",""source"":""claim:0067"",""target"":""metric:customer_concentration""}"
claim:0067,perimeter:unknown,SCOPED_TO,"{""rel"":""SCOPED_TO"",""source"":""claim:0067"",""target"":""perimeter:unknown""}"
claim:0067,source:data_room_extract,FROM_SOURCE,"{""rel"":""FROM_SOURCE"",""source"":""claim:0067"",""target"":""source:data_room_extract""}"
claim:0068,metric:customer_retention,MEASURES,"{""rel"":""MEASURES"",""source"":""claim:0068"",""target"":""metric:customer_retention""}"
claim:0068,perimeter:unknown,SCOPED_TO,"{""rel"":""SCOPED_TO"",""source"":""claim:0068"",""target"":""perimeter:unknown""}"
claim:0068,source:data_room_extract,FROM_SOURCE,"{""rel"":""FROM_SOURCE"",""source"":""claim:0068"",""target"":""source:data_room_extract""}"
claim:0069,metric:revenue,MEASURES,"{""rel"":""MEASURES"",""source"":""claim:0069"",""target"":""metric:revenue""}"
claim:0069,perimeter:unknown,SCOPED_TO,"{""rel"":""SCOPED_TO"",""source"":""claim:0069"",""target"":""perimeter:unknown""}"
claim:0069,source:data_room_extract,FROM_SOURCE,"{""rel"":""FROM_SOURCE"",""source"":""claim:0069"",""target"":""source:data_room_extract""}"
claim:0070,metric:revenue,MEASURES,"{""rel"":""MEASURES"",""source"":""claim:0070"",""target"":""metric:revenue""}"
claim:0070,perimeter:unknown,SCOPED_TO,"{""rel"":""SCOPED_TO"",""source"":""claim:0070"",""target"":""perimeter:unknown""}"
claim:0070,source:data_room_extract,FROM_SOURCE,"{""rel"":""FROM_SOURCE"",""source"":""claim:0070"",""target"":""source:data_room_extract""}"
claim:0071,metric:revenue,MEASURES,"{""rel"":""MEASURES"",""source"":""claim:0071"",""target"":""metric:revenue""}"
claim:0071,perimeter:unknown,SCOPED_TO,"{""rel"":""SCOPED_TO"",""source"":""claim:0071"",""target"":""perimeter:unknown""}"
claim:0071,source:data_room_extract,FROM_SOURCE,"{""rel"":""FROM_SOURCE"",""source"":""claim:0071"",""target"":""source:data_room_extract""}"
claim:0072,metric:revenue,MEASURES,"{""rel"":""MEASURES"",""source"":""claim:0072"",""target"":""metric:revenue""}"
claim:0072,perimeter:unknown,SCOPED_TO,"{""rel"":""SCOPED_TO"",""source"":""claim:0072"",""target"":""perimeter:unknown""}"
claim:0072,source:data_room_extract,FROM_SOURCE,"{""rel"":""FROM_SOURCE"",""source"":""claim:0072"",""target"":""source:data_room_extract""}"
claim:0073,metric:enterprise_value,MEASURES,"{""rel"":""MEASURES"",""source"":""claim:0073"",""target"":""metric:enterprise_value""}"
claim:0073,perimeter:unknown,SCOPED_TO,"{""rel"":""SCOPED_TO"",""source"":""claim:0073"",""target"":""perimeter:unknown""}"
claim:0073,source:firm_initial_assessment,FROM_SOURCE,"{""rel"":""FROM_SOURCE"",""source"":""claim:0073"",""target"":""source:firm_initial_assessment""}"
claim:0074,metric:recurring_revenue,MEASURES,"{""rel"":""MEASURES"",""source"":""claim:0074"",""target"":""metric:recurring_revenue""}"
claim:0074,perimeter:alderstone_standalone,SCOPED_TO,"{""rel"":""SCOPED_TO"",""source"":""claim:0074"",""target"":""perimeter:alderstone_standalone""}"
claim:0074,source:firm_initial_assessment,FROM_SOURCE,"{""rel"":""FROM_SOURCE"",""source"":""claim:0074"",""target"":""source:firm_initial_assessment""}"
claim:0075,metric:revenue_quality,MEASURES,"{""rel"":""MEASURES"",""source"":""claim:0075"",""target"":""metric:revenue_quality""}"
claim:0075,perimeter:alderstone_standalone,SCOPED_TO,"{""rel"":""SCOPED_TO"",""source"":""claim:0075"",""target"":""perimeter:alderstone_standalone""}"
claim:0075,source:firm_initial_assessment,FROM_SOURCE,"{""rel"":""FROM_SOURCE"",""source"":""claim:0075"",""target"":""source:firm_initial_assessment""}"
claim:0076,metric:capex,MEASURES,"{""rel"":""MEASURES"",""source"":""claim:0076"",""target"":""metric:capex""}"
claim:0076,perimeter:alderstone_standalone,SCOPED_TO,"{""rel"":""SCOPED_TO"",""source"":""claim:0076"",""target"":""perimeter:alderstone_standalone""}"
claim:0076,source:firm_initial_assessment,FROM_SOURCE,"{""rel"":""FROM_SOURCE"",""source"":""claim:0076"",""target"":""source:firm_initial_assessment""}"
claim:0077,metric:seller_rollover,MEASURES,"{""rel"":""MEASURES"",""source"":""claim:0077"",""target"":""metric:seller_rollover""}"
claim:0077,perimeter:alderstone_standalone,SCOPED_TO,"{""rel"":""SCOPED_TO"",""source"":""claim:0077"",""target"":""perimeter:alderstone_standalone""}"
claim:0077,source:firm_initial_assessment,FROM_SOURCE,"{""rel"":""FROM_SOURCE"",""source"":""claim:0077"",""target"":""source:firm_initial_assessment""}"
claim:0078,metric:customer_concentration,MEASURES,"{""rel"":""MEASURES"",""source"":""claim:0078"",""target"":""metric:customer_concentration""}"
claim:0078,perimeter:unknown,SCOPED_TO,"{""rel"":""SCOPED_TO"",""source"":""claim:0078"",""target"":""perimeter:unknown""}"
claim:0078,source:firm_initial_assessment,FROM_SOURCE,"{""rel"":""FROM_SOURCE"",""source"":""claim:0078"",""target"":""source:firm_initial_assessment""}"
claim:0079,metric:acquisition_count,MEASURES,"{""rel"":""MEASURES"",""source"":""claim:0079"",""target"":""metric:acquisition_count""}"
claim:0079,perimeter:unknown,SCOPED_TO,"{""rel"":""SCOPED_TO"",""source"":""claim:0079"",""target"":""perimeter:unknown""}"
claim:0079,source:firm_initial_assessment,FROM_SOURCE,"{""rel"":""FROM_SOURCE"",""source"":""claim:0079"",""target"":""source:firm_initial_assessment""}"
claim:0080,metric:ebitda_adjustment,MEASURES,"{""rel"":""MEASURES"",""source"":""claim:0080"",""target"":""metric:ebitda_adjustment""}"
claim:0080,perimeter:unknown,SCOPED_TO,"{""rel"":""SCOPED_TO"",""source"":""claim:0080"",""target"":""perimeter:unknown""}"
claim:0080,source:firm_initial_assessment,FROM_SOURCE,"{""rel"":""FROM_SOURCE"",""source"":""claim:0080"",""target"":""source:firm_initial_assessment""}"
claim:0081,metric:adjustment_supportability,MEASURES,"{""rel"":""MEASURES"",""source"":""claim:0081"",""target"":""metric:adjustment_supportability""}"
claim:0081,perimeter:unknown,SCOPED_TO,"{""rel"":""SCOPED_TO"",""source"":""claim:0081"",""target"":""perimeter:unknown""}"
claim:0081,source:firm_initial_assessment,FROM_SOURCE,"{""rel"":""FROM_SOURCE"",""source"":""claim:0081"",""target"":""source:firm_initial_assessment""}"
claim:0082,metric:enterprise_value,MEASURES,"{""rel"":""MEASURES"",""source"":""claim:0082"",""target"":""metric:enterprise_value""}"
claim:0082,perimeter:unknown,SCOPED_TO,"{""rel"":""SCOPED_TO"",""source"":""claim:0082"",""target"":""perimeter:unknown""}"
claim:0082,source:firm_initial_assessment,FROM_SOURCE,"{""rel"":""FROM_SOURCE"",""source"":""claim:0082"",""target"":""source:firm_initial_assessment""}"
claim:0083,metric:exit_multiple,MEASURES,"{""rel"":""MEASURES"",""source"":""claim:0083"",""target"":""metric:exit_multiple""}"
claim:0083,perimeter:unknown,SCOPED_TO,"{""rel"":""SCOPED_TO"",""source"":""claim:0083"",""target"":""perimeter:unknown""}"
claim:0083,source:firm_initial_assessment,FROM_SOURCE,"{""rel"":""FROM_SOURCE"",""source"":""claim:0083"",""target"":""source:firm_initial_assessment""}"
claim:0084,metric:ebitda_adjustment,MEASURES,"{""rel"":""MEASURES"",""source"":""claim:0084"",""target"":""metric:ebitda_adjustment""}"
claim:0084,perimeter:unknown,SCOPED_TO,"{""rel"":""SCOPED_TO"",""source"":""claim:0084"",""target"":""perimeter:unknown""}"
claim:0084,source:firm_initial_assessment,FROM_SOURCE,"{""rel"":""FROM_SOURCE"",""source"":""claim:0084"",""target"":""source:firm_initial_assessment""}"
claim:0085,metric:revenue,MEASURES,"{""rel"":""MEASURES"",""source"":""claim:0085"",""target"":""metric:revenue""}"
claim:0085,period:fy2025a,IN_PERIOD,"{""rel"":""IN_PERIOD"",""source"":""claim:0085"",""target"":""period:fy2025a""}"
claim:0085,perimeter:alderstone_standalone,SCOPED_TO,"{""rel"":""SCOPED_TO"",""source"":""claim:0085"",""target"":""perimeter:alderstone_standalone""}"
claim:0085,source:qoe_report,FROM_SOURCE,"{""rel"":""FROM_SOURCE"",""source"":""claim:0085"",""target"":""source:qoe_report""}"
claim:0086,metric:ebitda,MEASURES,"{""rel"":""MEASURES"",""source"":""claim:0086"",""target"":""metric:ebitda""}"
claim:0086,period:fy2025a,IN_PERIOD,"{""rel"":""IN_PERIOD"",""source"":""claim:0086"",""target"":""period:fy2025a""}"
claim:0086,perimeter:alderstone_standalone,SCOPED_TO,"{""rel"":""SCOPED_TO"",""source"":""claim:0086"",""target"":""perimeter:alderstone_standalone""}"
claim:0086,source:qoe_report,FROM_SOURCE,"{""rel"":""FROM_SOURCE"",""source"":""claim:0086"",""target"":""source:qoe_report""}"
claim:0087,metric:ebitda,MEASURES,"{""rel"":""MEASURES"",""source"":""claim:0087"",""target"":""metric:ebitda""}"
claim:0087,period:fy2025a,IN_PERIOD,"{""rel"":""IN_PERIOD"",""source"":""claim:0087"",""target"":""period:fy2025a""}"
claim:0087,perimeter:alderstone_qoe-normalized,SCOPED_TO,"{""rel"":""SCOPED_TO"",""source"":""claim:0087"",""target"":""perimeter:alderstone_qoe-normalized""}"
claim:0087,source:qoe_report,FROM_SOURCE,"{""rel"":""FROM_SOURCE"",""source"":""claim:0087"",""target"":""source:qoe_report""}"
claim:0088,metric:net_working_capital_target,MEASURES,"{""rel"":""MEASURES"",""source"":""claim:0088"",""target"":""metric:net_working_capital_target""}"
claim:0088,perimeter:unknown,SCOPED_TO,"{""rel"":""SCOPED_TO"",""source"":""claim:0088"",""target"":""perimeter:unknown""}"
claim:0088,source:qoe_report,FROM_SOURCE,"{""rel"":""FROM_SOURCE"",""source"":""claim:0088"",""target"":""source:qoe_report""}"
claim:0089,metric:net_working_capital,MEASURES,"{""rel"":""MEASURES"",""source"":""claim:0089"",""target"":""metric:net_working_capital""}"
claim:0089,perimeter:unknown,SCOPED_TO,"{""rel"":""SCOPED_TO"",""source"":""claim:0089"",""target"":""perimeter:unknown""}"
claim:0089,source:qoe_report,FROM_SOURCE,"{""rel"":""FROM_SOURCE"",""source"":""claim:0089"",""target"":""source:qoe_report""}"
claim:0090,metric:net_working_capital_adjustment,MEASURES,"{""rel"":""MEASURES"",""source"":""claim:0090"",""target"":""metric:net_working_capital_adjustment""}"
claim:0090,perimeter:unknown,SCOPED_TO,"{""rel"":""SCOPED_TO"",""source"":""claim:0090"",""target"":""perimeter:unknown""}"
claim:0090,source:qoe_report,FROM_SOURCE,"{""rel"":""FROM_SOURCE"",""source"":""claim:0090"",""target"":""source:qoe_report""}"
claim:0091,metric:ebitda_adjustment,MEASURES,"{""rel"":""MEASURES"",""source"":""claim:0091"",""target"":""metric:ebitda_adjustment""}"
claim:0091,perimeter:keystone,SCOPED_TO,"{""rel"":""SCOPED_TO"",""source"":""claim:0091"",""target"":""perimeter:keystone""}"
claim:0091,source:qoe_report,FROM_SOURCE,"{""rel"":""FROM_SOURCE"",""source"":""claim:0091"",""target"":""source:qoe_report""}"
claim:0092,metric:ebitda_add-back,MEASURES,"{""rel"":""MEASURES"",""source"":""claim:0092"",""target"":""metric:ebitda_add-back""}"
claim:0092,perimeter:keystone,SCOPED_TO,"{""rel"":""SCOPED_TO"",""source"":""claim:0092"",""target"":""perimeter:keystone""}"
claim:0092,source:qoe_report,FROM_SOURCE,"{""rel"":""FROM_SOURCE"",""source"":""claim:0092"",""target"":""source:qoe_report""}"
claim:0093,metric:ebitda,MEASURES,"{""rel"":""MEASURES"",""source"":""claim:0093"",""target"":""metric:ebitda""}"
claim:0093,perimeter:keystone_standalone,SCOPED_TO,"{""rel"":""SCOPED_TO"",""source"":""claim:0093"",""target"":""perimeter:keystone_standalone""}"
claim:0093,source:qoe_report,FROM_SOURCE,"{""rel"":""FROM_SOURCE"",""source"":""claim:0093"",""target"":""source:qoe_report""}"
claim:0094,metric:ebitda_adjustment,MEASURES,"{""rel"":""MEASURES"",""source"":""claim:0094"",""target"":""metric:ebitda_adjustment""}"
claim:0094,perimeter:keystone_standalone,SCOPED_TO,"{""rel"":""SCOPED_TO"",""source"":""claim:0094"",""target"":""perimeter:keystone_standalone""}"
claim:0094,source:qoe_report,FROM_SOURCE,"{""rel"":""FROM_SOURCE"",""source"":""claim:0094"",""target"":""source:qoe_report""}"
claim:0095,metric:ebitda_adjustment,MEASURES,"{""rel"":""MEASURES"",""source"":""claim:0095"",""target"":""metric:ebitda_adjustment""}"
claim:0095,perimeter:keystone_standalone,SCOPED_TO,"{""rel"":""SCOPED_TO"",""source"":""claim:0095"",""target"":""perimeter:keystone_standalone""}"
claim:0095,source:qoe_report,FROM_SOURCE,"{""rel"":""FROM_SOURCE"",""source"":""claim:0095"",""target"":""source:qoe_report""}"
claim:0096,metric:ebitda,MEASURES,"{""rel"":""MEASURES"",""source"":""claim:0096"",""target"":""metric:ebitda""}"
claim:0096,perimeter:keystone_qoe-normalized,SCOPED_TO,"{""rel"":""SCOPED_TO"",""source"":""claim:0096"",""target"":""perimeter:keystone_qoe-normalized""}"
claim:0096,source:qoe_report,FROM_SOURCE,"{""rel"":""FROM_SOURCE"",""source"":""claim:0096"",""target"":""source:qoe_report""}"
claim:0097,metric:gross_debt,MEASURES,"{""rel"":""MEASURES"",""source"":""claim:0097"",""target"":""metric:gross_debt""}"
claim:0097,period:opening,IN_PERIOD,"{""rel"":""IN_PERIOD"",""source"":""claim:0097"",""target"":""period:opening""}"
claim:0097,perimeter:keystone_standalone,SCOPED_TO,"{""rel"":""SCOPED_TO"",""source"":""claim:0097"",""target"":""perimeter:keystone_standalone""}"
claim:0097,source:qoe_report,FROM_SOURCE,"{""rel"":""FROM_SOURCE"",""source"":""claim:0097"",""target"":""source:qoe_report""}"
claim:0098,metric:net_debt,MEASURES,"{""rel"":""MEASURES"",""source"":""claim:0098"",""target"":""metric:net_debt""}"
claim:0098,period:opening,IN_PERIOD,"{""rel"":""IN_PERIOD"",""source"":""claim:0098"",""target"":""period:opening""}"
claim:0098,perimeter:keystone_standalone,SCOPED_TO,"{""rel"":""SCOPED_TO"",""source"":""claim:0098"",""target"":""perimeter:keystone_standalone""}"
claim:0098,source:qoe_report,FROM_SOURCE,"{""rel"":""FROM_SOURCE"",""source"":""claim:0098"",""target"":""source:qoe_report""}"
claim:0099,metric:first-lien_debt,MEASURES,"{""rel"":""MEASURES"",""source"":""claim:0099"",""target"":""metric:first-lien_debt""}"
claim:0099,period:opening,IN_PERIOD,"{""rel"":""IN_PERIOD"",""source"":""claim:0099"",""target"":""period:opening""}"
claim:0099,perimeter:keystone_standalone,SCOPED_TO,"{""rel"":""SCOPED_TO"",""source"":""claim:0099"",""target"":""perimeter:keystone_standalone""}"
claim:0099,source:qoe_report,FROM_SOURCE,"{""rel"":""FROM_SOURCE"",""source"":""claim:0099"",""target"":""source:qoe_report""}"
claim:0100,metric:earnings_quality_risk,MEASURES,"{""rel"":""MEASURES"",""source"":""claim:0100"",""target"":""metric:earnings_quality_risk""}"
claim:0100,perimeter:unknown,SCOPED_TO,"{""rel"":""SCOPED_TO"",""source"":""claim:0100"",""target"":""perimeter:unknown""}"
claim:0100,source:qoe_report,FROM_SOURCE,"{""rel"":""FROM_SOURCE"",""source"":""claim:0100"",""target"":""source:qoe_report""}"
claim:0101,metric:ebitda_adjustment,MEASURES,"{""rel"":""MEASURES"",""source"":""claim:0101"",""target"":""metric:ebitda_adjustment""}"
claim:0101,perimeter:keystone_standalone,SCOPED_TO,"{""rel"":""SCOPED_TO"",""source"":""claim:0101"",""target"":""perimeter:keystone_standalone""}"
claim:0101,source:firm_model_summary,FROM_SOURCE,"{""rel"":""FROM_SOURCE"",""source"":""claim:0101"",""target"":""source:firm_model_summary""}"
claim:0102,metric:ebitda_adjustment,MEASURES,"{""rel"":""MEASURES"",""source"":""claim:0102"",""target"":""metric:ebitda_adjustment""}"
claim:0102,perimeter:keystone_standalone,SCOPED_TO,"{""rel"":""SCOPED_TO"",""source"":""claim:0102"",""target"":""perimeter:keystone_standalone""}"
claim:0102,source:firm_model_summary,FROM_SOURCE,"{""rel"":""FROM_SOURCE"",""source"":""claim:0102"",""target"":""source:firm_model_summary""}"
claim:0103,metric:ebitda,MEASURES,"{""rel"":""MEASURES"",""source"":""claim:0103"",""target"":""metric:ebitda""}"
claim:0103,perimeter:keystone_standalone,SCOPED_TO,"{""rel"":""SCOPED_TO"",""source"":""claim:0103"",""target"":""perimeter:keystone_standalone""}"
claim:0103,source:firm_model_summary,FROM_SOURCE,"{""rel"":""FROM_SOURCE"",""source"":""claim:0103"",""target"":""source:firm_model_summary""}"
claim:0104,metric:revenue_growth,MEASURES,"{""rel"":""MEASURES"",""source"":""claim:0104"",""target"":""metric:revenue_growth""}"
claim:0104,perimeter:keystone_standalone,SCOPED_TO,"{""rel"":""SCOPED_TO"",""source"":""claim:0104"",""target"":""perimeter:keystone_standalone""}"
claim:0104,source:firm_model_summary,FROM_SOURCE,"{""rel"":""FROM_SOURCE"",""source"":""claim:0104"",""target"":""source:firm_model_summary""}"
claim:0105,metric:gross_margin,MEASURES,"{""rel"":""MEASURES"",""source"":""claim:0105"",""target"":""metric:gross_margin""}"
claim:0105,period:opening,IN_PERIOD,"{""rel"":""IN_PERIOD"",""source"":""claim:0105"",""target"":""period:opening""}"
claim:0105,perimeter:keystone_standalone,SCOPED_TO,"{""rel"":""SCOPED_TO"",""source"":""claim:0105"",""target"":""perimeter:keystone_standalone""}"
claim:0105,source:firm_model_summary,FROM_SOURCE,"{""rel"":""FROM_SOURCE"",""source"":""claim:0105"",""target"":""source:firm_model_summary""}"
claim:0106,metric:exit_multiple,MEASURES,"{""rel"":""MEASURES"",""source"":""claim:0106"",""target"":""metric:exit_multiple""}"
claim:0106,perimeter:keystone_standalone,SCOPED_TO,"{""rel"":""SCOPED_TO"",""source"":""claim:0106"",""target"":""perimeter:keystone_standalone""}"
claim:0106,source:firm_model_summary,FROM_SOURCE,"{""rel"":""FROM_SOURCE"",""source"":""claim:0106"",""target"":""source:firm_model_summary""}"
claim:0107,metric:exit_horizon,MEASURES,"{""rel"":""MEASURES"",""source"":""claim:0107"",""target"":""metric:exit_horizon""}"
claim:0107,period:fy2031,IN_PERIOD,"{""rel"":""IN_PERIOD"",""source"":""claim:0107"",""target"":""period:fy2031""}"
claim:0107,perimeter:keystone_standalone,SCOPED_TO,"{""rel"":""SCOPED_TO"",""source"":""claim:0107"",""target"":""perimeter:keystone_standalone""}"
claim:0107,source:firm_model_summary,FROM_SOURCE,"{""rel"":""FROM_SOURCE"",""source"":""claim:0107"",""target"":""source:firm_model_summary""}"
claim:0108,metric:acquisition_count,MEASURES,"{""rel"":""MEASURES"",""source"":""claim:0108"",""target"":""metric:acquisition_count""}"
claim:0108,period:fy2026,IN_PERIOD,"{""rel"":""IN_PERIOD"",""source"":""claim:0108"",""target"":""period:fy2026""}"
claim:0108,perimeter:unknown,SCOPED_TO,"{""rel"":""SCOPED_TO"",""source"":""claim:0108"",""target"":""perimeter:unknown""}"
claim:0108,source:firm_model_summary,FROM_SOURCE,"{""rel"":""FROM_SOURCE"",""source"":""claim:0108"",""target"":""source:firm_model_summary""}"
claim:0109,metric:ddtl_availability,MEASURES,"{""rel"":""MEASURES"",""source"":""claim:0109"",""target"":""metric:ddtl_availability""}"
claim:0109,period:fy2026,IN_PERIOD,"{""rel"":""IN_PERIOD"",""source"":""claim:0109"",""target"":""period:fy2026""}"
claim:0109,perimeter:unknown,SCOPED_TO,"{""rel"":""SCOPED_TO"",""source"":""claim:0109"",""target"":""perimeter:unknown""}"
claim:0109,source:firm_model_summary,FROM_SOURCE,"{""rel"":""FROM_SOURCE"",""source"":""claim:0109"",""target"":""source:firm_model_summary""}"
claim:0110,metric:sponsor_equity,MEASURES,"{""rel"":""MEASURES"",""source"":""claim:0110"",""target"":""metric:sponsor_equity""}"
claim:0110,period:fy2026,IN_PERIOD,"{""rel"":""IN_PERIOD"",""source"":""claim:0110"",""target"":""period:fy2026""}"
claim:0110,perimeter:unknown,SCOPED_TO,"{""rel"":""SCOPED_TO"",""source"":""claim:0110"",""target"":""perimeter:unknown""}"
claim:0110,source:firm_model_summary,FROM_SOURCE,"{""rel"":""FROM_SOURCE"",""source"":""claim:0110"",""target"":""source:firm_model_summary""}"
claim:0111,metric:revenue_growth,MEASURES,"{""rel"":""MEASURES"",""source"":""claim:0111"",""target"":""metric:revenue_growth""}"
claim:0111,period:fy2026,IN_PERIOD,"{""rel"":""IN_PERIOD"",""source"":""claim:0111"",""target"":""period:fy2026""}"
claim:0111,perimeter:unknown,SCOPED_TO,"{""rel"":""SCOPED_TO"",""source"":""claim:0111"",""target"":""perimeter:unknown""}"
claim:0111,source:firm_model_summary,FROM_SOURCE,"{""rel"":""FROM_SOURCE"",""source"":""claim:0111"",""target"":""source:firm_model_summary""}"
claim:0112,metric:revenue,MEASURES,"{""rel"":""MEASURES"",""source"":""claim:0112"",""target"":""metric:revenue""}"
claim:0112,period:ltm,IN_PERIOD,"{""rel"":""IN_PERIOD"",""source"":""claim:0112"",""target"":""period:ltm""}"
claim:0112,perimeter:alderstone_standalone,SCOPED_TO,"{""rel"":""SCOPED_TO"",""source"":""claim:0112"",""target"":""perimeter:alderstone_standalone""}"
claim:0112,source:firm_model_summary,FROM_SOURCE,"{""rel"":""FROM_SOURCE"",""source"":""claim:0112"",""target"":""source:firm_model_summary""}"
claim:0113,metric:ebitda,MEASURES,"{""rel"":""MEASURES"",""source"":""claim:0113"",""target"":""metric:ebitda""}"
claim:0113,period:ltm,IN_PERIOD,"{""rel"":""IN_PERIOD"",""source"":""claim:0113"",""target"":""period:ltm""}"
claim:0113,perimeter:alderstone_standalone,SCOPED_TO,"{""rel"":""SCOPED_TO"",""source"":""claim:0113"",""target"":""perimeter:alderstone_standalone""}"
claim:0113,source:firm_model_summary,FROM_SOURCE,"{""rel"":""FROM_SOURCE"",""source"":""claim:0113"",""target"":""source:firm_model_summary""}"
claim:0114,metric:exit_multiple,MEASURES,"{""rel"":""MEASURES"",""source"":""claim:0114"",""target"":""metric:exit_multiple""}"
claim:0114,period:ltm,IN_PERIOD,"{""rel"":""IN_PERIOD"",""source"":""claim:0114"",""target"":""period:ltm""}"
claim:0114,perimeter:alderstone_standalone,SCOPED_TO,"{""rel"":""SCOPED_TO"",""source"":""claim:0114"",""target"":""perimeter:alderstone_standalone""}"
claim:0114,source:firm_model_summary,FROM_SOURCE,"{""rel"":""FROM_SOURCE"",""source"":""claim:0114"",""target"":""source:firm_model_summary""}"
claim:0115,metric:moic,MEASURES,"{""rel"":""MEASURES"",""source"":""claim:0115"",""target"":""metric:moic""}"
claim:0115,perimeter:alderstone_standalone,SCOPED_TO,"{""rel"":""SCOPED_TO"",""source"":""claim:0115"",""target"":""perimeter:alderstone_standalone""}"
claim:0115,source:firm_model_summary,FROM_SOURCE,"{""rel"":""FROM_SOURCE"",""source"":""claim:0115"",""target"":""source:firm_model_summary""}"
claim:0116,metric:net_debt,MEASURES,"{""rel"":""MEASURES"",""source"":""claim:0116"",""target"":""metric:net_debt""}"
claim:0116,perimeter:unknown,SCOPED_TO,"{""rel"":""SCOPED_TO"",""source"":""claim:0116"",""target"":""perimeter:unknown""}"
claim:0116,source:firm_model_summary,FROM_SOURCE,"{""rel"":""FROM_SOURCE"",""source"":""claim:0116"",""target"":""source:firm_model_summary""}"
claim:0117,metric:revolver_capacity,MEASURES,"{""rel"":""MEASURES"",""source"":""claim:0117"",""target"":""metric:revolver_capacity""}"
claim:0117,perimeter:unknown,SCOPED_TO,"{""rel"":""SCOPED_TO"",""source"":""claim:0117"",""target"":""perimeter:unknown""}"
claim:0117,source:firm_model_summary,FROM_SOURCE,"{""rel"":""FROM_SOURCE"",""source"":""claim:0117"",""target"":""source:firm_model_summary""}"
claim:0118,metric:ddtl_availability,MEASURES,"{""rel"":""MEASURES"",""source"":""claim:0118"",""target"":""metric:ddtl_availability""}"
claim:0118,perimeter:unknown,SCOPED_TO,"{""rel"":""SCOPED_TO"",""source"":""claim:0118"",""target"":""perimeter:unknown""}"
claim:0118,source:firm_model_summary,FROM_SOURCE,"{""rel"":""FROM_SOURCE"",""source"":""claim:0118"",""target"":""source:firm_model_summary""}"
claim:0119,metric:ddtl_availability,MEASURES,"{""rel"":""MEASURES"",""source"":""claim:0119"",""target"":""metric:ddtl_availability""}"
claim:0119,perimeter:unknown,SCOPED_TO,"{""rel"":""SCOPED_TO"",""source"":""claim:0119"",""target"":""perimeter:unknown""}"
claim:0119,source:firm_model_summary,FROM_SOURCE,"{""rel"":""FROM_SOURCE"",""source"":""claim:0119"",""target"":""source:firm_model_summary""}"
claim:0120,metric:revolver_capacity,MEASURES,"{""rel"":""MEASURES"",""source"":""claim:0120"",""target"":""metric:revolver_capacity""}"
claim:0120,perimeter:unknown,SCOPED_TO,"{""rel"":""SCOPED_TO"",""source"":""claim:0120"",""target"":""perimeter:unknown""}"
claim:0120,source:firm_model_summary,FROM_SOURCE,"{""rel"":""FROM_SOURCE"",""source"":""claim:0120"",""target"":""source:firm_model_summary""}"
claim:0121,metric:ebitda_add-back,MEASURES,"{""rel"":""MEASURES"",""source"":""claim:0121"",""target"":""metric:ebitda_add-back""}"
claim:0121,perimeter:unknown,SCOPED_TO,"{""rel"":""SCOPED_TO"",""source"":""claim:0121"",""target"":""perimeter:unknown""}"
claim:0121,source:firm_model_summary,FROM_SOURCE,"{""rel"":""FROM_SOURCE"",""source"":""claim:0121"",""target"":""source:firm_model_summary""}"
claim:0122,metric:sponsor_equity,MEASURES,"{""rel"":""MEASURES"",""source"":""claim:0122"",""target"":""metric:sponsor_equity""}"
claim:0122,period:opening,IN_PERIOD,"{""rel"":""IN_PERIOD"",""source"":""claim:0122"",""target"":""period:opening""}"
claim:0122,perimeter:unknown,SCOPED_TO,"{""rel"":""SCOPED_TO"",""source"":""claim:0122"",""target"":""perimeter:unknown""}"
claim:0122,source:firm_model_summary,FROM_SOURCE,"{""rel"":""FROM_SOURCE"",""source"":""claim:0122"",""target"":""source:firm_model_summary""}"
claim:0123,metric:exit_multiple,MEASURES,"{""rel"":""MEASURES"",""source"":""claim:0123"",""target"":""metric:exit_multiple""}"
claim:0123,perimeter:keystone_standalone,SCOPED_TO,"{""rel"":""SCOPED_TO"",""source"":""claim:0123"",""target"":""perimeter:keystone_standalone""}"
claim:0123,source:firm_model_summary,FROM_SOURCE,"{""rel"":""FROM_SOURCE"",""source"":""claim:0123"",""target"":""source:firm_model_summary""}"
claim:0124,metric:ebitda_margin,MEASURES,"{""rel"":""MEASURES"",""source"":""claim:0124"",""target"":""metric:ebitda_margin""}"
claim:0124,perimeter:keystone_standalone,SCOPED_TO,"{""rel"":""SCOPED_TO"",""source"":""claim:0124"",""target"":""perimeter:keystone_standalone""}"
claim:0124,source:firm_model_summary,FROM_SOURCE,"{""rel"":""FROM_SOURCE"",""source"":""claim:0124"",""target"":""source:firm_model_summary""}"
claim:0125,metric:revenue_growth,MEASURES,"{""rel"":""MEASURES"",""source"":""claim:0125"",""target"":""metric:revenue_growth""}"
claim:0125,perimeter:keystone_standalone,SCOPED_TO,"{""rel"":""SCOPED_TO"",""source"":""claim:0125"",""target"":""perimeter:keystone_standalone""}"
claim:0125,source:firm_model_summary,FROM_SOURCE,"{""rel"":""FROM_SOURCE"",""source"":""claim:0125"",""target"":""source:firm_model_summary""}"
claim:0126,metric:ebitda_margin,MEASURES,"{""rel"":""MEASURES"",""source"":""claim:0126"",""target"":""metric:ebitda_margin""}"
claim:0126,period:fy2029e,IN_PERIOD,"{""rel"":""IN_PERIOD"",""source"":""claim:0126"",""target"":""period:fy2029e""}"
claim:0126,perimeter:alderstone_standalone,SCOPED_TO,"{""rel"":""SCOPED_TO"",""source"":""claim:0126"",""target"":""perimeter:alderstone_standalone""}"
claim:0126,source:firm_model_summary,FROM_SOURCE,"{""rel"":""FROM_SOURCE"",""source"":""claim:0126"",""target"":""source:firm_model_summary""}"
claim:0127,metric:dso,MEASURES,"{""rel"":""MEASURES"",""source"":""claim:0127"",""target"":""metric:dso""}"
claim:0127,period:fy2028e,IN_PERIOD,"{""rel"":""IN_PERIOD"",""source"":""claim:0127"",""target"":""period:fy2028e""}"
claim:0127,perimeter:alderstone_standalone,SCOPED_TO,"{""rel"":""SCOPED_TO"",""source"":""claim:0127"",""target"":""perimeter:alderstone_standalone""}"
claim:0127,source:firm_model_summary,FROM_SOURCE,"{""rel"":""FROM_SOURCE"",""source"":""claim:0127"",""target"":""source:firm_model_summary""}"
claim:0128,metric:ebitda_margin,MEASURES,"{""rel"":""MEASURES"",""source"":""claim:0128"",""target"":""metric:ebitda_margin""}"
claim:0128,period:fy2026,IN_PERIOD,"{""rel"":""IN_PERIOD"",""source"":""claim:0128"",""target"":""period:fy2026""}"
claim:0128,perimeter:alderstone_consolidated,SCOPED_TO,"{""rel"":""SCOPED_TO"",""source"":""claim:0128"",""target"":""perimeter:alderstone_consolidated""}"
claim:0128,source:firm_model_summary,FROM_SOURCE,"{""rel"":""FROM_SOURCE"",""source"":""claim:0128"",""target"":""source:firm_model_summary""}"
claim:0129,metric:gross_margin,MEASURES,"{""rel"":""MEASURES"",""source"":""claim:0129"",""target"":""metric:gross_margin""}"
claim:0129,period:fy2026,IN_PERIOD,"{""rel"":""IN_PERIOD"",""source"":""claim:0129"",""target"":""period:fy2026""}"
claim:0129,perimeter:alderstone_consolidated,SCOPED_TO,"{""rel"":""SCOPED_TO"",""source"":""claim:0129"",""target"":""perimeter:alderstone_consolidated""}"
claim:0129,source:firm_model_summary,FROM_SOURCE,"{""rel"":""FROM_SOURCE"",""source"":""claim:0129"",""target"":""source:firm_model_summary""}"
claim:0130,metric:dso,MEASURES,"{""rel"":""MEASURES"",""source"":""claim:0130"",""target"":""metric:dso""}"
claim:0130,period:fy2026,IN_PERIOD,"{""rel"":""IN_PERIOD"",""source"":""claim:0130"",""target"":""period:fy2026""}"
claim:0130,perimeter:alderstone_consolidated,SCOPED_TO,"{""rel"":""SCOPED_TO"",""source"":""claim:0130"",""target"":""perimeter:alderstone_consolidated""}"
claim:0130,source:firm_model_summary,FROM_SOURCE,"{""rel"":""FROM_SOURCE"",""source"":""claim:0130"",""target"":""source:firm_model_summary""}"
claim:0131,metric:revenue_growth,MEASURES,"{""rel"":""MEASURES"",""source"":""claim:0131"",""target"":""metric:revenue_growth""}"
claim:0131,period:fy2026,IN_PERIOD,"{""rel"":""IN_PERIOD"",""source"":""claim:0131"",""target"":""period:fy2026""}"
claim:0131,perimeter:alderstone_consolidated,SCOPED_TO,"{""rel"":""SCOPED_TO"",""source"":""claim:0131"",""target"":""perimeter:alderstone_consolidated""}"
claim:0131,source:firm_model_summary,FROM_SOURCE,"{""rel"":""FROM_SOURCE"",""source"":""claim:0131"",""target"":""source:firm_model_summary""}"
claim:0132,metric:net_income,MEASURES,"{""rel"":""MEASURES"",""source"":""claim:0132"",""target"":""metric:net_income""}"
claim:0132,period:fy2025a,IN_PERIOD,"{""rel"":""IN_PERIOD"",""source"":""claim:0132"",""target"":""period:fy2025a""}"
claim:0132,perimeter:keystone_standalone,SCOPED_TO,"{""rel"":""SCOPED_TO"",""source"":""claim:0132"",""target"":""perimeter:keystone_standalone""}"
claim:0132,source:firm_model_summary,FROM_SOURCE,"{""rel"":""FROM_SOURCE"",""source"":""claim:0132"",""target"":""source:firm_model_summary""}"
claim:0133,metric:working_capital,MEASURES,"{""rel"":""MEASURES"",""source"":""claim:0133"",""target"":""metric:working_capital""}"
claim:0133,period:fy2025a,IN_PERIOD,"{""rel"":""IN_PERIOD"",""source"":""claim:0133"",""target"":""period:fy2025a""}"
claim:0133,perimeter:keystone_standalone,SCOPED_TO,"{""rel"":""SCOPED_TO"",""source"":""claim:0133"",""target"":""perimeter:keystone_standalone""}"
claim:0133,source:firm_model_summary,FROM_SOURCE,"{""rel"":""FROM_SOURCE"",""source"":""claim:0133"",""target"":""source:firm_model_summary""}"
claim:0134,metric:operating_cash_flow,MEASURES,"{""rel"":""MEASURES"",""source"":""claim:0134"",""target"":""metric:operating_cash_flow""}"
claim:0134,period:fy2025a,IN_PERIOD,"{""rel"":""IN_PERIOD"",""source"":""claim:0134"",""target"":""period:fy2025a""}"
claim:0134,perimeter:unknown,SCOPED_TO,"{""rel"":""SCOPED_TO"",""source"":""claim:0134"",""target"":""perimeter:unknown""}"
claim:0134,source:firm_model_summary,FROM_SOURCE,"{""rel"":""FROM_SOURCE"",""source"":""claim:0134"",""target"":""source:firm_model_summary""}"
claim:0135,metric:capex,MEASURES,"{""rel"":""MEASURES"",""source"":""claim:0135"",""target"":""metric:capex""}"
claim:0135,period:fy2025a,IN_PERIOD,"{""rel"":""IN_PERIOD"",""source"":""claim:0135"",""target"":""period:fy2025a""}"
claim:0135,perimeter:unknown,SCOPED_TO,"{""rel"":""SCOPED_TO"",""source"":""claim:0135"",""target"":""perimeter:unknown""}"
claim:0135,source:firm_model_summary,FROM_SOURCE,"{""rel"":""FROM_SOURCE"",""source"":""claim:0135"",""target"":""source:firm_model_summary""}"
claim:0136,metric:revenue,MEASURES,"{""rel"":""MEASURES"",""source"":""claim:0136"",""target"":""metric:revenue""}"
claim:0136,period:fy2025a,IN_PERIOD,"{""rel"":""IN_PERIOD"",""source"":""claim:0136"",""target"":""period:fy2025a""}"
claim:0136,perimeter:keystone_standalone,SCOPED_TO,"{""rel"":""SCOPED_TO"",""source"":""claim:0136"",""target"":""perimeter:keystone_standalone""}"
claim:0136,source:firm_model_summary,FROM_SOURCE,"{""rel"":""FROM_SOURCE"",""source"":""claim:0136"",""target"":""source:firm_model_summary""}"
claim:0137,metric:revenue,MEASURES,"{""rel"":""MEASURES"",""source"":""claim:0137"",""target"":""metric:revenue""}"
claim:0137,period:fy2025a,IN_PERIOD,"{""rel"":""IN_PERIOD"",""source"":""claim:0137"",""target"":""period:fy2025a""}"
claim:0137,perimeter:keystone_standalone,SCOPED_TO,"{""rel"":""SCOPED_TO"",""source"":""claim:0137"",""target"":""perimeter:keystone_standalone""}"
claim:0137,source:firm_model_summary,FROM_SOURCE,"{""rel"":""FROM_SOURCE"",""source"":""claim:0137"",""target"":""source:firm_model_summary""}"
claim:0138,metric:revenue,MEASURES,"{""rel"":""MEASURES"",""source"":""claim:0138"",""target"":""metric:revenue""}"
claim:0138,period:fy2025a,IN_PERIOD,"{""rel"":""IN_PERIOD"",""source"":""claim:0138"",""target"":""period:fy2025a""}"
claim:0138,perimeter:keystone_standalone,SCOPED_TO,"{""rel"":""SCOPED_TO"",""source"":""claim:0138"",""target"":""perimeter:keystone_standalone""}"
claim:0138,source:firm_model_summary,FROM_SOURCE,"{""rel"":""FROM_SOURCE"",""source"":""claim:0138"",""target"":""source:firm_model_summary""}"
claim:0139,metric:gross_margin,MEASURES,"{""rel"":""MEASURES"",""source"":""claim:0139"",""target"":""metric:gross_margin""}"
claim:0139,period:ltm,IN_PERIOD,"{""rel"":""IN_PERIOD"",""source"":""claim:0139"",""target"":""period:ltm""}"
claim:0139,perimeter:unknown,SCOPED_TO,"{""rel"":""SCOPED_TO"",""source"":""claim:0139"",""target"":""perimeter:unknown""}"
claim:0139,source:firm_model_summary,FROM_SOURCE,"{""rel"":""FROM_SOURCE"",""source"":""claim:0139"",""target"":""source:firm_model_summary""}"
claim:0140,metric:gross_margin,MEASURES,"{""rel"":""MEASURES"",""source"":""claim:0140"",""target"":""metric:gross_margin""}"
claim:0140,period:ltm,IN_PERIOD,"{""rel"":""IN_PERIOD"",""source"":""claim:0140"",""target"":""period:ltm""}"
claim:0140,perimeter:unknown,SCOPED_TO,"{""rel"":""SCOPED_TO"",""source"":""claim:0140"",""target"":""perimeter:unknown""}"
claim:0140,source:firm_model_summary,FROM_SOURCE,"{""rel"":""FROM_SOURCE"",""source"":""claim:0140"",""target"":""source:firm_model_summary""}"
claim:0141,metric:gross_margin,MEASURES,"{""rel"":""MEASURES"",""source"":""claim:0141"",""target"":""metric:gross_margin""}"
claim:0141,period:ltm,IN_PERIOD,"{""rel"":""IN_PERIOD"",""source"":""claim:0141"",""target"":""period:ltm""}"
claim:0141,perimeter:unknown,SCOPED_TO,"{""rel"":""SCOPED_TO"",""source"":""claim:0141"",""target"":""perimeter:unknown""}"
claim:0141,source:firm_model_summary,FROM_SOURCE,"{""rel"":""FROM_SOURCE"",""source"":""claim:0141"",""target"":""source:firm_model_summary""}"
claim:0142,metric:ebitda_margin,MEASURES,"{""rel"":""MEASURES"",""source"":""claim:0142"",""target"":""metric:ebitda_margin""}"
claim:0142,period:ltm,IN_PERIOD,"{""rel"":""IN_PERIOD"",""source"":""claim:0142"",""target"":""period:ltm""}"
claim:0142,perimeter:unknown,SCOPED_TO,"{""rel"":""SCOPED_TO"",""source"":""claim:0142"",""target"":""perimeter:unknown""}"
claim:0142,source:firm_model_summary,FROM_SOURCE,"{""rel"":""FROM_SOURCE"",""source"":""claim:0142"",""target"":""source:firm_model_summary""}"
claim:0143,metric:revenue,MEASURES,"{""rel"":""MEASURES"",""source"":""claim:0143"",""target"":""metric:revenue""}"
claim:0143,period:fy2025a,IN_PERIOD,"{""rel"":""IN_PERIOD"",""source"":""claim:0143"",""target"":""period:fy2025a""}"
claim:0143,perimeter:keystone_standalone,SCOPED_TO,"{""rel"":""SCOPED_TO"",""source"":""claim:0143"",""target"":""perimeter:keystone_standalone""}"
claim:0143,source:firm_model_summary,FROM_SOURCE,"{""rel"":""FROM_SOURCE"",""source"":""claim:0143"",""target"":""source:firm_model_summary""}"
claim:0144,metric:revenue,MEASURES,"{""rel"":""MEASURES"",""source"":""claim:0144"",""target"":""metric:revenue""}"
claim:0144,period:fy2025a,IN_PERIOD,"{""rel"":""IN_PERIOD"",""source"":""claim:0144"",""target"":""period:fy2025a""}"
claim:0144,perimeter:keystone_standalone,SCOPED_TO,"{""rel"":""SCOPED_TO"",""source"":""claim:0144"",""target"":""perimeter:keystone_standalone""}"
claim:0144,source:firm_model_summary,FROM_SOURCE,"{""rel"":""FROM_SOURCE"",""source"":""claim:0144"",""target"":""source:firm_model_summary""}"
claim:0145,metric:customer_concentration,MEASURES,"{""rel"":""MEASURES"",""source"":""claim:0145"",""target"":""metric:customer_concentration""}"
claim:0145,period:fy2025a,IN_PERIOD,"{""rel"":""IN_PERIOD"",""source"":""claim:0145"",""target"":""period:fy2025a""}"
claim:0145,perimeter:keystone_standalone,SCOPED_TO,"{""rel"":""SCOPED_TO"",""source"":""claim:0145"",""target"":""perimeter:keystone_standalone""}"
claim:0145,source:firm_model_summary,FROM_SOURCE,"{""rel"":""FROM_SOURCE"",""source"":""claim:0145"",""target"":""source:firm_model_summary""}"
claim:0146,metric:customer_concentration,MEASURES,"{""rel"":""MEASURES"",""source"":""claim:0146"",""target"":""metric:customer_concentration""}"
claim:0146,period:fy2025a,IN_PERIOD,"{""rel"":""IN_PERIOD"",""source"":""claim:0146"",""target"":""period:fy2025a""}"
claim:0146,perimeter:keystone_standalone,SCOPED_TO,"{""rel"":""SCOPED_TO"",""source"":""claim:0146"",""target"":""perimeter:keystone_standalone""}"
claim:0146,source:firm_model_summary,FROM_SOURCE,"{""rel"":""FROM_SOURCE"",""source"":""claim:0146"",""target"":""source:firm_model_summary""}"
claim:0147,metric:customer_concentration,MEASURES,"{""rel"":""MEASURES"",""source"":""claim:0147"",""target"":""metric:customer_concentration""}"
claim:0147,perimeter:unknown,SCOPED_TO,"{""rel"":""SCOPED_TO"",""source"":""claim:0147"",""target"":""perimeter:unknown""}"
claim:0147,source:firm_model_summary,FROM_SOURCE,"{""rel"":""FROM_SOURCE"",""source"":""claim:0147"",""target"":""source:firm_model_summary""}"
claim:0148,metric:customer_concentration,MEASURES,"{""rel"":""MEASURES"",""source"":""claim:0148"",""target"":""metric:customer_concentration""}"
claim:0148,perimeter:unknown,SCOPED_TO,"{""rel"":""SCOPED_TO"",""source"":""claim:0148"",""target"":""perimeter:unknown""}"
claim:0148,source:firm_model_summary,FROM_SOURCE,"{""rel"":""FROM_SOURCE"",""source"":""claim:0148"",""target"":""source:firm_model_summary""}"
claim:0149,metric:customer_concentration,MEASURES,"{""rel"":""MEASURES"",""source"":""claim:0149"",""target"":""metric:customer_concentration""}"
claim:0149,perimeter:unknown,SCOPED_TO,"{""rel"":""SCOPED_TO"",""source"":""claim:0149"",""target"":""perimeter:unknown""}"
claim:0149,source:firm_model_summary,FROM_SOURCE,"{""rel"":""FROM_SOURCE"",""source"":""claim:0149"",""target"":""source:firm_model_summary""}"
claim:0150,metric:customer_concentration,MEASURES,"{""rel"":""MEASURES"",""source"":""claim:0150"",""target"":""metric:customer_concentration""}"
claim:0150,perimeter:unknown,SCOPED_TO,"{""rel"":""SCOPED_TO"",""source"":""claim:0150"",""target"":""perimeter:unknown""}"
claim:0150,source:firm_model_summary,FROM_SOURCE,"{""rel"":""FROM_SOURCE"",""source"":""claim:0150"",""target"":""source:firm_model_summary""}"
claim:0151,metric:customer_count,MEASURES,"{""rel"":""MEASURES"",""source"":""claim:0151"",""target"":""metric:customer_count""}"
claim:0151,perimeter:alderstone_standalone,SCOPED_TO,"{""rel"":""SCOPED_TO"",""source"":""claim:0151"",""target"":""perimeter:alderstone_standalone""}"
claim:0151,source:firm_model_summary,FROM_SOURCE,"{""rel"":""FROM_SOURCE"",""source"":""claim:0151"",""target"":""source:firm_model_summary""}"
claim:0152,metric:customer_concentration,MEASURES,"{""rel"":""MEASURES"",""source"":""claim:0152"",""target"":""metric:customer_concentration""}"
claim:0152,perimeter:alderstone_standalone,SCOPED_TO,"{""rel"":""SCOPED_TO"",""source"":""claim:0152"",""target"":""perimeter:alderstone_standalone""}"
claim:0152,source:firm_model_summary,FROM_SOURCE,"{""rel"":""FROM_SOURCE"",""source"":""claim:0152"",""target"":""source:firm_model_summary""}"
claim:0153,metric:customer_contract_terms,MEASURES,"{""rel"":""MEASURES"",""source"":""claim:0153"",""target"":""metric:customer_contract_terms""}"
claim:0153,perimeter:alderstone_standalone,SCOPED_TO,"{""rel"":""SCOPED_TO"",""source"":""claim:0153"",""target"":""perimeter:alderstone_standalone""}"
claim:0153,source:firm_model_summary,FROM_SOURCE,"{""rel"":""FROM_SOURCE"",""source"":""claim:0153"",""target"":""source:firm_model_summary""}"
claim:0154,metric:customer_retention,MEASURES,"{""rel"":""MEASURES"",""source"":""claim:0154"",""target"":""metric:customer_retention""}"
claim:0154,perimeter:alderstone_standalone,SCOPED_TO,"{""rel"":""SCOPED_TO"",""source"":""claim:0154"",""target"":""perimeter:alderstone_standalone""}"
claim:0154,source:firm_model_summary,FROM_SOURCE,"{""rel"":""FROM_SOURCE"",""source"":""claim:0154"",""target"":""source:firm_model_summary""}"
claim:0155,metric:customer_concentration,MEASURES,"{""rel"":""MEASURES"",""source"":""claim:0155"",""target"":""metric:customer_concentration""}"
claim:0155,perimeter:unknown,SCOPED_TO,"{""rel"":""SCOPED_TO"",""source"":""claim:0155"",""target"":""perimeter:unknown""}"
claim:0155,source:firm_model_summary,FROM_SOURCE,"{""rel"":""FROM_SOURCE"",""source"":""claim:0155"",""target"":""source:firm_model_summary""}"
claim:0156,metric:recurring_revenue,MEASURES,"{""rel"":""MEASURES"",""source"":""claim:0156"",""target"":""metric:recurring_revenue""}"
claim:0156,perimeter:unknown,SCOPED_TO,"{""rel"":""SCOPED_TO"",""source"":""claim:0156"",""target"":""perimeter:unknown""}"
claim:0156,source:firm_model_summary,FROM_SOURCE,"{""rel"":""FROM_SOURCE"",""source"":""claim:0156"",""target"":""source:firm_model_summary""}"
claim:0157,metric:customer_count,MEASURES,"{""rel"":""MEASURES"",""source"":""claim:0157"",""target"":""metric:customer_count""}"
claim:0157,perimeter:unknown,SCOPED_TO,"{""rel"":""SCOPED_TO"",""source"":""claim:0157"",""target"":""perimeter:unknown""}"
claim:0157,source:firm_model_summary,FROM_SOURCE,"{""rel"":""FROM_SOURCE"",""source"":""claim:0157"",""target"":""source:firm_model_summary""}"
claim:0158,metric:customer_concentration,MEASURES,"{""rel"":""MEASURES"",""source"":""claim:0158"",""target"":""metric:customer_concentration""}"
claim:0158,perimeter:unknown,SCOPED_TO,"{""rel"":""SCOPED_TO"",""source"":""claim:0158"",""target"":""perimeter:unknown""}"
claim:0158,source:firm_model_summary,FROM_SOURCE,"{""rel"":""FROM_SOURCE"",""source"":""claim:0158"",""target"":""source:firm_model_summary""}"
claim:0159,metric:recurring_revenue,MEASURES,"{""rel"":""MEASURES"",""source"":""claim:0159"",""target"":""metric:recurring_revenue""}"
claim:0159,period:fy2025a,IN_PERIOD,"{""rel"":""IN_PERIOD"",""source"":""claim:0159"",""target"":""period:fy2025a""}"
claim:0159,perimeter:riverton_group,SCOPED_TO,"{""rel"":""SCOPED_TO"",""source"":""claim:0159"",""target"":""perimeter:riverton_group""}"
claim:0159,source:firm_model_summary,FROM_SOURCE,"{""rel"":""FROM_SOURCE"",""source"":""claim:0159"",""target"":""source:firm_model_summary""}"
claim:0160,metric:customer_retention,MEASURES,"{""rel"":""MEASURES"",""source"":""claim:0160"",""target"":""metric:customer_retention""}"
claim:0160,perimeter:unknown,SCOPED_TO,"{""rel"":""SCOPED_TO"",""source"":""claim:0160"",""target"":""perimeter:unknown""}"
claim:0160,source:firm_model_summary,FROM_SOURCE,"{""rel"":""FROM_SOURCE"",""source"":""claim:0160"",""target"":""source:firm_model_summary""}"
claim:0161,metric:customer_concentration,MEASURES,"{""rel"":""MEASURES"",""source"":""claim:0161"",""target"":""metric:customer_concentration""}"
claim:0161,perimeter:keystone,SCOPED_TO,"{""rel"":""SCOPED_TO"",""source"":""claim:0161"",""target"":""perimeter:keystone""}"
claim:0161,source:firm_model_summary,FROM_SOURCE,"{""rel"":""FROM_SOURCE"",""source"":""claim:0161"",""target"":""source:firm_model_summary""}"
claim:0162,metric:customer_concentration,MEASURES,"{""rel"":""MEASURES"",""source"":""claim:0162"",""target"":""metric:customer_concentration""}"
claim:0162,perimeter:keystone,SCOPED_TO,"{""rel"":""SCOPED_TO"",""source"":""claim:0162"",""target"":""perimeter:keystone""}"
claim:0162,source:firm_model_summary,FROM_SOURCE,"{""rel"":""FROM_SOURCE"",""source"":""claim:0162"",""target"":""source:firm_model_summary""}"
claim:0163,metric:customer_concentration,MEASURES,"{""rel"":""MEASURES"",""source"":""claim:0163"",""target"":""metric:customer_concentration""}"
claim:0163,perimeter:keystone,SCOPED_TO,"{""rel"":""SCOPED_TO"",""source"":""claim:0163"",""target"":""perimeter:keystone""}"
claim:0163,source:firm_model_summary,FROM_SOURCE,"{""rel"":""FROM_SOURCE"",""source"":""claim:0163"",""target"":""source:firm_model_summary""}"
claim:0164,metric:revenue,MEASURES,"{""rel"":""MEASURES"",""source"":""claim:0164"",""target"":""metric:revenue""}"
claim:0164,perimeter:keystone,SCOPED_TO,"{""rel"":""SCOPED_TO"",""source"":""claim:0164"",""target"":""perimeter:keystone""}"
claim:0164,source:firm_model_summary,FROM_SOURCE,"{""rel"":""FROM_SOURCE"",""source"":""claim:0164"",""target"":""source:firm_model_summary""}"
claim:0165,metric:recurring_revenue,MEASURES,"{""rel"":""MEASURES"",""source"":""claim:0165"",""target"":""metric:recurring_revenue""}"
claim:0165,perimeter:unknown,SCOPED_TO,"{""rel"":""SCOPED_TO"",""source"":""claim:0165"",""target"":""perimeter:unknown""}"
claim:0165,source:firm_model_summary,FROM_SOURCE,"{""rel"":""FROM_SOURCE"",""source"":""claim:0165"",""target"":""source:firm_model_summary""}"
claim:0166,metric:revenue,MEASURES,"{""rel"":""MEASURES"",""source"":""claim:0166"",""target"":""metric:revenue""}"
claim:0166,perimeter:riverton_group,SCOPED_TO,"{""rel"":""SCOPED_TO"",""source"":""claim:0166"",""target"":""perimeter:riverton_group""}"
claim:0166,source:firm_model_summary,FROM_SOURCE,"{""rel"":""FROM_SOURCE"",""source"":""claim:0166"",""target"":""source:firm_model_summary""}"
claim:0167,metric:revenue,MEASURES,"{""rel"":""MEASURES"",""source"":""claim:0167"",""target"":""metric:revenue""}"
claim:0167,perimeter:riverton_group,SCOPED_TO,"{""rel"":""SCOPED_TO"",""source"":""claim:0167"",""target"":""perimeter:riverton_group""}"
claim:0167,source:firm_model_summary,FROM_SOURCE,"{""rel"":""FROM_SOURCE"",""source"":""claim:0167"",""target"":""source:firm_model_summary""}"
claim:0168,metric:headcount,MEASURES,"{""rel"":""MEASURES"",""source"":""claim:0168"",""target"":""metric:headcount""}"
claim:0168,period:fy2025a,IN_PERIOD,"{""rel"":""IN_PERIOD"",""source"":""claim:0168"",""target"":""period:fy2025a""}"
claim:0168,perimeter:unknown,SCOPED_TO,"{""rel"":""SCOPED_TO"",""source"":""claim:0168"",""target"":""perimeter:unknown""}"
claim:0168,source:firm_model_summary,FROM_SOURCE,"{""rel"":""FROM_SOURCE"",""source"":""claim:0168"",""target"":""source:firm_model_summary""}"
claim:0169,metric:team_tenure,MEASURES,"{""rel"":""MEASURES"",""source"":""claim:0169"",""target"":""metric:team_tenure""}"
claim:0169,period:fy2025a,IN_PERIOD,"{""rel"":""IN_PERIOD"",""source"":""claim:0169"",""target"":""period:fy2025a""}"
claim:0169,perimeter:unknown,SCOPED_TO,"{""rel"":""SCOPED_TO"",""source"":""claim:0169"",""target"":""perimeter:unknown""}"
claim:0169,source:firm_model_summary,FROM_SOURCE,"{""rel"":""FROM_SOURCE"",""source"":""claim:0169"",""target"":""source:firm_model_summary""}"
claim:0170,metric:team_tenure,MEASURES,"{""rel"":""MEASURES"",""source"":""claim:0170"",""target"":""metric:team_tenure""}"
claim:0170,perimeter:unknown,SCOPED_TO,"{""rel"":""SCOPED_TO"",""source"":""claim:0170"",""target"":""perimeter:unknown""}"
claim:0170,source:firm_model_summary,FROM_SOURCE,"{""rel"":""FROM_SOURCE"",""source"":""claim:0170"",""target"":""source:firm_model_summary""}"
claim:0171,metric:team_tenure,MEASURES,"{""rel"":""MEASURES"",""source"":""claim:0171"",""target"":""metric:team_tenure""}"
claim:0171,perimeter:unknown,SCOPED_TO,"{""rel"":""SCOPED_TO"",""source"":""claim:0171"",""target"":""perimeter:unknown""}"
claim:0171,source:firm_model_summary,FROM_SOURCE,"{""rel"":""FROM_SOURCE"",""source"":""claim:0171"",""target"":""source:firm_model_summary""}"
claim:0172,metric:headcount,MEASURES,"{""rel"":""MEASURES"",""source"":""claim:0172"",""target"":""metric:headcount""}"
claim:0172,perimeter:unknown,SCOPED_TO,"{""rel"":""SCOPED_TO"",""source"":""claim:0172"",""target"":""perimeter:unknown""}"
claim:0172,source:firm_model_summary,FROM_SOURCE,"{""rel"":""FROM_SOURCE"",""source"":""claim:0172"",""target"":""source:firm_model_summary""}"
claim:0173,metric:dso,MEASURES,"{""rel"":""MEASURES"",""source"":""claim:0173"",""target"":""metric:dso""}"
claim:0173,period:fy2025a,IN_PERIOD,"{""rel"":""IN_PERIOD"",""source"":""claim:0173"",""target"":""period:fy2025a""}"
claim:0173,perimeter:unknown,SCOPED_TO,"{""rel"":""SCOPED_TO"",""source"":""claim:0173"",""target"":""perimeter:unknown""}"
claim:0173,source:firm_model_summary,FROM_SOURCE,"{""rel"":""FROM_SOURCE"",""source"":""claim:0173"",""target"":""source:firm_model_summary""}"
claim:0174,metric:customer_concentration,MEASURES,"{""rel"":""MEASURES"",""source"":""claim:0174"",""target"":""metric:customer_concentration""}"
claim:0174,period:fy2025a,IN_PERIOD,"{""rel"":""IN_PERIOD"",""source"":""claim:0174"",""target"":""period:fy2025a""}"
claim:0174,perimeter:unknown,SCOPED_TO,"{""rel"":""SCOPED_TO"",""source"":""claim:0174"",""target"":""perimeter:unknown""}"
claim:0174,source:firm_model_summary,FROM_SOURCE,"{""rel"":""FROM_SOURCE"",""source"":""claim:0174"",""target"":""source:firm_model_summary""}"
claim:0175,metric:working_capital,MEASURES,"{""rel"":""MEASURES"",""source"":""claim:0175"",""target"":""metric:working_capital""}"
claim:0175,perimeter:riverton_group,SCOPED_TO,"{""rel"":""SCOPED_TO"",""source"":""claim:0175"",""target"":""perimeter:riverton_group""}"
claim:0175,source:firm_model_summary,FROM_SOURCE,"{""rel"":""FROM_SOURCE"",""source"":""claim:0175"",""target"":""source:firm_model_summary""}"
claim:0176,metric:net_working_capital,MEASURES,"{""rel"":""MEASURES"",""source"":""claim:0176"",""target"":""metric:net_working_capital""}"
claim:0176,perimeter:riverton_group,SCOPED_TO,"{""rel"":""SCOPED_TO"",""source"":""claim:0176"",""target"":""perimeter:riverton_group""}"
claim:0176,source:firm_model_summary,FROM_SOURCE,"{""rel"":""FROM_SOURCE"",""source"":""claim:0176"",""target"":""source:firm_model_summary""}"
claim:0177,metric:dso,MEASURES,"{""rel"":""MEASURES"",""source"":""claim:0177"",""target"":""metric:dso""}"
claim:0177,perimeter:riverton_group,SCOPED_TO,"{""rel"":""SCOPED_TO"",""source"":""claim:0177"",""target"":""perimeter:riverton_group""}"
claim:0177,source:firm_model_summary,FROM_SOURCE,"{""rel"":""FROM_SOURCE"",""source"":""claim:0177"",""target"":""source:firm_model_summary""}"
claim:0178,metric:enterprise_value,MEASURES,"{""rel"":""MEASURES"",""source"":""claim:0178"",""target"":""metric:enterprise_value""}"
claim:0178,period:opening,IN_PERIOD,"{""rel"":""IN_PERIOD"",""source"":""claim:0178"",""target"":""period:opening""}"
claim:0178,perimeter:unknown,SCOPED_TO,"{""rel"":""SCOPED_TO"",""source"":""claim:0178"",""target"":""perimeter:unknown""}"
claim:0178,source:firm_model_summary,FROM_SOURCE,"{""rel"":""FROM_SOURCE"",""source"":""claim:0178"",""target"":""source:firm_model_summary""}"
claim:0179,metric:net_debt,MEASURES,"{""rel"":""MEASURES"",""source"":""claim:0179"",""target"":""metric:net_debt""}"
claim:0179,period:opening,IN_PERIOD,"{""rel"":""IN_PERIOD"",""source"":""claim:0179"",""target"":""period:opening""}"
claim:0179,perimeter:unknown,SCOPED_TO,"{""rel"":""SCOPED_TO"",""source"":""claim:0179"",""target"":""perimeter:unknown""}"
claim:0179,source:firm_model_summary,FROM_SOURCE,"{""rel"":""FROM_SOURCE"",""source"":""claim:0179"",""target"":""source:firm_model_summary""}"
claim:0180,metric:equity_value,MEASURES,"{""rel"":""MEASURES"",""source"":""claim:0180"",""target"":""metric:equity_value""}"
claim:0180,period:opening,IN_PERIOD,"{""rel"":""IN_PERIOD"",""source"":""claim:0180"",""target"":""period:opening""}"
claim:0180,perimeter:unknown,SCOPED_TO,"{""rel"":""SCOPED_TO"",""source"":""claim:0180"",""target"":""perimeter:unknown""}"
claim:0180,source:firm_model_summary,FROM_SOURCE,"{""rel"":""FROM_SOURCE"",""source"":""claim:0180"",""target"":""source:firm_model_summary""}"
claim:0181,metric:seller_rollover,MEASURES,"{""rel"":""MEASURES"",""source"":""claim:0181"",""target"":""metric:seller_rollover""}"
claim:0181,period:opening,IN_PERIOD,"{""rel"":""IN_PERIOD"",""source"":""claim:0181"",""target"":""period:opening""}"
claim:0181,perimeter:unknown,SCOPED_TO,"{""rel"":""SCOPED_TO"",""source"":""claim:0181"",""target"":""perimeter:unknown""}"
claim:0181,source:firm_model_summary,FROM_SOURCE,"{""rel"":""FROM_SOURCE"",""source"":""claim:0181"",""target"":""source:firm_model_summary""}"
claim:0182,metric:ebitda_adjustment,MEASURES,"{""rel"":""MEASURES"",""source"":""claim:0182"",""target"":""metric:ebitda_adjustment""}"
claim:0182,period:fy2026e,IN_PERIOD,"{""rel"":""IN_PERIOD"",""source"":""claim:0182"",""target"":""period:fy2026e""}"
claim:0182,perimeter:alderstone_covenant_definition,SCOPED_TO,"{""rel"":""SCOPED_TO"",""source"":""claim:0182"",""target"":""perimeter:alderstone_covenant_definition""}"
claim:0182,source:firm_model_summary,FROM_SOURCE,"{""rel"":""FROM_SOURCE"",""source"":""claim:0182"",""target"":""source:firm_model_summary""}"
claim:0183,metric:ebitda_adjustment,MEASURES,"{""rel"":""MEASURES"",""source"":""claim:0183"",""target"":""metric:ebitda_adjustment""}"
claim:0183,period:fy2026e,IN_PERIOD,"{""rel"":""IN_PERIOD"",""source"":""claim:0183"",""target"":""period:fy2026e""}"
claim:0183,perimeter:alderstone_covenant_definition,SCOPED_TO,"{""rel"":""SCOPED_TO"",""source"":""claim:0183"",""target"":""perimeter:alderstone_covenant_definition""}"
claim:0183,source:firm_model_summary,FROM_SOURCE,"{""rel"":""FROM_SOURCE"",""source"":""claim:0183"",""target"":""source:firm_model_summary""}"
claim:0184,metric:ebitda_adjustment,MEASURES,"{""rel"":""MEASURES"",""source"":""claim:0184"",""target"":""metric:ebitda_adjustment""}"
claim:0184,period:fy2026e,IN_PERIOD,"{""rel"":""IN_PERIOD"",""source"":""claim:0184"",""target"":""period:fy2026e""}"
claim:0184,perimeter:alderstone_covenant_definition,SCOPED_TO,"{""rel"":""SCOPED_TO"",""source"":""claim:0184"",""target"":""perimeter:alderstone_covenant_definition""}"
claim:0184,source:firm_model_summary,FROM_SOURCE,"{""rel"":""FROM_SOURCE"",""source"":""claim:0184"",""target"":""source:firm_model_summary""}"
claim:0185,metric:ebitda_adjustment,MEASURES,"{""rel"":""MEASURES"",""source"":""claim:0185"",""target"":""metric:ebitda_adjustment""}"
claim:0185,period:fy2026e,IN_PERIOD,"{""rel"":""IN_PERIOD"",""source"":""claim:0185"",""target"":""period:fy2026e""}"
claim:0185,perimeter:alderstone_covenant_definition,SCOPED_TO,"{""rel"":""SCOPED_TO"",""source"":""claim:0185"",""target"":""perimeter:alderstone_covenant_definition""}"
claim:0185,source:firm_model_summary,FROM_SOURCE,"{""rel"":""FROM_SOURCE"",""source"":""claim:0185"",""target"":""source:firm_model_summary""}"
claim:0186,metric:ebitda_adjustment,MEASURES,"{""rel"":""MEASURES"",""source"":""claim:0186"",""target"":""metric:ebitda_adjustment""}"
claim:0186,perimeter:keystone_standalone,SCOPED_TO,"{""rel"":""SCOPED_TO"",""source"":""claim:0186"",""target"":""perimeter:keystone_standalone""}"
claim:0186,source:firm_model_summary,FROM_SOURCE,"{""rel"":""FROM_SOURCE"",""source"":""claim:0186"",""target"":""source:firm_model_summary""}"
claim:0187,metric:ebitda,MEASURES,"{""rel"":""MEASURES"",""source"":""claim:0187"",""target"":""metric:ebitda""}"
claim:0187,perimeter:keystone_standalone,SCOPED_TO,"{""rel"":""SCOPED_TO"",""source"":""claim:0187"",""target"":""perimeter:keystone_standalone""}"
claim:0187,source:firm_model_summary,FROM_SOURCE,"{""rel"":""FROM_SOURCE"",""source"":""claim:0187"",""target"":""source:firm_model_summary""}"
claim:0188,metric:ebitda,MEASURES,"{""rel"":""MEASURES"",""source"":""claim:0188"",""target"":""metric:ebitda""}"
claim:0188,perimeter:keystone_covenant_definition,SCOPED_TO,"{""rel"":""SCOPED_TO"",""source"":""claim:0188"",""target"":""perimeter:keystone_covenant_definition""}"
claim:0188,source:firm_model_summary,FROM_SOURCE,"{""rel"":""FROM_SOURCE"",""source"":""claim:0188"",""target"":""source:firm_model_summary""}"
claim:0189,metric:ebitda_adjustment,MEASURES,"{""rel"":""MEASURES"",""source"":""claim:0189"",""target"":""metric:ebitda_adjustment""}"
claim:0189,perimeter:unknown,SCOPED_TO,"{""rel"":""SCOPED_TO"",""source"":""claim:0189"",""target"":""perimeter:unknown""}"
claim:0189,source:firm_model_summary,FROM_SOURCE,"{""rel"":""FROM_SOURCE"",""source"":""claim:0189"",""target"":""source:firm_model_summary""}"
claim:0190,metric:net_working_capital,MEASURES,"{""rel"":""MEASURES"",""source"":""claim:0190"",""target"":""metric:net_working_capital""}"
claim:0190,period:opening,IN_PERIOD,"{""rel"":""IN_PERIOD"",""source"":""claim:0190"",""target"":""period:opening""}"
claim:0190,perimeter:keystone_standalone,SCOPED_TO,"{""rel"":""SCOPED_TO"",""source"":""claim:0190"",""target"":""perimeter:keystone_standalone""}"
claim:0190,source:firm_model_summary,FROM_SOURCE,"{""rel"":""FROM_SOURCE"",""source"":""claim:0190"",""target"":""source:firm_model_summary""}"
claim:0191,metric:enterprise_value,MEASURES,"{""rel"":""MEASURES"",""source"":""claim:0191"",""target"":""metric:enterprise_value""}"
claim:0191,period:opening,IN_PERIOD,"{""rel"":""IN_PERIOD"",""source"":""claim:0191"",""target"":""period:opening""}"
claim:0191,perimeter:keystone_standalone,SCOPED_TO,"{""rel"":""SCOPED_TO"",""source"":""claim:0191"",""target"":""perimeter:keystone_standalone""}"
claim:0191,source:firm_model_summary,FROM_SOURCE,"{""rel"":""FROM_SOURCE"",""source"":""claim:0191"",""target"":""source:firm_model_summary""}"
claim:0192,metric:sponsor_equity,MEASURES,"{""rel"":""MEASURES"",""source"":""claim:0192"",""target"":""metric:sponsor_equity""}"
claim:0192,period:opening,IN_PERIOD,"{""rel"":""IN_PERIOD"",""source"":""claim:0192"",""target"":""period:opening""}"
claim:0192,perimeter:keystone_standalone,SCOPED_TO,"{""rel"":""SCOPED_TO"",""source"":""claim:0192"",""target"":""perimeter:keystone_standalone""}"
claim:0192,source:firm_model_summary,FROM_SOURCE,"{""rel"":""FROM_SOURCE"",""source"":""claim:0192"",""target"":""source:firm_model_summary""}"
claim:0193,metric:revenue,MEASURES,"{""rel"":""MEASURES"",""source"":""claim:0193"",""target"":""metric:revenue""}"
claim:0193,period:fy2025a,IN_PERIOD,"{""rel"":""IN_PERIOD"",""source"":""claim:0193"",""target"":""period:fy2025a""}"
claim:0193,perimeter:keystone_standalone,SCOPED_TO,"{""rel"":""SCOPED_TO"",""source"":""claim:0193"",""target"":""perimeter:keystone_standalone""}"
claim:0193,source:firm_model_summary,FROM_SOURCE,"{""rel"":""FROM_SOURCE"",""source"":""claim:0193"",""target"":""source:firm_model_summary""}"
claim:0194,metric:revenue,MEASURES,"{""rel"":""MEASURES"",""source"":""claim:0194"",""target"":""metric:revenue""}"
claim:0194,period:fy2026e,IN_PERIOD,"{""rel"":""IN_PERIOD"",""source"":""claim:0194"",""target"":""period:fy2026e""}"
claim:0194,perimeter:keystone_standalone,SCOPED_TO,"{""rel"":""SCOPED_TO"",""source"":""claim:0194"",""target"":""perimeter:keystone_standalone""}"
claim:0194,source:firm_model_summary,FROM_SOURCE,"{""rel"":""FROM_SOURCE"",""source"":""claim:0194"",""target"":""source:firm_model_summary""}"
claim:0195,metric:ebitda,MEASURES,"{""rel"":""MEASURES"",""source"":""claim:0195"",""target"":""metric:ebitda""}"
claim:0195,period:fy2025a,IN_PERIOD,"{""rel"":""IN_PERIOD"",""source"":""claim:0195"",""target"":""period:fy2025a""}"
claim:0195,perimeter:keystone_standalone,SCOPED_TO,"{""rel"":""SCOPED_TO"",""source"":""claim:0195"",""target"":""perimeter:keystone_standalone""}"
claim:0195,source:firm_model_summary,FROM_SOURCE,"{""rel"":""FROM_SOURCE"",""source"":""claim:0195"",""target"":""source:firm_model_summary""}"
claim:0196,metric:ebitda_margin,MEASURES,"{""rel"":""MEASURES"",""source"":""claim:0196"",""target"":""metric:ebitda_margin""}"
claim:0196,period:fy2025a,IN_PERIOD,"{""rel"":""IN_PERIOD"",""source"":""claim:0196"",""target"":""period:fy2025a""}"
claim:0196,perimeter:keystone_standalone,SCOPED_TO,"{""rel"":""SCOPED_TO"",""source"":""claim:0196"",""target"":""perimeter:keystone_standalone""}"
claim:0196,source:firm_model_summary,FROM_SOURCE,"{""rel"":""FROM_SOURCE"",""source"":""claim:0196"",""target"":""source:firm_model_summary""}"
claim:0197,metric:dso,MEASURES,"{""rel"":""MEASURES"",""source"":""claim:0197"",""target"":""metric:dso""}"
claim:0197,period:fy2025,IN_PERIOD,"{""rel"":""IN_PERIOD"",""source"":""claim:0197"",""target"":""period:fy2025""}"
claim:0197,perimeter:unknown,SCOPED_TO,"{""rel"":""SCOPED_TO"",""source"":""claim:0197"",""target"":""perimeter:unknown""}"
claim:0197,source:firm_model_summary,FROM_SOURCE,"{""rel"":""FROM_SOURCE"",""source"":""claim:0197"",""target"":""source:firm_model_summary""}"
claim:0198,metric:dso,MEASURES,"{""rel"":""MEASURES"",""source"":""claim:0198"",""target"":""metric:dso""}"
claim:0198,period:fy2026e,IN_PERIOD,"{""rel"":""IN_PERIOD"",""source"":""claim:0198"",""target"":""period:fy2026e""}"
claim:0198,perimeter:unknown,SCOPED_TO,"{""rel"":""SCOPED_TO"",""source"":""claim:0198"",""target"":""perimeter:unknown""}"
claim:0198,source:firm_model_summary,FROM_SOURCE,"{""rel"":""FROM_SOURCE"",""source"":""claim:0198"",""target"":""source:firm_model_summary""}"
claim:0199,metric:ebitda_adjustment,MEASURES,"{""rel"":""MEASURES"",""source"":""claim:0199"",""target"":""metric:ebitda_adjustment""}"
claim:0199,perimeter:unknown,SCOPED_TO,"{""rel"":""SCOPED_TO"",""source"":""claim:0199"",""target"":""perimeter:unknown""}"
claim:0199,source:firm_model_summary,FROM_SOURCE,"{""rel"":""FROM_SOURCE"",""source"":""claim:0199"",""target"":""source:firm_model_summary""}"
claim:0200,metric:revenue,MEASURES,"{""rel"":""MEASURES"",""source"":""claim:0200"",""target"":""metric:revenue""}"
claim:0200,period:q2_2026,IN_PERIOD,"{""rel"":""IN_PERIOD"",""source"":""claim:0200"",""target"":""period:q2_2026""}"
claim:0200,perimeter:keystone_standalone,SCOPED_TO,"{""rel"":""SCOPED_TO"",""source"":""claim:0200"",""target"":""perimeter:keystone_standalone""}"
claim:0200,source:firm_model_summary,FROM_SOURCE,"{""rel"":""FROM_SOURCE"",""source"":""claim:0200"",""target"":""source:firm_model_summary""}"
claim:0201,metric:gross_margin,MEASURES,"{""rel"":""MEASURES"",""source"":""claim:0201"",""target"":""metric:gross_margin""}"
claim:0201,period:q2_2026,IN_PERIOD,"{""rel"":""IN_PERIOD"",""source"":""claim:0201"",""target"":""period:q2_2026""}"
claim:0201,perimeter:keystone_standalone,SCOPED_TO,"{""rel"":""SCOPED_TO"",""source"":""claim:0201"",""target"":""perimeter:keystone_standalone""}"
claim:0201,source:firm_model_summary,FROM_SOURCE,"{""rel"":""FROM_SOURCE"",""source"":""claim:0201"",""target"":""source:firm_model_summary""}"
claim:0202,metric:ebitda,MEASURES,"{""rel"":""MEASURES"",""source"":""claim:0202"",""target"":""metric:ebitda""}"
claim:0202,period:q2_2026,IN_PERIOD,"{""rel"":""IN_PERIOD"",""source"":""claim:0202"",""target"":""period:q2_2026""}"
claim:0202,perimeter:keystone_standalone,SCOPED_TO,"{""rel"":""SCOPED_TO"",""source"":""claim:0202"",""target"":""perimeter:keystone_standalone""}"
claim:0202,source:firm_model_summary,FROM_SOURCE,"{""rel"":""FROM_SOURCE"",""source"":""claim:0202"",""target"":""source:firm_model_summary""}"
claim:0203,metric:working_capital,MEASURES,"{""rel"":""MEASURES"",""source"":""claim:0203"",""target"":""metric:working_capital""}"
claim:0203,perimeter:unknown,SCOPED_TO,"{""rel"":""SCOPED_TO"",""source"":""claim:0203"",""target"":""perimeter:unknown""}"
claim:0203,source:firm_model_summary,FROM_SOURCE,"{""rel"":""FROM_SOURCE"",""source"":""claim:0203"",""target"":""source:firm_model_summary""}"
claim:0204,metric:ebitda_adjustment,MEASURES,"{""rel"":""MEASURES"",""source"":""claim:0204"",""target"":""metric:ebitda_adjustment""}"
claim:0204,perimeter:unknown,SCOPED_TO,"{""rel"":""SCOPED_TO"",""source"":""claim:0204"",""target"":""perimeter:unknown""}"
claim:0204,source:firm_model_summary,FROM_SOURCE,"{""rel"":""FROM_SOURCE"",""source"":""claim:0204"",""target"":""source:firm_model_summary""}"
claim:0205,metric:net_working_capital,MEASURES,"{""rel"":""MEASURES"",""source"":""claim:0205"",""target"":""metric:net_working_capital""}"
claim:0205,perimeter:unknown,SCOPED_TO,"{""rel"":""SCOPED_TO"",""source"":""claim:0205"",""target"":""perimeter:unknown""}"
claim:0205,source:firm_model_summary,FROM_SOURCE,"{""rel"":""FROM_SOURCE"",""source"":""claim:0205"",""target"":""source:firm_model_summary""}"
claim:0206,metric:capex,MEASURES,"{""rel"":""MEASURES"",""source"":""claim:0206"",""target"":""metric:capex""}"
claim:0206,perimeter:unknown,SCOPED_TO,"{""rel"":""SCOPED_TO"",""source"":""claim:0206"",""target"":""perimeter:unknown""}"
claim:0206,source:firm_model_summary,FROM_SOURCE,"{""rel"":""FROM_SOURCE"",""source"":""claim:0206"",""target"":""source:firm_model_summary""}"
claim:0207,metric:covenant_threshold,MEASURES,"{""rel"":""MEASURES"",""source"":""claim:0207"",""target"":""metric:covenant_threshold""}"
claim:0207,period:fy2025,IN_PERIOD,"{""rel"":""IN_PERIOD"",""source"":""claim:0207"",""target"":""period:fy2025""}"
claim:0207,perimeter:unknown,SCOPED_TO,"{""rel"":""SCOPED_TO"",""source"":""claim:0207"",""target"":""perimeter:unknown""}"
claim:0207,source:firm_model_summary,FROM_SOURCE,"{""rel"":""FROM_SOURCE"",""source"":""claim:0207"",""target"":""source:firm_model_summary""}"
claim:0208,metric:covenant_threshold,MEASURES,"{""rel"":""MEASURES"",""source"":""claim:0208"",""target"":""metric:covenant_threshold""}"
claim:0208,period:fy2026,IN_PERIOD,"{""rel"":""IN_PERIOD"",""source"":""claim:0208"",""target"":""period:fy2026""}"
claim:0208,perimeter:unknown,SCOPED_TO,"{""rel"":""SCOPED_TO"",""source"":""claim:0208"",""target"":""perimeter:unknown""}"
claim:0208,source:firm_model_summary,FROM_SOURCE,"{""rel"":""FROM_SOURCE"",""source"":""claim:0208"",""target"":""source:firm_model_summary""}"
claim:0209,metric:covenant_threshold,MEASURES,"{""rel"":""MEASURES"",""source"":""claim:0209"",""target"":""metric:covenant_threshold""}"
claim:0209,period:fy2027,IN_PERIOD,"{""rel"":""IN_PERIOD"",""source"":""claim:0209"",""target"":""period:fy2027""}"
claim:0209,perimeter:unknown,SCOPED_TO,"{""rel"":""SCOPED_TO"",""source"":""claim:0209"",""target"":""perimeter:unknown""}"
claim:0209,source:firm_model_summary,FROM_SOURCE,"{""rel"":""FROM_SOURCE"",""source"":""claim:0209"",""target"":""source:firm_model_summary""}"
claim:0210,metric:covenant_threshold,MEASURES,"{""rel"":""MEASURES"",""source"":""claim:0210"",""target"":""metric:covenant_threshold""}"
claim:0210,period:fy2028,IN_PERIOD,"{""rel"":""IN_PERIOD"",""source"":""claim:0210"",""target"":""period:fy2028""}"
claim:0210,perimeter:unknown,SCOPED_TO,"{""rel"":""SCOPED_TO"",""source"":""claim:0210"",""target"":""perimeter:unknown""}"
claim:0210,source:firm_model_summary,FROM_SOURCE,"{""rel"":""FROM_SOURCE"",""source"":""claim:0210"",""target"":""source:firm_model_summary""}"
claim:0211,metric:ebitda_adjustment,MEASURES,"{""rel"":""MEASURES"",""source"":""claim:0211"",""target"":""metric:ebitda_adjustment""}"
claim:0211,perimeter:keystone_standalone,SCOPED_TO,"{""rel"":""SCOPED_TO"",""source"":""claim:0211"",""target"":""perimeter:keystone_standalone""}"
claim:0211,source:firm_model_summary,FROM_SOURCE,"{""rel"":""FROM_SOURCE"",""source"":""claim:0211"",""target"":""source:firm_model_summary""}"
claim:0212,metric:revenue,MEASURES,"{""rel"":""MEASURES"",""source"":""claim:0212"",""target"":""metric:revenue""}"
claim:0212,period:fy2025a,IN_PERIOD,"{""rel"":""IN_PERIOD"",""source"":""claim:0212"",""target"":""period:fy2025a""}"
claim:0212,perimeter:keystone_standalone,SCOPED_TO,"{""rel"":""SCOPED_TO"",""source"":""claim:0212"",""target"":""perimeter:keystone_standalone""}"
claim:0212,source:firm_model_summary,FROM_SOURCE,"{""rel"":""FROM_SOURCE"",""source"":""claim:0212"",""target"":""source:firm_model_summary""}"
claim:0213,metric:gross_margin,MEASURES,"{""rel"":""MEASURES"",""source"":""claim:0213"",""target"":""metric:gross_margin""}"
claim:0213,period:fy2025a,IN_PERIOD,"{""rel"":""IN_PERIOD"",""source"":""claim:0213"",""target"":""period:fy2025a""}"
claim:0213,perimeter:keystone_standalone,SCOPED_TO,"{""rel"":""SCOPED_TO"",""source"":""claim:0213"",""target"":""perimeter:keystone_standalone""}"
claim:0213,source:firm_model_summary,FROM_SOURCE,"{""rel"":""FROM_SOURCE"",""source"":""claim:0213"",""target"":""source:firm_model_summary""}"
claim:0214,metric:ebitda,MEASURES,"{""rel"":""MEASURES"",""source"":""claim:0214"",""target"":""metric:ebitda""}"
claim:0214,period:fy2025a,IN_PERIOD,"{""rel"":""IN_PERIOD"",""source"":""claim:0214"",""target"":""period:fy2025a""}"
claim:0214,perimeter:keystone_standalone,SCOPED_TO,"{""rel"":""SCOPED_TO"",""source"":""claim:0214"",""target"":""perimeter:keystone_standalone""}"
claim:0214,source:firm_model_summary,FROM_SOURCE,"{""rel"":""FROM_SOURCE"",""source"":""claim:0214"",""target"":""source:firm_model_summary""}"
claim:0215,metric:covenant_threshold,MEASURES,"{""rel"":""MEASURES"",""source"":""claim:0215"",""target"":""metric:covenant_threshold""}"
claim:0215,period:fy2026e,IN_PERIOD,"{""rel"":""IN_PERIOD"",""source"":""claim:0215"",""target"":""period:fy2026e""}"
claim:0215,perimeter:unknown,SCOPED_TO,"{""rel"":""SCOPED_TO"",""source"":""claim:0215"",""target"":""perimeter:unknown""}"
claim:0215,source:firm_model_summary,FROM_SOURCE,"{""rel"":""FROM_SOURCE"",""source"":""claim:0215"",""target"":""source:firm_model_summary""}"
claim:0216,metric:covenant_threshold,MEASURES,"{""rel"":""MEASURES"",""source"":""claim:0216"",""target"":""metric:covenant_threshold""}"
claim:0216,period:fy2027e,IN_PERIOD,"{""rel"":""IN_PERIOD"",""source"":""claim:0216"",""target"":""period:fy2027e""}"
claim:0216,perimeter:unknown,SCOPED_TO,"{""rel"":""SCOPED_TO"",""source"":""claim:0216"",""target"":""perimeter:unknown""}"
claim:0216,source:firm_model_summary,FROM_SOURCE,"{""rel"":""FROM_SOURCE"",""source"":""claim:0216"",""target"":""source:firm_model_summary""}"
claim:0217,metric:dso,MEASURES,"{""rel"":""MEASURES"",""source"":""claim:0217"",""target"":""metric:dso""}"
claim:0217,perimeter:unknown,SCOPED_TO,"{""rel"":""SCOPED_TO"",""source"":""claim:0217"",""target"":""perimeter:unknown""}"
claim:0217,source:firm_model_summary,FROM_SOURCE,"{""rel"":""FROM_SOURCE"",""source"":""claim:0217"",""target"":""source:firm_model_summary""}"
claim:0218,metric:ebitda_add-back,MEASURES,"{""rel"":""MEASURES"",""source"":""claim:0218"",""target"":""metric:ebitda_add-back""}"
claim:0218,perimeter:unknown,SCOPED_TO,"{""rel"":""SCOPED_TO"",""source"":""claim:0218"",""target"":""perimeter:unknown""}"
claim:0218,source:firm_model_summary,FROM_SOURCE,"{""rel"":""FROM_SOURCE"",""source"":""claim:0218"",""target"":""source:firm_model_summary""}"
claim:0219,metric:revenue,MEASURES,"{""rel"":""MEASURES"",""source"":""claim:0219"",""target"":""metric:revenue""}"
claim:0219,period:fy2026e,IN_PERIOD,"{""rel"":""IN_PERIOD"",""source"":""claim:0219"",""target"":""period:fy2026e""}"
claim:0219,perimeter:alderstone_standalone,SCOPED_TO,"{""rel"":""SCOPED_TO"",""source"":""claim:0219"",""target"":""perimeter:alderstone_standalone""}"
claim:0219,source:firm_model_summary,FROM_SOURCE,"{""rel"":""FROM_SOURCE"",""source"":""claim:0219"",""target"":""source:firm_model_summary""}"
claim:0220,metric:gross_margin,MEASURES,"{""rel"":""MEASURES"",""source"":""claim:0220"",""target"":""metric:gross_margin""}"
claim:0220,period:fy2026e,IN_PERIOD,"{""rel"":""IN_PERIOD"",""source"":""claim:0220"",""target"":""period:fy2026e""}"
claim:0220,perimeter:alderstone_standalone,SCOPED_TO,"{""rel"":""SCOPED_TO"",""source"":""claim:0220"",""target"":""perimeter:alderstone_standalone""}"
claim:0220,source:firm_model_summary,FROM_SOURCE,"{""rel"":""FROM_SOURCE"",""source"":""claim:0220"",""target"":""source:firm_model_summary""}"
claim:0221,metric:ebitda,MEASURES,"{""rel"":""MEASURES"",""source"":""claim:0221"",""target"":""metric:ebitda""}"
claim:0221,period:fy2026e,IN_PERIOD,"{""rel"":""IN_PERIOD"",""source"":""claim:0221"",""target"":""period:fy2026e""}"
claim:0221,perimeter:alderstone_standalone,SCOPED_TO,"{""rel"":""SCOPED_TO"",""source"":""claim:0221"",""target"":""perimeter:alderstone_standalone""}"
claim:0221,source:firm_model_summary,FROM_SOURCE,"{""rel"":""FROM_SOURCE"",""source"":""claim:0221"",""target"":""source:firm_model_summary""}"
claim:0222,metric:dso,MEASURES,"{""rel"":""MEASURES"",""source"":""claim:0222"",""target"":""metric:dso""}"
claim:0222,perimeter:unknown,SCOPED_TO,"{""rel"":""SCOPED_TO"",""source"":""claim:0222"",""target"":""perimeter:unknown""}"
claim:0222,source:firm_model_summary,FROM_SOURCE,"{""rel"":""FROM_SOURCE"",""source"":""claim:0222"",""target"":""source:firm_model_summary""}"
claim:0223,metric:dpo,MEASURES,"{""rel"":""MEASURES"",""source"":""claim:0223"",""target"":""metric:dpo""}"
claim:0223,perimeter:unknown,SCOPED_TO,"{""rel"":""SCOPED_TO"",""source"":""claim:0223"",""target"":""perimeter:unknown""}"
claim:0223,source:firm_model_summary,FROM_SOURCE,"{""rel"":""FROM_SOURCE"",""source"":""claim:0223"",""target"":""source:firm_model_summary""}"
claim:0224,metric:capex,MEASURES,"{""rel"":""MEASURES"",""source"":""claim:0224"",""target"":""metric:capex""}"
claim:0224,perimeter:unknown,SCOPED_TO,"{""rel"":""SCOPED_TO"",""source"":""claim:0224"",""target"":""perimeter:unknown""}"
claim:0224,source:firm_model_summary,FROM_SOURCE,"{""rel"":""FROM_SOURCE"",""source"":""claim:0224"",""target"":""source:firm_model_summary""}"
claim:0225,metric:revenue,MEASURES,"{""rel"":""MEASURES"",""source"":""claim:0225"",""target"":""metric:revenue""}"
claim:0225,perimeter:unknown,SCOPED_TO,"{""rel"":""SCOPED_TO"",""source"":""claim:0225"",""target"":""perimeter:unknown""}"
claim:0225,source:firm_model_summary,FROM_SOURCE,"{""rel"":""FROM_SOURCE"",""source"":""claim:0225"",""target"":""source:firm_model_summary""}"
claim:0226,metric:gross_margin,MEASURES,"{""rel"":""MEASURES"",""source"":""claim:0226"",""target"":""metric:gross_margin""}"
claim:0226,perimeter:unknown,SCOPED_TO,"{""rel"":""SCOPED_TO"",""source"":""claim:0226"",""target"":""perimeter:unknown""}"
claim:0226,source:firm_model_summary,FROM_SOURCE,"{""rel"":""FROM_SOURCE"",""source"":""claim:0226"",""target"":""source:firm_model_summary""}"
claim:0227,metric:ebitda,MEASURES,"{""rel"":""MEASURES"",""source"":""claim:0227"",""target"":""metric:ebitda""}"
claim:0227,period:fy2025a,IN_PERIOD,"{""rel"":""IN_PERIOD"",""source"":""claim:0227"",""target"":""period:fy2025a""}"
claim:0227,perimeter:alderstone_standalone,SCOPED_TO,"{""rel"":""SCOPED_TO"",""source"":""claim:0227"",""target"":""perimeter:alderstone_standalone""}"
claim:0227,source:firm_model_summary,FROM_SOURCE,"{""rel"":""FROM_SOURCE"",""source"":""claim:0227"",""target"":""source:firm_model_summary""}"
claim:0228,metric:ebitda_add-back,MEASURES,"{""rel"":""MEASURES"",""source"":""claim:0228"",""target"":""metric:ebitda_add-back""}"
claim:0228,period:fy2025a,IN_PERIOD,"{""rel"":""IN_PERIOD"",""source"":""claim:0228"",""target"":""period:fy2025a""}"
claim:0228,perimeter:alderstone_standalone,SCOPED_TO,"{""rel"":""SCOPED_TO"",""source"":""claim:0228"",""target"":""perimeter:alderstone_standalone""}"
claim:0228,source:firm_model_summary,FROM_SOURCE,"{""rel"":""FROM_SOURCE"",""source"":""claim:0228"",""target"":""source:firm_model_summary""}"
claim:0229,metric:dso,MEASURES,"{""rel"":""MEASURES"",""source"":""claim:0229"",""target"":""metric:dso""}"
claim:0229,period:fy2025a,IN_PERIOD,"{""rel"":""IN_PERIOD"",""source"":""claim:0229"",""target"":""period:fy2025a""}"
claim:0229,perimeter:alderstone_standalone,SCOPED_TO,"{""rel"":""SCOPED_TO"",""source"":""claim:0229"",""target"":""perimeter:alderstone_standalone""}"
claim:0229,source:firm_model_summary,FROM_SOURCE,"{""rel"":""FROM_SOURCE"",""source"":""claim:0229"",""target"":""source:firm_model_summary""}"
claim:0230,metric:working_capital,MEASURES,"{""rel"":""MEASURES"",""source"":""claim:0230"",""target"":""metric:working_capital""}"
claim:0230,period:fy2025a,IN_PERIOD,"{""rel"":""IN_PERIOD"",""source"":""claim:0230"",""target"":""period:fy2025a""}"
claim:0230,perimeter:alderstone_standalone,SCOPED_TO,"{""rel"":""SCOPED_TO"",""source"":""claim:0230"",""target"":""perimeter:alderstone_standalone""}"
claim:0230,source:firm_model_summary,FROM_SOURCE,"{""rel"":""FROM_SOURCE"",""source"":""claim:0230"",""target"":""source:firm_model_summary""}"
claim:0231,metric:enterprise_value,MEASURES,"{""rel"":""MEASURES"",""source"":""claim:0231"",""target"":""metric:enterprise_value""}"
claim:0231,perimeter:unknown,SCOPED_TO,"{""rel"":""SCOPED_TO"",""source"":""claim:0231"",""target"":""perimeter:unknown""}"
claim:0231,source:firm_model_summary,FROM_SOURCE,"{""rel"":""FROM_SOURCE"",""source"":""claim:0231"",""target"":""source:firm_model_summary""}"
claim:0232,metric:enterprise_value,MEASURES,"{""rel"":""MEASURES"",""source"":""claim:0232"",""target"":""metric:enterprise_value""}"
claim:0232,perimeter:unknown,SCOPED_TO,"{""rel"":""SCOPED_TO"",""source"":""claim:0232"",""target"":""perimeter:unknown""}"
claim:0232,source:firm_model_summary,FROM_SOURCE,"{""rel"":""FROM_SOURCE"",""source"":""claim:0232"",""target"":""source:firm_model_summary""}"
claim:0233,metric:working_capital,MEASURES,"{""rel"":""MEASURES"",""source"":""claim:0233"",""target"":""metric:working_capital""}"
claim:0233,perimeter:unknown,SCOPED_TO,"{""rel"":""SCOPED_TO"",""source"":""claim:0233"",""target"":""perimeter:unknown""}"
claim:0233,source:firm_model_summary,FROM_SOURCE,"{""rel"":""FROM_SOURCE"",""source"":""claim:0233"",""target"":""source:firm_model_summary""}"
claim:0234,metric:working_capital,MEASURES,"{""rel"":""MEASURES"",""source"":""claim:0234"",""target"":""metric:working_capital""}"
claim:0234,perimeter:unknown,SCOPED_TO,"{""rel"":""SCOPED_TO"",""source"":""claim:0234"",""target"":""perimeter:unknown""}"
claim:0234,source:firm_model_summary,FROM_SOURCE,"{""rel"":""FROM_SOURCE"",""source"":""claim:0234"",""target"":""source:firm_model_summary""}"
claim:0235,metric:sponsor_equity,MEASURES,"{""rel"":""MEASURES"",""source"":""claim:0235"",""target"":""metric:sponsor_equity""}"
claim:0235,period:opening,IN_PERIOD,"{""rel"":""IN_PERIOD"",""source"":""claim:0235"",""target"":""period:opening""}"
claim:0235,perimeter:unknown,SCOPED_TO,"{""rel"":""SCOPED_TO"",""source"":""claim:0235"",""target"":""perimeter:unknown""}"
claim:0235,source:firm_model_summary,FROM_SOURCE,"{""rel"":""FROM_SOURCE"",""source"":""claim:0235"",""target"":""source:firm_model_summary""}"
claim:0236,metric:ddtl_availability,MEASURES,"{""rel"":""MEASURES"",""source"":""claim:0236"",""target"":""metric:ddtl_availability""}"
claim:0236,period:opening,IN_PERIOD,"{""rel"":""IN_PERIOD"",""source"":""claim:0236"",""target"":""period:opening""}"
claim:0236,perimeter:unknown,SCOPED_TO,"{""rel"":""SCOPED_TO"",""source"":""claim:0236"",""target"":""perimeter:unknown""}"
claim:0236,source:firm_model_summary,FROM_SOURCE,"{""rel"":""FROM_SOURCE"",""source"":""claim:0236"",""target"":""source:firm_model_summary""}"
claim:0237,metric:gross_debt,MEASURES,"{""rel"":""MEASURES"",""source"":""claim:0237"",""target"":""metric:gross_debt""}"
claim:0237,period:opening,IN_PERIOD,"{""rel"":""IN_PERIOD"",""source"":""claim:0237"",""target"":""period:opening""}"
claim:0237,perimeter:unknown,SCOPED_TO,"{""rel"":""SCOPED_TO"",""source"":""claim:0237"",""target"":""perimeter:unknown""}"
claim:0237,source:firm_model_summary,FROM_SOURCE,"{""rel"":""FROM_SOURCE"",""source"":""claim:0237"",""target"":""source:firm_model_summary""}"
claim:0238,metric:revolver_capacity,MEASURES,"{""rel"":""MEASURES"",""source"":""claim:0238"",""target"":""metric:revolver_capacity""}"
claim:0238,perimeter:unknown,SCOPED_TO,"{""rel"":""SCOPED_TO"",""source"":""claim:0238"",""target"":""perimeter:unknown""}"
claim:0238,source:firm_model_summary,FROM_SOURCE,"{""rel"":""FROM_SOURCE"",""source"":""claim:0238"",""target"":""source:firm_model_summary""}"
claim:0239,metric:sponsor_equity,MEASURES,"{""rel"":""MEASURES"",""source"":""claim:0239"",""target"":""metric:sponsor_equity""}"
claim:0239,period:opening,IN_PERIOD,"{""rel"":""IN_PERIOD"",""source"":""claim:0239"",""target"":""period:opening""}"
claim:0239,perimeter:unknown,SCOPED_TO,"{""rel"":""SCOPED_TO"",""source"":""claim:0239"",""target"":""perimeter:unknown""}"
claim:0239,source:firm_model_summary,FROM_SOURCE,"{""rel"":""FROM_SOURCE"",""source"":""claim:0239"",""target"":""source:firm_model_summary""}"
claim:0240,metric:capex,MEASURES,"{""rel"":""MEASURES"",""source"":""claim:0240"",""target"":""metric:capex""}"
claim:0240,perimeter:unknown,SCOPED_TO,"{""rel"":""SCOPED_TO"",""source"":""claim:0240"",""target"":""perimeter:unknown""}"
claim:0240,source:firm_model_summary,FROM_SOURCE,"{""rel"":""FROM_SOURCE"",""source"":""claim:0240"",""target"":""source:firm_model_summary""}"
claim:0241,metric:ebitda_adjustment,MEASURES,"{""rel"":""MEASURES"",""source"":""claim:0241"",""target"":""metric:ebitda_adjustment""}"
claim:0241,perimeter:unknown,SCOPED_TO,"{""rel"":""SCOPED_TO"",""source"":""claim:0241"",""target"":""perimeter:unknown""}"
claim:0241,source:firm_model_summary,FROM_SOURCE,"{""rel"":""FROM_SOURCE"",""source"":""claim:0241"",""target"":""source:firm_model_summary""}"
claim:0242,metric:ebitda_adjustment,MEASURES,"{""rel"":""MEASURES"",""source"":""claim:0242"",""target"":""metric:ebitda_adjustment""}"
claim:0242,perimeter:unknown,SCOPED_TO,"{""rel"":""SCOPED_TO"",""source"":""claim:0242"",""target"":""perimeter:unknown""}"
claim:0242,source:firm_model_summary,FROM_SOURCE,"{""rel"":""FROM_SOURCE"",""source"":""claim:0242"",""target"":""source:firm_model_summary""}"
claim:0243,metric:revolver_capacity,MEASURES,"{""rel"":""MEASURES"",""source"":""claim:0243"",""target"":""metric:revolver_capacity""}"
claim:0243,perimeter:unknown,SCOPED_TO,"{""rel"":""SCOPED_TO"",""source"":""claim:0243"",""target"":""perimeter:unknown""}"
claim:0243,source:firm_model_summary,FROM_SOURCE,"{""rel"":""FROM_SOURCE"",""source"":""claim:0243"",""target"":""source:firm_model_summary""}"
claim:0244,metric:covenant_threshold,MEASURES,"{""rel"":""MEASURES"",""source"":""claim:0244"",""target"":""metric:covenant_threshold""}"
claim:0244,perimeter:unknown,SCOPED_TO,"{""rel"":""SCOPED_TO"",""source"":""claim:0244"",""target"":""perimeter:unknown""}"
claim:0244,source:firm_model_summary,FROM_SOURCE,"{""rel"":""FROM_SOURCE"",""source"":""claim:0244"",""target"":""source:firm_model_summary""}"
claim:0245,metric:first-lien_debt,MEASURES,"{""rel"":""MEASURES"",""source"":""claim:0245"",""target"":""metric:first-lien_debt""}"
claim:0245,period:opening,IN_PERIOD,"{""rel"":""IN_PERIOD"",""source"":""claim:0245"",""target"":""period:opening""}"
claim:0245,perimeter:unknown,SCOPED_TO,"{""rel"":""SCOPED_TO"",""source"":""claim:0245"",""target"":""perimeter:unknown""}"
claim:0245,source:firm_model_summary,FROM_SOURCE,"{""rel"":""FROM_SOURCE"",""source"":""claim:0245"",""target"":""source:firm_model_summary""}"
claim:0246,metric:revolver_capacity,MEASURES,"{""rel"":""MEASURES"",""source"":""claim:0246"",""target"":""metric:revolver_capacity""}"
claim:0246,period:opening,IN_PERIOD,"{""rel"":""IN_PERIOD"",""source"":""claim:0246"",""target"":""period:opening""}"
claim:0246,perimeter:unknown,SCOPED_TO,"{""rel"":""SCOPED_TO"",""source"":""claim:0246"",""target"":""perimeter:unknown""}"
claim:0246,source:firm_model_summary,FROM_SOURCE,"{""rel"":""FROM_SOURCE"",""source"":""claim:0246"",""target"":""source:firm_model_summary""}"
claim:0247,metric:ddtl_availability,MEASURES,"{""rel"":""MEASURES"",""source"":""claim:0247"",""target"":""metric:ddtl_availability""}"
claim:0247,period:opening,IN_PERIOD,"{""rel"":""IN_PERIOD"",""source"":""claim:0247"",""target"":""period:opening""}"
claim:0247,perimeter:unknown,SCOPED_TO,"{""rel"":""SCOPED_TO"",""source"":""claim:0247"",""target"":""perimeter:unknown""}"
claim:0247,source:firm_model_summary,FROM_SOURCE,"{""rel"":""FROM_SOURCE"",""source"":""claim:0247"",""target"":""source:firm_model_summary""}"
claim:0248,metric:leverage,MEASURES,"{""rel"":""MEASURES"",""source"":""claim:0248"",""target"":""metric:leverage""}"
claim:0248,period:fy2027,IN_PERIOD,"{""rel"":""IN_PERIOD"",""source"":""claim:0248"",""target"":""period:fy2027""}"
claim:0248,perimeter:unknown,SCOPED_TO,"{""rel"":""SCOPED_TO"",""source"":""claim:0248"",""target"":""perimeter:unknown""}"
claim:0248,source:firm_model_summary,FROM_SOURCE,"{""rel"":""FROM_SOURCE"",""source"":""claim:0248"",""target"":""source:firm_model_summary""}"
claim:0249,metric:ebitda_add-back,MEASURES,"{""rel"":""MEASURES"",""source"":""claim:0249"",""target"":""metric:ebitda_add-back""}"
claim:0249,period:ltm,IN_PERIOD,"{""rel"":""IN_PERIOD"",""source"":""claim:0249"",""target"":""period:ltm""}"
claim:0249,perimeter:unknown,SCOPED_TO,"{""rel"":""SCOPED_TO"",""source"":""claim:0249"",""target"":""perimeter:unknown""}"
claim:0249,source:firm_model_summary,FROM_SOURCE,"{""rel"":""FROM_SOURCE"",""source"":""claim:0249"",""target"":""source:firm_model_summary""}"
claim:0250,metric:covenant_ebitda,MEASURES,"{""rel"":""MEASURES"",""source"":""claim:0250"",""target"":""metric:covenant_ebitda""}"
claim:0250,period:ltm,IN_PERIOD,"{""rel"":""IN_PERIOD"",""source"":""claim:0250"",""target"":""period:ltm""}"
claim:0250,perimeter:unknown,SCOPED_TO,"{""rel"":""SCOPED_TO"",""source"":""claim:0250"",""target"":""perimeter:unknown""}"
claim:0250,source:firm_model_summary,FROM_SOURCE,"{""rel"":""FROM_SOURCE"",""source"":""claim:0250"",""target"":""source:firm_model_summary""}"
claim:0251,metric:leverage,MEASURES,"{""rel"":""MEASURES"",""source"":""claim:0251"",""target"":""metric:leverage""}"
claim:0251,perimeter:unknown,SCOPED_TO,"{""rel"":""SCOPED_TO"",""source"":""claim:0251"",""target"":""perimeter:unknown""}"
claim:0251,source:firm_model_summary,FROM_SOURCE,"{""rel"":""FROM_SOURCE"",""source"":""claim:0251"",""target"":""source:firm_model_summary""}"
claim:0252,metric:sponsor_equity,MEASURES,"{""rel"":""MEASURES"",""source"":""claim:0252"",""target"":""metric:sponsor_equity""}"
claim:0252,perimeter:unknown,SCOPED_TO,"{""rel"":""SCOPED_TO"",""source"":""claim:0252"",""target"":""perimeter:unknown""}"
claim:0252,source:firm_model_summary,FROM_SOURCE,"{""rel"":""FROM_SOURCE"",""source"":""claim:0252"",""target"":""source:firm_model_summary""}"
claim:0253,metric:moic,MEASURES,"{""rel"":""MEASURES"",""source"":""claim:0253"",""target"":""metric:moic""}"
claim:0253,perimeter:unknown,SCOPED_TO,"{""rel"":""SCOPED_TO"",""source"":""claim:0253"",""target"":""perimeter:unknown""}"
claim:0253,source:firm_model_summary,FROM_SOURCE,"{""rel"":""FROM_SOURCE"",""source"":""claim:0253"",""target"":""source:firm_model_summary""}"
