id,type,label,data
claim:0000,claim,,"{""deal"":""keystone"",""derivation"":null,""direction"":""supports"",""epistemic"":""asserted"",""id"":""claim:0000"",""locator"":""keystone_seller_cim.md::## Executive summary:Executive summary, paragraph 2"",""statement"":""Management expects FY2025E revenue of $74.0m for Alderstone consolidated."",""type"":""claim"",""unit"":""$m"",""value"":""74.0""}"
metric:revenue,metric,Revenue,"{""id"":""metric:revenue"",""label"":""Revenue"",""type"":""metric""}"
period:fy2025e,period,FY2025E,"{""id"":""period:fy2025e"",""label"":""FY2025E"",""type"":""period""}"
perimeter:alderstone_consolidated_revenue_under_seller_adjustment_perimeter,perimeter,Alderstone consolidated revenue under seller adjustment perimeter,"{""id"":""perimeter:alderstone_consolidated_revenue_under_seller_adjustment_perimeter"",""label"":""Alderstone consolidated revenue under seller adjustment perimeter"",""type"":""perimeter""}"
source:seller_cim,source,Seller CIM,"{""id"":""source:seller_cim"",""label"":""Seller CIM"",""type"":""source""}"
claim:0001,claim,,"{""deal"":""keystone"",""derivation"":null,""direction"":""supports"",""epistemic"":""asserted"",""id"":""claim:0001"",""locator"":""keystone_seller_cim.md::## Executive summary:Executive summary, paragraph 2"",""statement"":""Management expects seller-adjusted EBITDA of $12.7m for FY2025E."",""type"":""claim"",""unit"":""$m"",""value"":""12.7""}"
metric:ebitda,metric,EBITDA,"{""id"":""metric:ebitda"",""label"":""EBITDA"",""type"":""metric""}"
perimeter:alderstone_consolidated_ebitda_under_seller_adjustment_perimeter,perimeter,Alderstone consolidated EBITDA under seller adjustment perimeter,"{""id"":""perimeter:alderstone_consolidated_ebitda_under_seller_adjustment_perimeter"",""label"":""Alderstone consolidated EBITDA under seller adjustment perimeter"",""type"":""perimeter""}"
claim:0002,claim,,"{""deal"":""keystone"",""derivation"":null,""direction"":""supports"",""epistemic"":""asserted"",""id"":""claim:0002"",""locator"":""keystone_seller_cim.md::## Executive summary:Executive summary, paragraph 2"",""statement"":""Seller-adjusted EBITDA margin is 17.2% for FY2025E."",""type"":""claim"",""unit"":""%"",""value"":""17.2""}"
metric:ebitda_margin,metric,EBITDA Margin,"{""id"":""metric:ebitda_margin"",""label"":""EBITDA Margin"",""type"":""metric""}"
perimeter:alderstone_consolidated_ebitda_margin_under_seller_adjustment_perimeter,perimeter,Alderstone consolidated EBITDA margin under seller adjustment perimeter,"{""id"":""perimeter:alderstone_consolidated_ebitda_margin_under_seller_adjustment_perimeter"",""label"":""Alderstone consolidated EBITDA margin under seller adjustment perimeter"",""type"":""perimeter""}"
claim:0003,claim,,"{""deal"":""keystone"",""derivation"":null,""direction"":""supports"",""epistemic"":""asserted"",""id"":""claim:0003"",""locator"":""keystone_seller_cim.md::## Executive summary:Executive summary, paragraph 1"",""statement"":""Alderstone has completed four acquisitions since 2020."",""type"":""claim"",""unit"":"""",""value"":""4.0""}"
metric:acquisition_count,metric,Acquisition Count,"{""id"":""metric:acquisition_count"",""label"":""Acquisition Count"",""type"":""metric""}"
period:2020_to_2025-10-27,period,2020 to 2025-10-27,"{""id"":""period:2020_to_2025-10-27"",""label"":""2020 to 2025-10-27"",""type"":""period""}"
perimeter:alderstone_consolidated_acquisition_activity,perimeter,Alderstone consolidated acquisition activity,"{""id"":""perimeter:alderstone_consolidated_acquisition_activity"",""label"":""Alderstone consolidated acquisition activity"",""type"":""perimeter""}"
claim:0004,claim,,"{""deal"":""keystone"",""derivation"":null,""direction"":""supports"",""epistemic"":""asserted"",""id"":""claim:0004"",""locator"":""keystone_seller_cim.md::## Investment highlights:Investment highlights section, bullet point 4"",""statement"":""Keystone has an asset-light operating model with capital expenditure of approximately 1%-2% of revenue."",""type"":""claim"",""unit"":""%"",""value"":""1.0""}"
metric:capex,metric,Capex,"{""id"":""metric:capex"",""label"":""Capex"",""type"":""metric""}"
period:cross-period,period,cross-period,"{""id"":""period:cross-period"",""label"":""cross-period"",""type"":""period""}"
perimeter:keystone_consolidated_revenue,perimeter,Keystone consolidated revenue,"{""id"":""perimeter:keystone_consolidated_revenue"",""label"":""Keystone consolidated revenue"",""type"":""perimeter""}"
claim:0005,claim,,"{""deal"":""keystone"",""derivation"":null,""direction"":""context"",""epistemic"":""asserted"",""id"":""claim:0005"",""locator"":""keystone_seller_cim.md::## Company overview:Company overview table, row 1"",""statement"":""FY2025E revenue is $74.0m per management forecast."",""type"":""claim"",""unit"":""$m"",""value"":""74.0""}"
perimeter:keystone_consolidated_revenue_under_seller_view,perimeter,Keystone consolidated revenue under seller view,"{""id"":""perimeter:keystone_consolidated_revenue_under_seller_view"",""label"":""Keystone consolidated revenue under seller view"",""type"":""perimeter""}"
claim:0006,claim,,"{""deal"":""keystone"",""derivation"":null,""direction"":""context"",""epistemic"":""asserted"",""id"":""claim:0006"",""locator"":""keystone_seller_cim.md::## Company overview:Company overview table, row 2"",""statement"":""FY2025E seller-adjusted EBITDA is $12.7m, representing 17.2% margin."",""type"":""claim"",""unit"":""$m"",""value"":""12.7""}"
perimeter:keystone_consolidated_ebitda_under_seller_adjustment_perimeter,perimeter,Keystone consolidated EBITDA under seller adjustment perimeter,"{""id"":""perimeter:keystone_consolidated_ebitda_under_seller_adjustment_perimeter"",""label"":""Keystone consolidated EBITDA under seller adjustment perimeter"",""type"":""perimeter""}"
claim:0007,claim,,"{""deal"":""keystone"",""derivation"":null,""direction"":""supports"",""epistemic"":""asserted"",""id"":""claim:0007"",""locator"":""keystone_seller_cim.md::## Company overview:Company overview table, row 2"",""statement"":""FY2025E seller-adjusted EBITDA margin is 17.2%."",""type"":""claim"",""unit"":""%"",""value"":""17.2""}"
claim:0008,claim,,"{""deal"":""keystone"",""derivation"":null,""direction"":""context"",""epistemic"":""asserted"",""id"":""claim:0008"",""locator"":""keystone_seller_cim.md::## Company overview:Company overview table, row 3"",""statement"":""Keystone has 468 employees comprising engineers, hygienists, inspectors and project personnel."",""type"":""claim"",""unit"":""headcount"",""value"":""468.0""}"
metric:headcount,metric,Headcount,"{""id"":""metric:headcount"",""label"":""Headcount"",""type"":""metric""}"
perimeter:keystone_consolidated_headcount,perimeter,Keystone consolidated headcount,"{""id"":""perimeter:keystone_consolidated_headcount"",""label"":""Keystone consolidated headcount"",""type"":""perimeter""}"
claim:0009,claim,,"{""deal"":""keystone"",""derivation"":null,""direction"":""supports"",""epistemic"":""asserted"",""id"":""claim:0009"",""locator"":""keystone_seller_cim.md::## Company overview:Company overview table, row 4"",""statement"":""Keystone has 600+ active customers measured by individual customer master records."",""type"":""claim"",""unit"":"""",""value"":""600.0""}"
metric:customer_count,metric,Customer Count,"{""id"":""metric:customer_count"",""label"":""Customer Count"",""type"":""metric""}"
perimeter:keystone_consolidated_active_customers,perimeter,Keystone consolidated active customers,"{""id"":""perimeter:keystone_consolidated_active_customers"",""label"":""Keystone consolidated active customers"",""type"":""perimeter""}"
claim:0010,claim,,"{""deal"":""keystone"",""derivation"":null,""direction"":""supports"",""epistemic"":""asserted"",""id"":""claim:0010"",""locator"":""keystone_seller_cim.md::## Company overview:Company overview table, row 5"",""statement"":""72% of Keystone revenue derives from recurring or repeat activity, comprising 38% scheduled/programmatic plus 34% repeat projects."",""type"":""claim"",""unit"":""%"",""value"":""72.0""}"
metric:recurring_revenue,metric,Recurring Revenue,"{""id"":""metric:recurring_revenue"",""label"":""Recurring Revenue"",""type"":""metric""}"
perimeter:keystone_consolidated_revenue_from_recurring_or_repeat_activity,perimeter,Keystone consolidated revenue from recurring or repeat activity,"{""id"":""perimeter:keystone_consolidated_revenue_from_recurring_or_repeat_activity"",""label"":""Keystone consolidated revenue from recurring or repeat activity"",""type"":""perimeter""}"
claim:0011,claim,,"{""deal"":""keystone"",""derivation"":null,""direction"":""context"",""epistemic"":""asserted"",""id"":""claim:0011"",""locator"":""keystone_seller_cim.md::## Company overview:Company overview table, row 6"",""statement"":""The largest billing account represents 7.6% of revenue; certain billing accounts may share a common parent."",""type"":""claim"",""unit"":""%"",""value"":""7.6""}"
metric:customer_concentration,metric,Customer Concentration,"{""id"":""metric:customer_concentration"",""label"":""Customer Concentration"",""type"":""metric""}"
perimeter:keystone_consolidated_revenue_concentration_measured_by_individual_billing_account,perimeter,Keystone consolidated revenue concentration measured by individual billing account,"{""id"":""perimeter:keystone_consolidated_revenue_concentration_measured_by_individual_billing_account"",""label"":""Keystone consolidated revenue concentration measured by individual billing account"",""type"":""perimeter""}"
claim:0012,claim,,"{""deal"":""keystone"",""derivation"":null,""direction"":""context"",""epistemic"":""asserted"",""id"":""claim:0012"",""locator"":""keystone_seller_cim.md::## Company overview:Company overview table, row 7"",""statement"":""Keystone has completed 4 acquisitions since 2020, commercially integrated under the Alderstone brand."",""type"":""claim"",""unit"":"""",""value"":""4.0""}"
period:2020_to_cross-period,period,2020 to cross-period,"{""id"":""period:2020_to_cross-period"",""label"":""2020 to cross-period"",""type"":""period""}"
perimeter:keystone_acquisitions_since_2020,perimeter,Keystone acquisitions since 2020,"{""id"":""perimeter:keystone_acquisitions_since_2020"",""label"":""Keystone acquisitions since 2020"",""type"":""perimeter""}"
claim:0013,claim,,"{""deal"":""keystone"",""derivation"":null,""direction"":""context"",""epistemic"":""asserted"",""id"":""claim:0013"",""locator"":""keystone_seller_cim.md::## Revenue by service line:Revenue by service line table, row 1"",""statement"":""Environmental, health and safety compliance service line revenue is projected at $30.3m in FY2025E, representing 41% of total revenue."",""type"":""claim"",""unit"":""$m"",""value"":""30.3""}"
perimeter:keystone_consolidated_revenue_under_seller_adjustment_perimeter,perimeter,Keystone consolidated revenue under seller adjustment perimeter,"{""id"":""perimeter:keystone_consolidated_revenue_under_seller_adjustment_perimeter"",""label"":""Keystone consolidated revenue under seller adjustment perimeter"",""type"":""perimeter""}"
claim:0014,claim,,"{""deal"":""keystone"",""derivation"":null,""direction"":""context"",""epistemic"":""asserted"",""id"":""claim:0014"",""locator"":""keystone_seller_cim.md::## Revenue by service line:Revenue by service line table, row 2"",""statement"":""Industrial hygiene and workplace testing service line revenue is projected at $20.0m in FY2025E, representing 27% of total revenue."",""type"":""claim"",""unit"":""$m"",""value"":""20.0""}"
claim:0015,claim,,"{""deal"":""keystone"",""derivation"":null,""direction"":""context"",""epistemic"":""asserted"",""id"":""claim:0015"",""locator"":""keystone_seller_cim.md::## Revenue by service line:Revenue by service line table, row 3"",""statement"":""Field inspection and asset integrity service line revenue is projected at $14.1m in FY2025E, representing 19% of total revenue."",""type"":""claim"",""unit"":""$m"",""value"":""14.1""}"
claim:0016,claim,,"{""deal"":""keystone"",""derivation"":null,""direction"":""context"",""epistemic"":""asserted"",""id"":""claim:0016"",""locator"":""keystone_seller_cim.md::## Revenue by service line:Revenue by service line table, row 4"",""statement"":""Permitting and technical advisory service line revenue is projected at $9.6m in FY2025E, representing 13% of total revenue."",""type"":""claim"",""unit"":""$m"",""value"":""9.6""}"
claim:0017,claim,,"{""deal"":""keystone"",""derivation"":null,""direction"":""context"",""epistemic"":""asserted"",""id"":""claim:0017"",""locator"":""keystone_seller_cim.md::## Revenue by service line:Revenue by service line table, total row"",""statement"":""Total consolidated revenue is projected at $74.0m in FY2025E across all service lines."",""type"":""claim"",""unit"":""$m"",""value"":""74.0""}"
claim:0018,claim,,"{""deal"":""keystone"",""derivation"":null,""direction"":""context"",""epistemic"":""asserted"",""id"":""claim:0018"",""locator"":""keystone_seller_cim.md::## Revenue characteristics:## Revenue characteristics, table context"",""statement"":""The Company serves more than 600 active billing accounts."",""type"":""claim"",""unit"":"""",""value"":""600.0""}"
metric:active_billing_accounts,metric,Active Billing Accounts,"{""id"":""metric:active_billing_accounts"",""label"":""Active Billing Accounts"",""type"":""metric""}"
perimeter:keystone_consolidated_active_billing_accounts,perimeter,Keystone consolidated active billing accounts,"{""id"":""perimeter:keystone_consolidated_active_billing_accounts"",""label"":""Keystone consolidated active billing accounts"",""type"":""perimeter""}"
claim:0019,claim,,"{""deal"":""keystone"",""derivation"":null,""direction"":""supports"",""epistemic"":""asserted"",""id"":""claim:0019"",""locator"":""keystone_seller_cim.md::## Revenue characteristics:## Revenue characteristics, paragraph"",""statement"":""The ten largest billing accounts have an average tenure of approximately eight years."",""type"":""claim"",""unit"":""years"",""value"":""8.0""}"
perimeter:keystone_ten_largest_billing_accounts_average_tenure,perimeter,Keystone ten largest billing accounts average tenure,"{""id"":""perimeter:keystone_ten_largest_billing_accounts_average_tenure"",""label"":""Keystone ten largest billing accounts average tenure"",""type"":""perimeter""}"
claim:0020,claim,,"{""deal"":""keystone"",""derivation"":null,""direction"":""context"",""epistemic"":""asserted"",""id"":""claim:0020"",""locator"":""keystone_seller_cim.md::## Revenue characteristics:## Revenue characteristics, table row 1"",""statement"":""Scheduled or recurring programs revenue is $28.1m in FY2025E, representing 38% of total revenue."",""type"":""claim"",""unit"":""$m"",""value"":""28.1""}"
perimeter:keystone_consolidated_revenue_under_seller_classification,perimeter,Keystone consolidated revenue under seller classification,"{""id"":""perimeter:keystone_consolidated_revenue_under_seller_classification"",""label"":""Keystone consolidated revenue under seller classification"",""type"":""perimeter""}"
claim:0021,claim,,"{""deal"":""keystone"",""derivation"":null,""direction"":""context"",""epistemic"":""asserted"",""id"":""claim:0021"",""locator"":""keystone_seller_cim.md::## Revenue characteristics:## Revenue characteristics, table row 2"",""statement"":""Repeat projects from existing customers revenue is $25.2m in FY2025E, representing 34% of total revenue."",""type"":""claim"",""unit"":""$m"",""value"":""25.2""}"
claim:0022,claim,,"{""deal"":""keystone"",""derivation"":null,""direction"":""context"",""epistemic"":""asserted"",""id"":""claim:0022"",""locator"":""keystone_seller_cim.md::## Revenue characteristics:## Revenue characteristics, table row 3"",""statement"":""New and discrete project activity revenue is $20.7m in FY2025E, representing 28% of total revenue."",""type"":""claim"",""unit"":""$m"",""value"":""20.7""}"
claim:0023,claim,,"{""deal"":""keystone"",""derivation"":null,""direction"":""context"",""epistemic"":""asserted"",""id"":""claim:0023"",""locator"":""keystone_seller_cim.md::## Revenue characteristics:## Revenue characteristics, table row 4"",""statement"":""Total revenue is $74.0m in FY2025E."",""type"":""claim"",""unit"":""$m"",""value"":""74.0""}"
perimeter:keystone_consolidated_total_revenue_under_seller_classification,perimeter,Keystone consolidated total revenue under seller classification,"{""id"":""perimeter:keystone_consolidated_total_revenue_under_seller_classification"",""label"":""Keystone consolidated total revenue under seller classification"",""type"":""perimeter""}"
claim:0024,claim,,"{""deal"":""keystone"",""derivation"":null,""direction"":""context"",""epistemic"":""asserted"",""id"":""claim:0024"",""locator"":""keystone_seller_cim.md::## Customer concentration by billing account"",""statement"":""The largest individual billing account represents 7.6% of customer concentration as of FY2025E."",""type"":""claim"",""unit"":""%"",""value"":""7.6""}"
"perimeter:keystone_consolidated_customer_concentration_measured_by_individual_billing_account,_largest_account",perimeter,"Keystone consolidated customer concentration measured by individual billing account, largest account","{""id"":""perimeter:keystone_consolidated_customer_concentration_measured_by_individual_billing_account,_largest_account"",""label"":""Keystone consolidated customer concentration measured by individual billing account, largest account"",""type"":""perimeter""}"
claim:0025,claim,,"{""deal"":""keystone"",""derivation"":null,""direction"":""context"",""epistemic"":""asserted"",""id"":""claim:0025"",""locator"":""keystone_seller_cim.md::## Customer concentration by billing account"",""statement"":""The top five individual billing accounts represent 21.4% of customer concentration as of FY2025E."",""type"":""claim"",""unit"":""%"",""value"":""21.4""}"
"perimeter:keystone_consolidated_customer_concentration_measured_by_individual_billing_account,_top_five_accounts",perimeter,"Keystone consolidated customer concentration measured by individual billing account, top five accounts","{""id"":""perimeter:keystone_consolidated_customer_concentration_measured_by_individual_billing_account,_top_five_accounts"",""label"":""Keystone consolidated customer concentration measured by individual billing account, top five accounts"",""type"":""perimeter""}"
claim:0026,claim,,"{""deal"":""keystone"",""derivation"":null,""direction"":""context"",""epistemic"":""asserted"",""id"":""claim:0026"",""locator"":""keystone_seller_cim.md::## Customer concentration by billing account"",""statement"":""The top ten individual billing accounts represent 31.5% of customer concentration as of FY2025E."",""type"":""claim"",""unit"":""%"",""value"":""31.5""}"
"perimeter:keystone_consolidated_customer_concentration_measured_by_individual_billing_account,_top_ten_accounts",perimeter,"Keystone consolidated customer concentration measured by individual billing account, top ten accounts","{""id"":""perimeter:keystone_consolidated_customer_concentration_measured_by_individual_billing_account,_top_ten_accounts"",""label"":""Keystone consolidated customer concentration measured by individual billing account, top ten accounts"",""type"":""perimeter""}"
claim:0027,claim,,"{""deal"":""keystone"",""derivation"":null,""direction"":""context"",""epistemic"":""asserted"",""id"":""claim:0027"",""locator"":""keystone_seller_cim.md::## Revenue by end market"",""statement"":""Keystone industrial manufacturing revenue is projected at $22.9m in FY2025E, representing 31% of total revenue."",""type"":""claim"",""unit"":""$m"",""value"":""22.9""}"
perimeter:keystone_consolidated_revenue_by_end_market,perimeter,Keystone consolidated revenue by end market,"{""id"":""perimeter:keystone_consolidated_revenue_by_end_market"",""label"":""Keystone consolidated revenue by end market"",""type"":""perimeter""}"
claim:0028,claim,,"{""deal"":""keystone"",""derivation"":null,""direction"":""context"",""epistemic"":""asserted"",""id"":""claim:0028"",""locator"":""keystone_seller_cim.md::## Revenue by end market"",""statement"":""Keystone infrastructure and utilities revenue is projected at $17.8m in FY2025E, representing 24% of total revenue."",""type"":""claim"",""unit"":""$m"",""value"":""17.8""}"
claim:0029,claim,,"{""deal"":""keystone"",""derivation"":null,""direction"":""context"",""epistemic"":""asserted"",""id"":""claim:0029"",""locator"":""keystone_seller_cim.md::## Revenue by end market"",""statement"":""Keystone municipal and public sector revenue is projected at $13.3m in FY2025E, representing 18% of total revenue."",""type"":""claim"",""unit"":""$m"",""value"":""13.3""}"
claim:0030,claim,,"{""deal"":""keystone"",""derivation"":null,""direction"":""context"",""epistemic"":""asserted"",""id"":""claim:0030"",""locator"":""keystone_seller_cim.md::## Revenue by end market"",""statement"":""Keystone healthcare and life sciences revenue is projected at $8.9m in FY2025E, representing 12% of total revenue."",""type"":""claim"",""unit"":""$m"",""value"":""8.9""}"
claim:0031,claim,,"{""deal"":""keystone"",""derivation"":null,""direction"":""context"",""epistemic"":""asserted"",""id"":""claim:0031"",""locator"":""keystone_seller_cim.md::## Revenue by end market"",""statement"":""Keystone commercial and other revenue is projected at $11.1m in FY2025E, representing 15% of total revenue."",""type"":""claim"",""unit"":""$m"",""value"":""11.1""}"
claim:0032,claim,,"{""deal"":""keystone"",""derivation"":null,""direction"":""context"",""epistemic"":""asserted"",""id"":""claim:0032"",""locator"":""keystone_seller_cim.md::## Revenue by end market"",""statement"":""Keystone total consolidated revenue is projected at $74.0m in FY2025E."",""type"":""claim"",""unit"":""$m"",""value"":""74.0""}"
claim:0033,claim,,"{""deal"":""keystone"",""derivation"":null,""direction"":""context"",""epistemic"":""asserted"",""id"":""claim:0033"",""locator"":""keystone_seller_cim.md::## Management-adjusted EBITDA:## Management-adjusted EBITDA, table row 'Reported EBITDA'"",""statement"":""Keystone reported EBITDA for FY2025E is $10.2 million."",""type"":""claim"",""unit"":""$m"",""value"":""10.2""}"
perimeter:keystone_consolidated_ebitda_reported,perimeter,Keystone consolidated EBITDA reported,"{""id"":""perimeter:keystone_consolidated_ebitda_reported"",""label"":""Keystone consolidated EBITDA reported"",""type"":""perimeter""}"
claim:0034,claim,,"{""deal"":""keystone"",""derivation"":null,""direction"":""supports"",""epistemic"":""asserted"",""id"":""claim:0034"",""locator"":""keystone_seller_cim.md::## Management-adjusted EBITDA:## Management-adjusted EBITDA, table row 'Founder and executive-compensation normalization'"",""statement"":""Keystone management adjusts FY2025E EBITDA by $0.4 million for founder and executive-compensation normalization."",""type"":""claim"",""unit"":""$m"",""value"":""0.4""}"
metric:ebitda_adjustment,metric,EBITDA Adjustment,"{""id"":""metric:ebitda_adjustment"",""label"":""EBITDA Adjustment"",""type"":""metric""}"
claim:0035,claim,,"{""deal"":""keystone"",""derivation"":null,""direction"":""supports"",""epistemic"":""asserted"",""id"":""claim:0035"",""locator"":""keystone_seller_cim.md::## Management-adjusted EBITDA:## Management-adjusted EBITDA, table row 'Transaction-readiness and non-recurring professional fees'"",""statement"":""Keystone management adjusts FY2025E EBITDA by $0.3 million for transaction-readiness and non-recurring professional fees."",""type"":""claim"",""unit"":""$m"",""value"":""0.3""}"
claim:0036,claim,,"{""deal"":""keystone"",""derivation"":null,""direction"":""supports"",""epistemic"":""asserted"",""id"":""claim:0036"",""locator"":""keystone_seller_cim.md::## Management-adjusted EBITDA:## Management-adjusted EBITDA, table row 'Acquisition-integration and systems-consolidation costs'"",""statement"":""Keystone management adjusts FY2025E EBITDA by $0.5 million for acquisition-integration and systems-consolidation costs."",""type"":""claim"",""unit"":""$m"",""value"":""0.5""}"
claim:0037,claim,,"{""deal"":""keystone"",""derivation"":null,""direction"":""supports"",""epistemic"":""asserted"",""id"":""claim:0037"",""locator"":""keystone_seller_cim.md::## Management-adjusted EBITDA:## Management-adjusted EBITDA, table row 'Non-recurring legal and settlement expense'"",""statement"":""Keystone management adjusts FY2025E EBITDA by $0.2 million for non-recurring legal and settlement expense."",""type"":""claim"",""unit"":""$m"",""value"":""0.2""}"
claim:0038,claim,,"{""deal"":""keystone"",""derivation"":null,""direction"":""supports"",""epistemic"":""asserted"",""id"":""claim:0038"",""locator"":""keystone_seller_cim.md::## Management-adjusted EBITDA:## Management-adjusted EBITDA, table row 'Duplicate occupancy and facility-move expense'"",""statement"":""Keystone management adjusts FY2025E EBITDA by $0.2 million for duplicate occupancy and facility-move expense."",""type"":""claim"",""unit"":""$m"",""value"":""0.2""}"
claim:0039,claim,,"{""deal"":""keystone"",""derivation"":null,""direction"":""supports"",""epistemic"":""asserted"",""id"":""claim:0039"",""locator"":""keystone_seller_cim.md::## Management-adjusted EBITDA:## Management-adjusted EBITDA, table row 'Run-rate branch and corporate headcount savings'"",""statement"":""Keystone management adjusts FY2025E EBITDA by $0.4 million for run-rate branch and corporate headcount savings."",""type"":""claim"",""unit"":""$m"",""value"":""0.4""}"
claim:0040,claim,,"{""deal"":""keystone"",""derivation"":null,""direction"":""supports"",""epistemic"":""asserted"",""id"":""claim:0040"",""locator"":""keystone_seller_cim.md::## Management-adjusted EBITDA:## Management-adjusted EBITDA, table row 'Run-rate pricing and utilization initiatives'"",""statement"":""Keystone management adjusts FY2025E EBITDA by $0.5 million for run-rate pricing and utilization initiatives."",""type"":""claim"",""unit"":""$m"",""value"":""0.5""}"
claim:0041,claim,,"{""deal"":""keystone"",""derivation"":null,""direction"":""supports"",""epistemic"":""asserted"",""id"":""claim:0041"",""locator"":""keystone_seller_cim.md::## Management-adjusted EBITDA:## Management-adjusted EBITDA, table row 'Management adjustments'"",""statement"":""Keystone management adjustments total $2.5 million for FY2025E."",""type"":""claim"",""unit"":""$m"",""value"":""2.5""}"
claim:0042,claim,,"{""deal"":""keystone"",""derivation"":null,""direction"":""supports"",""epistemic"":""asserted"",""id"":""claim:0042"",""locator"":""keystone_seller_cim.md::## Management-adjusted EBITDA:## Management-adjusted EBITDA, table row 'Seller-adjusted EBITDA'"",""statement"":""Keystone seller-adjusted EBITDA for FY2025E is $12.7 million."",""type"":""claim"",""unit"":""$m"",""value"":""12.7""}"
claim:0043,claim,,"{""deal"":""keystone"",""derivation"":null,""direction"":""context"",""epistemic"":""asserted"",""id"":""claim:0043"",""locator"":""keystone_seller_cim.md::## Management-adjusted EBITDA:## Management-adjusted EBITDA, narrative paragraph"",""statement"":""Management views adjustments as reflecting non-recurring items, transaction-related costs, integration activity and run-rate savings or operating initiatives identified before the contemplated transaction."",""type"":""claim"",""unit"":"""",""value"":""""}"
claim:0044,claim,,"{""deal"":""keystone"",""derivation"":null,""direction"":""contradicts"",""epistemic"":""asserted"",""id"":""claim:0044"",""locator"":""keystone_seller_cim.md::## Risk factors disclosed by management"",""statement"":""Integration and systems initiatives may require additional time and expenditure."",""type"":""claim"",""unit"":"""",""value"":""""}"
metric:integration_risk,metric,Integration Risk,"{""id"":""metric:integration_risk"",""label"":""Integration Risk"",""type"":""metric""}"
period:as_of_2025-10-27,period,as of 2025-10-27,"{""id"":""period:as_of_2025-10-27"",""label"":""as of 2025-10-27"",""type"":""period""}"
perimeter:keystone_consolidated_integration_and_systems_initiatives,perimeter,Keystone consolidated integration and systems initiatives,"{""id"":""perimeter:keystone_consolidated_integration_and_systems_initiatives"",""label"":""Keystone consolidated integration and systems initiatives"",""type"":""perimeter""}"
claim:0045,claim,,"{""deal"":""keystone"",""derivation"":null,""direction"":""contradicts"",""epistemic"":""asserted"",""id"":""claim:0045"",""locator"":""keystone_seller_cim.md::## Risk factors disclosed by management"",""statement"":""Project and customer activity may be affected by customer budgets and facility programs."",""type"":""claim"",""unit"":"""",""value"":""""}"
metric:operational_risk,metric,Operational Risk,"{""id"":""metric:operational_risk"",""label"":""Operational Risk"",""type"":""metric""}"
perimeter:keystone_consolidated_project_and_customer_activity,perimeter,Keystone consolidated project and customer activity,"{""id"":""perimeter:keystone_consolidated_project_and_customer_activity"",""label"":""Keystone consolidated project and customer activity"",""type"":""perimeter""}"
claim:0046,claim,,"{""deal"":""keystone"",""derivation"":null,""direction"":""context"",""epistemic"":""observed"",""id"":""claim:0046"",""locator"":""keystone_data_room_extract.md::section:w0-250:Hist_3Stmt table, Income Statement row, FY2023A column"",""statement"":""Keystone consolidated revenue for FY2023A was $56.8 million."",""type"":""claim"",""unit"":""$m"",""value"":""56.8""}"
period:fy2023a,period,FY2023A,"{""id"":""period:fy2023a"",""label"":""FY2023A"",""type"":""period""}"
source:data_room_extract,source,Data Room Extract,"{""id"":""source:data_room_extract"",""label"":""Data Room Extract"",""type"":""source""}"
claim:0047,claim,,"{""deal"":""keystone"",""derivation"":null,""direction"":""context"",""epistemic"":""observed"",""id"":""claim:0047"",""locator"":""keystone_data_room_extract.md::section:w0-250:Hist_3Stmt table, Income Statement row, FY2024A column"",""statement"":""Keystone consolidated revenue for FY2024A was $65.4 million."",""type"":""claim"",""unit"":""$m"",""value"":""65.4""}"
period:fy2024a,period,FY2024A,"{""id"":""period:fy2024a"",""label"":""FY2024A"",""type"":""period""}"
claim:0048,claim,,"{""deal"":""keystone"",""derivation"":null,""direction"":""context"",""epistemic"":""observed"",""id"":""claim:0048"",""locator"":""keystone_data_room_extract.md::section:w0-250:Hist_3Stmt table, Income Statement row, FY2025A column"",""statement"":""Keystone consolidated revenue for FY2025A was $74.0 million."",""type"":""claim"",""unit"":""$m"",""value"":""74.0""}"
period:fy2025a,period,FY2025A,"{""id"":""period:fy2025a"",""label"":""FY2025A"",""type"":""period""}"
claim:0049,claim,,"{""deal"":""keystone"",""derivation"":null,""direction"":""supports"",""epistemic"":""observed"",""id"":""claim:0049"",""locator"":""keystone_data_room_extract.md::section:w0-250:Hist_3Stmt table, Growth row, FY2024A column"",""statement"":""Keystone consolidated revenue growth for FY2024A was 15.1%."",""type"":""claim"",""unit"":"""",""value"":""0.151""}"
metric:revenue_growth,metric,Revenue Growth,"{""id"":""metric:revenue_growth"",""label"":""Revenue Growth"",""type"":""metric""}"
perimeter:keystone_consolidated_revenue_growth,perimeter,Keystone consolidated revenue growth,"{""id"":""perimeter:keystone_consolidated_revenue_growth"",""label"":""Keystone consolidated revenue growth"",""type"":""perimeter""}"
claim:0050,claim,,"{""deal"":""keystone"",""derivation"":null,""direction"":""supports"",""epistemic"":""observed"",""id"":""claim:0050"",""locator"":""keystone_data_room_extract.md::section:w0-250:Hist_3Stmt table, Growth row, FY2025A column"",""statement"":""Keystone consolidated revenue growth for FY2025A was 13.1%."",""type"":""claim"",""unit"":"""",""value"":""0.131""}"
claim:0051,claim,,"{""deal"":""keystone"",""derivation"":null,""direction"":""context"",""epistemic"":""observed"",""id"":""claim:0051"",""locator"":""keystone_data_room_extract.md::section:w0-250:Hist_3Stmt table, Gross profit row, FY2023A column"",""statement"":""Keystone consolidated gross profit for FY2023A was $19.4 million."",""type"":""claim"",""unit"":""$m"",""value"":""19.4""}"
metric:gross_profit,metric,Gross Profit,"{""id"":""metric:gross_profit"",""label"":""Gross Profit"",""type"":""metric""}"
perimeter:keystone_consolidated_gross_profit,perimeter,Keystone consolidated gross profit,"{""id"":""perimeter:keystone_consolidated_gross_profit"",""label"":""Keystone consolidated gross profit"",""type"":""perimeter""}"
claim:0052,claim,,"{""deal"":""keystone"",""derivation"":null,""direction"":""context"",""epistemic"":""observed"",""id"":""claim:0052"",""locator"":""keystone_data_room_extract.md::section:w0-250:Hist_3Stmt table, Gross profit row, FY2024A column"",""statement"":""Keystone consolidated gross profit for FY2024A was $22.9 million."",""type"":""claim"",""unit"":""$m"",""value"":""22.9""}"
claim:0053,claim,,"{""deal"":""keystone"",""derivation"":null,""direction"":""context"",""epistemic"":""observed"",""id"":""claim:0053"",""locator"":""keystone_data_room_extract.md::section:w0-250:Hist_3Stmt table, Gross profit row, FY2025A column"",""statement"":""Keystone consolidated gross profit for FY2025A was $26.6 million."",""type"":""claim"",""unit"":""$m"",""value"":""26.6""}"
claim:0054,claim,,"{""deal"":""keystone"",""derivation"":null,""direction"":""supports"",""epistemic"":""observed"",""id"":""claim:0054"",""locator"":""keystone_data_room_extract.md::section:w0-250:Hist_3Stmt table, Gross margin row, FY2023A column"",""statement"":""Keystone consolidated gross margin for FY2023A was 34.2%."",""type"":""claim"",""unit"":"""",""value"":""0.342""}"
metric:gross_margin,metric,Gross Margin,"{""id"":""metric:gross_margin"",""label"":""Gross Margin"",""type"":""metric""}"
perimeter:keystone_consolidated_gross_margin,perimeter,Keystone consolidated gross margin,"{""id"":""perimeter:keystone_consolidated_gross_margin"",""label"":""Keystone consolidated gross margin"",""type"":""perimeter""}"
claim:0055,claim,,"{""deal"":""keystone"",""derivation"":null,""direction"":""supports"",""epistemic"":""observed"",""id"":""claim:0055"",""locator"":""keystone_data_room_extract.md::section:w0-250:Hist_3Stmt table, Gross margin row, FY2024A column"",""statement"":""Keystone consolidated gross margin for FY2024A was 35.0%."",""type"":""claim"",""unit"":"""",""value"":""0.35""}"
claim:0056,claim,,"{""deal"":""keystone"",""derivation"":null,""direction"":""supports"",""epistemic"":""observed"",""id"":""claim:0056"",""locator"":""keystone_data_room_extract.md::section:w0-250:Hist_3Stmt table, Gross margin row, FY2025A column"",""statement"":""Keystone consolidated gross margin for FY2025A was 35.9%."",""type"":""claim"",""unit"":"""",""value"":""0.359""}"
claim:0057,claim,,"{""deal"":""keystone"",""derivation"":null,""direction"":""context"",""epistemic"":""observed"",""id"":""claim:0057"",""locator"":""keystone_data_room_extract.md::section:w250-500:section w250-500, Reported EBITDA row, FY2023A column"",""statement"":""Keystone reported EBITDA of $7.5m in FY2023A."",""type"":""claim"",""unit"":""$m"",""value"":""7.5""}"
perimeter:keystone_consolidated_ebitda_under_reported_basis,perimeter,Keystone consolidated EBITDA under reported basis,"{""id"":""perimeter:keystone_consolidated_ebitda_under_reported_basis"",""label"":""Keystone consolidated EBITDA under reported basis"",""type"":""perimeter""}"
claim:0058,claim,,"{""deal"":""keystone"",""derivation"":null,""direction"":""context"",""epistemic"":""observed"",""id"":""claim:0058"",""locator"":""keystone_data_room_extract.md::section:w250-500:section w250-500, Reported EBITDA row, FY2024A column"",""statement"":""Keystone reported EBITDA of $8.8m in FY2024A."",""type"":""claim"",""unit"":""$m"",""value"":""8.8""}"
claim:0059,claim,,"{""deal"":""keystone"",""derivation"":null,""direction"":""context"",""epistemic"":""observed"",""id"":""claim:0059"",""locator"":""keystone_data_room_extract.md::section:w250-500:section w250-500, Reported EBITDA row, FY2025A column"",""statement"":""Keystone reported EBITDA of $10.2m in FY2025A."",""type"":""claim"",""unit"":""$m"",""value"":""10.2""}"
claim:0060,claim,,"{""deal"":""keystone"",""derivation"":null,""direction"":""context"",""epistemic"":""observed"",""id"":""claim:0060"",""locator"":""keystone_data_room_extract.md::section:w250-500:section w250-500, EBITDA margin row, FY2023A column"",""statement"":""Keystone reported EBITDA margin of 13.2% in FY2023A."",""type"":""claim"",""unit"":"""",""value"":""0.132""}"
perimeter:keystone_consolidated_ebitda_margin_under_reported_basis,perimeter,Keystone consolidated EBITDA margin under reported basis,"{""id"":""perimeter:keystone_consolidated_ebitda_margin_under_reported_basis"",""label"":""Keystone consolidated EBITDA margin under reported basis"",""type"":""perimeter""}"
claim:0061,claim,,"{""deal"":""keystone"",""derivation"":null,""direction"":""context"",""epistemic"":""observed"",""id"":""claim:0061"",""locator"":""keystone_data_room_extract.md::section:w250-500:section w250-500, EBITDA margin row, FY2024A column"",""statement"":""Keystone reported EBITDA margin of 13.5% in FY2024A."",""type"":""claim"",""unit"":"""",""value"":""0.135""}"
claim:0062,claim,,"{""deal"":""keystone"",""derivation"":null,""direction"":""context"",""epistemic"":""observed"",""id"":""claim:0062"",""locator"":""keystone_data_room_extract.md::section:w250-500:section w250-500, EBITDA margin row, FY2025A column"",""statement"":""Keystone reported EBITDA margin of 13.8% in FY2025A."",""type"":""claim"",""unit"":"""",""value"":""0.138""}"
claim:0063,claim,,"{""deal"":""keystone"",""derivation"":null,""direction"":""context"",""epistemic"":""observed"",""id"":""claim:0063"",""locator"":""keystone_data_room_extract.md::section:w250-500:section w250-500, EBIT row, FY2023A column"",""statement"":""Keystone reported EBIT of $6.4m in FY2023A."",""type"":""claim"",""unit"":""$m"",""value"":""6.4""}"
metric:ebit,metric,EBIT,"{""id"":""metric:ebit"",""label"":""EBIT"",""type"":""metric""}"
perimeter:keystone_consolidated_ebit_under_reported_basis,perimeter,Keystone consolidated EBIT under reported basis,"{""id"":""perimeter:keystone_consolidated_ebit_under_reported_basis"",""label"":""Keystone consolidated EBIT under reported basis"",""type"":""perimeter""}"
claim:0064,claim,,"{""deal"":""keystone"",""derivation"":null,""direction"":""context"",""epistemic"":""observed"",""id"":""claim:0064"",""locator"":""keystone_data_room_extract.md::section:w250-500:section w250-500, EBIT row, FY2024A column"",""statement"":""Keystone reported EBIT of $7.5m in FY2024A."",""type"":""claim"",""unit"":""$m"",""value"":""7.5""}"
claim:0065,claim,,"{""deal"":""keystone"",""derivation"":null,""direction"":""context"",""epistemic"":""observed"",""id"":""claim:0065"",""locator"":""keystone_data_room_extract.md::section:w250-500:section w250-500, EBIT row, FY2025A column"",""statement"":""Keystone reported EBIT of $8.7m in FY2025A."",""type"":""claim"",""unit"":""$m"",""value"":""8.7""}"
claim:0066,claim,,"{""deal"":""keystone"",""derivation"":null,""direction"":""context"",""epistemic"":""observed"",""id"":""claim:0066"",""locator"":""keystone_data_room_extract.md::section:w250-500:section w250-500, Net income row, FY2023A column"",""statement"":""Keystone reported net income of $4.18m in FY2023A."",""type"":""claim"",""unit"":""$m"",""value"":""4.18""}"
metric:net_income,metric,Net Income,"{""id"":""metric:net_income"",""label"":""Net Income"",""type"":""metric""}"
perimeter:keystone_consolidated_net_income_under_reported_basis,perimeter,Keystone consolidated net income under reported basis,"{""id"":""perimeter:keystone_consolidated_net_income_under_reported_basis"",""label"":""Keystone consolidated net income under reported basis"",""type"":""perimeter""}"
claim:0067,claim,,"{""deal"":""keystone"",""derivation"":null,""direction"":""context"",""epistemic"":""observed"",""id"":""claim:0067"",""locator"":""keystone_data_room_extract.md::section:w250-500:section w250-500, Net income row, FY2024A column"",""statement"":""Keystone reported net income of $4.92m in FY2024A."",""type"":""claim"",""unit"":""$m"",""value"":""4.92""}"
claim:0068,claim,,"{""deal"":""keystone"",""derivation"":null,""direction"":""context"",""epistemic"":""observed"",""id"":""claim:0068"",""locator"":""keystone_data_room_extract.md::section:w250-500:section w250-500, Net income row, FY2025A column"",""statement"":""Keystone reported net income of $5.73m in FY2025A."",""type"":""claim"",""unit"":""$m"",""value"":""5.73""}"
claim:0069,claim,,"{""deal"":""keystone"",""derivation"":null,""direction"":""context"",""epistemic"":""observed"",""id"":""claim:0069"",""locator"":""keystone_data_room_extract.md::section:w250-500:section w250-500, Balance Sheet, Cash row, FY2023A column"",""statement"":""Keystone reported cash of $2.5m as of FY2023A."",""type"":""claim"",""unit"":""$m"",""value"":""2.5""}"
metric:working_capital,metric,Working Capital,"{""id"":""metric:working_capital"",""label"":""Working Capital"",""type"":""metric""}"
perimeter:keystone_consolidated_cash_balance_under_reported_basis,perimeter,Keystone consolidated cash balance under reported basis,"{""id"":""perimeter:keystone_consolidated_cash_balance_under_reported_basis"",""label"":""Keystone consolidated cash balance under reported basis"",""type"":""perimeter""}"
claim:0070,claim,,"{""deal"":""keystone"",""derivation"":null,""direction"":""context"",""epistemic"":""observed"",""id"":""claim:0070"",""locator"":""keystone_data_room_extract.md::section:w250-500:section w250-500, Balance Sheet, Cash row, FY2024A column"",""statement"":""Keystone reported cash of $3.2m as of FY2024A."",""type"":""claim"",""unit"":""$m"",""value"":""3.2""}"
claim:0071,claim,,"{""deal"":""keystone"",""derivation"":null,""direction"":""context"",""epistemic"":""observed"",""id"":""claim:0071"",""locator"":""keystone_data_room_extract.md::section:w250-500:section w250-500, Balance Sheet, Cash row, FY2025A column"",""statement"":""Keystone reported cash of $4.2m as of FY2025A."",""type"":""claim"",""unit"":""$m"",""value"":""4.2""}"
claim:0072,claim,,"{""deal"":""keystone"",""derivation"":null,""direction"":""context"",""epistemic"":""observed"",""id"":""claim:0072"",""locator"":""keystone_data_room_extract.md::section:w1000-1250:Hist_Monthly table, 2023-01-01 column, Ending cash row"",""statement"":""Keystone ending cash balance was $2.5 million as of 2023-01-01."",""type"":""claim"",""unit"":""$m"",""value"":""2.5""}"
metric:operating_cash_flow,metric,Operating Cash Flow,"{""id"":""metric:operating_cash_flow"",""label"":""Operating Cash Flow"",""type"":""metric""}"
period:2023-01-01,period,2023-01-01,"{""id"":""period:2023-01-01"",""label"":""2023-01-01"",""type"":""period""}"
perimeter:keystone_consolidated_cash_flow,perimeter,Keystone consolidated cash flow,"{""id"":""perimeter:keystone_consolidated_cash_flow"",""label"":""Keystone consolidated cash flow"",""type"":""perimeter""}"
claim:0073,claim,,"{""deal"":""keystone"",""derivation"":null,""direction"":""context"",""epistemic"":""observed"",""id"":""claim:0073"",""locator"":""keystone_data_room_extract.md::section:w1000-1250:Hist_Monthly table, 2023-02-01 column, Ending cash row"",""statement"":""Keystone ending cash balance was $3.2 million as of 2023-02-01."",""type"":""claim"",""unit"":""$m"",""value"":""3.2""}"
period:2023-02-01,period,2023-02-01,"{""id"":""period:2023-02-01"",""label"":""2023-02-01"",""type"":""period""}"
claim:0074,claim,,"{""deal"":""keystone"",""derivation"":null,""direction"":""context"",""epistemic"":""observed"",""id"":""claim:0074"",""locator"":""keystone_data_room_extract.md::section:w1000-1250:Hist_Monthly table, 2023-03-01 column, Ending cash row"",""statement"":""Keystone ending cash balance was $4.2 million as of 2023-03-01."",""type"":""claim"",""unit"":""$m"",""value"":""4.2""}"
period:2023-03-01,period,2023-03-01,"{""id"":""period:2023-03-01"",""label"":""2023-03-01"",""type"":""period""}"
claim:0075,claim,,"{""deal"":""keystone"",""derivation"":null,""direction"":""context"",""epistemic"":""observed"",""id"":""claim:0075"",""locator"":""keystone_data_room_extract.md::section:w1250-1500"",""statement"":""Keystone consolidated revenue is $4.26 million in the first period shown in the data room extract."",""type"":""claim"",""unit"":""$m"",""value"":""4.26""}"
period:as_of_2025-11-15,period,as of 2025-11-15,"{""id"":""period:as_of_2025-11-15"",""label"":""as of 2025-11-15"",""type"":""period""}"
claim:0076,claim,,"{""deal"":""keystone"",""derivation"":null,""direction"":""context"",""epistemic"":""observed"",""id"":""claim:0076"",""locator"":""keystone_data_room_extract.md::section:w1250-1500"",""statement"":""Keystone consolidated gross profit is $1.455 million in the first period shown in the data room extract."",""type"":""claim"",""unit"":""$m"",""value"":""1.455""}"
claim:0077,claim,,"{""deal"":""keystone"",""derivation"":null,""direction"":""context"",""epistemic"":""observed"",""id"":""claim:0077"",""locator"":""keystone_data_room_extract.md::section:w1250-1500"",""statement"":""Keystone consolidated gross margin is 34.15% in the first period shown in the data room extract."",""type"":""claim"",""unit"":""%"",""value"":""0.341549295775""}"
claim:0078,claim,,"{""deal"":""keystone"",""derivation"":null,""direction"":""context"",""epistemic"":""observed"",""id"":""claim:0078"",""locator"":""keystone_data_room_extract.md::section:w1250-1500"",""statement"":""Keystone consolidated reported EBITDA is $0.5625 million in the first period shown in the data room extract."",""type"":""claim"",""unit"":""$m"",""value"":""0.5625""}"
perimeter:keystone_consolidated_reported_ebitda,perimeter,Keystone consolidated reported EBITDA,"{""id"":""perimeter:keystone_consolidated_reported_ebitda"",""label"":""Keystone consolidated reported EBITDA"",""type"":""perimeter""}"
claim:0079,claim,,"{""deal"":""keystone"",""derivation"":null,""direction"":""context"",""epistemic"":""observed"",""id"":""claim:0079"",""locator"":""keystone_data_room_extract.md::section:w1500-1750"",""statement"":""Keystone consolidated EBITDA margin is 13.20% for FY2025A."",""type"":""claim"",""unit"":""%"",""value"":""0.132042253521""}"
perimeter:keystone_consolidated_ebitda_margin_under_unspecified_adjustment_perimeter,perimeter,Keystone consolidated EBITDA margin under unspecified adjustment perimeter,"{""id"":""perimeter:keystone_consolidated_ebitda_margin_under_unspecified_adjustment_perimeter"",""label"":""Keystone consolidated EBITDA margin under unspecified adjustment perimeter"",""type"":""perimeter""}"
claim:0080,claim,,"{""deal"":""keystone"",""derivation"":null,""direction"":""context"",""epistemic"":""observed"",""id"":""claim:0080"",""locator"":""keystone_data_room_extract.md::section:w1500-1750"",""statement"":""Keystone consolidated EBITDA margin is 13.46% for FY2025A (second period block)."",""type"":""claim"",""unit"":""%"",""value"":""0.134556574924""}"
claim:0081,claim,,"{""deal"":""keystone"",""derivation"":null,""direction"":""context"",""epistemic"":""observed"",""id"":""claim:0081"",""locator"":""keystone_data_room_extract.md::section:w1500-1750"",""statement"":""Keystone consolidated EBITDA margin is 13.78% for FY2025A (third period block)."",""type"":""claim"",""unit"":""%"",""value"":""0.137837837838""}"
claim:0082,claim,,"{""deal"":""keystone"",""derivation"":null,""direction"":""context"",""epistemic"":""observed"",""id"":""claim:0082"",""locator"":""keystone_data_room_extract.md::section:w1500-1750"",""statement"":""Keystone consolidated Capex is $0.06 million for FY2025A (first period)."",""type"":""claim"",""unit"":""$m"",""value"":""0.06""}"
perimeter:keystone_consolidated_capital_expenditure,perimeter,Keystone consolidated capital expenditure,"{""id"":""perimeter:keystone_consolidated_capital_expenditure"",""label"":""Keystone consolidated capital expenditure"",""type"":""perimeter""}"
claim:0083,claim,,"{""deal"":""keystone"",""derivation"":null,""direction"":""context"",""epistemic"":""observed"",""id"":""claim:0083"",""locator"":""keystone_data_room_extract.md::section:w1500-1750"",""statement"":""Keystone consolidated Capex is $0.1116 million for FY2025A (final period)."",""type"":""claim"",""unit"":""$m"",""value"":""0.1116""}"
claim:0084,claim,,"{""deal"":""keystone"",""derivation"":null,""direction"":""context"",""epistemic"":""observed"",""id"":""claim:0084"",""locator"":""keystone_data_room_extract.md::section:w2250-2500:Customer ledger / KS-DL-1.2, row 1"",""statement"":""Milltown (Riverton Industrial Group, Industrial Hygiene service line, Midwest) generates $1.3m in revenue."",""type"":""claim"",""unit"":""$m"",""value"":""1.3""}"
perimeter:keystone_customer_revenue_measured_by_individual_billing_account_(milltown_/_riverton_industrial_group),perimeter,Keystone customer revenue measured by individual billing account (Milltown / Riverton Industrial Group),"{""id"":""perimeter:keystone_customer_revenue_measured_by_individual_billing_account_(milltown_/_riverton_industrial_group)"",""label"":""Keystone customer revenue measured by individual billing account (Milltown / Riverton Industrial Group)"",""type"":""perimeter""}"
claim:0085,claim,,"{""deal"":""keystone"",""derivation"":null,""direction"":""context"",""epistemic"":""observed"",""id"":""claim:0085"",""locator"":""keystone_data_room_extract.md::section:w2250-2500:Customer ledger / KS-DL-1.2, row 1"",""statement"":""Milltown (Riverton Industrial Group, Industrial Hygiene) represents 1.76% of total revenue concentration."",""type"":""claim"",""unit"":"""",""value"":""0.0175675675676""}"
perimeter:keystone_customer_revenue_concentration_measured_by_individual_billing_account_(milltown_/_riverton_industrial_group),perimeter,Keystone customer revenue concentration measured by individual billing account (Milltown / Riverton Industrial Group),"{""id"":""perimeter:keystone_customer_revenue_concentration_measured_by_individual_billing_account_(milltown_/_riverton_industrial_group)"",""label"":""Keystone customer revenue concentration measured by individual billing account (Milltown / Riverton Industrial Group)"",""type"":""perimeter""}"
claim:0086,claim,,"{""deal"":""keystone"",""derivation"":null,""direction"":""context"",""epistemic"":""observed"",""id"":""claim:0086"",""locator"":""keystone_data_room_extract.md::section:w2250-2500:Customer ledger / KS-DL-1.2, row 2"",""statement"":""RIV-CHEM (Riverton Chemicals - East, EHS Compliance service line, Midwest) generates $1.2m in revenue."",""type"":""claim"",""unit"":""$m"",""value"":""1.2""}"
perimeter:keystone_customer_revenue_measured_by_individual_billing_account_(riv-chem_/_riverton_chemicals_-_east),perimeter,Keystone customer revenue measured by individual billing account (RIV-CHEM / Riverton Chemicals - East),"{""id"":""perimeter:keystone_customer_revenue_measured_by_individual_billing_account_(riv-chem_/_riverton_chemicals_-_east)"",""label"":""Keystone customer revenue measured by individual billing account (RIV-CHEM / Riverton Chemicals - East)"",""type"":""perimeter""}"
claim:0087,claim,,"{""deal"":""keystone"",""derivation"":null,""direction"":""context"",""epistemic"":""observed"",""id"":""claim:0087"",""locator"":""keystone_data_room_extract.md::section:w2250-2500:Customer ledger / KS-DL-1.2, row 2"",""statement"":""RIV-CHEM (Riverton Chemicals - East, EHS Compliance) represents 1.62% of total revenue concentration."",""type"":""claim"",""unit"":"""",""value"":""0.0162162162162""}"
perimeter:keystone_customer_revenue_concentration_measured_by_individual_billing_account_(riv-chem_/_riverton_chemicals_-_east),perimeter,Keystone customer revenue concentration measured by individual billing account (RIV-CHEM / Riverton Chemicals - East),"{""id"":""perimeter:keystone_customer_revenue_concentration_measured_by_individual_billing_account_(riv-chem_/_riverton_chemicals_-_east)"",""label"":""Keystone customer revenue concentration measured by individual billing account (RIV-CHEM / Riverton Chemicals - East)"",""type"":""perimeter""}"
claim:0088,claim,,"{""deal"":""keystone"",""derivation"":null,""direction"":""context"",""epistemic"":""observed"",""id"":""claim:0088"",""locator"":""keystone_data_room_extract.md::section:w2250-2500:Customer ledger / KS-DL-1.2, row 3"",""statement"":""RIV-LOG (Riverton Logistics Hub, Field Inspection service line, Southeast) generates $1.0m in revenue."",""type"":""claim"",""unit"":""$m"",""value"":""1.0""}"
perimeter:keystone_customer_revenue_measured_by_individual_billing_account_(riv-log_/_riverton_logistics_hub),perimeter,Keystone customer revenue measured by individual billing account (RIV-LOG / Riverton Logistics Hub),"{""id"":""perimeter:keystone_customer_revenue_measured_by_individual_billing_account_(riv-log_/_riverton_logistics_hub)"",""label"":""Keystone customer revenue measured by individual billing account (RIV-LOG / Riverton Logistics Hub)"",""type"":""perimeter""}"
claim:0089,claim,,"{""deal"":""keystone"",""derivation"":null,""direction"":""context"",""epistemic"":""observed"",""id"":""claim:0089"",""locator"":""keystone_data_room_extract.md::section:w2250-2500:Customer ledger / KS-DL-1.2, row 3"",""statement"":""RIV-LOG (Riverton Logistics Hub, Field Inspection) represents 1.35% of total revenue concentration."",""type"":""claim"",""unit"":"""",""value"":""0.0135135135135""}"
perimeter:keystone_customer_revenue_concentration_measured_by_individual_billing_account_(riv-log_/_riverton_logistics_hub),perimeter,Keystone customer revenue concentration measured by individual billing account (RIV-LOG / Riverton Logistics Hub),"{""id"":""perimeter:keystone_customer_revenue_concentration_measured_by_individual_billing_account_(riv-log_/_riverton_logistics_hub)"",""label"":""Keystone customer revenue concentration measured by individual billing account (RIV-LOG / Riverton Logistics Hub)"",""type"":""perimeter""}"
claim:0090,claim,,"{""deal"":""keystone"",""derivation"":null,""direction"":""context"",""epistemic"":""observed"",""id"":""claim:0090"",""locator"":""keystone_data_room_extract.md::section:w2250-2500:Customer ledger / KS-DL-1.2, row 4"",""statement"":""RIV-WST (Riverton West Services, Permitting & Advisory service line, Midwest) generates $0.932m in revenue."",""type"":""claim"",""unit"":""$m"",""value"":""0.932""}"
perimeter:keystone_customer_revenue_measured_by_individual_billing_account_(riv-wst_/_riverton_west_services),perimeter,Keystone customer revenue measured by individual billing account (RIV-WST / Riverton West Services),"{""id"":""perimeter:keystone_customer_revenue_measured_by_individual_billing_account_(riv-wst_/_riverton_west_services)"",""label"":""Keystone customer revenue measured by individual billing account (RIV-WST / Riverton West Services)"",""type"":""perimeter""}"
claim:0091,claim,,"{""deal"":""keystone"",""derivation"":null,""direction"":""context"",""epistemic"":""observed"",""id"":""claim:0091"",""locator"":""keystone_data_room_extract.md::section:w2250-2500:Customer ledger / KS-DL-1.2, row 4"",""statement"":""RIV-WST (Riverton West Services, Permitting & Advisory) represents 1.26% of total revenue concentration."",""type"":""claim"",""unit"":"""",""value"":""0.0125945945946""}"
perimeter:keystone_customer_revenue_concentration_measured_by_individual_billing_account_(riv-wst_/_riverton_west_services),perimeter,Keystone customer revenue concentration measured by individual billing account (RIV-WST / Riverton West Services),"{""id"":""perimeter:keystone_customer_revenue_concentration_measured_by_individual_billing_account_(riv-wst_/_riverton_west_services)"",""label"":""Keystone customer revenue concentration measured by individual billing account (RIV-WST / Riverton West Services)"",""type"":""perimeter""}"
claim:0092,claim,,"{""deal"":""keystone"",""derivation"":null,""direction"":""context"",""epistemic"":""observed"",""id"":""claim:0092"",""locator"":""keystone_data_room_extract.md::section:w2250-2500:Customer ledger / KS-DL-1.2, row 5"",""statement"":""MED-02 (MedCore Clinics, Industrial Hygiene service line, Southeast) generates $0.9m in revenue."",""type"":""claim"",""unit"":""$m"",""value"":""0.9""}"
perimeter:keystone_customer_revenue_measured_by_individual_billing_account_(med-02_/_medcore_clinics),perimeter,Keystone customer revenue measured by individual billing account (MED-02 / MedCore Clinics),"{""id"":""perimeter:keystone_customer_revenue_measured_by_individual_billing_account_(med-02_/_medcore_clinics)"",""label"":""Keystone customer revenue measured by individual billing account (MED-02 / MedCore Clinics)"",""type"":""perimeter""}"
claim:0093,claim,,"{""deal"":""keystone"",""derivation"":null,""direction"":""context"",""epistemic"":""observed"",""id"":""claim:0093"",""locator"":""keystone_data_room_extract.md::section:w2250-2500:Customer ledger / KS-DL-1.2, row 5"",""statement"":""MED-02 (MedCore Clinics, Industrial Hygiene) represents 1.22% of total revenue concentration."",""type"":""claim"",""unit"":"""",""value"":""0.0121621621622""}"
perimeter:keystone_customer_revenue_concentration_measured_by_individual_billing_account_(med-02_/_medcore_clinics),perimeter,Keystone customer revenue concentration measured by individual billing account (MED-02 / MedCore Clinics),"{""id"":""perimeter:keystone_customer_revenue_concentration_measured_by_individual_billing_account_(med-02_/_medcore_clinics)"",""label"":""Keystone customer revenue concentration measured by individual billing account (MED-02 / MedCore Clinics)"",""type"":""perimeter""}"
claim:0094,claim,,"{""deal"":""keystone"",""derivation"":null,""direction"":""context"",""epistemic"":""observed"",""id"":""claim:0094"",""locator"":""keystone_data_room_extract.md::section:w2250-2500:Customer ledger / KS-DL-1.2, row 6"",""statement"":""APX-02 (Apex Manufacturing - Components, Field Inspection service line, Midwest) generates $0.9m in revenue."",""type"":""claim"",""unit"":""$m"",""value"":""0.9""}"
perimeter:keystone_customer_revenue_measured_by_individual_billing_account_(apx-02_/_apex_manufacturing_-_components),perimeter,Keystone customer revenue measured by individual billing account (APX-02 / Apex Manufacturing - Components),"{""id"":""perimeter:keystone_customer_revenue_measured_by_individual_billing_account_(apx-02_/_apex_manufacturing_-_components)"",""label"":""Keystone customer revenue measured by individual billing account (APX-02 / Apex Manufacturing - Components)"",""type"":""perimeter""}"
claim:0095,claim,,"{""deal"":""keystone"",""derivation"":null,""direction"":""context"",""epistemic"":""observed"",""id"":""claim:0095"",""locator"":""keystone_data_room_extract.md::section:w2250-2500:Customer ledger / KS-DL-1.2, row 6"",""statement"":""APX-02 (Apex Manufacturing - Components, Field Inspection) represents 1.22% of total revenue concentration."",""type"":""claim"",""unit"":"""",""value"":""0.0121621621622""}"
perimeter:keystone_customer_revenue_concentration_measured_by_individual_billing_account_(apx-02_/_apex_manufacturing_-_components),perimeter,Keystone customer revenue concentration measured by individual billing account (APX-02 / Apex Manufacturing - Components),"{""id"":""perimeter:keystone_customer_revenue_concentration_measured_by_individual_billing_account_(apx-02_/_apex_manufacturing_-_components)"",""label"":""Keystone customer revenue concentration measured by individual billing account (APX-02 / Apex Manufacturing - Components)"",""type"":""perimeter""}"
claim:0096,claim,,"{""deal"":""keystone"",""derivation"":null,""direction"":""context"",""epistemic"":""observed"",""id"":""claim:0096"",""locator"":""keystone_data_room_extract.md::section:w3250-3500:Customer ledger / KS-DL-1.2, rows SM-011 through SM-017 (partial)"",""statement"":""Keystone customer ledger (KS-DL-1.2) contains 9 named customer accounts as of 2025-11-15."",""type"":""claim"",""unit"":""headcount"",""value"":""9.0""}"
perimeter:keystone_consolidated_customer_accounts_listed_in_data_room_ledger,perimeter,Keystone consolidated customer accounts listed in data room ledger,"{""id"":""perimeter:keystone_consolidated_customer_accounts_listed_in_data_room_ledger"",""label"":""Keystone consolidated customer accounts listed in data room ledger"",""type"":""perimeter""}"
claim:0097,claim,,"{""deal"":""keystone"",""derivation"":null,""direction"":""context"",""epistemic"":""observed"",""id"":""claim:0097"",""locator"":""keystone_data_room_extract.md::section:w3250-3500:Customer ledger / KS-DL-1.2, row SM-012"",""statement"":""Redwood Utilities Account 12 has a contract term of 30 days."",""type"":""claim"",""unit"":""days"",""value"":""30.0""}"
metric:contract_terms,metric,Contract Terms,"{""id"":""metric:contract_terms"",""label"":""Contract Terms"",""type"":""metric""}"
perimeter:redwood_utilities_account_12_contract_term,perimeter,Redwood Utilities Account 12 contract term,"{""id"":""perimeter:redwood_utilities_account_12_contract_term"",""label"":""Redwood Utilities Account 12 contract term"",""type"":""perimeter""}"
claim:0098,claim,,"{""deal"":""keystone"",""derivation"":null,""direction"":""context"",""epistemic"":""observed"",""id"":""claim:0098"",""locator"":""keystone_data_room_extract.md::section:w3250-3500:Customer ledger / KS-DL-1.2, row SM-013"",""statement"":""Silverline Medical Account 13 has a contract term of 60 days."",""type"":""claim"",""unit"":""days"",""value"":""60.0""}"
perimeter:silverline_medical_account_13_contract_term,perimeter,Silverline Medical Account 13 contract term,"{""id"":""perimeter:silverline_medical_account_13_contract_term"",""label"":""Silverline Medical Account 13 contract term"",""type"":""perimeter""}"
claim:0099,claim,,"{""deal"":""keystone"",""derivation"":null,""direction"":""context"",""epistemic"":""observed"",""id"":""claim:0099"",""locator"":""keystone_data_room_extract.md::section:w3250-3500:Customer ledger / KS-DL-1.2, row SM-014"",""statement"":""Prairie Public Works Account 14 has a contract term of 30 days."",""type"":""claim"",""unit"":""days"",""value"":""30.0""}"
perimeter:prairie_public_works_account_14_contract_term,perimeter,Prairie Public Works Account 14 contract term,"{""id"":""perimeter:prairie_public_works_account_14_contract_term"",""label"":""Prairie Public Works Account 14 contract term"",""type"":""perimeter""}"
claim:0100,claim,,"{""deal"":""keystone"",""derivation"":null,""direction"":""context"",""epistemic"":""observed"",""id"":""claim:0100"",""locator"":""keystone_data_room_extract.md::section:w3250-3500:Customer ledger / KS-DL-1.2, row SM-015"",""statement"":""Atlas Manufacturing Account 15 has a contract term of 60 days."",""type"":""claim"",""unit"":""days"",""value"":""60.0""}"
perimeter:atlas_manufacturing_account_15_contract_term,perimeter,Atlas Manufacturing Account 15 contract term,"{""id"":""perimeter:atlas_manufacturing_account_15_contract_term"",""label"":""Atlas Manufacturing Account 15 contract term"",""type"":""perimeter""}"
claim:0101,claim,,"{""deal"":""keystone"",""derivation"":null,""direction"":""context"",""epistemic"":""observed"",""id"":""claim:0101"",""locator"":""keystone_data_room_extract.md::section:w3250-3500:Customer ledger / KS-DL-1.2, row SM-016"",""statement"":""Cobalt Industries Account 16 has a contract term of 30 days."",""type"":""claim"",""unit"":""days"",""value"":""30.0""}"
perimeter:cobalt_industries_account_16_contract_term,perimeter,Cobalt Industries Account 16 contract term,"{""id"":""perimeter:cobalt_industries_account_16_contract_term"",""label"":""Cobalt Industries Account 16 contract term"",""type"":""perimeter""}"
claim:0102,claim,,"{""deal"":""keystone"",""derivation"":null,""direction"":""context"",""epistemic"":""observed"",""id"":""claim:0102"",""locator"":""keystone_data_room_extract.md::section:w3500-3750:Customer ledger / KS-DL-1.2, rows SM-018 through SM-023"",""statement"":""Keystone customer ledger (KS-DL-1.2) lists 8 named customer accounts as of 2025-11-15: Frontier Foods Account 18, Northfield Foods 2 Account 19, Ironbridge Logistics 2 Account 20, Cedar Municipal 2 Account 21, Granite Bio 2 Account 22, Oak Ridge Manufacturing 2 Account 23, and two others."",""type"":""claim"",""unit"":""headcount"",""value"":""8.0""}"
claim:0103,claim,,"{""deal"":""keystone"",""derivation"":null,""direction"":""context"",""epistemic"":""observed"",""id"":""claim:0103"",""locator"":""keystone_data_room_extract.md::section:w3500-3750:Customer ledger / KS-DL-1.2, row SM-018"",""statement"":""Frontier Foods Account 18 has a contract term of 30 days per Keystone customer ledger."",""type"":""claim"",""unit"":""days"",""value"":""30.0""}"
metric:customer_contract_terms,metric,Customer Contract Terms,"{""id"":""metric:customer_contract_terms"",""label"":""Customer Contract Terms"",""type"":""metric""}"
perimeter:frontier_foods_account_18_contract_terms_per_keystone_customer_ledger,perimeter,Frontier Foods Account 18 contract terms per Keystone customer ledger,"{""id"":""perimeter:frontier_foods_account_18_contract_terms_per_keystone_customer_ledger"",""label"":""Frontier Foods Account 18 contract terms per Keystone customer ledger"",""type"":""perimeter""}"
claim:0104,claim,,"{""deal"":""keystone"",""derivation"":null,""direction"":""context"",""epistemic"":""observed"",""id"":""claim:0104"",""locator"":""keystone_data_room_extract.md::section:w3500-3750:Customer ledger / KS-DL-1.2, row SM-019"",""statement"":""Northfield Foods 2 Account 19 has a contract term of 60 days per Keystone customer ledger."",""type"":""claim"",""unit"":""days"",""value"":""60.0""}"
perimeter:northfield_foods_2_account_19_contract_terms_per_keystone_customer_ledger,perimeter,Northfield Foods 2 Account 19 contract terms per Keystone customer ledger,"{""id"":""perimeter:northfield_foods_2_account_19_contract_terms_per_keystone_customer_ledger"",""label"":""Northfield Foods 2 Account 19 contract terms per Keystone customer ledger"",""type"":""perimeter""}"
claim:0105,claim,,"{""deal"":""keystone"",""derivation"":null,""direction"":""context"",""epistemic"":""observed"",""id"":""claim:0105"",""locator"":""keystone_data_room_extract.md::section:w3500-3750:Customer ledger / KS-DL-1.2, row SM-020"",""statement"":""Ironbridge Logistics 2 Account 20 has a contract term of 30 days per Keystone customer ledger."",""type"":""claim"",""unit"":""days"",""value"":""30.0""}"
perimeter:ironbridge_logistics_2_account_20_contract_terms_per_keystone_customer_ledger,perimeter,Ironbridge Logistics 2 Account 20 contract terms per Keystone customer ledger,"{""id"":""perimeter:ironbridge_logistics_2_account_20_contract_terms_per_keystone_customer_ledger"",""label"":""Ironbridge Logistics 2 Account 20 contract terms per Keystone customer ledger"",""type"":""perimeter""}"
claim:0106,claim,,"{""deal"":""keystone"",""derivation"":null,""direction"":""context"",""epistemic"":""observed"",""id"":""claim:0106"",""locator"":""keystone_data_room_extract.md::section:w3500-3750:Customer ledger / KS-DL-1.2, row SM-021"",""statement"":""Cedar Municipal 2 Account 21 has a contract term of 60 days per Keystone customer ledger."",""type"":""claim"",""unit"":""days"",""value"":""60.0""}"
perimeter:cedar_municipal_2_account_21_contract_terms_per_keystone_customer_ledger,perimeter,Cedar Municipal 2 Account 21 contract terms per Keystone customer ledger,"{""id"":""perimeter:cedar_municipal_2_account_21_contract_terms_per_keystone_customer_ledger"",""label"":""Cedar Municipal 2 Account 21 contract terms per Keystone customer ledger"",""type"":""perimeter""}"
claim:0107,claim,,"{""deal"":""keystone"",""derivation"":null,""direction"":""context"",""epistemic"":""observed"",""id"":""claim:0107"",""locator"":""keystone_data_room_extract.md::section:w3500-3750:Customer ledger / KS-DL-1.2, row SM-022"",""statement"":""Granite Bio 2 Account 22 has a contract term of 30 days per Keystone customer ledger."",""type"":""claim"",""unit"":""days"",""value"":""30.0""}"
perimeter:granite_bio_2_account_22_contract_terms_per_keystone_customer_ledger,perimeter,Granite Bio 2 Account 22 contract terms per Keystone customer ledger,"{""id"":""perimeter:granite_bio_2_account_22_contract_terms_per_keystone_customer_ledger"",""label"":""Granite Bio 2 Account 22 contract terms per Keystone customer ledger"",""type"":""perimeter""}"
claim:0108,claim,,"{""deal"":""keystone"",""derivation"":null,""direction"":""context"",""epistemic"":""observed"",""id"":""claim:0108"",""locator"":""keystone_data_room_extract.md::section:w3750-4000:Customer ledger / KS-DL-1.2, row: Oak Ridge Manufacturing 2"",""statement"":""Oak Ridge Manufacturing 2 Account concentration metric is 0.986538650642 as of 2025-11-15."",""type"":""claim"",""unit"":"""",""value"":""0.986538650642""}"
perimeter:keystone_consolidated_customer_concentration_measured_by_individual_billing_account,perimeter,Keystone consolidated customer concentration measured by individual billing account,"{""id"":""perimeter:keystone_consolidated_customer_concentration_measured_by_individual_billing_account"",""label"":""Keystone consolidated customer concentration measured by individual billing account"",""type"":""perimeter""}"
claim:0109,claim,,"{""deal"":""keystone"",""derivation"":null,""direction"":""context"",""epistemic"":""observed"",""id"":""claim:0109"",""locator"":""keystone_data_room_extract.md::section:w3750-4000:Customer ledger / KS-DL-1.2, row: Summit Water 2 Account 24"",""statement"":""Summit Water 2 Account 24 concentration metric is 0.974532095056 as of 2025-11-15."",""type"":""claim"",""unit"":"""",""value"":""0.974532095056""}"
claim:0110,claim,,"{""deal"":""keystone"",""derivation"":null,""direction"":""context"",""epistemic"":""observed"",""id"":""claim:0110"",""locator"":""keystone_data_room_extract.md::section:w3750-4000:Customer ledger / KS-DL-1.2, row: Keystone Health 2 Account 25"",""statement"":""Keystone Health 2 Account 25 concentration metric is 0.96252553947 as of 2025-11-15."",""type"":""claim"",""unit"":"""",""value"":""0.96252553947""}"
claim:0111,claim,,"{""deal"":""keystone"",""derivation"":null,""direction"":""context"",""epistemic"":""observed"",""id"":""claim:0111"",""locator"":""keystone_data_room_extract.md::section:w3750-4000:Customer ledger / KS-DL-1.2, row: Lakefront Infrastructure 2 Account 26"",""statement"":""Lakefront Infrastructure 2 Account 26 concentration metric is 0.950518983884 as of 2025-11-15."",""type"":""claim"",""unit"":"""",""value"":""0.950518983884""}"
claim:0112,claim,,"{""deal"":""keystone"",""derivation"":null,""direction"":""context"",""epistemic"":""observed"",""id"":""claim:0112"",""locator"":""keystone_data_room_extract.md::section:w3750-4000:Customer ledger / KS-DL-1.2, row: Blue Ridge Metals 2 Account 27"",""statement"":""Blue Ridge Metals 2 Account 27 concentration metric is 0.938512428298 as of 2025-11-15."",""type"":""claim"",""unit"":"""",""value"":""0.938512428298""}"
claim:0113,claim,,"{""deal"":""keystone"",""derivation"":null,""direction"":""context"",""epistemic"":""observed"",""id"":""claim:0113"",""locator"":""keystone_data_room_extract.md::section:w3750-4000:Customer ledger / KS-DL-1.2, row: Pioneer Components 2 Account 28"",""statement"":""Pioneer Components 2 Account 28 concentration metric is 0.926505872712 as of 2025-11-15."",""type"":""claim"",""unit"":"""",""value"":""0.926505872712""}"
claim:0114,claim,,"{""deal"":""keystone"",""derivation"":null,""direction"":""context"",""epistemic"":""observed"",""id"":""claim:0114"",""locator"":""keystone_data_room_extract.md::section:w3750-4000:Customer ledger / KS-DL-1.2, row: Oak Ridge Manufacturing 2"",""statement"":""Oak Ridge Manufacturing 2 Account contract term is 60 days as of 2025-11-15."",""type"":""claim"",""unit"":""days"",""value"":""60.0""}"
perimeter:keystone_consolidated_customer_contract_terms_measured_by_individual_billing_account,perimeter,Keystone consolidated customer contract terms measured by individual billing account,"{""id"":""perimeter:keystone_consolidated_customer_contract_terms_measured_by_individual_billing_account"",""label"":""Keystone consolidated customer contract terms measured by individual billing account"",""type"":""perimeter""}"
claim:0115,claim,,"{""deal"":""keystone"",""derivation"":null,""direction"":""context"",""epistemic"":""observed"",""id"":""claim:0115"",""locator"":""keystone_data_room_extract.md::section:w3750-4000:Customer ledger / KS-DL-1.2, row: Summit Water 2 Account 24"",""statement"":""Summit Water 2 Account 24 contract term is 30 days as of 2025-11-15."",""type"":""claim"",""unit"":""days"",""value"":""30.0""}"
claim:0116,claim,,"{""deal"":""keystone"",""derivation"":null,""direction"":""context"",""epistemic"":""observed"",""id"":""claim:0116"",""locator"":""keystone_data_room_extract.md::section:w3750-4000:Customer ledger / KS-DL-1.2, row: Keystone Health 2 Account 25"",""statement"":""Keystone Health 2 Account 25 contract term is 60 days as of 2025-11-15."",""type"":""claim"",""unit"":""days"",""value"":""60.0""}"
claim:0117,claim,,"{""deal"":""keystone"",""derivation"":null,""direction"":""context"",""epistemic"":""observed"",""id"":""claim:0117"",""locator"":""keystone_data_room_extract.md::section:w3750-4000:Customer ledger / KS-DL-1.2, row: Lakefront Infrastructure 2 Account 26"",""statement"":""Lakefront Infrastructure 2 Account 26 contract term is 30 days as of 2025-11-15."",""type"":""claim"",""unit"":""days"",""value"":""30.0""}"
claim:0118,claim,,"{""deal"":""keystone"",""derivation"":null,""direction"":""context"",""epistemic"":""observed"",""id"":""claim:0118"",""locator"":""keystone_data_room_extract.md::section:w3750-4000:Customer ledger / KS-DL-1.2, row: Blue Ridge Metals 2 Account 27"",""statement"":""Blue Ridge Metals 2 Account 27 contract term is 60 days as of 2025-11-15."",""type"":""claim"",""unit"":""days"",""value"":""60.0""}"
claim:0119,claim,,"{""deal"":""keystone"",""derivation"":null,""direction"":""context"",""epistemic"":""observed"",""id"":""claim:0119"",""locator"":""keystone_data_room_extract.md::section:w3750-4000:Customer ledger / KS-DL-1.2, row: Pioneer Components 2 Account 28"",""statement"":""Pioneer Components 2 Account 28 contract term is 30 days as of 2025-11-15."",""type"":""claim"",""unit"":""days"",""value"":""30.0""}"
claim:0120,claim,,"{""deal"":""keystone"",""derivation"":null,""direction"":""supports"",""epistemic"":""observed"",""id"":""claim:0120"",""locator"":""keystone_data_room_extract.md::section:w4250-4500:Concentration Summary table, Billing-account view column, Largest customer row"",""statement"":""Largest customer concentration measured at billing-account level is 0.076 (7.6%) in FY2025A."",""type"":""claim"",""unit"":"""",""value"":""0.076""}"
perimeter:keystone_consolidated_revenue_measured_by_individual_billing_account,perimeter,Keystone consolidated revenue measured by individual billing account,"{""id"":""perimeter:keystone_consolidated_revenue_measured_by_individual_billing_account"",""label"":""Keystone consolidated revenue measured by individual billing account"",""type"":""perimeter""}"
claim:0121,claim,,"{""deal"":""keystone"",""derivation"":null,""direction"":""supports"",""epistemic"":""observed"",""id"":""claim:0121"",""locator"":""keystone_data_room_extract.md::section:w4250-4500:Concentration Summary table, Ultimate-parent view column, Largest customer row"",""statement"":""Largest customer concentration measured at ultimate-parent level is 0.182 (18.2%) in FY2025A."",""type"":""claim"",""unit"":"""",""value"":""0.182""}"
perimeter:keystone_consolidated_revenue_measured_by_ultimate-parent_entity,perimeter,Keystone consolidated revenue measured by ultimate-parent entity,"{""id"":""perimeter:keystone_consolidated_revenue_measured_by_ultimate-parent_entity"",""label"":""Keystone consolidated revenue measured by ultimate-parent entity"",""type"":""perimeter""}"
claim:0122,claim,,"{""deal"":""keystone"",""derivation"":null,""direction"":""supports"",""epistemic"":""observed"",""id"":""claim:0122"",""locator"":""keystone_data_room_extract.md::section:w4250-4500:Concentration Summary table, Billing-account view column, Top five row"",""statement"":""Top five customers concentration measured at billing-account level is 0.214 (21.4%) in FY2025A."",""type"":""claim"",""unit"":"""",""value"":""0.214""}"
claim:0123,claim,,"{""deal"":""keystone"",""derivation"":null,""direction"":""supports"",""epistemic"":""observed"",""id"":""claim:0123"",""locator"":""keystone_data_room_extract.md::section:w4250-4500:Concentration Summary table, Ultimate-parent view column, Top five row"",""statement"":""Top five customers concentration measured at ultimate-parent level is 0.365 (36.5%) in FY2025A."",""type"":""claim"",""unit"":"""",""value"":""0.365""}"
claim:0124,claim,,"{""deal"":""keystone"",""derivation"":null,""direction"":""supports"",""epistemic"":""observed"",""id"":""claim:0124"",""locator"":""keystone_data_room_extract.md::section:w4250-4500:Concentration Summary table, Billing-account view column, Top ten row"",""statement"":""Top ten customers concentration measured at billing-account level is 0.315 (31.5%) in FY2025A."",""type"":""claim"",""unit"":"""",""value"":""0.315""}"
claim:0125,claim,,"{""deal"":""keystone"",""derivation"":null,""direction"":""supports"",""epistemic"":""observed"",""id"":""claim:0125"",""locator"":""keystone_data_room_extract.md::section:w4250-4500:Concentration Summary table, Ultimate-parent view column, Top ten row"",""statement"":""Top ten customers concentration measured at ultimate-parent level is 0.505 (50.5%) in FY2025A."",""type"":""claim"",""unit"":"""",""value"":""0.505""}"
claim:0126,claim,,"{""deal"":""keystone"",""derivation"":null,""direction"":""supports"",""epistemic"":""observed"",""id"":""claim:0126"",""locator"":""keystone_data_room_extract.md::section:w4250-4500:Concentration Summary table, Total revenue row"",""statement"":""Keystone consolidated total revenue is $74m in FY2025A."",""type"":""claim"",""unit"":""$m"",""value"":""74.0""}"
perimeter:keystone_consolidated_total_revenue,perimeter,Keystone consolidated total revenue,"{""id"":""perimeter:keystone_consolidated_total_revenue"",""label"":""Keystone consolidated total revenue"",""type"":""perimeter""}"
claim:0127,claim,,"{""deal"":""keystone"",""derivation"":null,""direction"":""context"",""epistemic"":""observed"",""id"":""claim:0127"",""locator"":""keystone_data_room_extract.md::section:w4000-4250:Customer ledger / KS-DL-1.2, rows 3–8"",""statement"":""Keystone customer ledger extract shows 6 active billing accounts (SM-029 through SM-034) as of 2025-11-15, spanning EHS Compliance, Industrial Hygiene, Field Inspection, and Permitting & Advisory service lines."",""type"":""claim"",""unit"":"""",""value"":""6.0""}"
perimeter:keystone_consolidated_customer_ledger_by_individual_billing_account,perimeter,Keystone consolidated customer ledger by individual billing account,"{""id"":""perimeter:keystone_consolidated_customer_ledger_by_individual_billing_account"",""label"":""Keystone consolidated customer ledger by individual billing account"",""type"":""perimeter""}"
claim:0128,claim,,"{""deal"":""keystone"",""derivation"":null,""direction"":""contradicts"",""epistemic"":""observed"",""id"":""claim:0128"",""locator"":""keystone_data_room_extract.md::section:w4000-4250:Customer ledger / KS-DL-1.2, row 3"",""statement"":""Evergreen Chemicals 2 (Account SM-029) represents a concentration metric of 0.9145 as of 2025-11-15, indicating very high customer concentration risk."",""type"":""claim"",""unit"":"""",""value"":""0.914499317126""}"
perimeter:keystone_consolidated_customer_revenue_concentration_measured_by_individual_billing_account,perimeter,Keystone consolidated customer revenue concentration measured by individual billing account,"{""id"":""perimeter:keystone_consolidated_customer_revenue_concentration_measured_by_individual_billing_account"",""label"":""Keystone consolidated customer revenue concentration measured by individual billing account"",""type"":""perimeter""}"
claim:0129,claim,,"{""deal"":""keystone"",""derivation"":null,""direction"":""contradicts"",""epistemic"":""observed"",""id"":""claim:0129"",""locator"":""keystone_data_room_extract.md::section:w4000-4250:Customer ledger / KS-DL-1.2, row 4"",""statement"":""Redwood Utilities 2 (Account SM-030) represents a concentration metric of 0.9025 as of 2025-11-15."",""type"":""claim"",""unit"":"""",""value"":""0.902492761541""}"
claim:0130,claim,,"{""deal"":""keystone"",""derivation"":null,""direction"":""contradicts"",""epistemic"":""observed"",""id"":""claim:0130"",""locator"":""keystone_data_room_extract.md::section:w4000-4250:Customer ledger / KS-DL-1.2, row 5"",""statement"":""Silverline Medical 2 (Account SM-031) represents a concentration metric of 0.8905 as of 2025-11-15."",""type"":""claim"",""unit"":"""",""value"":""0.890486205955""}"
claim:0131,claim,,"{""deal"":""keystone"",""derivation"":null,""direction"":""contradicts"",""epistemic"":""observed"",""id"":""claim:0131"",""locator"":""keystone_data_room_extract.md::section:w4000-4250:Customer ledger / KS-DL-1.2, row 6"",""statement"":""Prairie Public Works 2 (Account SM-032) represents a concentration metric of 0.8785 as of 2025-11-15."",""type"":""claim"",""unit"":"""",""value"":""0.878479650369""}"
claim:0132,claim,,"{""deal"":""keystone"",""derivation"":null,""direction"":""contradicts"",""epistemic"":""observed"",""id"":""claim:0132"",""locator"":""keystone_data_room_extract.md::section:w4000-4250:Customer ledger / KS-DL-1.2, row 7"",""statement"":""Atlas Manufacturing 2 (Account SM-033) represents a concentration metric of 0.8665 as of 2025-11-15."",""type"":""claim"",""unit"":"""",""value"":""0.866473094783""}"
claim:0133,claim,,"{""deal"":""keystone"",""derivation"":null,""direction"":""contradicts"",""epistemic"":""observed"",""id"":""claim:0133"",""locator"":""keystone_data_room_extract.md::section:w4000-4250:Customer ledger / KS-DL-1.2, row 8"",""statement"":""Cobalt Industries 2 (Account SM-034) represents a concentration metric of 0.8545 as of 2025-11-15."",""type"":""claim"",""unit"":"""",""value"":""0.854466539197""}"
claim:0134,claim,,"{""deal"":""keystone"",""derivation"":null,""direction"":""context"",""epistemic"":""observed"",""id"":""claim:0134"",""locator"":""keystone_data_room_extract.md::section:w4750-5000"",""statement"":""Metro Utility Holdings Field Inspection project MET-N-P2 has a contract term of 30-60 days."",""type"":""claim"",""unit"":""days"",""value"":""30-60 days""}"
"perimeter:metro_utility_holdings_field_inspection_service_line,_project_met-n-p2,_contract_term",perimeter,"Metro Utility Holdings Field Inspection service line, project MET-N-P2, contract term","{""id"":""perimeter:metro_utility_holdings_field_inspection_service_line,_project_met-n-p2,_contract_term"",""label"":""Metro Utility Holdings Field Inspection service line, project MET-N-P2, contract term"",""type"":""perimeter""}"
claim:0135,claim,,"{""deal"":""keystone"",""derivation"":null,""direction"":""context"",""epistemic"":""observed"",""id"":""claim:0135"",""locator"":""keystone_data_room_extract.md::section:w4750-5000"",""statement"":""Metro Utility Holdings Field Inspection project MET-N-P3 has a contract term of 30-60 days."",""type"":""claim"",""unit"":""days"",""value"":""30-60 days""}"
"perimeter:metro_utility_holdings_field_inspection_service_line,_project_met-n-p3,_contract_term",perimeter,"Metro Utility Holdings Field Inspection service line, project MET-N-P3, contract term","{""id"":""perimeter:metro_utility_holdings_field_inspection_service_line,_project_met-n-p3,_contract_term"",""label"":""Metro Utility Holdings Field Inspection service line, project MET-N-P3, contract term"",""type"":""perimeter""}"
claim:0136,claim,,"{""deal"":""keystone"",""derivation"":null,""direction"":""context"",""epistemic"":""observed"",""id"":""claim:0136"",""locator"":""keystone_data_room_extract.md::section:w4750-5000"",""statement"":""State Infrastructure Authority Permitting & Advisory project STA-01-P1 has a contract term of 30-60 days."",""type"":""claim"",""unit"":""days"",""value"":""30-60 days""}"
"perimeter:state_infrastructure_authority_permitting_&_advisory_service_line,_project_sta-01-p1,_contract_term",perimeter,"State Infrastructure Authority Permitting & Advisory service line, project STA-01-P1, contract term","{""id"":""perimeter:state_infrastructure_authority_permitting_&_advisory_service_line,_project_sta-01-p1,_contract_term"",""label"":""State Infrastructure Authority Permitting & Advisory service line, project STA-01-P1, contract term"",""type"":""perimeter""}"
claim:0137,claim,,"{""deal"":""keystone"",""derivation"":null,""direction"":""context"",""epistemic"":""observed"",""id"":""claim:0137"",""locator"":""keystone_data_room_extract.md::section:w4750-5000"",""statement"":""State Infrastructure Authority Permitting & Advisory project STA-01-P2 has a contract term of 30-60 days."",""type"":""claim"",""unit"":""days"",""value"":""30-60 days""}"
"perimeter:state_infrastructure_authority_permitting_&_advisory_service_line,_project_sta-01-p2,_contract_term",perimeter,"State Infrastructure Authority Permitting & Advisory service line, project STA-01-P2, contract term","{""id"":""perimeter:state_infrastructure_authority_permitting_&_advisory_service_line,_project_sta-01-p2,_contract_term"",""label"":""State Infrastructure Authority Permitting & Advisory service line, project STA-01-P2, contract term"",""type"":""perimeter""}"
claim:0138,claim,,"{""deal"":""keystone"",""derivation"":null,""direction"":""context"",""epistemic"":""observed"",""id"":""claim:0138"",""locator"":""keystone_data_room_extract.md::section:w4750-5000"",""statement"":""State Infrastructure Authority Permitting & Advisory project STA-01-P3 has a contract term of 30-60 days."",""type"":""claim"",""unit"":""days"",""value"":""30-60 days""}"
"perimeter:state_infrastructure_authority_permitting_&_advisory_service_line,_project_sta-01-p3,_contract_term",perimeter,"State Infrastructure Authority Permitting & Advisory service line, project STA-01-P3, contract term","{""id"":""perimeter:state_infrastructure_authority_permitting_&_advisory_service_line,_project_sta-01-p3,_contract_term"",""label"":""State Infrastructure Authority Permitting & Advisory service line, project STA-01-P3, contract term"",""type"":""perimeter""}"
claim:0139,claim,,"{""deal"":""keystone"",""derivation"":null,""direction"":""context"",""epistemic"":""observed"",""id"":""claim:0139"",""locator"":""keystone_data_room_extract.md::section:w5000-5250:Project ledger / data room, row MED-01-P1"",""statement"":""MED-01-P1 customer contract specifies 30-60 days payment terms."",""type"":""claim"",""unit"":""days"",""value"":""30-60 days""}"
perimeter:keystone_customer_contracts_measured_by_individual_customer_account,perimeter,Keystone customer contracts measured by individual customer account,"{""id"":""perimeter:keystone_customer_contracts_measured_by_individual_customer_account"",""label"":""Keystone customer contracts measured by individual customer account"",""type"":""perimeter""}"
claim:0140,claim,,"{""deal"":""keystone"",""derivation"":null,""direction"":""context"",""epistemic"":""observed"",""id"":""claim:0140"",""locator"":""keystone_data_room_extract.md::section:w5000-5250:Project ledger / data room, row MED-01-P2"",""statement"":""MED-01-P2 customer contract specifies 30-60 days payment terms."",""type"":""claim"",""unit"":""days"",""value"":""30-60 days""}"
claim:0141,claim,,"{""deal"":""keystone"",""derivation"":null,""direction"":""context"",""epistemic"":""observed"",""id"":""claim:0141"",""locator"":""keystone_data_room_extract.md::section:w5000-5250:Project ledger / data room, row MED-01-P3"",""statement"":""MED-01-P3 customer contract specifies 30-60 days payment terms."",""type"":""claim"",""unit"":""days"",""value"":""30-60 days""}"
claim:0142,claim,,"{""deal"":""keystone"",""derivation"":null,""direction"":""context"",""epistemic"":""observed"",""id"":""claim:0142"",""locator"":""keystone_data_room_extract.md::section:w5000-5250:Project ledger / data room, row RIV-CORP-P1"",""statement"":""RIV-CORP-P1 customer contract specifies 30-60 days payment terms."",""type"":""claim"",""unit"":""days"",""value"":""30-60 days""}"
claim:0143,claim,,"{""deal"":""keystone"",""derivation"":null,""direction"":""context"",""epistemic"":""observed"",""id"":""claim:0143"",""locator"":""keystone_data_room_extract.md::section:w5000-5250:Project ledger / data room, row RIV-CORP-P2"",""statement"":""RIV-CORP-P2 customer contract specifies 30-60 days payment terms."",""type"":""claim"",""unit"":""days"",""value"":""30-60 days""}"
claim:0144,claim,,"{""deal"":""keystone"",""derivation"":null,""direction"":""context"",""epistemic"":""observed"",""id"":""claim:0144"",""locator"":""keystone_data_room_extract.md::section:w5000-5250:Project ledger / data room, row BIO-01-P1"",""statement"":""BIO-01-P1 customer contract specifies 30-60 days payment terms."",""type"":""claim"",""unit"":""days"",""value"":""30-60 days""}"
claim:0145,claim,,"{""deal"":""keystone"",""derivation"":null,""direction"":""supports"",""epistemic"":""observed"",""id"":""claim:0145"",""locator"":""keystone_data_room_extract.md::section:w5000-5250:Project ledger / data room, row MED-01-P1, column 3"",""statement"":""MED-01-P1 recurring revenue contract value is $0.67m over the period 2024-02-01 to 2026-03-01."",""type"":""claim"",""unit"":""$m"",""value"":""0.669031206787""}"
period:2024-02-01_to_2026-03-01,period,2024-02-01 to 2026-03-01,"{""id"":""period:2024-02-01_to_2026-03-01"",""label"":""2024-02-01 to 2026-03-01"",""type"":""period""}"
perimeter:keystone_customer_revenue_measured_by_individual_customer_account,perimeter,Keystone customer revenue measured by individual customer account,"{""id"":""perimeter:keystone_customer_revenue_measured_by_individual_customer_account"",""label"":""Keystone customer revenue measured by individual customer account"",""type"":""perimeter""}"
claim:0146,claim,,"{""deal"":""keystone"",""derivation"":null,""direction"":""supports"",""epistemic"":""observed"",""id"":""claim:0146"",""locator"":""keystone_data_room_extract.md::section:w5000-5250:Project ledger / data room, row MED-01-P2, column 3"",""statement"":""MED-01-P2 recurring revenue contract value is $0.61m over the period 2024-03-01 to 2026-05-01."",""type"":""claim"",""unit"":""$m"",""value"":""0.611696287027""}"
period:2024-03-01_to_2026-05-01,period,2024-03-01 to 2026-05-01,"{""id"":""period:2024-03-01_to_2026-05-01"",""label"":""2024-03-01 to 2026-05-01"",""type"":""period""}"
claim:0147,claim,,"{""deal"":""keystone"",""derivation"":null,""direction"":""supports"",""epistemic"":""observed"",""id"":""claim:0147"",""locator"":""keystone_data_room_extract.md::section:w5000-5250:Project ledger / data room, row MED-01-P3, column 3"",""statement"":""MED-01-P3 recurring revenue contract value is $1.02m over the period 2024-04-01 to 2026-07-01."",""type"":""claim"",""unit"":""$m"",""value"":""1.01927250619""}"
period:2024-04-01_to_2026-07-01,period,2024-04-01 to 2026-07-01,"{""id"":""period:2024-04-01_to_2026-07-01"",""label"":""2024-04-01 to 2026-07-01"",""type"":""period""}"
claim:0148,claim,,"{""deal"":""keystone"",""derivation"":null,""direction"":""supports"",""epistemic"":""observed"",""id"":""claim:0148"",""locator"":""keystone_data_room_extract.md::section:w5000-5250:Project ledger / data room, row RIV-CORP-P1, column 3"",""statement"":""RIV-CORP-P1 recurring revenue contract value is $1.41m over the period 2024-02-01 to 2026-03-01."",""type"":""claim"",""unit"":""$m"",""value"":""1.4075663724""}"
claim:0149,claim,,"{""deal"":""keystone"",""derivation"":null,""direction"":""supports"",""epistemic"":""observed"",""id"":""claim:0149"",""locator"":""keystone_data_room_extract.md::section:w5000-5250:Project ledger / data room, row RIV-CORP-P2, column 3"",""statement"":""RIV-CORP-P2 recurring revenue contract value is $0.50m over the period 2024-03-01 to 2026-05-01."",""type"":""claim"",""unit"":""$m"",""value"":""0.504433627603""}"
claim:0150,claim,,"{""deal"":""keystone"",""derivation"":null,""direction"":""supports"",""epistemic"":""observed"",""id"":""claim:0150"",""locator"":""keystone_data_room_extract.md::section:w5000-5250:Project ledger / data room, row BIO-01-P1, column 3"",""statement"":""BIO-01-P1 recurring revenue contract value is $0.14m over the period 2024-02-01 to 2026-03-01."",""type"":""claim"",""unit"":""$m"",""value"":""0.135323069756""}"
claim:0151,claim,,"{""deal"":""keystone"",""derivation"":null,""direction"":""context"",""epistemic"":""observed"",""id"":""claim:0151"",""locator"":""keystone_data_room_extract.md::section:w5250-5500"",""statement"":""BioHealth Laboratories Industrial Hygiene project (BIO-01-P2) has a contract term of 30-60 days as recorded in the project ledger."",""type"":""claim"",""unit"":""days"",""value"":""30-60 days""}"
perimeter:keystone_consolidated_customer_contracts_measured_by_individual_project_ledger,perimeter,Keystone consolidated customer contracts measured by individual project ledger,"{""id"":""perimeter:keystone_consolidated_customer_contracts_measured_by_individual_project_ledger"",""label"":""Keystone consolidated customer contracts measured by individual project ledger"",""type"":""perimeter""}"
claim:0152,claim,,"{""deal"":""keystone"",""derivation"":null,""direction"":""context"",""epistemic"":""observed"",""id"":""claim:0152"",""locator"":""keystone_data_room_extract.md::section:w5250-5500"",""statement"":""Apex Manufacturing EHS Compliance project (APX-01-P1) has a contract term of 30-60 days as recorded in the project ledger."",""type"":""claim"",""unit"":""days"",""value"":""30-60 days""}"
claim:0153,claim,,"{""deal"":""keystone"",""derivation"":null,""direction"":""context"",""epistemic"":""observed"",""id"":""claim:0153"",""locator"":""keystone_data_room_extract.md::section:w5250-5500"",""statement"":""Apex Manufacturing EHS Compliance project (APX-01-P2) has a contract term of 30-60 days as recorded in the project ledger."",""type"":""claim"",""unit"":""days"",""value"":""30-60 days""}"
claim:0154,claim,,"{""deal"":""keystone"",""derivation"":null,""direction"":""context"",""epistemic"":""observed"",""id"":""claim:0154"",""locator"":""keystone_data_room_extract.md::section:w5250-5500"",""statement"":""Riverton Industrial Group Field Inspection project (RIV-GRN-P1) has a contract term of 30-60 days as recorded in the project ledger."",""type"":""claim"",""unit"":""days"",""value"":""30-60 days""}"
claim:0155,claim,,"{""deal"":""keystone"",""derivation"":null,""direction"":""context"",""epistemic"":""observed"",""id"":""claim:0155"",""locator"":""keystone_data_room_extract.md::section:w5250-5500"",""statement"":""Riverton Industrial Group Field Inspection project (RIV-GRN-P2) has a contract term of 30-60 days as recorded in the project ledger."",""type"":""claim"",""unit"":""days"",""value"":""30-60 days""}"
claim:0156,claim,,"{""deal"":""keystone"",""derivation"":null,""direction"":""supports"",""epistemic"":""observed"",""id"":""claim:0156"",""locator"":""keystone_data_room_extract.md::section:w5250-5500"",""statement"":""BioHealth Laboratories Industrial Hygiene project (BIO-01-P2) has recurring revenue of $1.56m as recorded in the project ledger."",""type"":""claim"",""unit"":""$m"",""value"":""1.56467693024""}"
perimeter:keystone_consolidated_recurring_revenue_measured_by_individual_project_ledger,perimeter,Keystone consolidated recurring revenue measured by individual project ledger,"{""id"":""perimeter:keystone_consolidated_recurring_revenue_measured_by_individual_project_ledger"",""label"":""Keystone consolidated recurring revenue measured by individual project ledger"",""type"":""perimeter""}"
claim:0157,claim,,"{""deal"":""keystone"",""derivation"":null,""direction"":""supports"",""epistemic"":""observed"",""id"":""claim:0157"",""locator"":""keystone_data_room_extract.md::section:w5250-5500"",""statement"":""Apex Manufacturing EHS Compliance project (APX-01-P1) has recurring revenue of $0.94m as recorded in the project ledger."",""type"":""claim"",""unit"":""$m"",""value"":""0.942952482793""}"
claim:0158,claim,,"{""deal"":""keystone"",""derivation"":null,""direction"":""supports"",""epistemic"":""observed"",""id"":""claim:0158"",""locator"":""keystone_data_room_extract.md::section:w5250-5500"",""statement"":""Apex Manufacturing EHS Compliance project (APX-01-P2) has recurring revenue of $0.66m as recorded in the project ledger."",""type"":""claim"",""unit"":""$m"",""value"":""0.657047517207""}"
claim:0159,claim,,"{""deal"":""keystone"",""derivation"":null,""direction"":""supports"",""epistemic"":""observed"",""id"":""claim:0159"",""locator"":""keystone_data_room_extract.md::section:w5250-5500"",""statement"":""Riverton Industrial Group Field Inspection project (RIV-GRN-P1) has recurring revenue of $0.58m as recorded in the project ledger."",""type"":""claim"",""unit"":""$m"",""value"":""0.57519975643""}"
claim:0160,claim,,"{""deal"":""keystone"",""derivation"":null,""direction"":""supports"",""epistemic"":""observed"",""id"":""claim:0160"",""locator"":""keystone_data_room_extract.md::section:w5250-5500"",""statement"":""Riverton Industrial Group Field Inspection project (RIV-GRN-P2) has recurring revenue of $0.92m as recorded in the project ledger."",""type"":""claim"",""unit"":""$m"",""value"":""0.92480024357""}"
claim:0161,claim,,"{""deal"":""keystone"",""derivation"":null,""direction"":""context"",""epistemic"":""observed"",""id"":""claim:0161"",""locator"":""keystone_data_room_extract.md::section:w5500-5750:Project ledger / data room; row MET-S-P1"",""statement"":""Metro Utility Holdings Central PSA Indianapolis project shows customer concentration metric of 0.604410031201 for the period 2024-02-01 to 2026-03-01."",""type"":""claim"",""unit"":"""",""value"":""0.604410031201""}"
claim:0162,claim,,"{""deal"":""keystone"",""derivation"":null,""direction"":""context"",""epistemic"":""observed"",""id"":""claim:0162"",""locator"":""keystone_data_room_extract.md::section:w5500-5750:Project ledger / data room; row MET-S-P2"",""statement"":""Metro Utility Holdings Legacy A Chicago project shows customer concentration metric of 0.795589968799 for the period 2024-03-01 to 2026-05-01."",""type"":""claim"",""unit"":"""",""value"":""0.795589968799""}"
claim:0163,claim,,"{""deal"":""keystone"",""derivation"":null,""direction"":""context"",""epistemic"":""observed"",""id"":""claim:0163"",""locator"":""keystone_data_room_extract.md::section:w5500-5750:Project ledger / data room; row STA-02-P1"",""statement"":""State Infrastructure Authority Legacy A Nashville project shows customer concentration metric of 0.738776451479 for the period 2024-02-01 to 2026-03-01."",""type"":""claim"",""unit"":"""",""value"":""0.738776451479""}"
claim:0164,claim,,"{""deal"":""keystone"",""derivation"":null,""direction"":""context"",""epistemic"":""observed"",""id"":""claim:0164"",""locator"":""keystone_data_room_extract.md::section:w5500-5750:Project ledger / data room; row STA-02-P2"",""statement"":""State Infrastructure Authority Legacy B Raleigh project shows customer concentration metric of 0.535223548521 for the period 2024-03-01 to 2026-05-01."",""type"":""claim"",""unit"":"""",""value"":""0.535223548521""}"
claim:0165,claim,,"{""deal"":""keystone"",""derivation"":null,""direction"":""context"",""epistemic"":""observed"",""id"":""claim:0165"",""locator"":""keystone_data_room_extract.md::section:w5500-5750:Project ledger / data room; row RIV-MIL-P1"",""statement"":""Riverton Industrial Group Legacy A Charlotte project shows customer concentration metric of 0.644578998453 for the period 2024-02-01 to 2026-03-01."",""type"":""claim"",""unit"":"""",""value"":""0.644578998453""}"
claim:0166,claim,,"{""deal"":""keystone"",""derivation"":null,""direction"":""context"",""epistemic"":""observed"",""id"":""claim:0166"",""locator"":""keystone_data_room_extract.md::section:w5500-5750:Project ledger / data room; row RIV-MIL-P2"",""statement"":""Riverton Industrial Group recurring project shows customer concentration metric of 0.655421001547 for the period 2024-03-01 to 2026-05-01."",""type"":""claim"",""unit"":"""",""value"":""0.655421001547""}"
claim:0167,claim,,"{""deal"":""keystone"",""derivation"":null,""direction"":""context"",""epistemic"":""observed"",""id"":""claim:0167"",""locator"":""keystone_data_room_extract.md::section:w5750-6000"",""statement"":""All six Riverton Industrial Group projects are contracted on 30–60 day payment terms."",""type"":""claim"",""unit"":""days"",""value"":""30-60""}"
period:2024-02-01_to_2026-05-01,period,2024-02-01 to 2026-05-01,"{""id"":""period:2024-02-01_to_2026-05-01"",""label"":""2024-02-01 to 2026-05-01"",""type"":""period""}"
perimeter:keystone_consolidated_customer_contract_terms_measured_by_individual_project_account,perimeter,Keystone consolidated customer contract terms measured by individual project account,"{""id"":""perimeter:keystone_consolidated_customer_contract_terms_measured_by_individual_project_account"",""label"":""Keystone consolidated customer contract terms measured by individual project account"",""type"":""perimeter""}"
claim:0168,claim,,"{""deal"":""keystone"",""derivation"":null,""direction"":""contradicts"",""epistemic"":""observed"",""id"":""claim:0168"",""locator"":""keystone_data_room_extract.md::section:w5750-6000"",""statement"":""Riverton Industrial Group is the sole customer represented in the project ledger extract, operating across three service lines (EHS Compliance, Field Inspection, Permitting & Advisory) with six active projects."",""type"":""claim"",""unit"":"""",""value"":""1.0""}"
perimeter:keystone_consolidated_customer_count_measured_by_ultimate_parent_entity,perimeter,Keystone consolidated customer count measured by ultimate parent entity,"{""id"":""perimeter:keystone_consolidated_customer_count_measured_by_ultimate_parent_entity"",""label"":""Keystone consolidated customer count measured by ultimate parent entity"",""type"":""perimeter""}"
claim:0169,claim,,"{""deal"":""keystone"",""derivation"":null,""direction"":""context"",""epistemic"":""observed"",""id"":""claim:0169"",""locator"":""keystone_data_room_extract.md::section:w6750-7000"",""statement"":""Precision Components EHS Compliance project PRE-01-P2 runs from 2024-03-01 to 2026-05-01."",""type"":""claim"",""unit"":"""",""value"":""""}"
perimeter:precision_components_account_contract_duration,perimeter,Precision Components account contract duration,"{""id"":""perimeter:precision_components_account_contract_duration"",""label"":""Precision Components account contract duration"",""type"":""perimeter""}"
claim:0170,claim,,"{""deal"":""keystone"",""derivation"":null,""direction"":""context"",""epistemic"":""observed"",""id"":""claim:0170"",""locator"":""keystone_data_room_extract.md::section:w6750-7000"",""statement"":""Precision Components Industrial Hygiene project PRE-02-P1 runs from 2024-02-01 to 2026-03-01."",""type"":""claim"",""unit"":"""",""value"":""""}"
claim:0171,claim,,"{""deal"":""keystone"",""derivation"":null,""direction"":""context"",""epistemic"":""observed"",""id"":""claim:0171"",""locator"":""keystone_data_room_extract.md::section:w6750-7000"",""statement"":""Northfield Foods EHS Compliance project SM-001-P1 runs from 2024-02-01 to 2026-03-01."",""type"":""claim"",""unit"":"""",""value"":""""}"
perimeter:northfield_foods_account_contract_duration,perimeter,Northfield Foods account contract duration,"{""id"":""perimeter:northfield_foods_account_contract_duration"",""label"":""Northfield Foods account contract duration"",""type"":""perimeter""}"
claim:0172,claim,,"{""deal"":""keystone"",""derivation"":null,""direction"":""context"",""epistemic"":""observed"",""id"":""claim:0172"",""locator"":""keystone_data_room_extract.md::section:w6750-7000"",""statement"":""Northfield Foods EHS Compliance project SM-001-P2 runs from 2024-03-01 to 2026-05-01."",""type"":""claim"",""unit"":"""",""value"":""""}"
claim:0173,claim,,"{""deal"":""keystone"",""derivation"":null,""direction"":""context"",""epistemic"":""observed"",""id"":""claim:0173"",""locator"":""keystone_data_room_extract.md::section:w6750-7000"",""statement"":""Ironbridge Logistics Industrial Hygiene project SM-002-P1 runs from 2024-02-01 to 2026-03-01."",""type"":""claim"",""unit"":"""",""value"":""""}"
perimeter:ironbridge_logistics_account_contract_duration,perimeter,Ironbridge Logistics account contract duration,"{""id"":""perimeter:ironbridge_logistics_account_contract_duration"",""label"":""Ironbridge Logistics account contract duration"",""type"":""perimeter""}"
claim:0174,claim,,"{""deal"":""keystone"",""derivation"":null,""direction"":""context"",""epistemic"":""observed"",""id"":""claim:0174"",""locator"":""keystone_data_room_extract.md::section:w6500-6750"",""statement"":""CityWorks Municipal Group Field Inspection project CTY-02-P1 concentration metric is 0.710537685245 as of 2025-11-15."",""type"":""claim"",""unit"":"""",""value"":""0.710537685245""}"
perimeter:keystone_consolidated_customer_concentration_measured_by_individual_billing_account_-_cityworks_municipal_group_field_inspection_project_cty-02-p1,perimeter,Keystone consolidated customer concentration measured by individual billing account - CityWorks Municipal Group Field Inspection project CTY-02-P1,"{""id"":""perimeter:keystone_consolidated_customer_concentration_measured_by_individual_billing_account_-_cityworks_municipal_group_field_inspection_project_cty-02-p1"",""label"":""Keystone consolidated customer concentration measured by individual billing account - CityWorks Municipal Group Field Inspection project CTY-02-P1"",""type"":""perimeter""}"
claim:0175,claim,,"{""deal"":""keystone"",""derivation"":null,""direction"":""context"",""epistemic"":""observed"",""id"":""claim:0175"",""locator"":""keystone_data_room_extract.md::section:w6500-6750"",""statement"":""CityWorks Municipal Group Field Inspection project CTY-02-P2 concentration metric is 0.289462314755 as of 2025-11-15."",""type"":""claim"",""unit"":"""",""value"":""0.289462314755""}"
perimeter:keystone_consolidated_customer_concentration_measured_by_individual_billing_account_-_cityworks_municipal_group_field_inspection_project_cty-02-p2,perimeter,Keystone consolidated customer concentration measured by individual billing account - CityWorks Municipal Group Field Inspection project CTY-02-P2,"{""id"":""perimeter:keystone_consolidated_customer_concentration_measured_by_individual_billing_account_-_cityworks_municipal_group_field_inspection_project_cty-02-p2"",""label"":""Keystone consolidated customer concentration measured by individual billing account - CityWorks Municipal Group Field Inspection project CTY-02-P2"",""type"":""perimeter""}"
claim:0176,claim,,"{""deal"":""keystone"",""derivation"":null,""direction"":""context"",""epistemic"":""observed"",""id"":""claim:0176"",""locator"":""keystone_data_room_extract.md::section:w6500-6750"",""statement"":""Clinica Health Industrial Hygiene project CLN-01-P1 concentration metric is 0.15027921754 as of 2025-11-15."",""type"":""claim"",""unit"":"""",""value"":""0.15027921754""}"
perimeter:keystone_consolidated_customer_concentration_measured_by_individual_billing_account_-_clinica_health_industrial_hygiene_project_cln-01-p1,perimeter,Keystone consolidated customer concentration measured by individual billing account - Clinica Health Industrial Hygiene project CLN-01-P1,"{""id"":""perimeter:keystone_consolidated_customer_concentration_measured_by_individual_billing_account_-_clinica_health_industrial_hygiene_project_cln-01-p1"",""label"":""Keystone consolidated customer concentration measured by individual billing account - Clinica Health Industrial Hygiene project CLN-01-P1"",""type"":""perimeter""}"
claim:0177,claim,,"{""deal"":""keystone"",""derivation"":null,""direction"":""context"",""epistemic"":""observed"",""id"":""claim:0177"",""locator"":""keystone_data_room_extract.md::section:w6500-6750"",""statement"":""Clinica Health Industrial Hygiene project CLN-01-P2 concentration metric is 0.84972078246 as of 2025-11-15."",""type"":""claim"",""unit"":"""",""value"":""0.84972078246""}"
perimeter:keystone_consolidated_customer_concentration_measured_by_individual_billing_account_-_clinica_health_industrial_hygiene_project_cln-01-p2,perimeter,Keystone consolidated customer concentration measured by individual billing account - Clinica Health Industrial Hygiene project CLN-01-P2,"{""id"":""perimeter:keystone_consolidated_customer_concentration_measured_by_individual_billing_account_-_clinica_health_industrial_hygiene_project_cln-01-p2"",""label"":""Keystone consolidated customer concentration measured by individual billing account - Clinica Health Industrial Hygiene project CLN-01-P2"",""type"":""perimeter""}"
claim:0178,claim,,"{""deal"":""keystone"",""derivation"":null,""direction"":""context"",""epistemic"":""observed"",""id"":""claim:0178"",""locator"":""keystone_data_room_extract.md::section:w6500-6750"",""statement"":""Clinica Health EHS Compliance project CLN-02-P1 concentration metric is 0.8 as of 2025-11-15."",""type"":""claim"",""unit"":"""",""value"":""0.8""}"
perimeter:keystone_consolidated_customer_concentration_measured_by_individual_billing_account_-_clinica_health_ehs_compliance_project_cln-02-p1,perimeter,Keystone consolidated customer concentration measured by individual billing account - Clinica Health EHS Compliance project CLN-02-P1,"{""id"":""perimeter:keystone_consolidated_customer_concentration_measured_by_individual_billing_account_-_clinica_health_ehs_compliance_project_cln-02-p1"",""label"":""Keystone consolidated customer concentration measured by individual billing account - Clinica Health EHS Compliance project CLN-02-P1"",""type"":""perimeter""}"
claim:0179,claim,,"{""deal"":""keystone"",""derivation"":null,""direction"":""context"",""epistemic"":""observed"",""id"":""claim:0179"",""locator"":""keystone_data_room_extract.md::section:w6500-6750"",""statement"":""Precision Components EHS Compliance project PRE-01-P1 concentration metric is 0.410342364343 as of 2025-11-15."",""type"":""claim"",""unit"":"""",""value"":""0.410342364343""}"
perimeter:keystone_consolidated_customer_concentration_measured_by_individual_billing_account_-_precision_components_ehs_compliance_project_pre-01-p1,perimeter,Keystone consolidated customer concentration measured by individual billing account - Precision Components EHS Compliance project PRE-01-P1,"{""id"":""perimeter:keystone_consolidated_customer_concentration_measured_by_individual_billing_account_-_precision_components_ehs_compliance_project_pre-01-p1"",""label"":""Keystone consolidated customer concentration measured by individual billing account - Precision Components EHS Compliance project PRE-01-P1"",""type"":""perimeter""}"
claim:0180,claim,,"{""deal"":""keystone"",""derivation"":null,""direction"":""context"",""epistemic"":""observed"",""id"":""claim:0180"",""locator"":""keystone_data_room_extract.md::section:w6500-6750"",""statement"":""CityWorks Municipal Group Field Inspection project CTY-02-P1 contract term runs from 2024-02-01 to 2026-03-01 with 30-60 days payment terms."",""type"":""claim"",""unit"":"""",""value"":""""}"
perimeter:keystone_consolidated_contract_terms_-_cityworks_municipal_group_field_inspection_project_cty-02-p1,perimeter,Keystone consolidated contract terms - CityWorks Municipal Group Field Inspection project CTY-02-P1,"{""id"":""perimeter:keystone_consolidated_contract_terms_-_cityworks_municipal_group_field_inspection_project_cty-02-p1"",""label"":""Keystone consolidated contract terms - CityWorks Municipal Group Field Inspection project CTY-02-P1"",""type"":""perimeter""}"
claim:0181,claim,,"{""deal"":""keystone"",""derivation"":null,""direction"":""context"",""epistemic"":""observed"",""id"":""claim:0181"",""locator"":""keystone_data_room_extract.md::section:w6500-6750"",""statement"":""CityWorks Municipal Group Field Inspection project CTY-02-P2 contract term runs from 2024-03-01 to 2026-05-01 with 30-60 days payment terms."",""type"":""claim"",""unit"":"""",""value"":""""}"
perimeter:keystone_consolidated_contract_terms_-_cityworks_municipal_group_field_inspection_project_cty-02-p2,perimeter,Keystone consolidated contract terms - CityWorks Municipal Group Field Inspection project CTY-02-P2,"{""id"":""perimeter:keystone_consolidated_contract_terms_-_cityworks_municipal_group_field_inspection_project_cty-02-p2"",""label"":""Keystone consolidated contract terms - CityWorks Municipal Group Field Inspection project CTY-02-P2"",""type"":""perimeter""}"
claim:0182,claim,,"{""deal"":""keystone"",""derivation"":null,""direction"":""context"",""epistemic"":""observed"",""id"":""claim:0182"",""locator"":""keystone_data_room_extract.md::section:w6500-6750"",""statement"":""Clinica Health Industrial Hygiene project CLN-01-P1 contract term runs from 2024-02-01 to 2026-03-01 with 30-60 days payment terms."",""type"":""claim"",""unit"":"""",""value"":""""}"
perimeter:keystone_consolidated_contract_terms_-_clinica_health_industrial_hygiene_project_cln-01-p1,perimeter,Keystone consolidated contract terms - Clinica Health Industrial Hygiene project CLN-01-P1,"{""id"":""perimeter:keystone_consolidated_contract_terms_-_clinica_health_industrial_hygiene_project_cln-01-p1"",""label"":""Keystone consolidated contract terms - Clinica Health Industrial Hygiene project CLN-01-P1"",""type"":""perimeter""}"
claim:0183,claim,,"{""deal"":""keystone"",""derivation"":null,""direction"":""context"",""epistemic"":""observed"",""id"":""claim:0183"",""locator"":""keystone_data_room_extract.md::section:w6500-6750"",""statement"":""Clinica Health Industrial Hygiene project CLN-01-P2 contract term runs from 2024-03-01 to 2026-05-01 with 30-60 days payment terms."",""type"":""claim"",""unit"":"""",""value"":""""}"
perimeter:keystone_consolidated_contract_terms_-_clinica_health_industrial_hygiene_project_cln-01-p2,perimeter,Keystone consolidated contract terms - Clinica Health Industrial Hygiene project CLN-01-P2,"{""id"":""perimeter:keystone_consolidated_contract_terms_-_clinica_health_industrial_hygiene_project_cln-01-p2"",""label"":""Keystone consolidated contract terms - Clinica Health Industrial Hygiene project CLN-01-P2"",""type"":""perimeter""}"
claim:0184,claim,,"{""deal"":""keystone"",""derivation"":null,""direction"":""context"",""epistemic"":""observed"",""id"":""claim:0184"",""locator"":""keystone_data_room_extract.md::section:w6500-6750"",""statement"":""Clinica Health EHS Compliance project CLN-02-P1 contract term runs from 2024-02-01 to 2026-03-01 with 30-60 days payment terms."",""type"":""claim"",""unit"":"""",""value"":""""}"
perimeter:keystone_consolidated_contract_terms_-_clinica_health_ehs_compliance_project_cln-02-p1,perimeter,Keystone consolidated contract terms - Clinica Health EHS Compliance project CLN-02-P1,"{""id"":""perimeter:keystone_consolidated_contract_terms_-_clinica_health_ehs_compliance_project_cln-02-p1"",""label"":""Keystone consolidated contract terms - Clinica Health EHS Compliance project CLN-02-P1"",""type"":""perimeter""}"
claim:0185,claim,,"{""deal"":""keystone"",""derivation"":null,""direction"":""context"",""epistemic"":""observed"",""id"":""claim:0185"",""locator"":""keystone_data_room_extract.md::section:w6500-6750"",""statement"":""Precision Components EHS Compliance project PRE-01-P1 contract term runs from 2024-02-01 to 2026-03-01 with 30-60 days payment terms."",""type"":""claim"",""unit"":"""",""value"":""""}"
perimeter:keystone_consolidated_contract_terms_-_precision_components_ehs_compliance_project_pre-01-p1,perimeter,Keystone consolidated contract terms - Precision Components EHS Compliance project PRE-01-P1,"{""id"":""perimeter:keystone_consolidated_contract_terms_-_precision_components_ehs_compliance_project_pre-01-p1"",""label"":""Keystone consolidated contract terms - Precision Components EHS Compliance project PRE-01-P1"",""type"":""perimeter""}"
claim:0186,claim,,"{""deal"":""keystone"",""derivation"":null,""direction"":""context"",""epistemic"":""observed"",""id"":""claim:0186"",""locator"":""keystone_data_room_extract.md::section:w7000-7250"",""statement"":""Customer contract payment terms across Keystone projects are standardized at 30-60 days."",""type"":""claim"",""unit"":""days"",""value"":""30-60 days""}"
perimeter:keystone_consolidated_customer_contract_payment_terms_by_project_ledger,perimeter,Keystone consolidated customer contract payment terms by project ledger,"{""id"":""perimeter:keystone_consolidated_customer_contract_payment_terms_by_project_ledger"",""label"":""Keystone consolidated customer contract payment terms by project ledger"",""type"":""perimeter""}"
claim:0187,claim,,"{""deal"":""keystone"",""derivation"":null,""direction"":""context"",""epistemic"":""observed"",""id"":""claim:0187"",""locator"":""keystone_data_room_extract.md::section:w7000-7250"",""statement"":""Keystone has six active customer accounts represented in the project ledger as of 2025-11-15."",""type"":""claim"",""unit"":"""",""value"":""6.0""}"
perimeter:keystone_consolidated_active_customer_accounts_by_project_ledger,perimeter,Keystone consolidated active customer accounts by project ledger,"{""id"":""perimeter:keystone_consolidated_active_customer_accounts_by_project_ledger"",""label"":""Keystone consolidated active customer accounts by project ledger"",""type"":""perimeter""}"
claim:0188,claim,,"{""deal"":""keystone"",""derivation"":null,""direction"":""context"",""epistemic"":""observed"",""id"":""claim:0188"",""locator"":""keystone_data_room_extract.md::section:w7000-7250"",""statement"":""Cedar Municipal (SM-003) concentration metric is 0.740099823415 as of 2025-11-15."",""type"":""claim"",""unit"":"""",""value"":""0.740099823415""}"
"perimeter:keystone_consolidated_customer_concentration_measured_by_billing_account,_cedar_municipal_account_sm-003",perimeter,"Keystone consolidated customer concentration measured by billing account, Cedar Municipal account SM-003","{""id"":""perimeter:keystone_consolidated_customer_concentration_measured_by_billing_account,_cedar_municipal_account_sm-003"",""label"":""Keystone consolidated customer concentration measured by billing account, Cedar Municipal account SM-003"",""type"":""perimeter""}"
claim:0189,claim,,"{""deal"":""keystone"",""derivation"":null,""direction"":""context"",""epistemic"":""observed"",""id"":""claim:0189"",""locator"":""keystone_data_room_extract.md::section:w7000-7250"",""statement"":""Granite Bio (SM-004) concentration metric is 0.657205433556 as of 2025-11-15."",""type"":""claim"",""unit"":"""",""value"":""0.657205433556""}"
"perimeter:keystone_consolidated_customer_concentration_measured_by_billing_account,_granite_bio_account_sm-004",perimeter,"Keystone consolidated customer concentration measured by billing account, Granite Bio account SM-004","{""id"":""perimeter:keystone_consolidated_customer_concentration_measured_by_billing_account,_granite_bio_account_sm-004"",""label"":""Keystone consolidated customer concentration measured by billing account, Granite Bio account SM-004"",""type"":""perimeter""}"
claim:0190,claim,,"{""deal"":""keystone"",""derivation"":null,""direction"":""context"",""epistemic"":""observed"",""id"":""claim:0190"",""locator"":""keystone_data_room_extract.md::section:w7000-7250"",""statement"":""Oak Ridge Manufacturing (SM-005) concentration metric is 1.03387160796 as of 2025-11-15."",""type"":""claim"",""unit"":"""",""value"":""1.03387160796""}"
"perimeter:keystone_consolidated_customer_concentration_measured_by_billing_account,_oak_ridge_manufacturing_account_sm-005",perimeter,"Keystone consolidated customer concentration measured by billing account, Oak Ridge Manufacturing account SM-005","{""id"":""perimeter:keystone_consolidated_customer_concentration_measured_by_billing_account,_oak_ridge_manufacturing_account_sm-005"",""label"":""Keystone consolidated customer concentration measured by billing account, Oak Ridge Manufacturing account SM-005"",""type"":""perimeter""}"
claim:0191,claim,,"{""deal"":""keystone"",""derivation"":null,""direction"":""supports"",""epistemic"":""observed"",""id"":""claim:0191"",""locator"":""keystone_data_room_extract.md::section:w7000-7250"",""statement"":""Cedar Municipal (SM-003) is flagged as recurring revenue (Yes) as of 2025-11-15."",""type"":""claim"",""unit"":"""",""value"":""1.0""}"
"perimeter:keystone_consolidated_recurring_revenue_indicator_by_customer_account,_cedar_municipal",perimeter,"Keystone consolidated recurring revenue indicator by customer account, Cedar Municipal","{""id"":""perimeter:keystone_consolidated_recurring_revenue_indicator_by_customer_account,_cedar_municipal"",""label"":""Keystone consolidated recurring revenue indicator by customer account, Cedar Municipal"",""type"":""perimeter""}"
claim:0192,claim,,"{""deal"":""keystone"",""derivation"":null,""direction"":""supports"",""epistemic"":""observed"",""id"":""claim:0192"",""locator"":""keystone_data_room_extract.md::section:w7000-7250"",""statement"":""Granite Bio (SM-004) is flagged as recurring revenue (Yes) as of 2025-11-15."",""type"":""claim"",""unit"":"""",""value"":""1.0""}"
"perimeter:keystone_consolidated_recurring_revenue_indicator_by_customer_account,_granite_bio",perimeter,"Keystone consolidated recurring revenue indicator by customer account, Granite Bio","{""id"":""perimeter:keystone_consolidated_recurring_revenue_indicator_by_customer_account,_granite_bio"",""label"":""Keystone consolidated recurring revenue indicator by customer account, Granite Bio"",""type"":""perimeter""}"
claim:0193,claim,,"{""deal"":""keystone"",""derivation"":null,""direction"":""context"",""epistemic"":""observed"",""id"":""claim:0193"",""locator"":""keystone_data_room_extract.md::section:w7500-7750:Project ledger / data room; table rows SM-008-P2 through SM-010-P2"",""statement"":""Keystone data room project ledger shows 6 active projects across service lines as of 2025-11-15: Lakefront Infrastructure, Blue Ridge Metals (2 projects), Pioneer Components (2 projects), and one additional project."",""type"":""claim"",""unit"":"""",""value"":""6.0""}"
perimeter:keystone_consolidated_active_projects_measured_by_unique_customer_identifier,perimeter,Keystone consolidated active projects measured by unique customer identifier,"{""id"":""perimeter:keystone_consolidated_active_projects_measured_by_unique_customer_identifier"",""label"":""Keystone consolidated active projects measured by unique customer identifier"",""type"":""perimeter""}"
claim:0194,claim,,"{""deal"":""keystone"",""derivation"":null,""direction"":""context"",""epistemic"":""observed"",""id"":""claim:0194"",""locator"":""keystone_data_room_extract.md::section:w8000-8250"",""statement"":""Medical EHS Compliance Repeat project SM-014-P1 with Prairie Public Works (Industrial Hygiene, Indianapolis) has contract payment terms of 30-60 days."",""type"":""claim"",""unit"":"""",""value"":""30-60 days""}"
perimeter:keystone_consolidated_customer_contract_portfolio_measured_by_individual_project_ledger_entry,perimeter,Keystone consolidated customer contract portfolio measured by individual project ledger entry,"{""id"":""perimeter:keystone_consolidated_customer_contract_portfolio_measured_by_individual_project_ledger_entry"",""label"":""Keystone consolidated customer contract portfolio measured by individual project ledger entry"",""type"":""perimeter""}"
claim:0195,claim,,"{""deal"":""keystone"",""derivation"":null,""direction"":""context"",""epistemic"":""observed"",""id"":""claim:0195"",""locator"":""keystone_data_room_extract.md::section:w8000-8250"",""statement"":""Project SM-014-P2 with Prairie Public Works (Industrial Hygiene, Raleigh) has contract payment terms of 30-60 days."",""type"":""claim"",""unit"":"""",""value"":""30-60 days""}"
claim:0196,claim,,"{""deal"":""keystone"",""derivation"":null,""direction"":""context"",""epistemic"":""observed"",""id"":""claim:0196"",""locator"":""keystone_data_room_extract.md::section:w8000-8250"",""statement"":""Project SM-014-P2 with Prairie Public Works (Industrial Hygiene, Charlotte) has contract payment terms of 30-60 days."",""type"":""claim"",""unit"":"""",""value"":""30-60 days""}"
claim:0197,claim,,"{""deal"":""keystone"",""derivation"":null,""direction"":""context"",""epistemic"":""observed"",""id"":""claim:0197"",""locator"":""keystone_data_room_extract.md::section:w8000-8250"",""statement"":""Project SM-015-P1 with Atlas Manufacturing (Field Inspection, Raleigh) has contract payment terms of 30-60 days."",""type"":""claim"",""unit"":"""",""value"":""30-60 days""}"
claim:0198,claim,,"{""deal"":""keystone"",""derivation"":null,""direction"":""context"",""epistemic"":""observed"",""id"":""claim:0198"",""locator"":""keystone_data_room_extract.md::section:w8000-8250"",""statement"":""Project SM-015-P2 with Atlas Manufacturing (Field Inspection, Charlotte) has contract payment terms of 30-60 days."",""type"":""claim"",""unit"":"""",""value"":""30-60 days""}"
claim:0199,claim,,"{""deal"":""keystone"",""derivation"":null,""direction"":""context"",""epistemic"":""observed"",""id"":""claim:0199"",""locator"":""keystone_data_room_extract.md::section:w8000-8250"",""statement"":""Project SM-016-P1 with Cobalt Industries (Permitting & Advisory) has contract payment terms of 30-60 days."",""type"":""claim"",""unit"":"""",""value"":""30-60 days""}"
claim:0200,claim,,"{""deal"":""keystone"",""derivation"":null,""direction"":""context"",""epistemic"":""observed"",""id"":""claim:0200"",""locator"":""keystone_data_room_extract.md::section:w8500-8750"",""statement"":""Keystone data room project ledger contains 6 distinct customer accounts (Northfield Foods, Ironbridge Logistics, Cedar Municipal) with multiple service lines and contract periods."",""type"":""claim"",""unit"":"""",""value"":""6.0""}"
perimeter:keystone_consolidated_customer_accounts_in_data_room_project_ledger,perimeter,Keystone consolidated customer accounts in data room project ledger,"{""id"":""perimeter:keystone_consolidated_customer_accounts_in_data_room_project_ledger"",""label"":""Keystone consolidated customer accounts in data room project ledger"",""type"":""perimeter""}"
claim:0201,claim,,"{""deal"":""keystone"",""derivation"":null,""direction"":""context"",""epistemic"":""observed"",""id"":""claim:0201"",""locator"":""keystone_data_room_extract.md::section:w8500-8750"",""statement"":""Northfield Foods Field Inspection contract is a Repeat engagement with 30–60 day payment terms, classified as Legacy A, running from 2024-02-01 to 2026-03-01."",""type"":""claim"",""unit"":"""",""value"":""""}"
perimeter:northfield_foods_field_inspection_service_contract,perimeter,Northfield Foods Field Inspection service contract,"{""id"":""perimeter:northfield_foods_field_inspection_service_contract"",""label"":""Northfield Foods Field Inspection service contract"",""type"":""perimeter""}"
claim:0202,claim,,"{""deal"":""keystone"",""derivation"":null,""direction"":""context"",""epistemic"":""observed"",""id"":""claim:0202"",""locator"":""keystone_data_room_extract.md::section:w8500-8750"",""statement"":""Northfield Foods Field Inspection contract is a Repeat engagement with 30–60 day payment terms, classified as Legacy B, running from 2024-03-01 to 2026-05-01."",""type"":""claim"",""unit"":"""",""value"":""""}"
claim:0203,claim,,"{""deal"":""keystone"",""derivation"":null,""direction"":""context"",""epistemic"":""observed"",""id"":""claim:0203"",""locator"":""keystone_data_room_extract.md::section:w8500-8750"",""statement"":""Ironbridge Logistics Permitting & Advisory contract is a Project engagement with 30–60 day payment terms, classified as Legacy A, running from 2024-02-01 to 2026-03-01."",""type"":""claim"",""unit"":"""",""value"":""""}"
perimeter:ironbridge_logistics_permitting_&_advisory_service_contract,perimeter,Ironbridge Logistics Permitting & Advisory service contract,"{""id"":""perimeter:ironbridge_logistics_permitting_&_advisory_service_contract"",""label"":""Ironbridge Logistics Permitting & Advisory service contract"",""type"":""perimeter""}"
claim:0204,claim,,"{""deal"":""keystone"",""derivation"":null,""direction"":""context"",""epistemic"":""observed"",""id"":""claim:0204"",""locator"":""keystone_data_room_extract.md::section:w8500-8750"",""statement"":""Ironbridge Logistics Permitting & Advisory contract is a Project engagement with 30–60 day payment terms, classified as Legacy B, running from 2024-03-01 to 2026-05-01."",""type"":""claim"",""unit"":"""",""value"":""""}"
claim:0205,claim,,"{""deal"":""keystone"",""derivation"":null,""direction"":""context"",""epistemic"":""observed"",""id"":""claim:0205"",""locator"":""keystone_data_room_extract.md::section:w8500-8750"",""statement"":""Cedar Municipal EHS Compliance contract is a Recurring engagement with 30–60 day payment terms, classified as Central PSA, running from 2024-02-01 to 2026-03-01."",""type"":""claim"",""unit"":"""",""value"":""""}"
perimeter:cedar_municipal_ehs_compliance_service_contract,perimeter,Cedar Municipal EHS Compliance service contract,"{""id"":""perimeter:cedar_municipal_ehs_compliance_service_contract"",""label"":""Cedar Municipal EHS Compliance service contract"",""type"":""perimeter""}"
claim:0206,claim,,"{""deal"":""keystone"",""derivation"":null,""direction"":""context"",""epistemic"":""observed"",""id"":""claim:0206"",""locator"":""keystone_data_room_extract.md::section:w9250-9500"",""statement"":""Blue Ridge Metals 2 Field Inspection project (SM-027-P1) has a contract payment term of 30-60 days, effective 2024-02-01 to 2026-03-01."",""type"":""claim"",""unit"":""days"",""value"":""30-60 days""}"
perimeter:keystone_consolidated_customer_contract_terms_by_individual_project,perimeter,Keystone consolidated customer contract terms by individual project,"{""id"":""perimeter:keystone_consolidated_customer_contract_terms_by_individual_project"",""label"":""Keystone consolidated customer contract terms by individual project"",""type"":""perimeter""}"
claim:0207,claim,,"{""deal"":""keystone"",""derivation"":null,""direction"":""context"",""epistemic"":""observed"",""id"":""claim:0207"",""locator"":""keystone_data_room_extract.md::section:w9250-9500"",""statement"":""Blue Ridge Metals 2 Field Inspection project (SM-027-P2) has a contract payment term of 30-60 days, effective 2024-03-01 to 2026-05-01."",""type"":""claim"",""unit"":""days"",""value"":""30-60 days""}"
claim:0208,claim,,"{""deal"":""keystone"",""derivation"":null,""direction"":""context"",""epistemic"":""observed"",""id"":""claim:0208"",""locator"":""keystone_data_room_extract.md::section:w9250-9500"",""statement"":""Pioneer Components 2 Permitting & Advisory project (SM-028-P1) has a contract payment term of 30-60 days, effective 2024-02-01 to 2026-03-01."",""type"":""claim"",""unit"":""days"",""value"":""30-60 days""}"
claim:0209,claim,,"{""deal"":""keystone"",""derivation"":null,""direction"":""context"",""epistemic"":""observed"",""id"":""claim:0209"",""locator"":""keystone_data_room_extract.md::section:w9250-9500"",""statement"":""Pioneer Components 2 Permitting & Advisory project (SM-028-P2) has a contract payment term of 30-60 days, effective 2024-03-01 to 2026-05-01."",""type"":""claim"",""unit"":""days"",""value"":""30-60 days""}"
claim:0210,claim,,"{""deal"":""keystone"",""derivation"":null,""direction"":""context"",""epistemic"":""observed"",""id"":""claim:0210"",""locator"":""keystone_data_room_extract.md::section:w9250-9500"",""statement"":""Evergreen Chemicals 2 EHS Compliance project (SM-029-P1) has a contract payment term of 30-60 days, effective 2024-02-01 to 2026-03-01."",""type"":""claim"",""unit"":""days"",""value"":""30-60 days""}"
claim:0211,claim,,"{""deal"":""keystone"",""derivation"":null,""direction"":""context"",""epistemic"":""observed"",""id"":""claim:0211"",""locator"":""keystone_data_room_extract.md::section:w9250-9500"",""statement"":""Evergreen Chemicals 2 EHS Compliance project (SM-029-P2) has a contract payment term of 30-60 days, effective 2024-03-01 to 2026-05-01."",""type"":""claim"",""unit"":""days"",""value"":""30-60 days""}"
claim:0212,claim,,"{""deal"":""keystone"",""derivation"":null,""direction"":""context"",""epistemic"":""observed"",""id"":""claim:0212"",""locator"":""keystone_data_room_extract.md::section:w9000-9250"",""statement"":""SM-024-P2 (Summit Water 2 Permitting & Advisory) contract specifies 30-60 days payment terms."",""type"":""claim"",""unit"":""days"",""value"":""30-60 days""}"
perimeter:keystone_consolidated_customer_contracts_measured_by_individual_project_ledger_entry,perimeter,Keystone consolidated customer contracts measured by individual project ledger entry,"{""id"":""perimeter:keystone_consolidated_customer_contracts_measured_by_individual_project_ledger_entry"",""label"":""Keystone consolidated customer contracts measured by individual project ledger entry"",""type"":""perimeter""}"
claim:0213,claim,,"{""deal"":""keystone"",""derivation"":null,""direction"":""context"",""epistemic"":""observed"",""id"":""claim:0213"",""locator"":""keystone_data_room_extract.md::section:w9000-9250"",""statement"":""SM-025-P1 (Keystone Health 2 EHS Compliance) contract specifies 30-60 days payment terms."",""type"":""claim"",""unit"":""days"",""value"":""30-60 days""}"
claim:0214,claim,,"{""deal"":""keystone"",""derivation"":null,""direction"":""context"",""epistemic"":""observed"",""id"":""claim:0214"",""locator"":""keystone_data_room_extract.md::section:w9000-9250"",""statement"":""SM-025-P2 (Keystone Health 2 EHS Compliance) contract specifies 30-60 days payment terms."",""type"":""claim"",""unit"":""days"",""value"":""30-60 days""}"
claim:0215,claim,,"{""deal"":""keystone"",""derivation"":null,""direction"":""context"",""epistemic"":""observed"",""id"":""claim:0215"",""locator"":""keystone_data_room_extract.md::section:w9000-9250"",""statement"":""SM-026-P1 (Lakefront Infrastructure 2 Industrial Hygiene) contract specifies 30-60 days payment terms."",""type"":""claim"",""unit"":""days"",""value"":""30-60 days""}"
claim:0216,claim,,"{""deal"":""keystone"",""derivation"":null,""direction"":""context"",""epistemic"":""observed"",""id"":""claim:0216"",""locator"":""keystone_data_room_extract.md::section:w9000-9250"",""statement"":""SM-026-P2 (Lakefront Infrastructure 2 Industrial Hygiene) contract specifies 30-60 days payment terms."",""type"":""claim"",""unit"":""days"",""value"":""30-60 days""}"
claim:0217,claim,,"{""deal"":""keystone"",""derivation"":null,""direction"":""supports"",""epistemic"":""observed"",""id"":""claim:0217"",""locator"":""keystone_data_room_extract.md::section:w9000-9250"",""statement"":""SM-025-P1 (Keystone Health 2 EHS Compliance) is marked as retained customer."",""type"":""claim"",""unit"":"""",""value"":""Yes""}"
metric:customer_retention,metric,Customer Retention,"{""id"":""metric:customer_retention"",""label"":""Customer Retention"",""type"":""metric""}"
perimeter:keystone_consolidated_customer_retention_status_measured_by_individual_project_ledger_entry,perimeter,Keystone consolidated customer retention status measured by individual project ledger entry,"{""id"":""perimeter:keystone_consolidated_customer_retention_status_measured_by_individual_project_ledger_entry"",""label"":""Keystone consolidated customer retention status measured by individual project ledger entry"",""type"":""perimeter""}"
claim:0218,claim,,"{""deal"":""keystone"",""derivation"":null,""direction"":""supports"",""epistemic"":""observed"",""id"":""claim:0218"",""locator"":""keystone_data_room_extract.md::section:w9000-9250"",""statement"":""SM-026-P1 (Lakefront Infrastructure 2 Industrial Hygiene) is marked as retained customer."",""type"":""claim"",""unit"":"""",""value"":""Yes""}"
claim:0219,claim,,"{""deal"":""keystone"",""derivation"":null,""direction"":""contradicts"",""epistemic"":""observed"",""id"":""claim:0219"",""locator"":""keystone_data_room_extract.md::section:w9000-9250"",""statement"":""SM-024-P2 (Summit Water 2 Permitting & Advisory) is not marked as retained customer."",""type"":""claim"",""unit"":"""",""value"":""No""}"
claim:0220,claim,,"{""deal"":""keystone"",""derivation"":null,""direction"":""contradicts"",""epistemic"":""observed"",""id"":""claim:0220"",""locator"":""keystone_data_room_extract.md::section:w9000-9250"",""statement"":""SM-025-P2 (Keystone Health 2 EHS Compliance) is not marked as retained customer."",""type"":""claim"",""unit"":"""",""value"":""No""}"
claim:0221,claim,,"{""deal"":""keystone"",""derivation"":null,""direction"":""contradicts"",""epistemic"":""observed"",""id"":""claim:0221"",""locator"":""keystone_data_room_extract.md::section:w9000-9250"",""statement"":""SM-026-P2 (Lakefront Infrastructure 2 Industrial Hygiene) is not marked as retained customer."",""type"":""claim"",""unit"":"""",""value"":""No""}"
claim:0222,claim,,"{""deal"":""keystone"",""derivation"":null,""direction"":""context"",""epistemic"":""observed"",""id"":""claim:0222"",""locator"":""keystone_data_room_extract.md::section:w9500-9750:section w9500-9750, project ledger row 1"",""statement"":""SM-030-P1 (Redwood Utilities 2, Industrial Hygiene, Recurring) contract term is 30-60 days."",""type"":""claim"",""unit"":""days"",""value"":""30-60 days""}"
claim:0223,claim,,"{""deal"":""keystone"",""derivation"":null,""direction"":""context"",""epistemic"":""observed"",""id"":""claim:0223"",""locator"":""keystone_data_room_extract.md::section:w9500-9750:section w9500-9750, project ledger row 2"",""statement"":""SM-030-P2 (Redwood Utilities 2, Industrial Hygiene, Recurring) contract term is 30-60 days."",""type"":""claim"",""unit"":""days"",""value"":""30-60 days""}"
claim:0224,claim,,"{""deal"":""keystone"",""derivation"":null,""direction"":""context"",""epistemic"":""observed"",""id"":""claim:0224"",""locator"":""keystone_data_room_extract.md::section:w9500-9750:section w9500-9750, project ledger row 3"",""statement"":""SM-031-P1 (Silverline Medical 2, Field Inspection, Repeat) contract term is 30-60 days."",""type"":""claim"",""unit"":""days"",""value"":""30-60 days""}"
claim:0225,claim,,"{""deal"":""keystone"",""derivation"":null,""direction"":""context"",""epistemic"":""observed"",""id"":""claim:0225"",""locator"":""keystone_data_room_extract.md::section:w9500-9750:section w9500-9750, project ledger row 4"",""statement"":""SM-032-P1 (Prairie Public Works 2, Permitting & Advisory, Project) contract term is 30-60 days."",""type"":""claim"",""unit"":""days"",""value"":""30-60 days""}"
claim:0226,claim,,"{""deal"":""keystone"",""derivation"":null,""direction"":""context"",""epistemic"":""observed"",""id"":""claim:0226"",""locator"":""keystone_data_room_extract.md::section:w9500-9750:section w9500-9750, project ledger row 5"",""statement"":""SM-033-P1 (Atlas Manufacturing 2, EHS Compliance, Recurring) contract term is 30-60 days."",""type"":""claim"",""unit"":""days"",""value"":""30-60 days""}"
claim:0227,claim,,"{""deal"":""keystone"",""derivation"":null,""direction"":""context"",""epistemic"":""observed"",""id"":""claim:0227"",""locator"":""keystone_data_room_extract.md::section:w9750-10000:Project ledger / data room; SM-034 row"",""statement"":""Cobalt Industries 2 (Industrial Hygiene, repeat contract 2024-02-01 to 2026-03-01) shows a customer concentration metric of 0.854466539197."",""type"":""claim"",""unit"":"""",""value"":""0.854466539197""}"
claim:0228,claim,,"{""deal"":""keystone"",""derivation"":null,""direction"":""context"",""epistemic"":""observed"",""id"":""claim:0228"",""locator"":""keystone_data_room_extract.md::section:w9750-10000:Project ledger / data room; SM-034 row"",""statement"":""Cobalt Industries 2 account shows a secondary concentration metric of 0.328562319007."",""type"":""claim"",""unit"":"""",""value"":""0.328562319007""}"
claim:0229,claim,,"{""deal"":""keystone"",""derivation"":null,""direction"":""context"",""epistemic"":""observed"",""id"":""claim:0229"",""locator"":""keystone_data_room_extract.md::section:w9750-10000:Project ledger / data room; SM-035-P1 row"",""statement"":""Meridian Transit 2 (Field Inspection, project contract 2024-02-01 to 2026-03-01) shows a customer concentration metric of 0.842459983611."",""type"":""claim"",""unit"":"""",""value"":""0.842459983611""}"
claim:0230,claim,,"{""deal"":""keystone"",""derivation"":null,""direction"":""context"",""epistemic"":""observed"",""id"":""claim:0230"",""locator"":""keystone_data_room_extract.md::section:w9750-10000:Employee and Utilization Schedule - December 31, 2025; E0001 row"",""statement"":""Employee E0001 (Chicago, Midwest, Technical, Industrial Hygiene, hired 2016-02-01 from Northstar acquisition, active staff level) has an annual base salary of $77,000 and bonus target of 5%."",""type"":""claim"",""unit"":""headcount"",""value"":""1.0""}"
perimeter:keystone_consolidated_employee_headcount,perimeter,Keystone consolidated employee headcount,"{""id"":""perimeter:keystone_consolidated_employee_headcount"",""label"":""Keystone consolidated employee headcount"",""type"":""perimeter""}"
claim:0231,claim,,"{""deal"":""keystone"",""derivation"":null,""direction"":""context"",""epistemic"":""observed"",""id"":""claim:0231"",""locator"":""keystone_data_room_extract.md::section:w9750-10000:Employee and Utilization Schedule - December 31, 2025; E0002 row"",""statement"":""Employee E0002 (Detroit, Midwest, Technical, Field Inspection) has an annual base salary of $94,000 and bonus target of 5%."",""type"":""claim"",""unit"":""headcount"",""value"":""1.0""}"
claim:0232,claim,,"{""deal"":""keystone"",""derivation"":null,""direction"":""context"",""epistemic"":""observed"",""id"":""claim:0232"",""locator"":""keystone_data_room_extract.md::section:w10250-10500"",""statement"":""Keystone Field Inspection service line headcount is 140 as of 2025-11-15, located in Greenville, Midwest region, with employee tenure from 2025-11-01."",""type"":""claim"",""unit"":""headcount"",""value"":""140.0""}"
perimeter:keystone_consolidated_headcount_by_employee_record,perimeter,Keystone consolidated headcount by employee record,"{""id"":""perimeter:keystone_consolidated_headcount_by_employee_record"",""label"":""Keystone consolidated headcount by employee record"",""type"":""perimeter""}"
claim:0233,claim,,"{""deal"":""keystone"",""derivation"":null,""direction"":""context"",""epistemic"":""observed"",""id"":""claim:0233"",""locator"":""keystone_data_room_extract.md::section:w10250-10500"",""statement"":""Keystone Permitting & Advisory service line headcount is 67 as of 2025-11-15, located in Milwaukee, Midwest region, with employee tenure from 2015-12-01."",""type"":""claim"",""unit"":""headcount"",""value"":""67.0""}"
claim:0234,claim,,"{""deal"":""keystone"",""derivation"":null,""direction"":""context"",""epistemic"":""observed"",""id"":""claim:0234"",""locator"":""keystone_data_room_extract.md::section:w10250-10500"",""statement"":""Keystone EHS Compliance service line headcount is 84 as of 2025-11-15, located in St. Louis, Southeast region, with employee tenure from 2016-01-01."",""type"":""claim"",""unit"":""headcount"",""value"":""84.0""}"
claim:0235,claim,,"{""deal"":""keystone"",""derivation"":null,""direction"":""context"",""epistemic"":""observed"",""id"":""claim:0235"",""locator"":""keystone_data_room_extract.md::section:w10250-10500"",""statement"":""Keystone Industrial Hygiene service line headcount is 101 as of 2025-11-15, located in Richmond, Midwest region, with employee tenure from 2017-02-01."",""type"":""claim"",""unit"":""headcount"",""value"":""101.0""}"
claim:0236,claim,,"{""deal"":""keystone"",""derivation"":null,""direction"":""context"",""epistemic"":""observed"",""id"":""claim:0236"",""locator"":""keystone_data_room_extract.md::section:w10250-10500"",""statement"":""Keystone Field Inspection service line headcount is 118 as of 2025-11-15, located in Indianapolis, Project Management function, with employee tenure from 2018-03-01."",""type"":""claim"",""unit"":""headcount"",""value"":""118.0""}"
claim:0237,claim,,"{""deal"":""keystone"",""derivation"":null,""direction"":""context"",""epistemic"":""observed"",""id"":""claim:0237"",""locator"":""keystone_data_room_extract.md::section:w10250-10500"",""statement"":""Keystone Permitting & Advisory service line headcount is 155 as of 2025-11-15, located in Chicago, Southeast region, Corporate function, with employee tenure from 2019-04-01."",""type"":""claim"",""unit"":""headcount"",""value"":""155.0""}"
claim:0238,claim,,"{""deal"":""keystone"",""derivation"":null,""direction"":""context"",""epistemic"":""observed"",""id"":""claim:0238"",""locator"":""keystone_data_room_extract.md::section:w10500-10750"",""statement"":""Employee E0016 in Detroit, Midwest region, Sales department, EHS Compliance service line has a headcount allocation of 168."",""type"":""claim"",""unit"":""headcount"",""value"":""168.0""}"
"perimeter:keystone_employee_e0016_(detroit,_midwest,_sales,_ehs_compliance_service_line)",perimeter,"Keystone employee E0016 (Detroit, Midwest, Sales, EHS Compliance service line)","{""id"":""perimeter:keystone_employee_e0016_(detroit,_midwest,_sales,_ehs_compliance_service_line)"",""label"":""Keystone employee E0016 (Detroit, Midwest, Sales, EHS Compliance service line)"",""type"":""perimeter""}"
claim:0239,claim,,"{""deal"":""keystone"",""derivation"":null,""direction"":""context"",""epistemic"":""observed"",""id"":""claim:0239"",""locator"":""keystone_data_room_extract.md::section:w10500-10750"",""statement"":""Employee E0017 in Louisville, Midwest region, Finance department, Industrial Hygiene service line has a headcount allocation of 71."",""type"":""claim"",""unit"":""headcount"",""value"":""71.0""}"
"perimeter:keystone_employee_e0017_(louisville,_midwest,_finance,_industrial_hygiene_service_line)",perimeter,"Keystone employee E0017 (Louisville, Midwest, Finance, Industrial Hygiene service line)","{""id"":""perimeter:keystone_employee_e0017_(louisville,_midwest,_finance,_industrial_hygiene_service_line)"",""label"":""Keystone employee E0017 (Louisville, Midwest, Finance, Industrial Hygiene service line)"",""type"":""perimeter""}"
claim:0240,claim,,"{""deal"":""keystone"",""derivation"":null,""direction"":""context"",""epistemic"":""observed"",""id"":""claim:0240"",""locator"":""keystone_data_room_extract.md::section:w10500-10750"",""statement"":""Employee E0018 in Nashville, Southeast region, HR department, Field Inspection service line has a headcount allocation of 84."",""type"":""claim"",""unit"":""headcount"",""value"":""84.0""}"
"perimeter:keystone_employee_e0018_(nashville,_southeast,_hr,_field_inspection_service_line)",perimeter,"Keystone employee E0018 (Nashville, Southeast, HR, Field Inspection service line)","{""id"":""perimeter:keystone_employee_e0018_(nashville,_southeast,_hr,_field_inspection_service_line)"",""label"":""Keystone employee E0018 (Nashville, Southeast, HR, Field Inspection service line)"",""type"":""perimeter""}"
claim:0241,claim,,"{""deal"":""keystone"",""derivation"":null,""direction"":""context"",""epistemic"":""observed"",""id"":""claim:0241"",""locator"":""keystone_data_room_extract.md::section:w10500-10750"",""statement"":""Employee E0019 in Raleigh, Midwest region, IT department, Permitting & Advisory service line has a headcount allocation of 97."",""type"":""claim"",""unit"":""headcount"",""value"":""97.0""}"
"perimeter:keystone_employee_e0019_(raleigh,_midwest,_it,_permitting_&_advisory_service_line)",perimeter,"Keystone employee E0019 (Raleigh, Midwest, IT, Permitting & Advisory service line)","{""id"":""perimeter:keystone_employee_e0019_(raleigh,_midwest,_it,_permitting_&_advisory_service_line)"",""label"":""Keystone employee E0019 (Raleigh, Midwest, IT, Permitting & Advisory service line)"",""type"":""perimeter""}"
claim:0242,claim,,"{""deal"":""keystone"",""derivation"":null,""direction"":""context"",""epistemic"":""observed"",""id"":""claim:0242"",""locator"":""keystone_data_room_extract.md::section:w10500-10750"",""statement"":""Employee E0020 in Charlotte, Midwest region, Technical department, EHS Compliance service line has a headcount allocation of 130."",""type"":""claim"",""unit"":""headcount"",""value"":""130.0""}"
"perimeter:keystone_employee_e0020_(charlotte,_midwest,_technical,_ehs_compliance_service_line)",perimeter,"Keystone employee E0020 (Charlotte, Midwest, Technical, EHS Compliance service line)","{""id"":""perimeter:keystone_employee_e0020_(charlotte,_midwest,_technical,_ehs_compliance_service_line)"",""label"":""Keystone employee E0020 (Charlotte, Midwest, Technical, EHS Compliance service line)"",""type"":""perimeter""}"
claim:0243,claim,,"{""deal"":""keystone"",""derivation"":null,""direction"":""context"",""epistemic"":""observed"",""id"":""claim:0243"",""locator"":""keystone_data_room_extract.md::section:w10500-10750"",""statement"":""Employee E0021 in Cincinnati, Southeast region, Technical department, Industrial Hygiene service line has a headcount allocation of 147."",""type"":""claim"",""unit"":""headcount"",""value"":""147.0""}"
"perimeter:keystone_employee_e0021_(cincinnati,_southeast,_technical,_industrial_hygiene_service_line)",perimeter,"Keystone employee E0021 (Cincinnati, Southeast, Technical, Industrial Hygiene service line)","{""id"":""perimeter:keystone_employee_e0021_(cincinnati,_southeast,_technical,_industrial_hygiene_service_line)"",""label"":""Keystone employee E0021 (Cincinnati, Southeast, Technical, Industrial Hygiene service line)"",""type"":""perimeter""}"
claim:0244,claim,,"{""deal"":""keystone"",""derivation"":null,""direction"":""context"",""epistemic"":""observed"",""id"":""claim:0244"",""locator"":""keystone_data_room_extract.md::section:w10500-10750"",""statement"":""Employee E0022 in Columbus, Midwest region, Technical department, Field Inspection service line has a headcount allocation of 74."",""type"":""claim"",""unit"":""headcount"",""value"":""74.0""}"
"perimeter:keystone_employee_e0022_(columbus,_midwest,_technical,_field_inspection_service_line)",perimeter,"Keystone employee E0022 (Columbus, Midwest, Technical, Field Inspection service line)","{""id"":""perimeter:keystone_employee_e0022_(columbus,_midwest,_technical,_field_inspection_service_line)"",""label"":""Keystone employee E0022 (Columbus, Midwest, Technical, Field Inspection service line)"",""type"":""perimeter""}"
claim:0245,claim,,"{""deal"":""keystone"",""derivation"":null,""direction"":""context"",""epistemic"":""observed"",""id"":""claim:0245"",""locator"":""keystone_data_room_extract.md::section:w10750-11000"",""statement"":""Employee E0023 (Knoxville, Technical, Permitting & Advisory) has a salary of 91 (currency unit unspecified)."",""type"":""claim"",""unit"":""headcount"",""value"":""91.0""}"
"perimeter:keystone_employee_e0023_(knoxville,_technical,_permitting_&_advisory)",perimeter,"Keystone employee E0023 (Knoxville, Technical, Permitting & Advisory)","{""id"":""perimeter:keystone_employee_e0023_(knoxville,_technical,_permitting_&_advisory)"",""label"":""Keystone employee E0023 (Knoxville, Technical, Permitting & Advisory)"",""type"":""perimeter""}"
claim:0246,claim,,"{""deal"":""keystone"",""derivation"":null,""direction"":""context"",""epistemic"":""observed"",""id"":""claim:0246"",""locator"":""keystone_data_room_extract.md::section:w10750-11000"",""statement"":""Employee E0024 (Greenville, Project Management, EHS Compliance) has a salary of 108 (currency unit unspecified)."",""type"":""claim"",""unit"":""headcount"",""value"":""108.0""}"
"perimeter:keystone_employee_e0024_(greenville,_project_management,_ehs_compliance)",perimeter,"Keystone employee E0024 (Greenville, Project Management, EHS Compliance)","{""id"":""perimeter:keystone_employee_e0024_(greenville,_project_management,_ehs_compliance)"",""label"":""Keystone employee E0024 (Greenville, Project Management, EHS Compliance)"",""type"":""perimeter""}"
claim:0247,claim,,"{""deal"":""keystone"",""derivation"":null,""direction"":""context"",""epistemic"":""observed"",""id"":""claim:0247"",""locator"":""keystone_data_room_extract.md::section:w10750-11000"",""statement"":""Employee E0025 (Milwaukee, Corporate, Industrial Hygiene) has a salary of 175 (currency unit unspecified)."",""type"":""claim"",""unit"":""headcount"",""value"":""175.0""}"
"perimeter:keystone_employee_e0025_(milwaukee,_corporate,_industrial_hygiene)",perimeter,"Keystone employee E0025 (Milwaukee, Corporate, Industrial Hygiene)","{""id"":""perimeter:keystone_employee_e0025_(milwaukee,_corporate,_industrial_hygiene)"",""label"":""Keystone employee E0025 (Milwaukee, Corporate, Industrial Hygiene)"",""type"":""perimeter""}"
claim:0248,claim,,"{""deal"":""keystone"",""derivation"":null,""direction"":""context"",""epistemic"":""observed"",""id"":""claim:0248"",""locator"":""keystone_data_room_extract.md::section:w10750-11000"",""statement"":""Employee E0026 (St. Louis, Sales, Field Inspection) has a salary of 78 (currency unit unspecified)."",""type"":""claim"",""unit"":""headcount"",""value"":""78.0""}"
"perimeter:keystone_employee_e0026_(st._louis,_sales,_field_inspection)",perimeter,"Keystone employee E0026 (St. Louis, Sales, Field Inspection)","{""id"":""perimeter:keystone_employee_e0026_(st._louis,_sales,_field_inspection)"",""label"":""Keystone employee E0026 (St. Louis, Sales, Field Inspection)"",""type"":""perimeter""}"
claim:0249,claim,,"{""deal"":""keystone"",""derivation"":null,""direction"":""context"",""epistemic"":""observed"",""id"":""claim:0249"",""locator"":""keystone_data_room_extract.md::section:w10750-11000"",""statement"":""Employee E0027 (Richmond, Finance, Permitting & Advisory) has a salary of 91 (currency unit unspecified)."",""type"":""claim"",""unit"":""headcount"",""value"":""91.0""}"
"perimeter:keystone_employee_e0027_(richmond,_finance,_permitting_&_advisory)",perimeter,"Keystone employee E0027 (Richmond, Finance, Permitting & Advisory)","{""id"":""perimeter:keystone_employee_e0027_(richmond,_finance,_permitting_&_advisory)"",""label"":""Keystone employee E0027 (Richmond, Finance, Permitting & Advisory)"",""type"":""perimeter""}"
claim:0250,claim,,"{""deal"":""keystone"",""derivation"":null,""direction"":""context"",""epistemic"":""observed"",""id"":""claim:0250"",""locator"":""keystone_data_room_extract.md::section:w10750-11000"",""statement"":""Employee E0028 (Indianapolis, HR, EHS Compliance) has a salary of 104 (currency unit unspecified)."",""type"":""claim"",""unit"":""headcount"",""value"":""104.0""}"
"perimeter:keystone_employee_e0028_(indianapolis,_hr,_ehs_compliance)",perimeter,"Keystone employee E0028 (Indianapolis, HR, EHS Compliance)","{""id"":""perimeter:keystone_employee_e0028_(indianapolis,_hr,_ehs_compliance)"",""label"":""Keystone employee E0028 (Indianapolis, HR, EHS Compliance)"",""type"":""perimeter""}"
claim:0251,claim,,"{""deal"":""keystone"",""derivation"":null,""direction"":""context"",""epistemic"":""observed"",""id"":""claim:0251"",""locator"":""keystone_data_room_extract.md::section:w10750-11000"",""statement"":""Employee E0029 (Chicago, IT, Industrial Hygiene) has a salary of 117 (currency unit unspecified)."",""type"":""claim"",""unit"":""headcount"",""value"":""117.0""}"
"perimeter:keystone_employee_e0029_(chicago,_it,_industrial_hygiene)",perimeter,"Keystone employee E0029 (Chicago, IT, Industrial Hygiene)","{""id"":""perimeter:keystone_employee_e0029_(chicago,_it,_industrial_hygiene)"",""label"":""Keystone employee E0029 (Chicago, IT, Industrial Hygiene)"",""type"":""perimeter""}"
claim:0252,claim,,"{""deal"":""keystone"",""derivation"":null,""direction"":""context"",""epistemic"":""observed"",""id"":""claim:0252"",""locator"":""keystone_data_room_extract.md::section:w11250-11500"",""statement"":""As of 2018-01-01, Keystone Finance service line Industrial Hygiene discipline in Knoxville location had 111 headcount."",""type"":""claim"",""unit"":""headcount"",""value"":""111.0""}"
period:as_of_2018-01-01,period,as of 2018-01-01,"{""id"":""period:as_of_2018-01-01"",""label"":""as of 2018-01-01"",""type"":""period""}"
claim:0253,claim,,"{""deal"":""keystone"",""derivation"":null,""direction"":""context"",""epistemic"":""observed"",""id"":""claim:0253"",""locator"":""keystone_data_room_extract.md::section:w11250-11500"",""statement"":""As of 2019-02-01, Keystone HR service line Field Inspection discipline in Greenville location had 124 headcount."",""type"":""claim"",""unit"":""headcount"",""value"":""124.0""}"
period:as_of_2019-02-01,period,as of 2019-02-01,"{""id"":""period:as_of_2019-02-01"",""label"":""as of 2019-02-01"",""type"":""period""}"
claim:0254,claim,,"{""deal"":""keystone"",""derivation"":null,""direction"":""context"",""epistemic"":""observed"",""id"":""claim:0254"",""locator"":""keystone_data_room_extract.md::section:w11250-11500"",""statement"":""As of 2020-03-01, Keystone IT service line Permitting & Advisory discipline in Milwaukee location had 137 headcount."",""type"":""claim"",""unit"":""headcount"",""value"":""137.0""}"
period:as_of_2020-03-01,period,as of 2020-03-01,"{""id"":""period:as_of_2020-03-01"",""label"":""as of 2020-03-01"",""type"":""period""}"
claim:0255,claim,,"{""deal"":""keystone"",""derivation"":null,""direction"":""context"",""epistemic"":""observed"",""id"":""claim:0255"",""locator"":""keystone_data_room_extract.md::section:w11250-11500"",""statement"":""As of 2021-04-01, Keystone Technical service line EHS Compliance discipline in St. Louis location had 110 headcount."",""type"":""claim"",""unit"":""headcount"",""value"":""110.0""}"
period:as_of_2021-04-01,period,as of 2021-04-01,"{""id"":""period:as_of_2021-04-01"",""label"":""as of 2021-04-01"",""type"":""period""}"
claim:0256,claim,,"{""deal"":""keystone"",""derivation"":null,""direction"":""context"",""epistemic"":""observed"",""id"":""claim:0256"",""locator"":""keystone_data_room_extract.md::section:w11250-11500"",""statement"":""As of 2022-05-01, Keystone Technical service line Industrial Hygiene discipline in Richmond location had 127 headcount."",""type"":""claim"",""unit"":""headcount"",""value"":""127.0""}"
period:as_of_2022-05-01,period,as of 2022-05-01,"{""id"":""period:as_of_2022-05-01"",""label"":""as of 2022-05-01"",""type"":""period""}"
claim:0257,claim,,"{""deal"":""keystone"",""derivation"":null,""direction"":""context"",""epistemic"":""observed"",""id"":""claim:0257"",""locator"":""keystone_data_room_extract.md::section:w11250-11500"",""statement"":""As of 2023-06-01, Keystone Technical service line Field Inspection discipline in Indianapolis location had 144 headcount."",""type"":""claim"",""unit"":""headcount"",""value"":""144.0""}"
period:as_of_2023-06-01,period,as of 2023-06-01,"{""id"":""period:as_of_2023-06-01"",""label"":""as of 2023-06-01"",""type"":""period""}"
claim:0258,claim,,"{""deal"":""keystone"",""derivation"":null,""direction"":""context"",""epistemic"":""observed"",""id"":""claim:0258"",""locator"":""keystone_data_room_extract.md::section:w11250-11500"",""statement"":""As of 2024-07-01, Keystone Technical service line Permitting & Advisory discipline in Chicago location had 71 headcount."",""type"":""claim"",""unit"":""headcount"",""value"":""71.0""}"
period:as_of_2024-07-01,period,as of 2024-07-01,"{""id"":""period:as_of_2024-07-01"",""label"":""as of 2024-07-01"",""type"":""period""}"
claim:0259,claim,,"{""deal"":""keystone"",""derivation"":null,""direction"":""context"",""epistemic"":""observed"",""id"":""claim:0259"",""locator"":""keystone_data_room_extract.md::section:w11000-11250:HRIS / KS-DL-1.2, row E0030"",""statement"":""Employee E0030 in Detroit, Southeast region, Field Inspection service line has a headcount allocation of 120."",""type"":""claim"",""unit"":""headcount"",""value"":""120.0""}"
"perimeter:keystone_consolidated_headcount_by_employee_record_(e0030,_detroit,_field_inspection)",perimeter,"Keystone consolidated headcount by employee record (E0030, Detroit, Field Inspection)","{""id"":""perimeter:keystone_consolidated_headcount_by_employee_record_(e0030,_detroit,_field_inspection)"",""label"":""Keystone consolidated headcount by employee record (E0030, Detroit, Field Inspection)"",""type"":""perimeter""}"
claim:0260,claim,,"{""deal"":""keystone"",""derivation"":null,""direction"":""context"",""epistemic"":""observed"",""id"":""claim:0260"",""locator"":""keystone_data_room_extract.md::section:w11000-11250:HRIS / KS-DL-1.2, row E0031"",""statement"":""Employee E0031 in Louisville, Midwest region, Permitting & Advisory service line has a headcount allocation of 137."",""type"":""claim"",""unit"":""headcount"",""value"":""137.0""}"
"perimeter:keystone_consolidated_headcount_by_employee_record_(e0031,_louisville,_permitting_&_advisory)",perimeter,"Keystone consolidated headcount by employee record (E0031, Louisville, Permitting & Advisory)","{""id"":""perimeter:keystone_consolidated_headcount_by_employee_record_(e0031,_louisville,_permitting_&_advisory)"",""label"":""Keystone consolidated headcount by employee record (E0031, Louisville, Permitting & Advisory)"",""type"":""perimeter""}"
claim:0261,claim,,"{""deal"":""keystone"",""derivation"":null,""direction"":""context"",""epistemic"":""observed"",""id"":""claim:0261"",""locator"":""keystone_data_room_extract.md::section:w11000-11250:HRIS / KS-DL-1.2, row E0032"",""statement"":""Employee E0032 in Nashville, Midwest region, EHS Compliance service line has a headcount allocation of 64."",""type"":""claim"",""unit"":""headcount"",""value"":""64.0""}"
"perimeter:keystone_consolidated_headcount_by_employee_record_(e0032,_nashville,_ehs_compliance)",perimeter,"Keystone consolidated headcount by employee record (E0032, Nashville, EHS Compliance)","{""id"":""perimeter:keystone_consolidated_headcount_by_employee_record_(e0032,_nashville,_ehs_compliance)"",""label"":""Keystone consolidated headcount by employee record (E0032, Nashville, EHS Compliance)"",""type"":""perimeter""}"
claim:0262,claim,,"{""deal"":""keystone"",""derivation"":null,""direction"":""context"",""epistemic"":""observed"",""id"":""claim:0262"",""locator"":""keystone_data_room_extract.md::section:w11000-11250:HRIS / KS-DL-1.2, row E0033"",""statement"":""Employee E0033 in Raleigh, Southeast region, Industrial Hygiene service line has a headcount allocation of 81."",""type"":""claim"",""unit"":""headcount"",""value"":""81.0""}"
"perimeter:keystone_consolidated_headcount_by_employee_record_(e0033,_raleigh,_industrial_hygiene)",perimeter,"Keystone consolidated headcount by employee record (E0033, Raleigh, Industrial Hygiene)","{""id"":""perimeter:keystone_consolidated_headcount_by_employee_record_(e0033,_raleigh,_industrial_hygiene)"",""label"":""Keystone consolidated headcount by employee record (E0033, Raleigh, Industrial Hygiene)"",""type"":""perimeter""}"
claim:0263,claim,,"{""deal"":""keystone"",""derivation"":null,""direction"":""context"",""epistemic"":""observed"",""id"":""claim:0263"",""locator"":""keystone_data_room_extract.md::section:w11000-11250:HRIS / KS-DL-1.2, row E0034"",""statement"":""Employee E0034 in Charlotte, Midwest region, Field Inspection service line has a headcount allocation of 98."",""type"":""claim"",""unit"":""headcount"",""value"":""98.0""}"
"perimeter:keystone_consolidated_headcount_by_employee_record_(e0034,_charlotte,_field_inspection)",perimeter,"Keystone consolidated headcount by employee record (E0034, Charlotte, Field Inspection)","{""id"":""perimeter:keystone_consolidated_headcount_by_employee_record_(e0034,_charlotte,_field_inspection)"",""label"":""Keystone consolidated headcount by employee record (E0034, Charlotte, Field Inspection)"",""type"":""perimeter""}"
claim:0264,claim,,"{""deal"":""keystone"",""derivation"":null,""direction"":""context"",""epistemic"":""observed"",""id"":""claim:0264"",""locator"":""keystone_data_room_extract.md::section:w11000-11250:HRIS / KS-DL-1.2, row E0035"",""statement"":""Employee E0035 in Cincinnati, Midwest region, Permitting & Advisory service line has a headcount allocation of 85."",""type"":""claim"",""unit"":""headcount"",""value"":""85.0""}"
"perimeter:keystone_consolidated_headcount_by_employee_record_(e0035,_cincinnati,_permitting_&_advisory)",perimeter,"Keystone consolidated headcount by employee record (E0035, Cincinnati, Permitting & Advisory)","{""id"":""perimeter:keystone_consolidated_headcount_by_employee_record_(e0035,_cincinnati,_permitting_&_advisory)"",""label"":""Keystone consolidated headcount by employee record (E0035, Cincinnati, Permitting & Advisory)"",""type"":""perimeter""}"
claim:0265,claim,,"{""deal"":""keystone"",""derivation"":null,""direction"":""context"",""epistemic"":""observed"",""id"":""claim:0265"",""locator"":""keystone_data_room_extract.md::section:w11000-11250:HRIS / KS-DL-1.2, row E0036"",""statement"":""Employee E0036 in Columbus, Southeast region, EHS Compliance service line has a headcount allocation of 98."",""type"":""claim"",""unit"":""headcount"",""value"":""98.0""}"
"perimeter:keystone_consolidated_headcount_by_employee_record_(e0036,_columbus,_ehs_compliance)",perimeter,"Keystone consolidated headcount by employee record (E0036, Columbus, EHS Compliance)","{""id"":""perimeter:keystone_consolidated_headcount_by_employee_record_(e0036,_columbus,_ehs_compliance)"",""label"":""Keystone consolidated headcount by employee record (E0036, Columbus, EHS Compliance)"",""type"":""perimeter""}"
claim:0266,claim,,"{""deal"":""keystone"",""derivation"":null,""direction"":""context"",""epistemic"":""observed"",""id"":""claim:0266"",""locator"":""keystone_data_room_extract.md::section:w11000-11250:HRIS / KS-DL-1.2, row E0030, hire date column"",""statement"":""Employee E0030 was hired on 2023-07-01, indicating tenure from Legacy Alderstone acquisition."",""type"":""claim"",""unit"":"""",""value"":""2023.0""}"
metric:team_tenure,metric,Team Tenure,"{""id"":""metric:team_tenure"",""label"":""Team Tenure"",""type"":""metric""}"
"perimeter:keystone_consolidated_employee_tenure_by_hire_date_(e0030,_detroit,_field_inspection)",perimeter,"Keystone consolidated employee tenure by hire date (E0030, Detroit, Field Inspection)","{""id"":""perimeter:keystone_consolidated_employee_tenure_by_hire_date_(e0030,_detroit,_field_inspection)"",""label"":""Keystone consolidated employee tenure by hire date (E0030, Detroit, Field Inspection)"",""type"":""perimeter""}"
claim:0267,claim,,"{""deal"":""keystone"",""derivation"":null,""direction"":""context"",""epistemic"":""observed"",""id"":""claim:0267"",""locator"":""keystone_data_room_extract.md::section:w11000-11250:HRIS / KS-DL-1.2, row E0031, hire date column"",""statement"":""Employee E0031 was hired on 2024-08-01, indicating tenure from Northstar acquisition."",""type"":""claim"",""unit"":"""",""value"":""2024.0""}"
"perimeter:keystone_consolidated_employee_tenure_by_hire_date_(e0031,_louisville,_permitting_&_advisory)",perimeter,"Keystone consolidated employee tenure by hire date (E0031, Louisville, Permitting & Advisory)","{""id"":""perimeter:keystone_consolidated_employee_tenure_by_hire_date_(e0031,_louisville,_permitting_&_advisory)"",""label"":""Keystone consolidated employee tenure by hire date (E0031, Louisville, Permitting & Advisory)"",""type"":""perimeter""}"
claim:0268,claim,,"{""deal"":""keystone"",""derivation"":null,""direction"":""context"",""epistemic"":""observed"",""id"":""claim:0268"",""locator"":""keystone_data_room_extract.md::section:w11000-11250:HRIS / KS-DL-1.2, row E0033, hire date column"",""statement"":""Employee E0033 was hired on 2015-10-01, indicating long tenure from Meridian acquisition."",""type"":""claim"",""unit"":"""",""value"":""2015.0""}"
"perimeter:keystone_consolidated_employee_tenure_by_hire_date_(e0033,_raleigh,_industrial_hygiene)",perimeter,"Keystone consolidated employee tenure by hire date (E0033, Raleigh, Industrial Hygiene)","{""id"":""perimeter:keystone_consolidated_employee_tenure_by_hire_date_(e0033,_raleigh,_industrial_hygiene)"",""label"":""Keystone consolidated employee tenure by hire date (E0033, Raleigh, Industrial Hygiene)"",""type"":""perimeter""}"
claim:0269,claim,,"{""deal"":""keystone"",""derivation"":null,""direction"":""context"",""epistemic"":""observed"",""id"":""claim:0269"",""locator"":""keystone_data_room_extract.md::section:w11000-11250:HRIS / KS-DL-1.2, row E0034, hire date column"",""statement"":""Employee E0034 was hired on 2016-11-01, indicating long tenure from Summit acquisition."",""type"":""claim"",""unit"":"""",""value"":""2016.0""}"
"perimeter:keystone_consolidated_employee_tenure_by_hire_date_(e0034,_charlotte,_field_inspection)",perimeter,"Keystone consolidated employee tenure by hire date (E0034, Charlotte, Field Inspection)","{""id"":""perimeter:keystone_consolidated_employee_tenure_by_hire_date_(e0034,_charlotte,_field_inspection)"",""label"":""Keystone consolidated employee tenure by hire date (E0034, Charlotte, Field Inspection)"",""type"":""perimeter""}"
claim:0270,claim,,"{""deal"":""keystone"",""derivation"":null,""direction"":""context"",""epistemic"":""observed"",""id"":""claim:0270"",""locator"":""keystone_data_room_extract.md::section:w12250-12500:HRIS data room extract, row E0064"",""statement"":""Employee E0064 in Columbus, Midwest, Project Management / EHS Compliance has a salary of 68 (units unspecified)."",""type"":""claim"",""unit"":""headcount"",""value"":""68.0""}"
"perimeter:keystone_employee_e0064_(columbus,_project_management,_ehs_compliance)",perimeter,"Keystone employee E0064 (Columbus, Project Management, EHS Compliance)","{""id"":""perimeter:keystone_employee_e0064_(columbus,_project_management,_ehs_compliance)"",""label"":""Keystone employee E0064 (Columbus, Project Management, EHS Compliance)"",""type"":""perimeter""}"
claim:0271,claim,,"{""deal"":""keystone"",""derivation"":null,""direction"":""context"",""epistemic"":""observed"",""id"":""claim:0271"",""locator"":""keystone_data_room_extract.md::section:w12250-12500:HRIS data room extract, row E0065"",""statement"":""Employee E0065 in Knoxville, Midwest, Corporate / Industrial Hygiene has a salary of 145 (units unspecified)."",""type"":""claim"",""unit"":""headcount"",""value"":""145.0""}"
"perimeter:keystone_employee_e0065_(knoxville,_corporate,_industrial_hygiene)",perimeter,"Keystone employee E0065 (Knoxville, Corporate, Industrial Hygiene)","{""id"":""perimeter:keystone_employee_e0065_(knoxville,_corporate,_industrial_hygiene)"",""label"":""Keystone employee E0065 (Knoxville, Corporate, Industrial Hygiene)"",""type"":""perimeter""}"
claim:0272,claim,,"{""deal"":""keystone"",""derivation"":null,""direction"":""context"",""epistemic"":""observed"",""id"":""claim:0272"",""locator"":""keystone_data_room_extract.md::section:w12250-12500:HRIS data room extract, row E0066"",""statement"":""Employee E0066 in Greenville, Southeast, Sales / Field Inspection has a salary of 158 (units unspecified)."",""type"":""claim"",""unit"":""headcount"",""value"":""158.0""}"
"perimeter:keystone_employee_e0066_(greenville,_sales,_field_inspection)",perimeter,"Keystone employee E0066 (Greenville, Sales, Field Inspection)","{""id"":""perimeter:keystone_employee_e0066_(greenville,_sales,_field_inspection)"",""label"":""Keystone employee E0066 (Greenville, Sales, Field Inspection)"",""type"":""perimeter""}"
claim:0273,claim,,"{""deal"":""keystone"",""derivation"":null,""direction"":""context"",""epistemic"":""observed"",""id"":""claim:0273"",""locator"":""keystone_data_room_extract.md::section:w12250-12500:HRIS data room extract, row E0067"",""statement"":""Employee E0067 in Milwaukee, Midwest, Finance / Permitting & Advisory has a salary of 171 (units unspecified)."",""type"":""claim"",""unit"":""headcount"",""value"":""171.0""}"
"perimeter:keystone_employee_e0067_(milwaukee,_finance,_permitting_&_advisory)",perimeter,"Keystone employee E0067 (Milwaukee, Finance, Permitting & Advisory)","{""id"":""perimeter:keystone_employee_e0067_(milwaukee,_finance,_permitting_&_advisory)"",""label"":""Keystone employee E0067 (Milwaukee, Finance, Permitting & Advisory)"",""type"":""perimeter""}"
claim:0274,claim,,"{""deal"":""keystone"",""derivation"":null,""direction"":""context"",""epistemic"":""observed"",""id"":""claim:0274"",""locator"":""keystone_data_room_extract.md::section:w12250-12500:HRIS data room extract, row E0068"",""statement"":""Employee E0068 in St. Louis, Midwest, HR / EHS Compliance has a salary of 74 (units unspecified)."",""type"":""claim"",""unit"":""headcount"",""value"":""74.0""}"
"perimeter:keystone_employee_e0068_(st._louis,_hr,_ehs_compliance)",perimeter,"Keystone employee E0068 (St. Louis, HR, EHS Compliance)","{""id"":""perimeter:keystone_employee_e0068_(st._louis,_hr,_ehs_compliance)"",""label"":""Keystone employee E0068 (St. Louis, HR, EHS Compliance)"",""type"":""perimeter""}"
claim:0275,claim,,"{""deal"":""keystone"",""derivation"":null,""direction"":""context"",""epistemic"":""observed"",""id"":""claim:0275"",""locator"":""keystone_data_room_extract.md::section:w12250-12500:HRIS data room extract, row E0069"",""statement"":""Employee E0069 in Richmond, Southeast, IT / Industrial Hygiene has a salary of 87 (units unspecified)."",""type"":""claim"",""unit"":""headcount"",""value"":""87.0""}"
"perimeter:keystone_employee_e0069_(richmond,_it,_industrial_hygiene)",perimeter,"Keystone employee E0069 (Richmond, IT, Industrial Hygiene)","{""id"":""perimeter:keystone_employee_e0069_(richmond,_it,_industrial_hygiene)"",""label"":""Keystone employee E0069 (Richmond, IT, Industrial Hygiene)"",""type"":""perimeter""}"
claim:0276,claim,,"{""deal"":""keystone"",""derivation"":null,""direction"":""context"",""epistemic"":""observed"",""id"":""claim:0276"",""locator"":""keystone_data_room_extract.md::section:w12250-12500:HRIS data room extract, row E0070"",""statement"":""Employee E0070 in Indianapolis, Midwest, Technical / Field Inspection has a salary of 80 (units unspecified)."",""type"":""claim"",""unit"":""headcount"",""value"":""80.0""}"
"perimeter:keystone_employee_e0070_(indianapolis,_technical,_field_inspection)",perimeter,"Keystone employee E0070 (Indianapolis, Technical, Field Inspection)","{""id"":""perimeter:keystone_employee_e0070_(indianapolis,_technical,_field_inspection)"",""label"":""Keystone employee E0070 (Indianapolis, Technical, Field Inspection)"",""type"":""perimeter""}"
claim:0277,claim,,"{""deal"":""keystone"",""derivation"":null,""direction"":""context"",""epistemic"":""observed"",""id"":""claim:0277"",""locator"":""keystone_data_room_extract.md::section:w12000-12250"",""statement"":""Employee E0057 in Chicago Finance department reports headcount allocation of 151."",""type"":""claim"",""unit"":""headcount"",""value"":""151.0""}"
"perimeter:keystone_consolidated_headcount_by_employee_record_(chicago,_finance,_delta)",perimeter,"Keystone consolidated headcount by employee record (Chicago, Finance, Delta)","{""id"":""perimeter:keystone_consolidated_headcount_by_employee_record_(chicago,_finance,_delta)"",""label"":""Keystone consolidated headcount by employee record (Chicago, Finance, Delta)"",""type"":""perimeter""}"
claim:0278,claim,,"{""deal"":""keystone"",""derivation"":null,""direction"":""context"",""epistemic"":""observed"",""id"":""claim:0278"",""locator"":""keystone_data_room_extract.md::section:w12000-12250"",""statement"":""Employee E0058 in Detroit HR department reports headcount allocation of 164."",""type"":""claim"",""unit"":""headcount"",""value"":""164.0""}"
"perimeter:keystone_consolidated_headcount_by_employee_record_(detroit,_hr,_meridian)",perimeter,"Keystone consolidated headcount by employee record (Detroit, HR, Meridian)","{""id"":""perimeter:keystone_consolidated_headcount_by_employee_record_(detroit,_hr,_meridian)"",""label"":""Keystone consolidated headcount by employee record (Detroit, HR, Meridian)"",""type"":""perimeter""}"
claim:0279,claim,,"{""deal"":""keystone"",""derivation"":null,""direction"":""context"",""epistemic"":""observed"",""id"":""claim:0279"",""locator"":""keystone_data_room_extract.md::section:w12000-12250"",""statement"":""Employee E0059 in Louisville IT department reports headcount allocation of 177."",""type"":""claim"",""unit"":""headcount"",""value"":""177.0""}"
"perimeter:keystone_consolidated_headcount_by_employee_record_(louisville,_it,_summit)",perimeter,"Keystone consolidated headcount by employee record (Louisville, IT, Summit)","{""id"":""perimeter:keystone_consolidated_headcount_by_employee_record_(louisville,_it,_summit)"",""label"":""Keystone consolidated headcount by employee record (Louisville, IT, Summit)"",""type"":""perimeter""}"
claim:0280,claim,,"{""deal"":""keystone"",""derivation"":null,""direction"":""context"",""epistemic"":""observed"",""id"":""claim:0280"",""locator"":""keystone_data_room_extract.md::section:w12000-12250"",""statement"":""Employee E0060 in Nashville Technical department reports headcount allocation of 90."",""type"":""claim"",""unit"":""headcount"",""value"":""90.0""}"
"perimeter:keystone_consolidated_headcount_by_employee_record_(nashville,_technical,_legacy_alderstone)",perimeter,"Keystone consolidated headcount by employee record (Nashville, Technical, Legacy Alderstone)","{""id"":""perimeter:keystone_consolidated_headcount_by_employee_record_(nashville,_technical,_legacy_alderstone)"",""label"":""Keystone consolidated headcount by employee record (Nashville, Technical, Legacy Alderstone)"",""type"":""perimeter""}"
claim:0281,claim,,"{""deal"":""keystone"",""derivation"":null,""direction"":""context"",""epistemic"":""observed"",""id"":""claim:0281"",""locator"":""keystone_data_room_extract.md::section:w12000-12250"",""statement"":""Employee E0061 in Raleigh Technical department reports headcount allocation of 107."",""type"":""claim"",""unit"":""headcount"",""value"":""107.0""}"
"perimeter:keystone_consolidated_headcount_by_employee_record_(raleigh,_technical,_northstar)",perimeter,"Keystone consolidated headcount by employee record (Raleigh, Technical, Northstar)","{""id"":""perimeter:keystone_consolidated_headcount_by_employee_record_(raleigh,_technical,_northstar)"",""label"":""Keystone consolidated headcount by employee record (Raleigh, Technical, Northstar)"",""type"":""perimeter""}"
claim:0282,claim,,"{""deal"":""keystone"",""derivation"":null,""direction"":""context"",""epistemic"":""observed"",""id"":""claim:0282"",""locator"":""keystone_data_room_extract.md::section:w12000-12250"",""statement"":""Employee E0062 in Charlotte Technical department reports headcount allocation of 124."",""type"":""claim"",""unit"":""headcount"",""value"":""124.0""}"
"perimeter:keystone_consolidated_headcount_by_employee_record_(charlotte,_technical,_delta)",perimeter,"Keystone consolidated headcount by employee record (Charlotte, Technical, Delta)","{""id"":""perimeter:keystone_consolidated_headcount_by_employee_record_(charlotte,_technical,_delta)"",""label"":""Keystone consolidated headcount by employee record (Charlotte, Technical, Delta)"",""type"":""perimeter""}"
claim:0283,claim,,"{""deal"":""keystone"",""derivation"":null,""direction"":""context"",""epistemic"":""observed"",""id"":""claim:0283"",""locator"":""keystone_data_room_extract.md::section:w12000-12250"",""statement"":""Employee E0063 in Cincinnati Technical department reports headcount allocation of 141."",""type"":""claim"",""unit"":""headcount"",""value"":""141.0""}"
"perimeter:keystone_consolidated_headcount_by_employee_record_(cincinnati,_technical,_meridian)",perimeter,"Keystone consolidated headcount by employee record (Cincinnati, Technical, Meridian)","{""id"":""perimeter:keystone_consolidated_headcount_by_employee_record_(cincinnati,_technical,_meridian)"",""label"":""Keystone consolidated headcount by employee record (Cincinnati, Technical, Meridian)"",""type"":""perimeter""}"
claim:0284,claim,,"{""deal"":""keystone"",""derivation"":null,""direction"":""context"",""epistemic"":""observed"",""id"":""claim:0284"",""locator"":""keystone_data_room_extract.md::section:w11750-12000"",""statement"":""Employee E0051 in Inspection service line at Knoxville location has headcount allocation of 100."",""type"":""claim"",""unit"":""headcount"",""value"":""100.0""}"
perimeter:keystone_consolidated_headcount_by_employee_record_e0051,perimeter,Keystone consolidated headcount by employee record E0051,"{""id"":""perimeter:keystone_consolidated_headcount_by_employee_record_e0051"",""label"":""Keystone consolidated headcount by employee record E0051"",""type"":""perimeter""}"
claim:0285,claim,,"{""deal"":""keystone"",""derivation"":null,""direction"":""context"",""epistemic"":""observed"",""id"":""claim:0285"",""locator"":""keystone_data_room_extract.md::section:w11750-12000"",""statement"":""Employee E0052 in Permitting & Advisory service line at Knoxville location has headcount allocation of 117."",""type"":""claim"",""unit"":""headcount"",""value"":""117.0""}"
perimeter:keystone_consolidated_headcount_by_employee_record_e0052,perimeter,Keystone consolidated headcount by employee record E0052,"{""id"":""perimeter:keystone_consolidated_headcount_by_employee_record_e0052"",""label"":""Keystone consolidated headcount by employee record E0052"",""type"":""perimeter""}"
claim:0286,claim,,"{""deal"":""keystone"",""derivation"":null,""direction"":""context"",""epistemic"":""observed"",""id"":""claim:0286"",""locator"":""keystone_data_room_extract.md::section:w11750-12000"",""statement"":""Employee E0053 in EHS Compliance service line at Greenville location has headcount allocation of 134."",""type"":""claim"",""unit"":""headcount"",""value"":""134.0""}"
perimeter:keystone_consolidated_headcount_by_employee_record_e0053,perimeter,Keystone consolidated headcount by employee record E0053,"{""id"":""perimeter:keystone_consolidated_headcount_by_employee_record_e0053"",""label"":""Keystone consolidated headcount by employee record E0053"",""type"":""perimeter""}"
claim:0287,claim,,"{""deal"":""keystone"",""derivation"":null,""direction"":""context"",""epistemic"":""observed"",""id"":""claim:0287"",""locator"":""keystone_data_room_extract.md::section:w11750-12000"",""statement"":""Employee E0054 in Industrial Hygiene service line at Milwaukee location has headcount allocation of 61."",""type"":""claim"",""unit"":""headcount"",""value"":""61.0""}"
perimeter:keystone_consolidated_headcount_by_employee_record_e0054,perimeter,Keystone consolidated headcount by employee record E0054,"{""id"":""perimeter:keystone_consolidated_headcount_by_employee_record_e0054"",""label"":""Keystone consolidated headcount by employee record E0054"",""type"":""perimeter""}"
claim:0288,claim,,"{""deal"":""keystone"",""derivation"":null,""direction"":""context"",""epistemic"":""observed"",""id"":""claim:0288"",""locator"":""keystone_data_room_extract.md::section:w11750-12000"",""statement"":""Employee E0055 in Field Inspection service line at St. Louis location has headcount allocation of 78."",""type"":""claim"",""unit"":""headcount"",""value"":""78.0""}"
perimeter:keystone_consolidated_headcount_by_employee_record_e0055,perimeter,Keystone consolidated headcount by employee record E0055,"{""id"":""perimeter:keystone_consolidated_headcount_by_employee_record_e0055"",""label"":""Keystone consolidated headcount by employee record E0055"",""type"":""perimeter""}"
claim:0289,claim,,"{""deal"":""keystone"",""derivation"":null,""direction"":""context"",""epistemic"":""observed"",""id"":""claim:0289"",""locator"":""keystone_data_room_extract.md::section:w11750-12000"",""statement"":""Employee E0056 in Permitting & Advisory service line at Richmond location has headcount allocation of 125."",""type"":""claim"",""unit"":""headcount"",""value"":""125.0""}"
perimeter:keystone_consolidated_headcount_by_employee_record_e0056,perimeter,Keystone consolidated headcount by employee record E0056,"{""id"":""perimeter:keystone_consolidated_headcount_by_employee_record_e0056"",""label"":""Keystone consolidated headcount by employee record E0056"",""type"":""perimeter""}"
claim:0290,claim,,"{""deal"":""keystone"",""derivation"":null,""direction"":""context"",""epistemic"":""observed"",""id"":""claim:0290"",""locator"":""keystone_data_room_extract.md::section:w11750-12000"",""statement"":""Employee E0057 in EHS Compliance service line at Indianapolis location has headcount allocation of 138."",""type"":""claim"",""unit"":""headcount"",""value"":""138.0""}"
perimeter:keystone_consolidated_headcount_by_employee_record_e0057,perimeter,Keystone consolidated headcount by employee record E0057,"{""id"":""perimeter:keystone_consolidated_headcount_by_employee_record_e0057"",""label"":""Keystone consolidated headcount by employee record E0057"",""type"":""perimeter""}"
claim:0291,claim,,"{""deal"":""keystone"",""derivation"":null,""direction"":""context"",""epistemic"":""observed"",""id"":""claim:0291"",""locator"":""keystone_data_room_extract.md::section:w11750-12000"",""statement"":""Employee E0051 was hired on 2021-03-01."",""type"":""claim"",""unit"":"""",""value"":""2021.0""}"
perimeter:keystone_consolidated_employee_tenure_by_record_e0051,perimeter,Keystone consolidated employee tenure by record E0051,"{""id"":""perimeter:keystone_consolidated_employee_tenure_by_record_e0051"",""label"":""Keystone consolidated employee tenure by record E0051"",""type"":""perimeter""}"
claim:0292,claim,,"{""deal"":""keystone"",""derivation"":null,""direction"":""context"",""epistemic"":""observed"",""id"":""claim:0292"",""locator"":""keystone_data_room_extract.md::section:w11750-12000"",""statement"":""Employee E0052 was hired on 2022-04-01."",""type"":""claim"",""unit"":"""",""value"":""2022.0""}"
perimeter:keystone_consolidated_employee_tenure_by_record_e0052,perimeter,Keystone consolidated employee tenure by record E0052,"{""id"":""perimeter:keystone_consolidated_employee_tenure_by_record_e0052"",""label"":""Keystone consolidated employee tenure by record E0052"",""type"":""perimeter""}"
claim:0293,claim,,"{""deal"":""keystone"",""derivation"":null,""direction"":""context"",""epistemic"":""observed"",""id"":""claim:0293"",""locator"":""keystone_data_room_extract.md::section:w11750-12000"",""statement"":""Employee E0053 was hired on 2023-05-01."",""type"":""claim"",""unit"":"""",""value"":""2023.0""}"
perimeter:keystone_consolidated_employee_tenure_by_record_e0053,perimeter,Keystone consolidated employee tenure by record E0053,"{""id"":""perimeter:keystone_consolidated_employee_tenure_by_record_e0053"",""label"":""Keystone consolidated employee tenure by record E0053"",""type"":""perimeter""}"
claim:0294,claim,,"{""deal"":""keystone"",""derivation"":null,""direction"":""context"",""epistemic"":""observed"",""id"":""claim:0294"",""locator"":""keystone_data_room_extract.md::section:w11750-12000"",""statement"":""Employee E0054 was hired on 2024-06-01."",""type"":""claim"",""unit"":"""",""value"":""2024.0""}"
perimeter:keystone_consolidated_employee_tenure_by_record_e0054,perimeter,Keystone consolidated employee tenure by record E0054,"{""id"":""perimeter:keystone_consolidated_employee_tenure_by_record_e0054"",""label"":""Keystone consolidated employee tenure by record E0054"",""type"":""perimeter""}"
claim:0295,claim,,"{""deal"":""keystone"",""derivation"":null,""direction"":""context"",""epistemic"":""observed"",""id"":""claim:0295"",""locator"":""keystone_data_room_extract.md::section:w11750-12000"",""statement"":""Employee E0055 was hired on 2025-07-01."",""type"":""claim"",""unit"":"""",""value"":""2025.0""}"
perimeter:keystone_consolidated_employee_tenure_by_record_e0055,perimeter,Keystone consolidated employee tenure by record E0055,"{""id"":""perimeter:keystone_consolidated_employee_tenure_by_record_e0055"",""label"":""Keystone consolidated employee tenure by record E0055"",""type"":""perimeter""}"
claim:0296,claim,,"{""deal"":""keystone"",""derivation"":null,""direction"":""context"",""epistemic"":""observed"",""id"":""claim:0296"",""locator"":""keystone_data_room_extract.md::section:w11750-12000"",""statement"":""Employee E0056 was hired on 2015-08-01."",""type"":""claim"",""unit"":"""",""value"":""2015.0""}"
perimeter:keystone_consolidated_employee_tenure_by_record_e0056,perimeter,Keystone consolidated employee tenure by record E0056,"{""id"":""perimeter:keystone_consolidated_employee_tenure_by_record_e0056"",""label"":""Keystone consolidated employee tenure by record E0056"",""type"":""perimeter""}"
claim:0297,claim,,"{""deal"":""keystone"",""derivation"":null,""direction"":""context"",""epistemic"":""observed"",""id"":""claim:0297"",""locator"":""keystone_data_room_extract.md::section:w11750-12000"",""statement"":""Employee E0057 was hired on 2016-09-01."",""type"":""claim"",""unit"":"""",""value"":""2016.0""}"
perimeter:keystone_consolidated_employee_tenure_by_record_e0057,perimeter,Keystone consolidated employee tenure by record E0057,"{""id"":""perimeter:keystone_consolidated_employee_tenure_by_record_e0057"",""label"":""Keystone consolidated employee tenure by record E0057"",""type"":""perimeter""}"
claim:0298,claim,,"{""deal"":""keystone"",""derivation"":null,""direction"":""context"",""epistemic"":""observed"",""id"":""claim:0298"",""locator"":""keystone_data_room_extract.md::section:w12500-12750"",""statement"":""Keystone HRIS extract shows 7 active staff and manager records (E0071–E0077) as of 2025-11-15."",""type"":""claim"",""unit"":""headcount"",""value"":""7.0""}"
perimeter:keystone_consolidated_active_staff_and_manager_headcount_from_hris_extract,perimeter,Keystone consolidated active staff and manager headcount from HRIS extract,"{""id"":""perimeter:keystone_consolidated_active_staff_and_manager_headcount_from_hris_extract"",""label"":""Keystone consolidated active staff and manager headcount from HRIS extract"",""type"":""perimeter""}"
claim:0299,claim,,"{""deal"":""keystone"",""derivation"":null,""direction"":""supports"",""epistemic"":""observed"",""id"":""claim:0299"",""locator"":""keystone_data_room_extract.md::section:w12500-12750"",""statement"":""The earliest hire date among active Keystone staff is 2020-12-01 (employee E0071, Chicago, Northstar)."",""type"":""claim"",""unit"":"""",""value"":""2020.0""}"
perimeter:keystone_earliest_hire_date_from_active_hris_records,perimeter,Keystone earliest hire date from active HRIS records,"{""id"":""perimeter:keystone_earliest_hire_date_from_active_hris_records"",""label"":""Keystone earliest hire date from active HRIS records"",""type"":""perimeter""}"
claim:0300,claim,,"{""deal"":""keystone"",""derivation"":null,""direction"":""context"",""epistemic"":""observed"",""id"":""claim:0300"",""locator"":""keystone_data_room_extract.md::section:w12500-12750"",""statement"":""The most recent hire date among active Keystone staff is 2025-05-01 (employee E0076, Charlotte, Northstar)."",""type"":""claim"",""unit"":"""",""value"":""2025.0""}"
perimeter:keystone_most_recent_hire_date_from_active_hris_records,perimeter,Keystone most recent hire date from active HRIS records,"{""id"":""perimeter:keystone_most_recent_hire_date_from_active_hris_records"",""label"":""Keystone most recent hire date from active HRIS records"",""type"":""perimeter""}"
claim:0301,claim,,"{""deal"":""keystone"",""derivation"":null,""direction"":""context"",""epistemic"":""observed"",""id"":""claim:0301"",""locator"":""keystone_data_room_extract.md::section:w12750-13000"",""statement"":""Employee E0078 in Field Inspection service line at Columbus location (Southeast region, HR department) shows headcount of 94 as of 2015-06-01."",""type"":""claim"",""unit"":""headcount"",""value"":""94.0""}"
period:as_of_2015-06-01,period,as of 2015-06-01,"{""id"":""period:as_of_2015-06-01"",""label"":""as of 2015-06-01"",""type"":""period""}"
claim:0302,claim,,"{""deal"":""keystone"",""derivation"":null,""direction"":""context"",""epistemic"":""observed"",""id"":""claim:0302"",""locator"":""keystone_data_room_extract.md::section:w12750-13000"",""statement"":""Employee E0079 in Permitting & Advisory service line at Knoxville location (Midwest region, IT department) shows headcount of 107 as of 2016-07-01."",""type"":""claim"",""unit"":""headcount"",""value"":""107.0""}"
period:as_of_2016-07-01,period,as of 2016-07-01,"{""id"":""period:as_of_2016-07-01"",""label"":""as of 2016-07-01"",""type"":""period""}"
claim:0303,claim,,"{""deal"":""keystone"",""derivation"":null,""direction"":""context"",""epistemic"":""observed"",""id"":""claim:0303"",""locator"":""keystone_data_room_extract.md::section:w12750-13000"",""statement"":""Employee E0080 in EHS Compliance service line at Greenville location (Midwest region, Technical department) shows headcount of 70 as of 2017-08-01."",""type"":""claim"",""unit"":""headcount"",""value"":""70.0""}"
period:as_of_2017-08-01,period,as of 2017-08-01,"{""id"":""period:as_of_2017-08-01"",""label"":""as of 2017-08-01"",""type"":""period""}"
claim:0304,claim,,"{""deal"":""keystone"",""derivation"":null,""direction"":""context"",""epistemic"":""observed"",""id"":""claim:0304"",""locator"":""keystone_data_room_extract.md::section:w12750-13000"",""statement"":""Employee E0081 in Industrial Hygiene service line at Milwaukee location (Southeast region, Technical department) shows headcount of 87 as of 2018-09-01."",""type"":""claim"",""unit"":""headcount"",""value"":""87.0""}"
period:as_of_2018-09-01,period,as of 2018-09-01,"{""id"":""period:as_of_2018-09-01"",""label"":""as of 2018-09-01"",""type"":""period""}"
claim:0305,claim,,"{""deal"":""keystone"",""derivation"":null,""direction"":""context"",""epistemic"":""observed"",""id"":""claim:0305"",""locator"":""keystone_data_room_extract.md::section:w12750-13000"",""statement"":""Employee E0082 in Field Inspection service line at St. Louis location (Midwest region, Technical department) shows headcount of 104 as of 2019-10-01."",""type"":""claim"",""unit"":""headcount"",""value"":""104.0""}"
period:as_of_2019-10-01,period,as of 2019-10-01,"{""id"":""period:as_of_2019-10-01"",""label"":""as of 2019-10-01"",""type"":""period""}"
claim:0306,claim,,"{""deal"":""keystone"",""derivation"":null,""direction"":""context"",""epistemic"":""observed"",""id"":""claim:0306"",""locator"":""keystone_data_room_extract.md::section:w12750-13000"",""statement"":""Employee E0083 in Permitting & Advisory service line at Richmond location (Midwest region, Technical department) shows headcount of 121 as of 2020-11-01."",""type"":""claim"",""unit"":""headcount"",""value"":""121.0""}"
period:as_of_2020-11-01,period,as of 2020-11-01,"{""id"":""period:as_of_2020-11-01"",""label"":""as of 2020-11-01"",""type"":""period""}"
claim:0307,claim,,"{""deal"":""keystone"",""derivation"":null,""direction"":""context"",""epistemic"":""observed"",""id"":""claim:0307"",""locator"":""keystone_data_room_extract.md::section:w13250-13500"",""statement"":""Keystone Permitting & Advisory service line has 77 headcount as of 2025-11-15."",""type"":""claim"",""unit"":""headcount"",""value"":""77.0""}"
perimeter:keystone_permitting_&_advisory_service_line_headcount,perimeter,Keystone Permitting & Advisory service line headcount,"{""id"":""perimeter:keystone_permitting_&_advisory_service_line_headcount"",""label"":""Keystone Permitting & Advisory service line headcount"",""type"":""perimeter""}"
claim:0308,claim,,"{""deal"":""keystone"",""derivation"":null,""direction"":""context"",""epistemic"":""observed"",""id"":""claim:0308"",""locator"":""keystone_data_room_extract.md::section:w13250-13500"",""statement"":""Keystone EHS Compliance service line has 94 headcount as of 2025-11-15."",""type"":""claim"",""unit"":""headcount"",""value"":""94.0""}"
perimeter:keystone_ehs_compliance_service_line_headcount,perimeter,Keystone EHS Compliance service line headcount,"{""id"":""perimeter:keystone_ehs_compliance_service_line_headcount"",""label"":""Keystone EHS Compliance service line headcount"",""type"":""perimeter""}"
claim:0309,claim,,"{""deal"":""keystone"",""derivation"":null,""direction"":""context"",""epistemic"":""observed"",""id"":""claim:0309"",""locator"":""keystone_data_room_extract.md::section:w13250-13500"",""statement"":""Keystone Industrial Hygiene service line has 111 headcount as of 2025-11-15."",""type"":""claim"",""unit"":""headcount"",""value"":""111.0""}"
perimeter:keystone_industrial_hygiene_service_line_headcount,perimeter,Keystone Industrial Hygiene service line headcount,"{""id"":""perimeter:keystone_industrial_hygiene_service_line_headcount"",""label"":""Keystone Industrial Hygiene service line headcount"",""type"":""perimeter""}"
claim:0310,claim,,"{""deal"":""keystone"",""derivation"":null,""direction"":""context"",""epistemic"":""observed"",""id"":""claim:0310"",""locator"":""keystone_data_room_extract.md::section:w13250-13500"",""statement"":""Keystone Field Inspection service line has 128 headcount as of 2025-11-15."",""type"":""claim"",""unit"":""headcount"",""value"":""128.0""}"
perimeter:keystone_field_inspection_service_line_headcount,perimeter,Keystone Field Inspection service line headcount,"{""id"":""perimeter:keystone_field_inspection_service_line_headcount"",""label"":""Keystone Field Inspection service line headcount"",""type"":""perimeter""}"
claim:0311,claim,,"{""deal"":""keystone"",""derivation"":null,""direction"":""context"",""epistemic"":""observed"",""id"":""claim:0311"",""locator"":""keystone_data_room_extract.md::section:w13250-13500"",""statement"":""Keystone Permitting & Advisory corporate function has 95 headcount as of 2025-11-15."",""type"":""claim"",""unit"":""headcount"",""value"":""95.0""}"
perimeter:keystone_permitting_&_advisory_corporate_function_headcount,perimeter,Keystone Permitting & Advisory corporate function headcount,"{""id"":""perimeter:keystone_permitting_&_advisory_corporate_function_headcount"",""label"":""Keystone Permitting & Advisory corporate function headcount"",""type"":""perimeter""}"
claim:0312,claim,,"{""deal"":""keystone"",""derivation"":null,""direction"":""context"",""epistemic"":""observed"",""id"":""claim:0312"",""locator"":""keystone_data_room_extract.md::section:w13250-13500"",""statement"":""Keystone EHS Compliance sales function has 108 headcount as of 2025-11-15."",""type"":""claim"",""unit"":""headcount"",""value"":""108.0""}"
perimeter:keystone_ehs_compliance_sales_function_headcount,perimeter,Keystone EHS Compliance sales function headcount,"{""id"":""perimeter:keystone_ehs_compliance_sales_function_headcount"",""label"":""Keystone EHS Compliance sales function headcount"",""type"":""perimeter""}"
claim:0313,claim,,"{""deal"":""keystone"",""derivation"":null,""direction"":""context"",""epistemic"":""observed"",""id"":""claim:0313"",""locator"":""keystone_data_room_extract.md::section:w13250-13500"",""statement"":""Keystone Industrial Hygiene finance function has 121 headcount as of 2025-11-15."",""type"":""claim"",""unit"":""headcount"",""value"":""121.0""}"
perimeter:keystone_industrial_hygiene_finance_function_headcount,perimeter,Keystone Industrial Hygiene finance function headcount,"{""id"":""perimeter:keystone_industrial_hygiene_finance_function_headcount"",""label"":""Keystone Industrial Hygiene finance function headcount"",""type"":""perimeter""}"
claim:0314,claim,,"{""deal"":""keystone"",""derivation"":null,""direction"":""context"",""epistemic"":""observed"",""id"":""claim:0314"",""locator"":""keystone_data_room_extract.md::section:w13500-13750"",""statement"":""Employee E0098 in Indianapolis, Midwest region, Field Inspection service line has a headcount allocation of 134."",""type"":""claim"",""unit"":""headcount"",""value"":""134.0""}"
"perimeter:keystone_employee_e0098_(indianapolis,_field_inspection)",perimeter,"Keystone employee E0098 (Indianapolis, Field Inspection)","{""id"":""perimeter:keystone_employee_e0098_(indianapolis,_field_inspection)"",""label"":""Keystone employee E0098 (Indianapolis, Field Inspection)"",""type"":""perimeter""}"
claim:0315,claim,,"{""deal"":""keystone"",""derivation"":null,""direction"":""context"",""epistemic"":""observed"",""id"":""claim:0315"",""locator"":""keystone_data_room_extract.md::section:w13500-13750"",""statement"":""Employee E0099 in Chicago, Southeast region, Permitting & Advisory service line has a headcount allocation of 147."",""type"":""claim"",""unit"":""headcount"",""value"":""147.0""}"
"perimeter:keystone_employee_e0099_(chicago,_permitting_&_advisory)",perimeter,"Keystone employee E0099 (Chicago, Permitting & Advisory)","{""id"":""perimeter:keystone_employee_e0099_(chicago,_permitting_&_advisory)"",""label"":""Keystone employee E0099 (Chicago, Permitting & Advisory)"",""type"":""perimeter""}"
claim:0316,claim,,"{""deal"":""keystone"",""derivation"":null,""direction"":""context"",""epistemic"":""observed"",""id"":""claim:0316"",""locator"":""keystone_data_room_extract.md::section:w13500-13750"",""statement"":""Employee E0100 in Detroit, Midwest region, EHS Compliance service line has a headcount allocation of 140."",""type"":""claim"",""unit"":""headcount"",""value"":""140.0""}"
"perimeter:keystone_employee_e0100_(detroit,_ehs_compliance)",perimeter,"Keystone employee E0100 (Detroit, EHS Compliance)","{""id"":""perimeter:keystone_employee_e0100_(detroit,_ehs_compliance)"",""label"":""Keystone employee E0100 (Detroit, EHS Compliance)"",""type"":""perimeter""}"
claim:0317,claim,,"{""deal"":""keystone"",""derivation"":null,""direction"":""context"",""epistemic"":""observed"",""id"":""claim:0317"",""locator"":""keystone_data_room_extract.md::section:w13500-13750"",""statement"":""Employee E0101 in Louisville, Midwest region, Industrial Hygiene service line has a headcount allocation of 67."",""type"":""claim"",""unit"":""headcount"",""value"":""67.0""}"
"perimeter:keystone_employee_e0101_(louisville,_industrial_hygiene)",perimeter,"Keystone employee E0101 (Louisville, Industrial Hygiene)","{""id"":""perimeter:keystone_employee_e0101_(louisville,_industrial_hygiene)"",""label"":""Keystone employee E0101 (Louisville, Industrial Hygiene)"",""type"":""perimeter""}"
claim:0318,claim,,"{""deal"":""keystone"",""derivation"":null,""direction"":""context"",""epistemic"":""observed"",""id"":""claim:0318"",""locator"":""keystone_data_room_extract.md::section:w13500-13750"",""statement"":""Employee E0102 in Nashville, Southeast region, Field Inspection service line has a headcount allocation of 84."",""type"":""claim"",""unit"":""headcount"",""value"":""84.0""}"
"perimeter:keystone_employee_e0102_(nashville,_field_inspection)",perimeter,"Keystone employee E0102 (Nashville, Field Inspection)","{""id"":""perimeter:keystone_employee_e0102_(nashville,_field_inspection)"",""label"":""Keystone employee E0102 (Nashville, Field Inspection)"",""type"":""perimeter""}"
claim:0319,claim,,"{""deal"":""keystone"",""derivation"":null,""direction"":""context"",""epistemic"":""observed"",""id"":""claim:0319"",""locator"":""keystone_data_room_extract.md::section:w13500-13750"",""statement"":""Employee E0103 in Raleigh, Midwest region, Permitting & Advisory service line has a headcount allocation of 101."",""type"":""claim"",""unit"":""headcount"",""value"":""101.0""}"
"perimeter:keystone_employee_e0103_(raleigh,_permitting_&_advisory)",perimeter,"Keystone employee E0103 (Raleigh, Permitting & Advisory)","{""id"":""perimeter:keystone_employee_e0103_(raleigh,_permitting_&_advisory)"",""label"":""Keystone employee E0103 (Raleigh, Permitting & Advisory)"",""type"":""perimeter""}"
claim:0320,claim,,"{""deal"":""keystone"",""derivation"":null,""direction"":""context"",""epistemic"":""observed"",""id"":""claim:0320"",""locator"":""keystone_data_room_extract.md::section:w13500-13750"",""statement"":""Employee E0104 in Charlotte, Midwest region, EHS Compliance service line has a headcount allocation of 118."",""type"":""claim"",""unit"":""headcount"",""value"":""118.0""}"
"perimeter:keystone_employee_e0104_(charlotte,_ehs_compliance)",perimeter,"Keystone employee E0104 (Charlotte, EHS Compliance)","{""id"":""perimeter:keystone_employee_e0104_(charlotte,_ehs_compliance)"",""label"":""Keystone employee E0104 (Charlotte, EHS Compliance)"",""type"":""perimeter""}"
claim:0321,claim,,"{""deal"":""keystone"",""derivation"":null,""direction"":""context"",""epistemic"":""observed"",""id"":""claim:0321"",""locator"":""keystone_data_room_extract.md::section:w14000-14250"",""statement"":""Keystone HRIS records show 8 active staff employees as of 2025-11-15, spanning technical, project management, corporate, sales, finance and HR functions across multiple regions."",""type"":""claim"",""unit"":""headcount"",""value"":""8.0""}"
claim:0322,claim,,"{""deal"":""keystone"",""derivation"":null,""direction"":""supports"",""epistemic"":""observed"",""id"":""claim:0322"",""locator"":""keystone_data_room_extract.md::section:w14000-14250"",""statement"":""The earliest employee start date in the Keystone HRIS roster is 2017-05-01 (Northstar, Indianapolis, EHS Compliance), indicating team tenure extending back approximately 8 years."",""type"":""claim"",""unit"":"""",""value"":""2017.0""}"
period:earliest_hire_date,period,earliest hire date,"{""id"":""period:earliest_hire_date"",""label"":""earliest hire date"",""type"":""period""}"
perimeter:keystone_consolidated_team_tenure_by_earliest_employee_start_date,perimeter,Keystone consolidated team tenure by earliest employee start date,"{""id"":""perimeter:keystone_consolidated_team_tenure_by_earliest_employee_start_date"",""label"":""Keystone consolidated team tenure by earliest employee start date"",""type"":""perimeter""}"
claim:0323,claim,,"{""deal"":""keystone"",""derivation"":null,""direction"":""context"",""epistemic"":""observed"",""id"":""claim:0323"",""locator"":""keystone_data_room_extract.md::section:w14000-14250"",""statement"":""The most recent employee start date in the Keystone HRIS roster is 2022-10-01 (Charlotte, HR, Field Inspection), indicating ongoing team expansion."",""type"":""claim"",""unit"":"""",""value"":""2022.0""}"
period:most_recent_hire_date,period,most recent hire date,"{""id"":""period:most_recent_hire_date"",""label"":""most recent hire date"",""type"":""period""}"
perimeter:keystone_consolidated_team_tenure_by_most_recent_employee_start_date,perimeter,Keystone consolidated team tenure by most recent employee start date,"{""id"":""perimeter:keystone_consolidated_team_tenure_by_most_recent_employee_start_date"",""label"":""Keystone consolidated team tenure by most recent employee start date"",""type"":""perimeter""}"
claim:0324,claim,,"{""deal"":""keystone"",""derivation"":null,""direction"":""context"",""epistemic"":""observed"",""id"":""claim:0324"",""locator"":""keystone_data_room_extract.md::section:w13750-14000:HRIS / KS-DL-1.2 table, row E0105"",""statement"":""One active staff member (E0105) in Industrial Hygiene service line, Cincinnati, Corporate department, hired 2021-10-01, from Legacy Alderstone acquisition."",""type"":""claim"",""unit"":""headcount"",""value"":""1.0""}"
claim:0325,claim,,"{""deal"":""keystone"",""derivation"":null,""direction"":""context"",""epistemic"":""observed"",""id"":""claim:0325"",""locator"":""keystone_data_room_extract.md::section:w13750-14000:HRIS / KS-DL-1.2 table, row E0106"",""statement"":""One active staff member (E0106) in Field Inspection service line, Columbus, Sales department, hired 2022-11-01, from Northstar acquisition."",""type"":""claim"",""unit"":""headcount"",""value"":""1.0""}"
claim:0326,claim,,"{""deal"":""keystone"",""derivation"":null,""direction"":""context"",""epistemic"":""observed"",""id"":""claim:0326"",""locator"":""keystone_data_room_extract.md::section:w13750-14000:HRIS / KS-DL-1.2 table, row E0107"",""statement"":""One active staff member (E0107) in Permitting & Advisory service line, Knoxville, Finance department, hired 2023-12-01, from Delta acquisition."",""type"":""claim"",""unit"":""headcount"",""value"":""1.0""}"
claim:0327,claim,,"{""deal"":""keystone"",""derivation"":null,""direction"":""context"",""epistemic"":""observed"",""id"":""claim:0327"",""locator"":""keystone_data_room_extract.md::section:w13750-14000:HRIS / KS-DL-1.2 table, row E0108"",""statement"":""One active manager (E0108) in EHS Compliance service line, Greenville, HR department, hired 2024-01-01, from Meridian acquisition."",""type"":""claim"",""unit"":""headcount"",""value"":""1.0""}"
claim:0328,claim,,"{""deal"":""keystone"",""derivation"":null,""direction"":""context"",""epistemic"":""observed"",""id"":""claim:0328"",""locator"":""keystone_data_room_extract.md::section:w13750-14000:HRIS / KS-DL-1.2 table, row E0109"",""statement"":""One active staff member (E0109) in Industrial Hygiene service line, Milwaukee, IT department, hired 2025-02-01, from Summit acquisition."",""type"":""claim"",""unit"":""headcount"",""value"":""1.0""}"
claim:0329,claim,,"{""deal"":""keystone"",""derivation"":null,""direction"":""supports"",""epistemic"":""observed"",""id"":""claim:0329"",""locator"":""keystone_data_room_extract.md::section:w13750-14000:HRIS / KS-DL-1.2 table, row E0110"",""statement"":""Employee E0110 in Field Inspection, St. Louis, Technical department, has tenure of approximately 10.08 years (hired 2015-03-01), from Legacy Alderstone."",""type"":""claim"",""unit"":""years"",""value"":""10.08""}"
perimeter:keystone_consolidated_employee_tenure_by_individual_record,perimeter,Keystone consolidated employee tenure by individual record,"{""id"":""perimeter:keystone_consolidated_employee_tenure_by_individual_record"",""label"":""Keystone consolidated employee tenure by individual record"",""type"":""perimeter""}"
claim:0330,claim,,"{""deal"":""keystone"",""derivation"":null,""direction"":""supports"",""epistemic"":""observed"",""id"":""claim:0330"",""locator"":""keystone_data_room_extract.md::section:w13750-14000:HRIS / KS-DL-1.2 table, row E0111"",""statement"":""Employee E0111 in Permitting & Advisory, Richmond, Technical department, has tenure of approximately 9.17 years (hired 2016-04-01)."",""type"":""claim"",""unit"":""years"",""value"":""9.17""}"
claim:0331,claim,,"{""deal"":""keystone"",""derivation"":null,""direction"":""context"",""epistemic"":""observed"",""id"":""claim:0331"",""locator"":""keystone_data_room_extract.md::section:w14250-14500"",""statement"":""Keystone headcount includes 8 active employees across IT, Technical, and Project Management functions as of 2025-11-15, sourced from HRIS system."",""type"":""claim"",""unit"":""headcount"",""value"":""8.0""}"
claim:0332,claim,,"{""deal"":""keystone"",""derivation"":null,""direction"":""supports"",""epistemic"":""observed"",""id"":""claim:0332"",""locator"":""keystone_data_room_extract.md::section:w14250-14500"",""statement"":""The longest-tenured employee (E0121) was hired on 2015-02-01, representing approximately 10 years of tenure as of 2025-11-15."",""type"":""claim"",""unit"":""years"",""value"":""10.0""}"
perimeter:keystone_consolidated_employee_tenure_by_hire_date,perimeter,Keystone consolidated employee tenure by hire date,"{""id"":""perimeter:keystone_consolidated_employee_tenure_by_hire_date"",""label"":""Keystone consolidated employee tenure by hire date"",""type"":""perimeter""}"
claim:0333,claim,,"{""deal"":""keystone"",""derivation"":null,""direction"":""context"",""epistemic"":""observed"",""id"":""claim:0333"",""locator"":""keystone_data_room_extract.md::section:w14250-14500"",""statement"":""The most recently hired employee (E0125) was hired on 2025-01-01, representing approximately 0.33 years (4 months) of tenure as of 2025-11-15."",""type"":""claim"",""unit"":""years"",""value"":""0.33""}"
claim:0334,claim,,"{""deal"":""keystone"",""derivation"":null,""direction"":""context"",""epistemic"":""observed"",""id"":""claim:0334"",""locator"":""keystone_data_room_extract.md::section:w14750-15000"",""statement"":""Keystone EHS Compliance service line headcount is 144 as of 2025-11-15."",""type"":""claim"",""unit"":""headcount"",""value"":""144.0""}"
claim:0335,claim,,"{""deal"":""keystone"",""derivation"":null,""direction"":""context"",""epistemic"":""observed"",""id"":""claim:0335"",""locator"":""keystone_data_room_extract.md::section:w14750-15000"",""statement"":""Keystone Industrial Hygiene service line headcount is 71 as of 2025-11-15."",""type"":""claim"",""unit"":""headcount"",""value"":""71.0""}"
claim:0336,claim,,"{""deal"":""keystone"",""derivation"":null,""direction"":""context"",""epistemic"":""observed"",""id"":""claim:0336"",""locator"":""keystone_data_room_extract.md::section:w14750-15000"",""statement"":""Keystone Field Inspection service line headcount is 88 as of 2025-11-15."",""type"":""claim"",""unit"":""headcount"",""value"":""88.0""}"
claim:0337,claim,,"{""deal"":""keystone"",""derivation"":null,""direction"":""context"",""epistemic"":""observed"",""id"":""claim:0337"",""locator"":""keystone_data_room_extract.md::section:w14750-15000"",""statement"":""Keystone Permitting & Advisory service line headcount is 175 as of 2025-11-15."",""type"":""claim"",""unit"":""headcount"",""value"":""175.0""}"
claim:0338,claim,,"{""deal"":""keystone"",""derivation"":null,""direction"":""context"",""epistemic"":""observed"",""id"":""claim:0338"",""locator"":""keystone_data_room_extract.md::section:w14750-15000"",""statement"":""Keystone EHS Compliance service line headcount in Sales department is 78 as of 2025-11-15."",""type"":""claim"",""unit"":""headcount"",""value"":""78.0""}"
perimeter:keystone_ehs_compliance_service_line_headcount_(sales_department),perimeter,Keystone EHS Compliance service line headcount (Sales department),"{""id"":""perimeter:keystone_ehs_compliance_service_line_headcount_(sales_department)"",""label"":""Keystone EHS Compliance service line headcount (Sales department)"",""type"":""perimeter""}"
claim:0339,claim,,"{""deal"":""keystone"",""derivation"":null,""direction"":""context"",""epistemic"":""observed"",""id"":""claim:0339"",""locator"":""keystone_data_room_extract.md::section:w14750-15000"",""statement"":""Keystone Industrial Hygiene service line headcount in Finance department is 91 as of 2025-11-15."",""type"":""claim"",""unit"":""headcount"",""value"":""91.0""}"
perimeter:keystone_industrial_hygiene_service_line_headcount_(finance_department),perimeter,Keystone Industrial Hygiene service line headcount (Finance department),"{""id"":""perimeter:keystone_industrial_hygiene_service_line_headcount_(finance_department)"",""label"":""Keystone Industrial Hygiene service line headcount (Finance department)"",""type"":""perimeter""}"
claim:0340,claim,,"{""deal"":""keystone"",""derivation"":null,""direction"":""context"",""epistemic"":""observed"",""id"":""claim:0340"",""locator"":""keystone_data_room_extract.md::section:w14750-15000"",""statement"":""Keystone Field Inspection service line headcount in HR department is 104 as of 2025-11-15."",""type"":""claim"",""unit"":""headcount"",""value"":""104.0""}"
perimeter:keystone_field_inspection_service_line_headcount_(hr_department),perimeter,Keystone Field Inspection service line headcount (HR department),"{""id"":""perimeter:keystone_field_inspection_service_line_headcount_(hr_department)"",""label"":""Keystone Field Inspection service line headcount (HR department)"",""type"":""perimeter""}"
claim:0341,claim,,"{""deal"":""keystone"",""derivation"":null,""direction"":""context"",""epistemic"":""observed"",""id"":""claim:0341"",""locator"":""keystone_data_room_extract.md::section:w15000-15250"",""statement"":""Employee E0139 at Richmond location in IT department, Permitting & Advisory service line has headcount allocation of 117."",""type"":""claim"",""unit"":""headcount"",""value"":""117.0""}"
claim:0342,claim,,"{""deal"":""keystone"",""derivation"":null,""direction"":""context"",""epistemic"":""observed"",""id"":""claim:0342"",""locator"":""keystone_data_room_extract.md::section:w15000-15250"",""statement"":""Employee E0140 at Indianapolis location in Technical department, EHS Compliance service line has headcount allocation of 100."",""type"":""claim"",""unit"":""headcount"",""value"":""100.0""}"
claim:0343,claim,,"{""deal"":""keystone"",""derivation"":null,""direction"":""context"",""epistemic"":""observed"",""id"":""claim:0343"",""locator"":""keystone_data_room_extract.md::section:w15000-15250"",""statement"":""Employee E0141 at Chicago location in Technical department, Industrial Hygiene service line has headcount allocation of 117."",""type"":""claim"",""unit"":""headcount"",""value"":""117.0""}"
claim:0344,claim,,"{""deal"":""keystone"",""derivation"":null,""direction"":""context"",""epistemic"":""observed"",""id"":""claim:0344"",""locator"":""keystone_data_room_extract.md::section:w15000-15250"",""statement"":""Employee E0142 at Detroit location in Technical department, Field Inspection service line has headcount allocation of 134."",""type"":""claim"",""unit"":""headcount"",""value"":""134.0""}"
claim:0345,claim,,"{""deal"":""keystone"",""derivation"":null,""direction"":""context"",""epistemic"":""observed"",""id"":""claim:0345"",""locator"":""keystone_data_room_extract.md::section:w15000-15250"",""statement"":""Employee E0143 at Louisville location in Technical department, Permitting & Advisory service line has headcount allocation of 61."",""type"":""claim"",""unit"":""headcount"",""value"":""61.0""}"
claim:0346,claim,,"{""deal"":""keystone"",""derivation"":null,""direction"":""context"",""epistemic"":""observed"",""id"":""claim:0346"",""locator"":""keystone_data_room_extract.md::section:w15000-15250"",""statement"":""Employee E0144 at Nashville location in Project Management department, EHS Compliance service line has headcount allocation of 78."",""type"":""claim"",""unit"":""headcount"",""value"":""78.0""}"
claim:0347,claim,,"{""deal"":""keystone"",""derivation"":null,""direction"":""context"",""epistemic"":""observed"",""id"":""claim:0347"",""locator"":""keystone_data_room_extract.md::section:w15000-15250"",""statement"":""Employee E0145 at Raleigh location in Corporate department, Industrial Hygiene service line has headcount allocation of 85."",""type"":""claim"",""unit"":""headcount"",""value"":""85.0""}"
claim:0348,claim,,"{""deal"":""keystone"",""derivation"":null,""direction"":""context"",""epistemic"":""observed"",""id"":""claim:0348"",""locator"":""keystone_data_room_extract.md::section:w14500-14750"",""statement"":""Employee E0125 (Legacy Alderstone, Sales, Field Inspection) has a headcount allocation of 155 as of 2025-11-15."",""type"":""claim"",""unit"":""headcount"",""value"":""155.0""}"
perimeter:keystone_consolidated_headcount_by_employee_record_e0125,perimeter,Keystone consolidated headcount by employee record E0125,"{""id"":""perimeter:keystone_consolidated_headcount_by_employee_record_e0125"",""label"":""Keystone consolidated headcount by employee record E0125"",""type"":""perimeter""}"
claim:0349,claim,,"{""deal"":""keystone"",""derivation"":null,""direction"":""context"",""epistemic"":""observed"",""id"":""claim:0349"",""locator"":""keystone_data_room_extract.md::section:w14500-14750"",""statement"":""Employee E0126 (Northstar, Finance, Permitting & Advisory) has a headcount allocation of 168 as of 2025-11-15."",""type"":""claim"",""unit"":""headcount"",""value"":""168.0""}"
perimeter:keystone_consolidated_headcount_by_employee_record_e0126,perimeter,Keystone consolidated headcount by employee record E0126,"{""id"":""perimeter:keystone_consolidated_headcount_by_employee_record_e0126"",""label"":""Keystone consolidated headcount by employee record E0126"",""type"":""perimeter""}"
claim:0350,claim,,"{""deal"":""keystone"",""derivation"":null,""direction"":""context"",""epistemic"":""observed"",""id"":""claim:0350"",""locator"":""keystone_data_room_extract.md::section:w14500-14750"",""statement"":""Employee E0127 (Delta, Finance, Permitting & Advisory) has a headcount allocation of 71 as of 2025-11-15."",""type"":""claim"",""unit"":""headcount"",""value"":""71.0""}"
perimeter:keystone_consolidated_headcount_by_employee_record_e0127,perimeter,Keystone consolidated headcount by employee record E0127,"{""id"":""perimeter:keystone_consolidated_headcount_by_employee_record_e0127"",""label"":""Keystone consolidated headcount by employee record E0127"",""type"":""perimeter""}"
claim:0351,claim,,"{""deal"":""keystone"",""derivation"":null,""direction"":""context"",""epistemic"":""observed"",""id"":""claim:0351"",""locator"":""keystone_data_room_extract.md::section:w14500-14750"",""statement"":""Employee E0128 (Meridian, HR, EHS Compliance) has a headcount allocation of 84 as of 2025-11-15."",""type"":""claim"",""unit"":""headcount"",""value"":""84.0""}"
perimeter:keystone_consolidated_headcount_by_employee_record_e0128,perimeter,Keystone consolidated headcount by employee record E0128,"{""id"":""perimeter:keystone_consolidated_headcount_by_employee_record_e0128"",""label"":""Keystone consolidated headcount by employee record E0128"",""type"":""perimeter""}"
claim:0352,claim,,"{""deal"":""keystone"",""derivation"":null,""direction"":""context"",""epistemic"":""observed"",""id"":""claim:0352"",""locator"":""keystone_data_room_extract.md::section:w14500-14750"",""statement"":""Employee E0129 (Summit, IT, Industrial Hygiene) has a headcount allocation of 97 as of 2025-11-15."",""type"":""claim"",""unit"":""headcount"",""value"":""97.0""}"
perimeter:keystone_consolidated_headcount_by_employee_record_e0129,perimeter,Keystone consolidated headcount by employee record E0129,"{""id"":""perimeter:keystone_consolidated_headcount_by_employee_record_e0129"",""label"":""Keystone consolidated headcount by employee record E0129"",""type"":""perimeter""}"
claim:0353,claim,,"{""deal"":""keystone"",""derivation"":null,""direction"":""context"",""epistemic"":""observed"",""id"":""claim:0353"",""locator"":""keystone_data_room_extract.md::section:w14500-14750"",""statement"":""Employee E0130 (Legacy Alderstone, Technical, Field Inspection) has a headcount allocation of 110 as of 2025-11-15."",""type"":""claim"",""unit"":""headcount"",""value"":""110.0""}"
perimeter:keystone_consolidated_headcount_by_employee_record_e0130,perimeter,Keystone consolidated headcount by employee record E0130,"{""id"":""perimeter:keystone_consolidated_headcount_by_employee_record_e0130"",""label"":""Keystone consolidated headcount by employee record E0130"",""type"":""perimeter""}"
claim:0354,claim,,"{""deal"":""keystone"",""derivation"":null,""direction"":""context"",""epistemic"":""observed"",""id"":""claim:0354"",""locator"":""keystone_data_room_extract.md::section:w14500-14750"",""statement"":""Employee E0131 (Northstar, Technical, Permitting & Advisory) has a headcount allocation of 127 as of 2025-11-15."",""type"":""claim"",""unit"":""headcount"",""value"":""127.0""}"
perimeter:keystone_consolidated_headcount_by_employee_record_e0131,perimeter,Keystone consolidated headcount by employee record E0131,"{""id"":""perimeter:keystone_consolidated_headcount_by_employee_record_e0131"",""label"":""Keystone consolidated headcount by employee record E0131"",""type"":""perimeter""}"
claim:0355,claim,,"{""deal"":""keystone"",""derivation"":null,""direction"":""context"",""epistemic"":""observed"",""id"":""claim:0355"",""locator"":""keystone_data_room_extract.md::section:w14500-14750"",""statement"":""Employee E0125 was hired on 2019-06-01 and has been active staff as of 2025-11-15."",""type"":""claim"",""unit"":""years"",""value"":""1.0""}"
perimeter:keystone_employee_e0125_tenure_from_hire_date_2019-06-01,perimeter,Keystone employee E0125 tenure from hire date 2019-06-01,"{""id"":""perimeter:keystone_employee_e0125_tenure_from_hire_date_2019-06-01"",""label"":""Keystone employee E0125 tenure from hire date 2019-06-01"",""type"":""perimeter""}"
claim:0356,claim,,"{""deal"":""keystone"",""derivation"":null,""direction"":""context"",""epistemic"":""observed"",""id"":""claim:0356"",""locator"":""keystone_data_room_extract.md::section:w14500-14750"",""statement"":""Employee E0126 was hired on 2020-07-01 and has been active staff as of 2025-11-15."",""type"":""claim"",""unit"":""years"",""value"":""5.0""}"
perimeter:keystone_employee_e0126_tenure_from_hire_date_2020-07-01,perimeter,Keystone employee E0126 tenure from hire date 2020-07-01,"{""id"":""perimeter:keystone_employee_e0126_tenure_from_hire_date_2020-07-01"",""label"":""Keystone employee E0126 tenure from hire date 2020-07-01"",""type"":""perimeter""}"
claim:0357,claim,,"{""deal"":""keystone"",""derivation"":null,""direction"":""context"",""epistemic"":""observed"",""id"":""claim:0357"",""locator"":""keystone_data_room_extract.md::section:w14500-14750"",""statement"":""Employee E0127 was hired on 2021-08-01 and has been active staff as of 2025-11-15."",""type"":""claim"",""unit"":""years"",""value"":""4.0""}"
perimeter:keystone_employee_e0127_tenure_from_hire_date_2021-08-01,perimeter,Keystone employee E0127 tenure from hire date 2021-08-01,"{""id"":""perimeter:keystone_employee_e0127_tenure_from_hire_date_2021-08-01"",""label"":""Keystone employee E0127 tenure from hire date 2021-08-01"",""type"":""perimeter""}"
claim:0358,claim,,"{""deal"":""keystone"",""derivation"":null,""direction"":""context"",""epistemic"":""observed"",""id"":""claim:0358"",""locator"":""keystone_data_room_extract.md::section:w14500-14750"",""statement"":""Employee E0128 was hired on 2022-09-01 and has been active staff as of 2025-11-15."",""type"":""claim"",""unit"":""years"",""value"":""3.0""}"
perimeter:keystone_employee_e0128_tenure_from_hire_date_2022-09-01,perimeter,Keystone employee E0128 tenure from hire date 2022-09-01,"{""id"":""perimeter:keystone_employee_e0128_tenure_from_hire_date_2022-09-01"",""label"":""Keystone employee E0128 tenure from hire date 2022-09-01"",""type"":""perimeter""}"
claim:0359,claim,,"{""deal"":""keystone"",""derivation"":null,""direction"":""context"",""epistemic"":""observed"",""id"":""claim:0359"",""locator"":""keystone_data_room_extract.md::section:w15250-15500:HRIS / KS-DL-1.2 table rows E0146–E0152"",""statement"":""Seven active staff employees are recorded in the HRIS extract (E0146–E0152) as of 2025-11-15."",""type"":""claim"",""unit"":""headcount"",""value"":""7.0""}"
claim:0360,claim,,"{""deal"":""keystone"",""derivation"":null,""direction"":""context"",""epistemic"":""observed"",""id"":""claim:0360"",""locator"":""keystone_data_room_extract.md::section:w15250-15500:HRIS / KS-DL-1.2 table row E0146"",""statement"":""The earliest recorded hire date in the HRIS extract is 2018-03-01 (employee E0146, Charlotte, Sales)."",""type"":""claim"",""unit"":"""",""value"":""2018.0""}"
perimeter:keystone_consolidated_earliest_employee_hire_date,perimeter,Keystone consolidated earliest employee hire date,"{""id"":""perimeter:keystone_consolidated_earliest_employee_hire_date"",""label"":""Keystone consolidated earliest employee hire date"",""type"":""perimeter""}"
claim:0361,claim,,"{""deal"":""keystone"",""derivation"":null,""direction"":""context"",""epistemic"":""observed"",""id"":""claim:0361"",""locator"":""keystone_data_room_extract.md::section:w15250-15500:HRIS / KS-DL-1.2 table row E0152"",""statement"":""The most recent recorded hire date in the HRIS extract is 2024-09-01 (employee E0152, St. Louis, Technical)."",""type"":""claim"",""unit"":"""",""value"":""2024.0""}"
perimeter:keystone_consolidated_most_recent_employee_hire_date,perimeter,Keystone consolidated most recent employee hire date,"{""id"":""perimeter:keystone_consolidated_most_recent_employee_hire_date"",""label"":""Keystone consolidated most recent employee hire date"",""type"":""perimeter""}"
claim:0362,claim,,"{""deal"":""keystone"",""derivation"":null,""direction"":""context"",""epistemic"":""observed"",""id"":""claim:0362"",""locator"":""keystone_data_room_extract.md::section:w15500-15750:HRIS / KS-DL-1.2 data room extract, row E0153"",""statement"":""Employee E0153 in Richmond, Southeast region, Technical department, Industrial Hygiene service line has headcount allocation of 141."",""type"":""claim"",""unit"":""headcount"",""value"":""141.0""}"
perimeter:keystone_employee_e0153_richmond_southeast_technical_industrial_hygiene,perimeter,Keystone employee E0153 Richmond Southeast Technical Industrial Hygiene,"{""id"":""perimeter:keystone_employee_e0153_richmond_southeast_technical_industrial_hygiene"",""label"":""Keystone employee E0153 Richmond Southeast Technical Industrial Hygiene"",""type"":""perimeter""}"
claim:0363,claim,,"{""deal"":""keystone"",""derivation"":null,""direction"":""context"",""epistemic"":""observed"",""id"":""claim:0363"",""locator"":""keystone_data_room_extract.md::section:w15500-15750:HRIS / KS-DL-1.2 data room extract, row E0154"",""statement"":""Employee E0154 in Indianapolis, Midwest region, Project Management department, Field Inspection service line has headcount allocation of 68."",""type"":""claim"",""unit"":""headcount"",""value"":""68.0""}"
perimeter:keystone_employee_e0154_indianapolis_midwest_project_management_field_inspection,perimeter,Keystone employee E0154 Indianapolis Midwest Project Management Field Inspection,"{""id"":""perimeter:keystone_employee_e0154_indianapolis_midwest_project_management_field_inspection"",""label"":""Keystone employee E0154 Indianapolis Midwest Project Management Field Inspection"",""type"":""perimeter""}"
claim:0364,claim,,"{""deal"":""keystone"",""derivation"":null,""direction"":""context"",""epistemic"":""observed"",""id"":""claim:0364"",""locator"":""keystone_data_room_extract.md::section:w15500-15750:HRIS / KS-DL-1.2 data room extract, row E0155"",""statement"":""Employee E0155 in Chicago, Midwest region, Corporate department, Permitting & Advisory service line has headcount allocation of 105."",""type"":""claim"",""unit"":""headcount"",""value"":""105.0""}"
perimeter:keystone_employee_e0155_chicago_midwest_corporate_permitting_&_advisory,perimeter,Keystone employee E0155 Chicago Midwest Corporate Permitting & Advisory,"{""id"":""perimeter:keystone_employee_e0155_chicago_midwest_corporate_permitting_&_advisory"",""label"":""Keystone employee E0155 Chicago Midwest Corporate Permitting & Advisory"",""type"":""perimeter""}"
claim:0365,claim,,"{""deal"":""keystone"",""derivation"":null,""direction"":""context"",""epistemic"":""observed"",""id"":""claim:0365"",""locator"":""keystone_data_room_extract.md::section:w15500-15750:HRIS / KS-DL-1.2 data room extract, row E0156"",""statement"":""Employee E0156 in Detroit, Southeast region, Sales department, EHS Compliance service line has headcount allocation of 118."",""type"":""claim"",""unit"":""headcount"",""value"":""118.0""}"
perimeter:keystone_employee_e0156_detroit_southeast_sales_ehs_compliance,perimeter,Keystone employee E0156 Detroit Southeast Sales EHS Compliance,"{""id"":""perimeter:keystone_employee_e0156_detroit_southeast_sales_ehs_compliance"",""label"":""Keystone employee E0156 Detroit Southeast Sales EHS Compliance"",""type"":""perimeter""}"
claim:0366,claim,,"{""deal"":""keystone"",""derivation"":null,""direction"":""context"",""epistemic"":""observed"",""id"":""claim:0366"",""locator"":""keystone_data_room_extract.md::section:w15500-15750:HRIS / KS-DL-1.2 data room extract, row E0157"",""statement"":""Employee E0157 in Louisville, Midwest region, Finance department, Industrial Hygiene service line has headcount allocation of 131."",""type"":""claim"",""unit"":""headcount"",""value"":""131.0""}"
perimeter:keystone_employee_e0157_louisville_midwest_finance_industrial_hygiene,perimeter,Keystone employee E0157 Louisville Midwest Finance Industrial Hygiene,"{""id"":""perimeter:keystone_employee_e0157_louisville_midwest_finance_industrial_hygiene"",""label"":""Keystone employee E0157 Louisville Midwest Finance Industrial Hygiene"",""type"":""perimeter""}"
claim:0367,claim,,"{""deal"":""keystone"",""derivation"":null,""direction"":""context"",""epistemic"":""observed"",""id"":""claim:0367"",""locator"":""keystone_data_room_extract.md::section:w15500-15750:HRIS / KS-DL-1.2 data room extract, row E0158"",""statement"":""Employee E0158 in Nashville, Midwest region, HR department, Field Inspection service line has headcount allocation of 144."",""type"":""claim"",""unit"":""headcount"",""value"":""144.0""}"
perimeter:keystone_employee_e0158_nashville_midwest_hr_field_inspection,perimeter,Keystone employee E0158 Nashville Midwest HR Field Inspection,"{""id"":""perimeter:keystone_employee_e0158_nashville_midwest_hr_field_inspection"",""label"":""Keystone employee E0158 Nashville Midwest HR Field Inspection"",""type"":""perimeter""}"
claim:0368,claim,,"{""deal"":""keystone"",""derivation"":null,""direction"":""context"",""epistemic"":""observed"",""id"":""claim:0368"",""locator"":""keystone_data_room_extract.md::section:w15500-15750:HRIS / KS-DL-1.2 data room extract, row E0159"",""statement"":""Employee E0159 in Raleigh, Southeast region, IT department, Permitting & Advisory service line has headcount allocation of 157."",""type"":""claim"",""unit"":""headcount"",""value"":""157.0""}"
perimeter:keystone_employee_e0159_raleigh_southeast_it_permitting_&_advisory,perimeter,Keystone employee E0159 Raleigh Southeast IT Permitting & Advisory,"{""id"":""perimeter:keystone_employee_e0159_raleigh_southeast_it_permitting_&_advisory"",""label"":""Keystone employee E0159 Raleigh Southeast IT Permitting & Advisory"",""type"":""perimeter""}"
claim:0369,claim,,"{""deal"":""keystone"",""derivation"":null,""direction"":""context"",""epistemic"":""observed"",""id"":""claim:0369"",""locator"":""keystone_data_room_extract.md::section:w15750-16000"",""statement"":""Employee E0160 (Charlotte, Midwest, Technical, EHS Compliance) has a headcount allocation of 80 as of 2025-11-15."",""type"":""claim"",""unit"":""headcount"",""value"":""80.0""}"
perimeter:keystone_consolidated_headcount_by_employee_record_e0160,perimeter,Keystone consolidated headcount by employee record E0160,"{""id"":""perimeter:keystone_consolidated_headcount_by_employee_record_e0160"",""label"":""Keystone consolidated headcount by employee record E0160"",""type"":""perimeter""}"
claim:0370,claim,,"{""deal"":""keystone"",""derivation"":null,""direction"":""context"",""epistemic"":""observed"",""id"":""claim:0370"",""locator"":""keystone_data_room_extract.md::section:w15750-16000"",""statement"":""Employee E0161 (Cincinnati, Midwest, Technical, Industrial Hygiene) has a headcount allocation of 97 as of 2025-11-15."",""type"":""claim"",""unit"":""headcount"",""value"":""97.0""}"
perimeter:keystone_consolidated_headcount_by_employee_record_e0161,perimeter,Keystone consolidated headcount by employee record E0161,"{""id"":""perimeter:keystone_consolidated_headcount_by_employee_record_e0161"",""label"":""Keystone consolidated headcount by employee record E0161"",""type"":""perimeter""}"
claim:0371,claim,,"{""deal"":""keystone"",""derivation"":null,""direction"":""context"",""epistemic"":""observed"",""id"":""claim:0371"",""locator"":""keystone_data_room_extract.md::section:w15750-16000"",""statement"":""Employee E0162 (Columbus, Southeast, Technical, Field Inspection) has a headcount allocation of 114 as of 2025-11-15."",""type"":""claim"",""unit"":""headcount"",""value"":""114.0""}"
perimeter:keystone_consolidated_headcount_by_employee_record_e0162,perimeter,Keystone consolidated headcount by employee record E0162,"{""id"":""perimeter:keystone_consolidated_headcount_by_employee_record_e0162"",""label"":""Keystone consolidated headcount by employee record E0162"",""type"":""perimeter""}"
claim:0372,claim,,"{""deal"":""keystone"",""derivation"":null,""direction"":""context"",""epistemic"":""observed"",""id"":""claim:0372"",""locator"":""keystone_data_room_extract.md::section:w15750-16000"",""statement"":""Employee E0163 (Knoxville, Midwest, Technical, Permitting & Advisory) has a headcount allocation of 131 as of 2025-11-15."",""type"":""claim"",""unit"":""headcount"",""value"":""131.0""}"
perimeter:keystone_consolidated_headcount_by_employee_record_e0163,perimeter,Keystone consolidated headcount by employee record E0163,"{""id"":""perimeter:keystone_consolidated_headcount_by_employee_record_e0163"",""label"":""Keystone consolidated headcount by employee record E0163"",""type"":""perimeter""}"
claim:0373,claim,,"{""deal"":""keystone"",""derivation"":null,""direction"":""context"",""epistemic"":""observed"",""id"":""claim:0373"",""locator"":""keystone_data_room_extract.md::section:w15750-16000"",""statement"":""Employee E0164 (Greenville, Midwest, Project Management, EHS Compliance) has a headcount allocation of 148 as of 2025-11-15."",""type"":""claim"",""unit"":""headcount"",""value"":""148.0""}"
perimeter:keystone_consolidated_headcount_by_employee_record_e0164,perimeter,Keystone consolidated headcount by employee record E0164,"{""id"":""perimeter:keystone_consolidated_headcount_by_employee_record_e0164"",""label"":""Keystone consolidated headcount by employee record E0164"",""type"":""perimeter""}"
claim:0374,claim,,"{""deal"":""keystone"",""derivation"":null,""direction"":""context"",""epistemic"":""observed"",""id"":""claim:0374"",""locator"":""keystone_data_room_extract.md::section:w15750-16000"",""statement"":""Employee E0165 (Milwaukee, Southeast, Corporate, Industrial Hygiene) has a headcount allocation of 125 as of 2025-11-15."",""type"":""claim"",""unit"":""headcount"",""value"":""125.0""}"
perimeter:keystone_consolidated_headcount_by_employee_record_e0165,perimeter,Keystone consolidated headcount by employee record E0165,"{""id"":""perimeter:keystone_consolidated_headcount_by_employee_record_e0165"",""label"":""Keystone consolidated headcount by employee record E0165"",""type"":""perimeter""}"
claim:0375,claim,,"{""deal"":""keystone"",""derivation"":null,""direction"":""context"",""epistemic"":""observed"",""id"":""claim:0375"",""locator"":""keystone_data_room_extract.md::section:w17250-17500"",""statement"":""Employee E0201 (Legacy Alderstone, Raleigh, Southeast, Technical, Industrial Hygiene) has headcount allocation of 147."",""type"":""claim"",""unit"":""headcount"",""value"":""147.0""}"
"perimeter:keystone_consolidated_headcount_by_employee_record_(e0201,_legacy_alderstone,_raleigh,_southeast,_technical,_industrial_hygiene)",perimeter,"Keystone consolidated headcount by employee record (E0201, Legacy Alderstone, Raleigh, Southeast, Technical, Industrial Hygiene)","{""id"":""perimeter:keystone_consolidated_headcount_by_employee_record_(e0201,_legacy_alderstone,_raleigh,_southeast,_technical,_industrial_hygiene)"",""label"":""Keystone consolidated headcount by employee record (E0201, Legacy Alderstone, Raleigh, Southeast, Technical, Industrial Hygiene)"",""type"":""perimeter""}"
claim:0376,claim,,"{""deal"":""keystone"",""derivation"":null,""direction"":""context"",""epistemic"":""observed"",""id"":""claim:0376"",""locator"":""keystone_data_room_extract.md::section:w17250-17500"",""statement"":""Employee E0202 (Northstar, Charlotte, Midwest, Technical, Field Inspection) has headcount allocation of 74."",""type"":""claim"",""unit"":""headcount"",""value"":""74.0""}"
"perimeter:keystone_consolidated_headcount_by_employee_record_(e0202,_northstar,_charlotte,_midwest,_technical,_field_inspection)",perimeter,"Keystone consolidated headcount by employee record (E0202, Northstar, Charlotte, Midwest, Technical, Field Inspection)","{""id"":""perimeter:keystone_consolidated_headcount_by_employee_record_(e0202,_northstar,_charlotte,_midwest,_technical,_field_inspection)"",""label"":""Keystone consolidated headcount by employee record (E0202, Northstar, Charlotte, Midwest, Technical, Field Inspection)"",""type"":""perimeter""}"
claim:0377,claim,,"{""deal"":""keystone"",""derivation"":null,""direction"":""context"",""epistemic"":""observed"",""id"":""claim:0377"",""locator"":""keystone_data_room_extract.md::section:w17250-17500"",""statement"":""Employee E0203 (Delta, Cincinnati, Midwest, Technical, Permitting & Advisory) has headcount allocation of 91."",""type"":""claim"",""unit"":""headcount"",""value"":""91.0""}"
"perimeter:keystone_consolidated_headcount_by_employee_record_(e0203,_delta,_cincinnati,_midwest,_technical,_permitting_&_advisory)",perimeter,"Keystone consolidated headcount by employee record (E0203, Delta, Cincinnati, Midwest, Technical, Permitting & Advisory)","{""id"":""perimeter:keystone_consolidated_headcount_by_employee_record_(e0203,_delta,_cincinnati,_midwest,_technical,_permitting_&_advisory)"",""label"":""Keystone consolidated headcount by employee record (E0203, Delta, Cincinnati, Midwest, Technical, Permitting & Advisory)"",""type"":""perimeter""}"
claim:0378,claim,,"{""deal"":""keystone"",""derivation"":null,""direction"":""context"",""epistemic"":""observed"",""id"":""claim:0378"",""locator"":""keystone_data_room_extract.md::section:w17250-17500"",""statement"":""Employee E0204 (Meridian, Columbus, Southeast, Project Management, EHS Compliance) has headcount allocation of 108."",""type"":""claim"",""unit"":""headcount"",""value"":""108.0""}"
"perimeter:keystone_consolidated_headcount_by_employee_record_(e0204,_meridian,_columbus,_southeast,_project_management,_ehs_compliance)",perimeter,"Keystone consolidated headcount by employee record (E0204, Meridian, Columbus, Southeast, Project Management, EHS Compliance)","{""id"":""perimeter:keystone_consolidated_headcount_by_employee_record_(e0204,_meridian,_columbus,_southeast,_project_management,_ehs_compliance)"",""label"":""Keystone consolidated headcount by employee record (E0204, Meridian, Columbus, Southeast, Project Management, EHS Compliance)"",""type"":""perimeter""}"
claim:0379,claim,,"{""deal"":""keystone"",""derivation"":null,""direction"":""context"",""epistemic"":""observed"",""id"":""claim:0379"",""locator"":""keystone_data_room_extract.md::section:w17250-17500"",""statement"":""Employee E0205 (Summit, Knoxville, Midwest, Corporate, Industrial Hygiene) has headcount allocation of 95."",""type"":""claim"",""unit"":""headcount"",""value"":""95.0""}"
"perimeter:keystone_consolidated_headcount_by_employee_record_(e0205,_summit,_knoxville,_midwest,_corporate,_industrial_hygiene)",perimeter,"Keystone consolidated headcount by employee record (E0205, Summit, Knoxville, Midwest, Corporate, Industrial Hygiene)","{""id"":""perimeter:keystone_consolidated_headcount_by_employee_record_(e0205,_summit,_knoxville,_midwest,_corporate,_industrial_hygiene)"",""label"":""Keystone consolidated headcount by employee record (E0205, Summit, Knoxville, Midwest, Corporate, Industrial Hygiene)"",""type"":""perimeter""}"
claim:0380,claim,,"{""deal"":""keystone"",""derivation"":null,""direction"":""context"",""epistemic"":""observed"",""id"":""claim:0380"",""locator"":""keystone_data_room_extract.md::section:w17250-17500"",""statement"":""Employee E0206 (Legacy Alderstone, Greenville, Midwest, Sales, Field Inspection) has headcount allocation of 108."",""type"":""claim"",""unit"":""headcount"",""value"":""108.0""}"
"perimeter:keystone_consolidated_headcount_by_employee_record_(e0206,_legacy_alderstone,_greenville,_midwest,_sales,_field_inspection)",perimeter,"Keystone consolidated headcount by employee record (E0206, Legacy Alderstone, Greenville, Midwest, Sales, Field Inspection)","{""id"":""perimeter:keystone_consolidated_headcount_by_employee_record_(e0206,_legacy_alderstone,_greenville,_midwest,_sales,_field_inspection)"",""label"":""Keystone consolidated headcount by employee record (E0206, Legacy Alderstone, Greenville, Midwest, Sales, Field Inspection)"",""type"":""perimeter""}"
claim:0381,claim,,"{""deal"":""keystone"",""derivation"":null,""direction"":""context"",""epistemic"":""observed"",""id"":""claim:0381"",""locator"":""keystone_data_room_extract.md::section:w17000-17250"",""statement"":""Employee E0194 (Meridian, St. Louis, Midwest, Project Management / Field Inspection) has headcount of 118 as of 2025-11-15."",""type"":""claim"",""unit"":""headcount"",""value"":""118.0""}"
claim:0382,claim,,"{""deal"":""keystone"",""derivation"":null,""direction"":""context"",""epistemic"":""observed"",""id"":""claim:0382"",""locator"":""keystone_data_room_extract.md::section:w17000-17250"",""statement"":""Employee E0195 (Legacy Alderstone, Richmond, Southeast, Corporate / Permitting & Advisory) has headcount of 75 as of 2025-11-15."",""type"":""claim"",""unit"":""headcount"",""value"":""75.0""}"
claim:0383,claim,,"{""deal"":""keystone"",""derivation"":null,""direction"":""context"",""epistemic"":""observed"",""id"":""claim:0383"",""locator"":""keystone_data_room_extract.md::section:w17000-17250"",""statement"":""Employee E0196 (Northstar, Indianapolis, Midwest, Sales / EHS Compliance) has headcount of 88 as of 2025-11-15."",""type"":""claim"",""unit"":""headcount"",""value"":""88.0""}"
claim:0384,claim,,"{""deal"":""keystone"",""derivation"":null,""direction"":""context"",""epistemic"":""observed"",""id"":""claim:0384"",""locator"":""keystone_data_room_extract.md::section:w17000-17250"",""statement"":""Employee E0197 (Delta, Chicago, Midwest, Finance / Industrial Hygiene) has headcount of 101 as of 2025-11-15."",""type"":""claim"",""unit"":""headcount"",""value"":""101.0""}"
claim:0385,claim,,"{""deal"":""keystone"",""derivation"":null,""direction"":""context"",""epistemic"":""observed"",""id"":""claim:0385"",""locator"":""keystone_data_room_extract.md::section:w17000-17250"",""statement"":""Employee E0198 (Meridian, Detroit, Southeast, HR / Field Inspection) has headcount of 114 as of 2025-11-15."",""type"":""claim"",""unit"":""headcount"",""value"":""114.0""}"
claim:0386,claim,,"{""deal"":""keystone"",""derivation"":null,""direction"":""context"",""epistemic"":""observed"",""id"":""claim:0386"",""locator"":""keystone_data_room_extract.md::section:w17000-17250"",""statement"":""Employee E0199 (Summit, Louisville, Midwest, IT / Permitting & Advisory) has headcount of 127 as of 2025-11-15."",""type"":""claim"",""unit"":""headcount"",""value"":""127.0""}"
claim:0387,claim,,"{""deal"":""keystone"",""derivation"":null,""direction"":""context"",""epistemic"":""observed"",""id"":""claim:0387"",""locator"":""keystone_data_room_extract.md::section:w17000-17250"",""statement"":""Employee E0200 (Keystone, Nashville, Midwest, Technical / EHS Compliance) has headcount of 130 as of 2025-11-15."",""type"":""claim"",""unit"":""headcount"",""value"":""130.0""}"
claim:0388,claim,,"{""deal"":""keystone"",""derivation"":null,""direction"":""context"",""epistemic"":""observed"",""id"":""claim:0388"",""locator"":""keystone_data_room_extract.md::section:w16250-16500"",""statement"":""Keystone employee E0173 in Midwest region, Technical function, Industrial Hygiene service line has headcount allocation of 121."",""type"":""claim"",""unit"":""headcount"",""value"":""121.0""}"
"perimeter:keystone_consolidated_headcount_by_employee_record_(midwest_region,_technical_function,_industrial_hygiene_service_line)",perimeter,"Keystone consolidated headcount by employee record (Midwest region, Technical function, Industrial Hygiene service line)","{""id"":""perimeter:keystone_consolidated_headcount_by_employee_record_(midwest_region,_technical_function,_industrial_hygiene_service_line)"",""label"":""Keystone consolidated headcount by employee record (Midwest region, Technical function, Industrial Hygiene service line)"",""type"":""perimeter""}"
claim:0389,claim,,"{""deal"":""keystone"",""derivation"":null,""direction"":""context"",""epistemic"":""observed"",""id"":""claim:0389"",""locator"":""keystone_data_room_extract.md::section:w16250-16500"",""statement"":""Keystone employee E0174 in Southeast region, Project Management function, Field Inspection service line has headcount allocation of 138."",""type"":""claim"",""unit"":""headcount"",""value"":""138.0""}"
"perimeter:keystone_consolidated_headcount_by_employee_record_(southeast_region,_project_management_function,_field_inspection_service_line)",perimeter,"Keystone consolidated headcount by employee record (Southeast region, Project Management function, Field Inspection service line)","{""id"":""perimeter:keystone_consolidated_headcount_by_employee_record_(southeast_region,_project_management_function,_field_inspection_service_line)"",""label"":""Keystone consolidated headcount by employee record (Southeast region, Project Management function, Field Inspection service line)"",""type"":""perimeter""}"
claim:0390,claim,,"{""deal"":""keystone"",""derivation"":null,""direction"":""context"",""epistemic"":""observed"",""id"":""claim:0390"",""locator"":""keystone_data_room_extract.md::section:w16250-16500"",""statement"":""Keystone employee E0175 in Midwest region, Corporate function, Permitting & Advisory service line has headcount allocation of 145."",""type"":""claim"",""unit"":""headcount"",""value"":""145.0""}"
"perimeter:keystone_consolidated_headcount_by_employee_record_(midwest_region,_corporate_function,_permitting_&_advisory_service_line)",perimeter,"Keystone consolidated headcount by employee record (Midwest region, Corporate function, Permitting & Advisory service line)","{""id"":""perimeter:keystone_consolidated_headcount_by_employee_record_(midwest_region,_corporate_function,_permitting_&_advisory_service_line)"",""label"":""Keystone consolidated headcount by employee record (Midwest region, Corporate function, Permitting & Advisory service line)"",""type"":""perimeter""}"
claim:0391,claim,,"{""deal"":""keystone"",""derivation"":null,""direction"":""context"",""epistemic"":""observed"",""id"":""claim:0391"",""locator"":""keystone_data_room_extract.md::section:w16250-16500"",""statement"":""Keystone employee E0176 in Midwest region, Sales function, EHS Compliance service line has headcount allocation of 158."",""type"":""claim"",""unit"":""headcount"",""value"":""158.0""}"
"perimeter:keystone_consolidated_headcount_by_employee_record_(midwest_region,_sales_function,_ehs_compliance_service_line)",perimeter,"Keystone consolidated headcount by employee record (Midwest region, Sales function, EHS Compliance service line)","{""id"":""perimeter:keystone_consolidated_headcount_by_employee_record_(midwest_region,_sales_function,_ehs_compliance_service_line)"",""label"":""Keystone consolidated headcount by employee record (Midwest region, Sales function, EHS Compliance service line)"",""type"":""perimeter""}"
claim:0392,claim,,"{""deal"":""keystone"",""derivation"":null,""direction"":""context"",""epistemic"":""observed"",""id"":""claim:0392"",""locator"":""keystone_data_room_extract.md::section:w16250-16500"",""statement"":""Keystone employee E0177 in Southeast region, Finance function, Industrial Hygiene service line has headcount allocation of 171."",""type"":""claim"",""unit"":""headcount"",""value"":""171.0""}"
"perimeter:keystone_consolidated_headcount_by_employee_record_(southeast_region,_finance_function,_industrial_hygiene_service_line)",perimeter,"Keystone consolidated headcount by employee record (Southeast region, Finance function, Industrial Hygiene service line)","{""id"":""perimeter:keystone_consolidated_headcount_by_employee_record_(southeast_region,_finance_function,_industrial_hygiene_service_line)"",""label"":""Keystone consolidated headcount by employee record (Southeast region, Finance function, Industrial Hygiene service line)"",""type"":""perimeter""}"
claim:0393,claim,,"{""deal"":""keystone"",""derivation"":null,""direction"":""context"",""epistemic"":""observed"",""id"":""claim:0393"",""locator"":""keystone_data_room_extract.md::section:w16250-16500"",""statement"":""Keystone employee E0178 in Midwest region, HR function, Field Inspection service line has headcount allocation of 74."",""type"":""claim"",""unit"":""headcount"",""value"":""74.0""}"
"perimeter:keystone_consolidated_headcount_by_employee_record_(midwest_region,_hr_function,_field_inspection_service_line)",perimeter,"Keystone consolidated headcount by employee record (Midwest region, HR function, Field Inspection service line)","{""id"":""perimeter:keystone_consolidated_headcount_by_employee_record_(midwest_region,_hr_function,_field_inspection_service_line)"",""label"":""Keystone consolidated headcount by employee record (Midwest region, HR function, Field Inspection service line)"",""type"":""perimeter""}"
claim:0394,claim,,"{""deal"":""keystone"",""derivation"":null,""direction"":""context"",""epistemic"":""observed"",""id"":""claim:0394"",""locator"":""keystone_data_room_extract.md::section:w16250-16500"",""statement"":""Keystone employee E0179 in Midwest region, IT function, Permitting & Advisory service line has headcount allocation of 87."",""type"":""claim"",""unit"":""headcount"",""value"":""87.0""}"
"perimeter:keystone_consolidated_headcount_by_employee_record_(midwest_region,_it_function,_permitting_&_advisory_service_line)",perimeter,"Keystone consolidated headcount by employee record (Midwest region, IT function, Permitting & Advisory service line)","{""id"":""perimeter:keystone_consolidated_headcount_by_employee_record_(midwest_region,_it_function,_permitting_&_advisory_service_line)"",""label"":""Keystone consolidated headcount by employee record (Midwest region, IT function, Permitting & Advisory service line)"",""type"":""perimeter""}"
claim:0395,claim,,"{""deal"":""keystone"",""derivation"":null,""direction"":""context"",""epistemic"":""observed"",""id"":""claim:0395"",""locator"":""keystone_data_room_extract.md::section:w16250-16500"",""statement"":""Keystone employee E0173 hire date is 2023-06-01."",""type"":""claim"",""unit"":"""",""value"":""2023.0""}"
"perimeter:keystone_consolidated_employee_tenure_by_hire_date_(midwest_region,_technical_function,_industrial_hygiene_service_line)",perimeter,"Keystone consolidated employee tenure by hire date (Midwest region, Technical function, Industrial Hygiene service line)","{""id"":""perimeter:keystone_consolidated_employee_tenure_by_hire_date_(midwest_region,_technical_function,_industrial_hygiene_service_line)"",""label"":""Keystone consolidated employee tenure by hire date (Midwest region, Technical function, Industrial Hygiene service line)"",""type"":""perimeter""}"
claim:0396,claim,,"{""deal"":""keystone"",""derivation"":null,""direction"":""context"",""epistemic"":""observed"",""id"":""claim:0396"",""locator"":""keystone_data_room_extract.md::section:w16250-16500"",""statement"":""Keystone employee E0174 hire date is 2024-07-01."",""type"":""claim"",""unit"":"""",""value"":""2024.0""}"
"perimeter:keystone_consolidated_employee_tenure_by_hire_date_(southeast_region,_project_management_function,_field_inspection_service_line)",perimeter,"Keystone consolidated employee tenure by hire date (Southeast region, Project Management function, Field Inspection service line)","{""id"":""perimeter:keystone_consolidated_employee_tenure_by_hire_date_(southeast_region,_project_management_function,_field_inspection_service_line)"",""label"":""Keystone consolidated employee tenure by hire date (Southeast region, Project Management function, Field Inspection service line)"",""type"":""perimeter""}"
claim:0397,claim,,"{""deal"":""keystone"",""derivation"":null,""direction"":""context"",""epistemic"":""observed"",""id"":""claim:0397"",""locator"":""keystone_data_room_extract.md::section:w16250-16500"",""statement"":""Keystone employee E0175 hire date is 2025-08-01."",""type"":""claim"",""unit"":"""",""value"":""2025.0""}"
"perimeter:keystone_consolidated_employee_tenure_by_hire_date_(midwest_region,_corporate_function,_permitting_&_advisory_service_line)",perimeter,"Keystone consolidated employee tenure by hire date (Midwest region, Corporate function, Permitting & Advisory service line)","{""id"":""perimeter:keystone_consolidated_employee_tenure_by_hire_date_(midwest_region,_corporate_function,_permitting_&_advisory_service_line)"",""label"":""Keystone consolidated employee tenure by hire date (Midwest region, Corporate function, Permitting & Advisory service line)"",""type"":""perimeter""}"
claim:0398,claim,,"{""deal"":""keystone"",""derivation"":null,""direction"":""context"",""epistemic"":""observed"",""id"":""claim:0398"",""locator"":""keystone_data_room_extract.md::section:w16250-16500"",""statement"":""Keystone employee E0176 hire date is 2015-09-01."",""type"":""claim"",""unit"":"""",""value"":""2015.0""}"
"perimeter:keystone_consolidated_employee_tenure_by_hire_date_(midwest_region,_sales_function,_ehs_compliance_service_line)",perimeter,"Keystone consolidated employee tenure by hire date (Midwest region, Sales function, EHS Compliance service line)","{""id"":""perimeter:keystone_consolidated_employee_tenure_by_hire_date_(midwest_region,_sales_function,_ehs_compliance_service_line)"",""label"":""Keystone consolidated employee tenure by hire date (Midwest region, Sales function, EHS Compliance service line)"",""type"":""perimeter""}"
claim:0399,claim,,"{""deal"":""keystone"",""derivation"":null,""direction"":""context"",""epistemic"":""observed"",""id"":""claim:0399"",""locator"":""keystone_data_room_extract.md::section:w16250-16500"",""statement"":""Keystone employee E0177 hire date is 2016-10-01."",""type"":""claim"",""unit"":"""",""value"":""2016.0""}"
"perimeter:keystone_consolidated_employee_tenure_by_hire_date_(southeast_region,_finance_function,_industrial_hygiene_service_line)",perimeter,"Keystone consolidated employee tenure by hire date (Southeast region, Finance function, Industrial Hygiene service line)","{""id"":""perimeter:keystone_consolidated_employee_tenure_by_hire_date_(southeast_region,_finance_function,_industrial_hygiene_service_line)"",""label"":""Keystone consolidated employee tenure by hire date (Southeast region, Finance function, Industrial Hygiene service line)"",""type"":""perimeter""}"
claim:0400,claim,,"{""deal"":""keystone"",""derivation"":null,""direction"":""context"",""epistemic"":""observed"",""id"":""claim:0400"",""locator"":""keystone_data_room_extract.md::section:w16250-16500"",""statement"":""Keystone employee E0178 hire date is 2017-11-01."",""type"":""claim"",""unit"":"""",""value"":""2017.0""}"
"perimeter:keystone_consolidated_employee_tenure_by_hire_date_(midwest_region,_hr_function,_field_inspection_service_line)",perimeter,"Keystone consolidated employee tenure by hire date (Midwest region, HR function, Field Inspection service line)","{""id"":""perimeter:keystone_consolidated_employee_tenure_by_hire_date_(midwest_region,_hr_function,_field_inspection_service_line)"",""label"":""Keystone consolidated employee tenure by hire date (Midwest region, HR function, Field Inspection service line)"",""type"":""perimeter""}"
claim:0401,claim,,"{""deal"":""keystone"",""derivation"":null,""direction"":""context"",""epistemic"":""observed"",""id"":""claim:0401"",""locator"":""keystone_data_room_extract.md::section:w16250-16500"",""statement"":""Keystone employee E0179 hire date is 2018-12-01."",""type"":""claim"",""unit"":"""",""value"":""2018.0""}"
"perimeter:keystone_consolidated_employee_tenure_by_hire_date_(midwest_region,_it_function,_permitting_&_advisory_service_line)",perimeter,"Keystone consolidated employee tenure by hire date (Midwest region, IT function, Permitting & Advisory service line)","{""id"":""perimeter:keystone_consolidated_employee_tenure_by_hire_date_(midwest_region,_it_function,_permitting_&_advisory_service_line)"",""label"":""Keystone consolidated employee tenure by hire date (Midwest region, IT function, Permitting & Advisory service line)"",""type"":""perimeter""}"
claim:0402,claim,,"{""deal"":""keystone"",""derivation"":null,""direction"":""context"",""epistemic"":""observed"",""id"":""claim:0402"",""locator"":""keystone_data_room_extract.md::section:w17500-17750"",""statement"":""Employee E0207 in St. Louis, HR service line, has a headcount allocation of 121."",""type"":""claim"",""unit"":""headcount"",""value"":""121.0""}"
"perimeter:keystone_employee_e0207,_st._louis_location,_hr_service_line",perimeter,"Keystone employee E0207, St. Louis location, HR service line","{""id"":""perimeter:keystone_employee_e0207,_st._louis_location,_hr_service_line"",""label"":""Keystone employee E0207, St. Louis location, HR service line"",""type"":""perimeter""}"
claim:0403,claim,,"{""deal"":""keystone"",""derivation"":null,""direction"":""context"",""epistemic"":""observed"",""id"":""claim:0403"",""locator"":""keystone_data_room_extract.md::section:w17500-17750"",""statement"":""Employee E0208 in St. Louis, HR service line (EHS Compliance), has a headcount allocation of 134."",""type"":""claim"",""unit"":""headcount"",""value"":""134.0""}"
"perimeter:keystone_employee_e0208,_st._louis_location,_hr_service_line",perimeter,"Keystone employee E0208, St. Louis location, HR service line","{""id"":""perimeter:keystone_employee_e0208,_st._louis_location,_hr_service_line"",""label"":""Keystone employee E0208, St. Louis location, HR service line"",""type"":""perimeter""}"
claim:0404,claim,,"{""deal"":""keystone"",""derivation"":null,""direction"":""context"",""epistemic"":""observed"",""id"":""claim:0404"",""locator"":""keystone_data_room_extract.md::section:w17500-17750"",""statement"":""Employee E0209 in Richmond, IT service line (Industrial Hygiene), has a headcount allocation of 147."",""type"":""claim"",""unit"":""headcount"",""value"":""147.0""}"
"perimeter:keystone_employee_e0209,_richmond_location,_it_service_line",perimeter,"Keystone employee E0209, Richmond location, IT service line","{""id"":""perimeter:keystone_employee_e0209,_richmond_location,_it_service_line"",""label"":""Keystone employee E0209, Richmond location, IT service line"",""type"":""perimeter""}"
claim:0405,claim,,"{""deal"":""keystone"",""derivation"":null,""direction"":""context"",""epistemic"":""observed"",""id"":""claim:0405"",""locator"":""keystone_data_room_extract.md::section:w17500-17750"",""statement"":""Employee E0210 in Indianapolis, Technical service line (Field Inspection), has a headcount allocation of 120."",""type"":""claim"",""unit"":""headcount"",""value"":""120.0""}"
"perimeter:keystone_employee_e0210,_indianapolis_location,_technical_service_line",perimeter,"Keystone employee E0210, Indianapolis location, Technical service line","{""id"":""perimeter:keystone_employee_e0210,_indianapolis_location,_technical_service_line"",""label"":""Keystone employee E0210, Indianapolis location, Technical service line"",""type"":""perimeter""}"
claim:0406,claim,,"{""deal"":""keystone"",""derivation"":null,""direction"":""context"",""epistemic"":""observed"",""id"":""claim:0406"",""locator"":""keystone_data_room_extract.md::section:w17500-17750"",""statement"":""Employee E0211 in Chicago, Technical service line (Permitting & Advisory), has a headcount allocation of 137."",""type"":""claim"",""unit"":""headcount"",""value"":""137.0""}"
"perimeter:keystone_employee_e0211,_chicago_location,_technical_service_line",perimeter,"Keystone employee E0211, Chicago location, Technical service line","{""id"":""perimeter:keystone_employee_e0211,_chicago_location,_technical_service_line"",""label"":""Keystone employee E0211, Chicago location, Technical service line"",""type"":""perimeter""}"
claim:0407,claim,,"{""deal"":""keystone"",""derivation"":null,""direction"":""context"",""epistemic"":""observed"",""id"":""claim:0407"",""locator"":""keystone_data_room_extract.md::section:w17500-17750"",""statement"":""Employee E0212 in Detroit, Technical service line (EHS Compliance), has a headcount allocation of 64."",""type"":""claim"",""unit"":""headcount"",""value"":""64.0""}"
"perimeter:keystone_employee_e0212,_detroit_location,_technical_service_line",perimeter,"Keystone employee E0212, Detroit location, Technical service line","{""id"":""perimeter:keystone_employee_e0212,_detroit_location,_technical_service_line"",""label"":""Keystone employee E0212, Detroit location, Technical service line"",""type"":""perimeter""}"
claim:0408,claim,,"{""deal"":""keystone"",""derivation"":null,""direction"":""context"",""epistemic"":""observed"",""id"":""claim:0408"",""locator"":""keystone_data_room_extract.md::section:w17500-17750"",""statement"":""Employee E0213 in Louisville, Technical service line (Industrial Hygiene), has a headcount allocation of 81."",""type"":""claim"",""unit"":""headcount"",""value"":""81.0""}"
"perimeter:keystone_employee_e0213,_louisville_location,_technical_service_line",perimeter,"Keystone employee E0213, Louisville location, Technical service line","{""id"":""perimeter:keystone_employee_e0213,_louisville_location,_technical_service_line"",""label"":""Keystone employee E0213, Louisville location, Technical service line"",""type"":""perimeter""}"
claim:0409,claim,,"{""deal"":""keystone"",""derivation"":null,""direction"":""context"",""epistemic"":""observed"",""id"":""claim:0409"",""locator"":""keystone_data_room_extract.md::section:w17750-18000"",""statement"":""Keystone Project Management Field Inspection role in Midwest region has 98 headcount as of 2025-11-15."",""type"":""claim"",""unit"":""headcount"",""value"":""98.0""}"
"perimeter:keystone_consolidated_headcount,_project_management_service_line,_field_inspection_role,_midwest_region",perimeter,"Keystone consolidated headcount, Project Management service line, Field Inspection role, Midwest region","{""id"":""perimeter:keystone_consolidated_headcount,_project_management_service_line,_field_inspection_role,_midwest_region"",""label"":""Keystone consolidated headcount, Project Management service line, Field Inspection role, Midwest region"",""type"":""perimeter""}"
claim:0410,claim,,"{""deal"":""keystone"",""derivation"":null,""direction"":""context"",""epistemic"":""observed"",""id"":""claim:0410"",""locator"":""keystone_data_room_extract.md::section:w17750-18000"",""statement"":""Keystone Corporate Permitting & Advisory role in Midwest region has 115 headcount as of 2025-11-15."",""type"":""claim"",""unit"":""headcount"",""value"":""115.0""}"
"perimeter:keystone_consolidated_headcount,_corporate_service_line,_permitting_&_advisory_role,_midwest_region",perimeter,"Keystone consolidated headcount, Corporate service line, Permitting & Advisory role, Midwest region","{""id"":""perimeter:keystone_consolidated_headcount,_corporate_service_line,_permitting_&_advisory_role,_midwest_region"",""label"":""Keystone consolidated headcount, Corporate service line, Permitting & Advisory role, Midwest region"",""type"":""perimeter""}"
claim:0411,claim,,"{""deal"":""keystone"",""derivation"":null,""direction"":""context"",""epistemic"":""observed"",""id"":""claim:0411"",""locator"":""keystone_data_room_extract.md::section:w17750-18000"",""statement"":""Keystone Sales EHS Compliance role in Southeast region has 128 headcount as of 2025-11-15."",""type"":""claim"",""unit"":""headcount"",""value"":""128.0""}"
"perimeter:keystone_consolidated_headcount,_sales_service_line,_ehs_compliance_role,_southeast_region",perimeter,"Keystone consolidated headcount, Sales service line, EHS Compliance role, Southeast region","{""id"":""perimeter:keystone_consolidated_headcount,_sales_service_line,_ehs_compliance_role,_southeast_region"",""label"":""Keystone consolidated headcount, Sales service line, EHS Compliance role, Southeast region"",""type"":""perimeter""}"
claim:0412,claim,,"{""deal"":""keystone"",""derivation"":null,""direction"":""context"",""epistemic"":""observed"",""id"":""claim:0412"",""locator"":""keystone_data_room_extract.md::section:w17750-18000"",""statement"":""Keystone Finance Industrial Hygiene role in Midwest region has 141 headcount as of 2025-11-15."",""type"":""claim"",""unit"":""headcount"",""value"":""141.0""}"
"perimeter:keystone_consolidated_headcount,_finance_service_line,_industrial_hygiene_role,_midwest_region",perimeter,"Keystone consolidated headcount, Finance service line, Industrial Hygiene role, Midwest region","{""id"":""perimeter:keystone_consolidated_headcount,_finance_service_line,_industrial_hygiene_role,_midwest_region"",""label"":""Keystone consolidated headcount, Finance service line, Industrial Hygiene role, Midwest region"",""type"":""perimeter""}"
claim:0413,claim,,"{""deal"":""keystone"",""derivation"":null,""direction"":""context"",""epistemic"":""observed"",""id"":""claim:0413"",""locator"":""keystone_data_room_extract.md::section:w17750-18000"",""statement"":""Keystone HR Field Inspection role in Midwest region has 154 headcount as of 2025-11-15."",""type"":""claim"",""unit"":""headcount"",""value"":""154.0""}"
"perimeter:keystone_consolidated_headcount,_hr_service_line,_field_inspection_role,_midwest_region",perimeter,"Keystone consolidated headcount, HR service line, Field Inspection role, Midwest region","{""id"":""perimeter:keystone_consolidated_headcount,_hr_service_line,_field_inspection_role,_midwest_region"",""label"":""Keystone consolidated headcount, HR service line, Field Inspection role, Midwest region"",""type"":""perimeter""}"
claim:0414,claim,,"{""deal"":""keystone"",""derivation"":null,""direction"":""context"",""epistemic"":""observed"",""id"":""claim:0414"",""locator"":""keystone_data_room_extract.md::section:w17750-18000"",""statement"":""Keystone IT Permitting & Advisory role in Southeast region has 167 headcount as of 2025-11-15."",""type"":""claim"",""unit"":""headcount"",""value"":""167.0""}"
"perimeter:keystone_consolidated_headcount,_it_service_line,_permitting_&_advisory_role,_southeast_region",perimeter,"Keystone consolidated headcount, IT service line, Permitting & Advisory role, Southeast region","{""id"":""perimeter:keystone_consolidated_headcount,_it_service_line,_permitting_&_advisory_role,_southeast_region"",""label"":""Keystone consolidated headcount, IT service line, Permitting & Advisory role, Southeast region"",""type"":""perimeter""}"
claim:0415,claim,,"{""deal"":""keystone"",""derivation"":null,""direction"":""context"",""epistemic"":""observed"",""id"":""claim:0415"",""locator"":""keystone_data_room_extract.md::section:w17750-18000"",""statement"":""Keystone Technical EHS Compliance role in Midwest region has 110 headcount as of 2025-11-15."",""type"":""claim"",""unit"":""headcount"",""value"":""110.0""}"
"perimeter:keystone_consolidated_headcount,_technical_service_line,_ehs_compliance_role,_midwest_region",perimeter,"Keystone consolidated headcount, Technical service line, EHS Compliance role, Midwest region","{""id"":""perimeter:keystone_consolidated_headcount,_technical_service_line,_ehs_compliance_role,_midwest_region"",""label"":""Keystone consolidated headcount, Technical service line, EHS Compliance role, Midwest region"",""type"":""perimeter""}"
claim:0416,claim,,"{""deal"":""keystone"",""derivation"":null,""direction"":""context"",""epistemic"":""observed"",""id"":""claim:0416"",""locator"":""keystone_data_room_extract.md::section:w18000-18250"",""statement"":""Employee E0221 in Milwaukee, Industrial Hygiene technical service, has a utilization metric of 127."",""type"":""claim"",""unit"":""headcount"",""value"":""127.0""}"
"perimeter:keystone_employee_e0221_(milwaukee,_industrial_hygiene,_technical)",perimeter,"Keystone employee E0221 (Milwaukee, Industrial Hygiene, Technical)","{""id"":""perimeter:keystone_employee_e0221_(milwaukee,_industrial_hygiene,_technical)"",""label"":""Keystone employee E0221 (Milwaukee, Industrial Hygiene, Technical)"",""type"":""perimeter""}"
claim:0417,claim,,"{""deal"":""keystone"",""derivation"":null,""direction"":""context"",""epistemic"":""observed"",""id"":""claim:0417"",""locator"":""keystone_data_room_extract.md::section:w18000-18250"",""statement"":""Employee E0222 in St. Louis, Field Inspection technical service, has a utilization metric of 144."",""type"":""claim"",""unit"":""headcount"",""value"":""144.0""}"
"perimeter:keystone_employee_e0222_(st._louis,_field_inspection,_technical)",perimeter,"Keystone employee E0222 (St. Louis, Field Inspection, Technical)","{""id"":""perimeter:keystone_employee_e0222_(st._louis,_field_inspection,_technical)"",""label"":""Keystone employee E0222 (St. Louis, Field Inspection, Technical)"",""type"":""perimeter""}"
claim:0418,claim,,"{""deal"":""keystone"",""derivation"":null,""direction"":""context"",""epistemic"":""observed"",""id"":""claim:0418"",""locator"":""keystone_data_room_extract.md::section:w18000-18250"",""statement"":""Employee E0223 in Richmond, Permitting & Advisory technical service, has a utilization metric of 71."",""type"":""claim"",""unit"":""headcount"",""value"":""71.0""}"
"perimeter:keystone_employee_e0223_(richmond,_permitting_&_advisory,_technical)",perimeter,"Keystone employee E0223 (Richmond, Permitting & Advisory, Technical)","{""id"":""perimeter:keystone_employee_e0223_(richmond,_permitting_&_advisory,_technical)"",""label"":""Keystone employee E0223 (Richmond, Permitting & Advisory, Technical)"",""type"":""perimeter""}"
claim:0419,claim,,"{""deal"":""keystone"",""derivation"":null,""direction"":""context"",""epistemic"":""observed"",""id"":""claim:0419"",""locator"":""keystone_data_room_extract.md::section:w18000-18250"",""statement"":""Employee E0224 in Indianapolis, EHS Compliance project management service, has a utilization metric of 88."",""type"":""claim"",""unit"":""headcount"",""value"":""88.0""}"
"perimeter:keystone_employee_e0224_(indianapolis,_ehs_compliance,_project_management)",perimeter,"Keystone employee E0224 (Indianapolis, EHS Compliance, Project Management)","{""id"":""perimeter:keystone_employee_e0224_(indianapolis,_ehs_compliance,_project_management)"",""label"":""Keystone employee E0224 (Indianapolis, EHS Compliance, Project Management)"",""type"":""perimeter""}"
claim:0420,claim,,"{""deal"":""keystone"",""derivation"":null,""direction"":""context"",""epistemic"":""observed"",""id"":""claim:0420"",""locator"":""keystone_data_room_extract.md::section:w18000-18250"",""statement"":""Employee E0225 in Chicago, Industrial Hygiene corporate function, has a utilization metric of 135."",""type"":""claim"",""unit"":""headcount"",""value"":""135.0""}"
"perimeter:keystone_employee_e0225_(chicago,_industrial_hygiene,_corporate)",perimeter,"Keystone employee E0225 (Chicago, Industrial Hygiene, Corporate)","{""id"":""perimeter:keystone_employee_e0225_(chicago,_industrial_hygiene,_corporate)"",""label"":""Keystone employee E0225 (Chicago, Industrial Hygiene, Corporate)"",""type"":""perimeter""}"
claim:0421,claim,,"{""deal"":""keystone"",""derivation"":null,""direction"":""context"",""epistemic"":""observed"",""id"":""claim:0421"",""locator"":""keystone_data_room_extract.md::section:w18000-18250"",""statement"":""Employee E0226 in Detroit, Field Inspection sales function, has a utilization metric of 148."",""type"":""claim"",""unit"":""headcount"",""value"":""148.0""}"
"perimeter:keystone_employee_e0226_(detroit,_field_inspection,_sales)",perimeter,"Keystone employee E0226 (Detroit, Field Inspection, Sales)","{""id"":""perimeter:keystone_employee_e0226_(detroit,_field_inspection,_sales)"",""label"":""Keystone employee E0226 (Detroit, Field Inspection, Sales)"",""type"":""perimeter""}"
claim:0422,claim,,"{""deal"":""keystone"",""derivation"":null,""direction"":""context"",""epistemic"":""observed"",""id"":""claim:0422"",""locator"":""keystone_data_room_extract.md::section:w18000-18250"",""statement"":""Employee E0227 in Louisville, Permitting & Advisory finance function, has a utilization metric of 161."",""type"":""claim"",""unit"":""headcount"",""value"":""161.0""}"
"perimeter:keystone_employee_e0227_(louisville,_permitting_&_advisory,_finance)",perimeter,"Keystone employee E0227 (Louisville, Permitting & Advisory, Finance)","{""id"":""perimeter:keystone_employee_e0227_(louisville,_permitting_&_advisory,_finance)"",""label"":""Keystone employee E0227 (Louisville, Permitting & Advisory, Finance)"",""type"":""perimeter""}"
claim:0423,claim,,"{""deal"":""keystone"",""derivation"":null,""direction"":""context"",""epistemic"":""observed"",""id"":""claim:0423"",""locator"":""keystone_data_room_extract.md::section:w18250-18500"",""statement"":""Employee E0228 in Nashville, Southeast region, HR department, EHS Compliance service line has a headcount allocation of 174."",""type"":""claim"",""unit"":""headcount"",""value"":""174.0""}"
"perimeter:keystone_ehs_compliance_service_line,_nashville_location,_southeast_region,_hr_department",perimeter,"Keystone EHS Compliance service line, Nashville location, Southeast region, HR department","{""id"":""perimeter:keystone_ehs_compliance_service_line,_nashville_location,_southeast_region,_hr_department"",""label"":""Keystone EHS Compliance service line, Nashville location, Southeast region, HR department"",""type"":""perimeter""}"
claim:0424,claim,,"{""deal"":""keystone"",""derivation"":null,""direction"":""context"",""epistemic"":""observed"",""id"":""claim:0424"",""locator"":""keystone_data_room_extract.md::section:w18250-18500"",""statement"":""Employee E0229 in Raleigh, Midwest region, IT department, Industrial Hygiene service line has a headcount allocation of 77."",""type"":""claim"",""unit"":""headcount"",""value"":""77.0""}"
"perimeter:keystone_industrial_hygiene_service_line,_raleigh_location,_midwest_region,_it_department",perimeter,"Keystone Industrial Hygiene service line, Raleigh location, Midwest region, IT department","{""id"":""perimeter:keystone_industrial_hygiene_service_line,_raleigh_location,_midwest_region,_it_department"",""label"":""Keystone Industrial Hygiene service line, Raleigh location, Midwest region, IT department"",""type"":""perimeter""}"
claim:0425,claim,,"{""deal"":""keystone"",""derivation"":null,""direction"":""context"",""epistemic"":""observed"",""id"":""claim:0425"",""locator"":""keystone_data_room_extract.md::section:w18250-18500"",""statement"":""Employee E0230 in Charlotte, Midwest region, Technical department, Field Inspection service line has a headcount allocation of 100."",""type"":""claim"",""unit"":""headcount"",""value"":""100.0""}"
"perimeter:keystone_field_inspection_service_line,_charlotte_location,_midwest_region,_technical_department",perimeter,"Keystone Field Inspection service line, Charlotte location, Midwest region, Technical department","{""id"":""perimeter:keystone_field_inspection_service_line,_charlotte_location,_midwest_region,_technical_department"",""label"":""Keystone Field Inspection service line, Charlotte location, Midwest region, Technical department"",""type"":""perimeter""}"
claim:0426,claim,,"{""deal"":""keystone"",""derivation"":null,""direction"":""context"",""epistemic"":""observed"",""id"":""claim:0426"",""locator"":""keystone_data_room_extract.md::section:w18250-18500"",""statement"":""Employee E0231 in Cincinnati, Southeast region, Technical department, Permitting & Advisory service line has a headcount allocation of 117."",""type"":""claim"",""unit"":""headcount"",""value"":""117.0""}"
"perimeter:keystone_permitting_&_advisory_service_line,_cincinnati_location,_southeast_region,_technical_department",perimeter,"Keystone Permitting & Advisory service line, Cincinnati location, Southeast region, Technical department","{""id"":""perimeter:keystone_permitting_&_advisory_service_line,_cincinnati_location,_southeast_region,_technical_department"",""label"":""Keystone Permitting & Advisory service line, Cincinnati location, Southeast region, Technical department"",""type"":""perimeter""}"
claim:0427,claim,,"{""deal"":""keystone"",""derivation"":null,""direction"":""context"",""epistemic"":""observed"",""id"":""claim:0427"",""locator"":""keystone_data_room_extract.md::section:w18250-18500"",""statement"":""Employee E0232 in Columbus, Midwest region, Technical department, EHS Compliance service line has a headcount allocation of 134."",""type"":""claim"",""unit"":""headcount"",""value"":""134.0""}"
"perimeter:keystone_ehs_compliance_service_line,_columbus_location,_midwest_region,_technical_department",perimeter,"Keystone EHS Compliance service line, Columbus location, Midwest region, Technical department","{""id"":""perimeter:keystone_ehs_compliance_service_line,_columbus_location,_midwest_region,_technical_department"",""label"":""Keystone EHS Compliance service line, Columbus location, Midwest region, Technical department"",""type"":""perimeter""}"
claim:0428,claim,,"{""deal"":""keystone"",""derivation"":null,""direction"":""context"",""epistemic"":""observed"",""id"":""claim:0428"",""locator"":""keystone_data_room_extract.md::section:w18250-18500"",""statement"":""Employee E0233 in Knoxville, Midwest region, Technical department, Industrial Hygiene service line has a headcount allocation of 61."",""type"":""claim"",""unit"":""headcount"",""value"":""61.0""}"
"perimeter:keystone_industrial_hygiene_service_line,_knoxville_location,_midwest_region,_technical_department",perimeter,"Keystone Industrial Hygiene service line, Knoxville location, Midwest region, Technical department","{""id"":""perimeter:keystone_industrial_hygiene_service_line,_knoxville_location,_midwest_region,_technical_department"",""label"":""Keystone Industrial Hygiene service line, Knoxville location, Midwest region, Technical department"",""type"":""perimeter""}"
claim:0429,claim,,"{""deal"":""keystone"",""derivation"":null,""direction"":""context"",""epistemic"":""observed"",""id"":""claim:0429"",""locator"":""keystone_data_room_extract.md::section:w18250-18500"",""statement"":""Employee E0234 in Greenville, Southeast region, Project Management department, Field Inspection service line has a headcount allocation of 78."",""type"":""claim"",""unit"":""headcount"",""value"":""78.0""}"
"perimeter:keystone_field_inspection_service_line,_greenville_location,_southeast_region,_project_management_department",perimeter,"Keystone Field Inspection service line, Greenville location, Southeast region, Project Management department","{""id"":""perimeter:keystone_field_inspection_service_line,_greenville_location,_southeast_region,_project_management_department"",""label"":""Keystone Field Inspection service line, Greenville location, Southeast region, Project Management department"",""type"":""perimeter""}"
claim:0430,claim,,"{""deal"":""keystone"",""derivation"":null,""direction"":""context"",""epistemic"":""observed"",""id"":""claim:0430"",""locator"":""keystone_data_room_extract.md::section:w18750-19000"",""statement"":""Employee E0241 (Northstar, Nashville, Midwest, Technical, Field Inspection) has a headcount value of 107."",""type"":""claim"",""unit"":""headcount"",""value"":""107.0""}"
"perimeter:keystone_employee_e0241_(nashville,_midwest,_technical,_field_inspection)",perimeter,"Keystone employee E0241 (Nashville, Midwest, Technical, Field Inspection)","{""id"":""perimeter:keystone_employee_e0241_(nashville,_midwest,_technical,_field_inspection)"",""label"":""Keystone employee E0241 (Nashville, Midwest, Technical, Field Inspection)"",""type"":""perimeter""}"
claim:0431,claim,,"{""deal"":""keystone"",""derivation"":null,""direction"":""context"",""epistemic"":""observed"",""id"":""claim:0431"",""locator"":""keystone_data_room_extract.md::section:w18750-19000"",""statement"":""Employee E0242 (Delta, Nashville, Midwest, Technical, Field Inspection) has a headcount value of 124."",""type"":""claim"",""unit"":""headcount"",""value"":""124.0""}"
"perimeter:keystone_employee_e0242_(nashville,_midwest,_technical,_field_inspection)",perimeter,"Keystone employee E0242 (Nashville, Midwest, Technical, Field Inspection)","{""id"":""perimeter:keystone_employee_e0242_(nashville,_midwest,_technical,_field_inspection)"",""label"":""Keystone employee E0242 (Nashville, Midwest, Technical, Field Inspection)"",""type"":""perimeter""}"
claim:0432,claim,,"{""deal"":""keystone"",""derivation"":null,""direction"":""context"",""epistemic"":""observed"",""id"":""claim:0432"",""locator"":""keystone_data_room_extract.md::section:w18750-19000"",""statement"":""Employee E0243 (Meridian, Raleigh, Southeast, Technical, Permitting & Advisory) has a headcount value of 141."",""type"":""claim"",""unit"":""headcount"",""value"":""141.0""}"
"perimeter:keystone_employee_e0243_(raleigh,_southeast,_technical,_permitting_&_advisory)",perimeter,"Keystone employee E0243 (Raleigh, Southeast, Technical, Permitting & Advisory)","{""id"":""perimeter:keystone_employee_e0243_(raleigh,_southeast,_technical,_permitting_&_advisory)"",""label"":""Keystone employee E0243 (Raleigh, Southeast, Technical, Permitting & Advisory)"",""type"":""perimeter""}"
claim:0433,claim,,"{""deal"":""keystone"",""derivation"":null,""direction"":""context"",""epistemic"":""observed"",""id"":""claim:0433"",""locator"":""keystone_data_room_extract.md::section:w18750-19000"",""statement"":""Employee E0244 (Summit, Charlotte, Midwest, Project Management, EHS Compliance) has a headcount value of 68."",""type"":""claim"",""unit"":""headcount"",""value"":""68.0""}"
"perimeter:keystone_employee_e0244_(charlotte,_midwest,_project_management,_ehs_compliance)",perimeter,"Keystone employee E0244 (Charlotte, Midwest, Project Management, EHS Compliance)","{""id"":""perimeter:keystone_employee_e0244_(charlotte,_midwest,_project_management,_ehs_compliance)"",""label"":""Keystone employee E0244 (Charlotte, Midwest, Project Management, EHS Compliance)"",""type"":""perimeter""}"
claim:0434,claim,,"{""deal"":""keystone"",""derivation"":null,""direction"":""context"",""epistemic"":""observed"",""id"":""claim:0434"",""locator"":""keystone_data_room_extract.md::section:w18750-19000"",""statement"":""Employee E0245 (Legacy Alderstone, Cincinnati, Midwest, Corporate, Industrial Hygiene) has a headcount value of 175."",""type"":""claim"",""unit"":""headcount"",""value"":""175.0""}"
"perimeter:keystone_employee_e0245_(cincinnati,_midwest,_corporate,_industrial_hygiene)",perimeter,"Keystone employee E0245 (Cincinnati, Midwest, Corporate, Industrial Hygiene)","{""id"":""perimeter:keystone_employee_e0245_(cincinnati,_midwest,_corporate,_industrial_hygiene)"",""label"":""Keystone employee E0245 (Cincinnati, Midwest, Corporate, Industrial Hygiene)"",""type"":""perimeter""}"
claim:0435,claim,,"{""deal"":""keystone"",""derivation"":null,""direction"":""context"",""epistemic"":""observed"",""id"":""claim:0435"",""locator"":""keystone_data_room_extract.md::section:w18750-19000"",""statement"":""Employee E0246 (Northstar, Columbus, Southeast, Sales, Field Inspection) has a headcount value of 78."",""type"":""claim"",""unit"":""headcount"",""value"":""78.0""}"
"perimeter:keystone_employee_e0246_(columbus,_southeast,_sales,_field_inspection)",perimeter,"Keystone employee E0246 (Columbus, Southeast, Sales, Field Inspection)","{""id"":""perimeter:keystone_employee_e0246_(columbus,_southeast,_sales,_field_inspection)"",""label"":""Keystone employee E0246 (Columbus, Southeast, Sales, Field Inspection)"",""type"":""perimeter""}"
claim:0436,claim,,"{""deal"":""keystone"",""derivation"":null,""direction"":""context"",""epistemic"":""observed"",""id"":""claim:0436"",""locator"":""keystone_data_room_extract.md::section:w18750-19000"",""statement"":""Employee E0247 (Delta, Knoxville, Midwest, Finance, Permitting & Advisory) has a headcount value of 91."",""type"":""claim"",""unit"":""headcount"",""value"":""91.0""}"
"perimeter:keystone_employee_e0247_(knoxville,_midwest,_finance,_permitting_&_advisory)",perimeter,"Keystone employee E0247 (Knoxville, Midwest, Finance, Permitting & Advisory)","{""id"":""perimeter:keystone_employee_e0247_(knoxville,_midwest,_finance,_permitting_&_advisory)"",""label"":""Keystone employee E0247 (Knoxville, Midwest, Finance, Permitting & Advisory)"",""type"":""perimeter""}"
claim:0437,claim,,"{""deal"":""keystone"",""derivation"":null,""direction"":""context"",""epistemic"":""observed"",""id"":""claim:0437"",""locator"":""keystone_data_room_extract.md::section:w18500-18750"",""statement"":""Employee E0235 at Summit (Milwaukee, Midwest, Corporate) in Permitting & Advisory has a headcount allocation of 155 as of 2018-07-01."",""type"":""claim"",""unit"":""headcount"",""value"":""155.0""}"
period:as_of_2018-07-01,period,as of 2018-07-01,"{""id"":""period:as_of_2018-07-01"",""label"":""as of 2018-07-01"",""type"":""period""}"
"perimeter:keystone_consolidated_headcount_by_employee_record_(e0235,_summit,_milwaukee,_midwest,_corporate,_permitting_&_advisory)",perimeter,"Keystone consolidated headcount by employee record (E0235, Summit, Milwaukee, Midwest, Corporate, Permitting & Advisory)","{""id"":""perimeter:keystone_consolidated_headcount_by_employee_record_(e0235,_summit,_milwaukee,_midwest,_corporate,_permitting_&_advisory)"",""label"":""Keystone consolidated headcount by employee record (E0235, Summit, Milwaukee, Midwest, Corporate, Permitting & Advisory)"",""type"":""perimeter""}"
claim:0438,claim,,"{""deal"":""keystone"",""derivation"":null,""direction"":""context"",""epistemic"":""observed"",""id"":""claim:0438"",""locator"":""keystone_data_room_extract.md::section:w18500-18750"",""statement"":""Employee E0236 at Legacy Alderstone (St. Louis, Midwest, Sales) in EHS Compliance has a headcount allocation of 168 as of 2019-08-01."",""type"":""claim"",""unit"":""headcount"",""value"":""168.0""}"
period:as_of_2019-08-01,period,as of 2019-08-01,"{""id"":""period:as_of_2019-08-01"",""label"":""as of 2019-08-01"",""type"":""period""}"
"perimeter:keystone_consolidated_headcount_by_employee_record_(e0236,_legacy_alderstone,_st._louis,_midwest,_sales,_ehs_compliance)",perimeter,"Keystone consolidated headcount by employee record (E0236, Legacy Alderstone, St. Louis, Midwest, Sales, EHS Compliance)","{""id"":""perimeter:keystone_consolidated_headcount_by_employee_record_(e0236,_legacy_alderstone,_st._louis,_midwest,_sales,_ehs_compliance)"",""label"":""Keystone consolidated headcount by employee record (E0236, Legacy Alderstone, St. Louis, Midwest, Sales, EHS Compliance)"",""type"":""perimeter""}"
claim:0439,claim,,"{""deal"":""keystone"",""derivation"":null,""direction"":""context"",""epistemic"":""observed"",""id"":""claim:0439"",""locator"":""keystone_data_room_extract.md::section:w18500-18750"",""statement"":""Employee E0237 at Northstar (Richmond, Southeast, Finance) in Industrial Hygiene has a headcount allocation of 71 as of 2020-09-01."",""type"":""claim"",""unit"":""headcount"",""value"":""71.0""}"
period:as_of_2020-09-01,period,as of 2020-09-01,"{""id"":""period:as_of_2020-09-01"",""label"":""as of 2020-09-01"",""type"":""period""}"
"perimeter:keystone_consolidated_headcount_by_employee_record_(e0237,_northstar,_richmond,_southeast,_finance,_industrial_hygiene)",perimeter,"Keystone consolidated headcount by employee record (E0237, Northstar, Richmond, Southeast, Finance, Industrial Hygiene)","{""id"":""perimeter:keystone_consolidated_headcount_by_employee_record_(e0237,_northstar,_richmond,_southeast,_finance,_industrial_hygiene)"",""label"":""Keystone consolidated headcount by employee record (E0237, Northstar, Richmond, Southeast, Finance, Industrial Hygiene)"",""type"":""perimeter""}"
claim:0440,claim,,"{""deal"":""keystone"",""derivation"":null,""direction"":""context"",""epistemic"":""observed"",""id"":""claim:0440"",""locator"":""keystone_data_room_extract.md::section:w18500-18750"",""statement"":""Employee E0238 at Delta (Indianapolis, Midwest, HR) in Field Inspection has a headcount allocation of 84 as of 2021-10-01."",""type"":""claim"",""unit"":""headcount"",""value"":""84.0""}"
period:as_of_2021-10-01,period,as of 2021-10-01,"{""id"":""period:as_of_2021-10-01"",""label"":""as of 2021-10-01"",""type"":""period""}"
"perimeter:keystone_consolidated_headcount_by_employee_record_(e0238,_delta,_indianapolis,_midwest,_hr,_field_inspection)",perimeter,"Keystone consolidated headcount by employee record (E0238, Delta, Indianapolis, Midwest, HR, Field Inspection)","{""id"":""perimeter:keystone_consolidated_headcount_by_employee_record_(e0238,_delta,_indianapolis,_midwest,_hr,_field_inspection)"",""label"":""Keystone consolidated headcount by employee record (E0238, Delta, Indianapolis, Midwest, HR, Field Inspection)"",""type"":""perimeter""}"
claim:0441,claim,,"{""deal"":""keystone"",""derivation"":null,""direction"":""context"",""epistemic"":""observed"",""id"":""claim:0441"",""locator"":""keystone_data_room_extract.md::section:w18500-18750"",""statement"":""Employee E0239 at Meridian (Chicago, Midwest, IT) in Permitting & Advisory has a headcount allocation of 97 as of 2022-11-01."",""type"":""claim"",""unit"":""headcount"",""value"":""97.0""}"
period:as_of_2022-11-01,period,as of 2022-11-01,"{""id"":""period:as_of_2022-11-01"",""label"":""as of 2022-11-01"",""type"":""period""}"
"perimeter:keystone_consolidated_headcount_by_employee_record_(e0239,_meridian,_chicago,_midwest,_it,_permitting_&_advisory)",perimeter,"Keystone consolidated headcount by employee record (E0239, Meridian, Chicago, Midwest, IT, Permitting & Advisory)","{""id"":""perimeter:keystone_consolidated_headcount_by_employee_record_(e0239,_meridian,_chicago,_midwest,_it,_permitting_&_advisory)"",""label"":""Keystone consolidated headcount by employee record (E0239, Meridian, Chicago, Midwest, IT, Permitting & Advisory)"",""type"":""perimeter""}"
claim:0442,claim,,"{""deal"":""keystone"",""derivation"":null,""direction"":""context"",""epistemic"":""observed"",""id"":""claim:0442"",""locator"":""keystone_data_room_extract.md::section:w18500-18750"",""statement"":""Employee E0240 at Summit (Detroit, Southeast, Technical) in EHS Compliance has a headcount allocation of 90 as of 2023-12-01."",""type"":""claim"",""unit"":""headcount"",""value"":""90.0""}"
period:as_of_2023-12-01,period,as of 2023-12-01,"{""id"":""period:as_of_2023-12-01"",""label"":""as of 2023-12-01"",""type"":""period""}"
"perimeter:keystone_consolidated_headcount_by_employee_record_(e0240,_summit,_detroit,_southeast,_technical,_ehs_compliance)",perimeter,"Keystone consolidated headcount by employee record (E0240, Summit, Detroit, Southeast, Technical, EHS Compliance)","{""id"":""perimeter:keystone_consolidated_headcount_by_employee_record_(e0240,_summit,_detroit,_southeast,_technical,_ehs_compliance)"",""label"":""Keystone consolidated headcount by employee record (E0240, Summit, Detroit, Southeast, Technical, EHS Compliance)"",""type"":""perimeter""}"
claim:0443,claim,,"{""deal"":""keystone"",""derivation"":null,""direction"":""context"",""epistemic"":""observed"",""id"":""claim:0443"",""locator"":""keystone_data_room_extract.md::section:w18500-18750"",""statement"":""Employee E0235 (Summit, Milwaukee, Permitting & Advisory) has a tenure metric of 0.15 as of 2018-07-01."",""type"":""claim"",""unit"":""turns"",""value"":""0.15""}"
"perimeter:keystone_consolidated_employee_tenure_metric_by_record_(e0235,_summit,_milwaukee)",perimeter,"Keystone consolidated employee tenure metric by record (E0235, Summit, Milwaukee)","{""id"":""perimeter:keystone_consolidated_employee_tenure_metric_by_record_(e0235,_summit,_milwaukee)"",""label"":""Keystone consolidated employee tenure metric by record (E0235, Summit, Milwaukee)"",""type"":""perimeter""}"
claim:0444,claim,,"{""deal"":""keystone"",""derivation"":null,""direction"":""context"",""epistemic"":""observed"",""id"":""claim:0444"",""locator"":""keystone_data_room_extract.md::section:w18500-18750"",""statement"":""Employee E0236 (Legacy Alderstone, St. Louis, EHS Compliance) has a tenure metric of 0.15 as of 2019-08-01."",""type"":""claim"",""unit"":""turns"",""value"":""0.15""}"
"perimeter:keystone_consolidated_employee_tenure_metric_by_record_(e0236,_legacy_alderstone,_st._louis)",perimeter,"Keystone consolidated employee tenure metric by record (E0236, Legacy Alderstone, St. Louis)","{""id"":""perimeter:keystone_consolidated_employee_tenure_metric_by_record_(e0236,_legacy_alderstone,_st._louis)"",""label"":""Keystone consolidated employee tenure metric by record (E0236, Legacy Alderstone, St. Louis)"",""type"":""perimeter""}"
claim:0445,claim,,"{""deal"":""keystone"",""derivation"":null,""direction"":""context"",""epistemic"":""observed"",""id"":""claim:0445"",""locator"":""keystone_data_room_extract.md::section:w18500-18750"",""statement"":""Employee E0237 (Northstar, Richmond, Industrial Hygiene) has a tenure metric of 0.15 as of 2020-09-01."",""type"":""claim"",""unit"":""turns"",""value"":""0.15""}"
"perimeter:keystone_consolidated_employee_tenure_metric_by_record_(e0237,_northstar,_richmond)",perimeter,"Keystone consolidated employee tenure metric by record (E0237, Northstar, Richmond)","{""id"":""perimeter:keystone_consolidated_employee_tenure_metric_by_record_(e0237,_northstar,_richmond)"",""label"":""Keystone consolidated employee tenure metric by record (E0237, Northstar, Richmond)"",""type"":""perimeter""}"
claim:0446,claim,,"{""deal"":""keystone"",""derivation"":null,""direction"":""context"",""epistemic"":""observed"",""id"":""claim:0446"",""locator"":""keystone_data_room_extract.md::section:w18500-18750"",""statement"":""Employee E0238 (Delta, Indianapolis, Field Inspection) has a tenure metric of 0.15 as of 2021-10-01."",""type"":""claim"",""unit"":""turns"",""value"":""0.15""}"
"perimeter:keystone_consolidated_employee_tenure_metric_by_record_(e0238,_delta,_indianapolis)",perimeter,"Keystone consolidated employee tenure metric by record (E0238, Delta, Indianapolis)","{""id"":""perimeter:keystone_consolidated_employee_tenure_metric_by_record_(e0238,_delta,_indianapolis)"",""label"":""Keystone consolidated employee tenure metric by record (E0238, Delta, Indianapolis)"",""type"":""perimeter""}"
claim:0447,claim,,"{""deal"":""keystone"",""derivation"":null,""direction"":""context"",""epistemic"":""observed"",""id"":""claim:0447"",""locator"":""keystone_data_room_extract.md::section:w18500-18750"",""statement"":""Employee E0239 (Meridian, Chicago, Permitting & Advisory) has a tenure metric of 0.15 as of 2022-11-01."",""type"":""claim"",""unit"":""turns"",""value"":""0.15""}"
"perimeter:keystone_consolidated_employee_tenure_metric_by_record_(e0239,_meridian,_chicago)",perimeter,"Keystone consolidated employee tenure metric by record (E0239, Meridian, Chicago)","{""id"":""perimeter:keystone_consolidated_employee_tenure_metric_by_record_(e0239,_meridian,_chicago)"",""label"":""Keystone consolidated employee tenure metric by record (E0239, Meridian, Chicago)"",""type"":""perimeter""}"
claim:0448,claim,,"{""deal"":""keystone"",""derivation"":null,""direction"":""context"",""epistemic"":""observed"",""id"":""claim:0448"",""locator"":""keystone_data_room_extract.md::section:w18500-18750"",""statement"":""Employee E0240 (Summit, Detroit, EHS Compliance) has a tenure metric of 0.05 as of 2023-12-01."",""type"":""claim"",""unit"":""turns"",""value"":""0.05""}"
"perimeter:keystone_consolidated_employee_tenure_metric_by_record_(e0240,_summit,_detroit)",perimeter,"Keystone consolidated employee tenure metric by record (E0240, Summit, Detroit)","{""id"":""perimeter:keystone_consolidated_employee_tenure_metric_by_record_(e0240,_summit,_detroit)"",""label"":""Keystone consolidated employee tenure metric by record (E0240, Summit, Detroit)"",""type"":""perimeter""}"
claim:0449,claim,,"{""deal"":""keystone"",""derivation"":null,""direction"":""context"",""epistemic"":""observed"",""id"":""claim:0449"",""locator"":""keystone_data_room_extract.md::section:w19000-19250"",""statement"":""EHS Compliance service line headcount is 104 as of 2025-11-15."",""type"":""claim"",""unit"":""headcount"",""value"":""104.0""}"
claim:0450,claim,,"{""deal"":""keystone"",""derivation"":null,""direction"":""context"",""epistemic"":""observed"",""id"":""claim:0450"",""locator"":""keystone_data_room_extract.md::section:w19000-19250"",""statement"":""Industrial Hygiene service line headcount is 117 as of 2025-11-15."",""type"":""claim"",""unit"":""headcount"",""value"":""117.0""}"
claim:0451,claim,,"{""deal"":""keystone"",""derivation"":null,""direction"":""context"",""epistemic"":""observed"",""id"":""claim:0451"",""locator"":""keystone_data_room_extract.md::section:w19000-19250"",""statement"":""Field Inspection service line headcount is 80 as of 2025-11-15."",""type"":""claim"",""unit"":""headcount"",""value"":""80.0""}"
claim:0452,claim,,"{""deal"":""keystone"",""derivation"":null,""direction"":""context"",""epistemic"":""observed"",""id"":""claim:0452"",""locator"":""keystone_data_room_extract.md::section:w19000-19250"",""statement"":""Permitting & Advisory service line headcount is 97 as of 2025-11-15."",""type"":""claim"",""unit"":""headcount"",""value"":""97.0""}"
claim:0453,claim,,"{""deal"":""keystone"",""derivation"":null,""direction"":""context"",""epistemic"":""observed"",""id"":""claim:0453"",""locator"":""keystone_data_room_extract.md::section:w19000-19250"",""statement"":""EHS Compliance service line headcount is 114 as of 2025-11-15."",""type"":""claim"",""unit"":""headcount"",""value"":""114.0""}"
claim:0454,claim,,"{""deal"":""keystone"",""derivation"":null,""direction"":""context"",""epistemic"":""observed"",""id"":""claim:0454"",""locator"":""keystone_data_room_extract.md::section:w19000-19250"",""statement"":""Industrial Hygiene service line headcount is 131 as of 2025-11-15."",""type"":""claim"",""unit"":""headcount"",""value"":""131.0""}"
claim:0455,claim,,"{""deal"":""keystone"",""derivation"":null,""direction"":""context"",""epistemic"":""observed"",""id"":""claim:0455"",""locator"":""keystone_data_room_extract.md::section:w19000-19250"",""statement"":""Field Inspection service line headcount is 148 as of 2025-11-15."",""type"":""claim"",""unit"":""headcount"",""value"":""148.0""}"
claim:0456,claim,,"{""deal"":""keystone"",""derivation"":null,""direction"":""context"",""epistemic"":""observed"",""id"":""claim:0456"",""locator"":""keystone_data_room_extract.md::section:w19500-19750:HRIS / KS-DL-1.2 employee roster, rows E0262–E0268"",""statement"":""Keystone HRIS records show 8 active employees (E0262–E0268) as of 2025-11-15, spanning Technical, Project Management, Corporate, Sales, Finance, and HR functions across Midwest and Southeast regions."",""type"":""claim"",""unit"":""headcount"",""value"":""8.0""}"
perimeter:keystone_consolidated_headcount_by_individual_employee_record,perimeter,Keystone consolidated headcount by individual employee record,"{""id"":""perimeter:keystone_consolidated_headcount_by_individual_employee_record"",""label"":""Keystone consolidated headcount by individual employee record"",""type"":""perimeter""}"
claim:0457,claim,,"{""deal"":""keystone"",""derivation"":null,""direction"":""context"",""epistemic"":""observed"",""id"":""claim:0457"",""locator"":""keystone_data_room_extract.md::section:w19500-19750:HRIS / KS-DL-1.2 employee roster, row E0262"",""statement"":""The most recent employee hire in the Keystone HRIS is E0262 (Greenville, Field Inspection) with a start date of 2024-11-01."",""type"":""claim"",""unit"":"""",""value"":""2024.0""}"
claim:0458,claim,,"{""deal"":""keystone"",""derivation"":null,""direction"":""supports"",""epistemic"":""observed"",""id"":""claim:0458"",""locator"":""keystone_data_room_extract.md::section:w19500-19750:HRIS / KS-DL-1.2 employee roster, row E0264"",""statement"":""The longest-tenured employee in the Keystone HRIS is E0264 (St. Louis, EHS Compliance, Manager) with a start date of 2015-01-01, representing approximately 10 years of tenure."",""type"":""claim"",""unit"":"""",""value"":""2015.0""}"
claim:0459,claim,,"{""deal"":""keystone"",""derivation"":null,""direction"":""context"",""epistemic"":""observed"",""id"":""claim:0459"",""locator"":""keystone_data_room_extract.md::section:w19250-19500:Data room HRIS extract, employee record E0255"",""statement"":""Employee E0255 in Louisville, Southeast region, Permitting & Advisory service line has headcount allocation of 85."",""type"":""claim"",""unit"":""headcount"",""value"":""85.0""}"
claim:0460,claim,,"{""deal"":""keystone"",""derivation"":null,""direction"":""context"",""epistemic"":""observed"",""id"":""claim:0460"",""locator"":""keystone_data_room_extract.md::section:w19250-19500:Data room HRIS extract, employee record E0256"",""statement"":""Employee E0256 in Nashville, Midwest region, EHS Compliance service line has headcount allocation of 98."",""type"":""claim"",""unit"":""headcount"",""value"":""98.0""}"
claim:0461,claim,,"{""deal"":""keystone"",""derivation"":null,""direction"":""context"",""epistemic"":""observed"",""id"":""claim:0461"",""locator"":""keystone_data_room_extract.md::section:w19250-19500:Data room HRIS extract, employee record E0257"",""statement"":""Employee E0257 in Raleigh, Midwest region, Industrial Hygiene service line has headcount allocation of 111."",""type"":""claim"",""unit"":""headcount"",""value"":""111.0""}"
claim:0462,claim,,"{""deal"":""keystone"",""derivation"":null,""direction"":""context"",""epistemic"":""observed"",""id"":""claim:0462"",""locator"":""keystone_data_room_extract.md::section:w19250-19500:Data room HRIS extract, employee record E0258"",""statement"":""Employee E0258 in Charlotte, Southeast region, Field Inspection service line has headcount allocation of 124."",""type"":""claim"",""unit"":""headcount"",""value"":""124.0""}"
claim:0463,claim,,"{""deal"":""keystone"",""derivation"":null,""direction"":""context"",""epistemic"":""observed"",""id"":""claim:0463"",""locator"":""keystone_data_room_extract.md::section:w19250-19500:Data room HRIS extract, employee record E0259"",""statement"":""Employee E0259 in Cincinnati, Midwest region, Permitting & Advisory service line has headcount allocation of 137."",""type"":""claim"",""unit"":""headcount"",""value"":""137.0""}"
claim:0464,claim,,"{""deal"":""keystone"",""derivation"":null,""direction"":""context"",""epistemic"":""observed"",""id"":""claim:0464"",""locator"":""keystone_data_room_extract.md::section:w19250-19500:Data room HRIS extract, employee record E0260"",""statement"":""Employee E0260 in Columbus, Midwest region, EHS Compliance service line has headcount allocation of 70."",""type"":""claim"",""unit"":""headcount"",""value"":""70.0""}"
claim:0465,claim,,"{""deal"":""keystone"",""derivation"":null,""direction"":""context"",""epistemic"":""observed"",""id"":""claim:0465"",""locator"":""keystone_data_room_extract.md::section:w19250-19500:Data room HRIS extract, employee record E0261"",""statement"":""Employee E0261 in Knoxville, Southeast region, Industrial Hygiene service line has headcount allocation of 87."",""type"":""claim"",""unit"":""headcount"",""value"":""87.0""}"
claim:0466,claim,,"{""deal"":""keystone"",""derivation"":null,""direction"":""context"",""epistemic"":""observed"",""id"":""claim:0466"",""locator"":""keystone_data_room_extract.md::section:w19250-19500:Data room HRIS extract, employee record E0255, hire date column"",""statement"":""Employee E0255 was hired on 2017-04-01."",""type"":""claim"",""unit"":"""",""value"":""2017.0""}"
claim:0467,claim,,"{""deal"":""keystone"",""derivation"":null,""direction"":""context"",""epistemic"":""observed"",""id"":""claim:0467"",""locator"":""keystone_data_room_extract.md::section:w19250-19500:Data room HRIS extract, employee record E0256, hire date column"",""statement"":""Employee E0256 was hired on 2018-05-01."",""type"":""claim"",""unit"":"""",""value"":""2018.0""}"
claim:0468,claim,,"{""deal"":""keystone"",""derivation"":null,""direction"":""context"",""epistemic"":""observed"",""id"":""claim:0468"",""locator"":""keystone_data_room_extract.md::section:w19250-19500:Data room HRIS extract, employee record E0257, hire date column"",""statement"":""Employee E0257 was hired on 2019-06-01."",""type"":""claim"",""unit"":"""",""value"":""2019.0""}"
claim:0469,claim,,"{""deal"":""keystone"",""derivation"":null,""direction"":""context"",""epistemic"":""observed"",""id"":""claim:0469"",""locator"":""keystone_data_room_extract.md::section:w19250-19500:Data room HRIS extract, employee record E0258, hire date column"",""statement"":""Employee E0258 was hired on 2020-07-01."",""type"":""claim"",""unit"":"""",""value"":""2020.0""}"
claim:0470,claim,,"{""deal"":""keystone"",""derivation"":null,""direction"":""context"",""epistemic"":""observed"",""id"":""claim:0470"",""locator"":""keystone_data_room_extract.md::section:w19250-19500:Data room HRIS extract, employee record E0259, hire date column"",""statement"":""Employee E0259 was hired on 2021-08-01."",""type"":""claim"",""unit"":"""",""value"":""2021.0""}"
claim:0471,claim,,"{""deal"":""keystone"",""derivation"":null,""direction"":""context"",""epistemic"":""observed"",""id"":""claim:0471"",""locator"":""keystone_data_room_extract.md::section:w19250-19500:Data room HRIS extract, employee record E0260, hire date column"",""statement"":""Employee E0260 was hired on 2022-09-01."",""type"":""claim"",""unit"":"""",""value"":""2022.0""}"
claim:0472,claim,,"{""deal"":""keystone"",""derivation"":null,""direction"":""context"",""epistemic"":""observed"",""id"":""claim:0472"",""locator"":""keystone_data_room_extract.md::section:w19250-19500:Data room HRIS extract, employee record E0261, hire date column"",""statement"":""Employee E0261 was hired on 2023-10-01."",""type"":""claim"",""unit"":"""",""value"":""2023.0""}"
claim:0473,claim,,"{""deal"":""keystone"",""derivation"":null,""direction"":""context"",""epistemic"":""observed"",""id"":""claim:0473"",""locator"":""keystone_data_room_extract.md::section:w19750-20000:HRIS / KS-DL-1.2 data room extract, employee record E0269"",""statement"":""Employee E0269 in Louisville IT Industrial Hygiene service line has headcount allocation of 157 as of 2025-11-15."",""type"":""claim"",""unit"":""headcount"",""value"":""157.0""}"
perimeter:keystone_consolidated_headcount_by_employee_record_e0269_louisville_it_industrial_hygiene,perimeter,Keystone consolidated headcount by employee record E0269 Louisville IT Industrial Hygiene,"{""id"":""perimeter:keystone_consolidated_headcount_by_employee_record_e0269_louisville_it_industrial_hygiene"",""label"":""Keystone consolidated headcount by employee record E0269 Louisville IT Industrial Hygiene"",""type"":""perimeter""}"
claim:0474,claim,,"{""deal"":""keystone"",""derivation"":null,""direction"":""context"",""epistemic"":""observed"",""id"":""claim:0474"",""locator"":""keystone_data_room_extract.md::section:w19750-20000:HRIS / KS-DL-1.2 data room extract, employee record E0270"",""statement"":""Employee E0270 in Nashville Technical Field Inspection service line has headcount allocation of 60 as of 2025-11-15."",""type"":""claim"",""unit"":""headcount"",""value"":""60.0""}"
perimeter:keystone_consolidated_headcount_by_employee_record_e0270_nashville_technical_field_inspection,perimeter,Keystone consolidated headcount by employee record E0270 Nashville Technical Field Inspection,"{""id"":""perimeter:keystone_consolidated_headcount_by_employee_record_e0270_nashville_technical_field_inspection"",""label"":""Keystone consolidated headcount by employee record E0270 Nashville Technical Field Inspection"",""type"":""perimeter""}"
claim:0475,claim,,"{""deal"":""keystone"",""derivation"":null,""direction"":""context"",""epistemic"":""observed"",""id"":""claim:0475"",""locator"":""keystone_data_room_extract.md::section:w19750-20000:HRIS / KS-DL-1.2 data room extract, employee record E0271"",""statement"":""Employee E0271 in Raleigh Technical Permitting & Advisory service line has headcount allocation of 77 as of 2025-11-15."",""type"":""claim"",""unit"":""headcount"",""value"":""77.0""}"
perimeter:keystone_consolidated_headcount_by_employee_record_e0271_raleigh_technical_permitting_&_advisory,perimeter,Keystone consolidated headcount by employee record E0271 Raleigh Technical Permitting & Advisory,"{""id"":""perimeter:keystone_consolidated_headcount_by_employee_record_e0271_raleigh_technical_permitting_&_advisory"",""label"":""Keystone consolidated headcount by employee record E0271 Raleigh Technical Permitting & Advisory"",""type"":""perimeter""}"
claim:0476,claim,,"{""deal"":""keystone"",""derivation"":null,""direction"":""context"",""epistemic"":""observed"",""id"":""claim:0476"",""locator"":""keystone_data_room_extract.md::section:w19750-20000:HRIS / KS-DL-1.2 data room extract, employee record E0272"",""statement"":""Employee E0272 in Charlotte Technical EHS Compliance service line has headcount allocation of 94 as of 2025-11-15."",""type"":""claim"",""unit"":""headcount"",""value"":""94.0""}"
perimeter:keystone_consolidated_headcount_by_employee_record_e0272_charlotte_technical_ehs_compliance,perimeter,Keystone consolidated headcount by employee record E0272 Charlotte Technical EHS Compliance,"{""id"":""perimeter:keystone_consolidated_headcount_by_employee_record_e0272_charlotte_technical_ehs_compliance"",""label"":""Keystone consolidated headcount by employee record E0272 Charlotte Technical EHS Compliance"",""type"":""perimeter""}"
claim:0477,claim,,"{""deal"":""keystone"",""derivation"":null,""direction"":""context"",""epistemic"":""observed"",""id"":""claim:0477"",""locator"":""keystone_data_room_extract.md::section:w19750-20000:HRIS / KS-DL-1.2 data room extract, employee record E0273"",""statement"":""Employee E0273 in Cincinnati Technical Industrial Hygiene service line has headcount allocation of 111 as of 2025-11-15."",""type"":""claim"",""unit"":""headcount"",""value"":""111.0""}"
perimeter:keystone_consolidated_headcount_by_employee_record_e0273_cincinnati_technical_industrial_hygiene,perimeter,Keystone consolidated headcount by employee record E0273 Cincinnati Technical Industrial Hygiene,"{""id"":""perimeter:keystone_consolidated_headcount_by_employee_record_e0273_cincinnati_technical_industrial_hygiene"",""label"":""Keystone consolidated headcount by employee record E0273 Cincinnati Technical Industrial Hygiene"",""type"":""perimeter""}"
claim:0478,claim,,"{""deal"":""keystone"",""derivation"":null,""direction"":""context"",""epistemic"":""observed"",""id"":""claim:0478"",""locator"":""keystone_data_room_extract.md::section:w19750-20000:HRIS / KS-DL-1.2 data room extract, employee record E0274"",""statement"":""Employee E0274 in Columbus Project Management Field Inspection service line has headcount allocation of 128 as of 2025-11-15."",""type"":""claim"",""unit"":""headcount"",""value"":""128.0""}"
perimeter:keystone_consolidated_headcount_by_employee_record_e0274_columbus_project_management_field_inspection,perimeter,Keystone consolidated headcount by employee record E0274 Columbus Project Management Field Inspection,"{""id"":""perimeter:keystone_consolidated_headcount_by_employee_record_e0274_columbus_project_management_field_inspection"",""label"":""Keystone consolidated headcount by employee record E0274 Columbus Project Management Field Inspection"",""type"":""perimeter""}"
claim:0479,claim,,"{""deal"":""keystone"",""derivation"":null,""direction"":""context"",""epistemic"":""observed"",""id"":""claim:0479"",""locator"":""keystone_data_room_extract.md::section:w19750-20000:HRIS / KS-DL-1.2 data room extract, employee record E0275"",""statement"":""Employee E0275 in Knoxville Corporate Permitting & Advisory service line has headcount allocation of 125 as of 2025-11-15."",""type"":""claim"",""unit"":""headcount"",""value"":""125.0""}"
perimeter:keystone_consolidated_headcount_by_employee_record_e0275_knoxville_corporate_permitting_&_advisory,perimeter,Keystone consolidated headcount by employee record E0275 Knoxville Corporate Permitting & Advisory,"{""id"":""perimeter:keystone_consolidated_headcount_by_employee_record_e0275_knoxville_corporate_permitting_&_advisory"",""label"":""Keystone consolidated headcount by employee record E0275 Knoxville Corporate Permitting & Advisory"",""type"":""perimeter""}"
claim:0480,claim,,"{""deal"":""keystone"",""derivation"":null,""direction"":""context"",""epistemic"":""observed"",""id"":""claim:0480"",""locator"":""keystone_data_room_extract.md::section:w20250-20500:HRIS / KS-DL-1.2 employee roster table, rows E0283–E0289"",""statement"":""Keystone HRIS extract shows 9 active staff employees as of 2025-11-15, spanning locations in Louisville, Nashville, Raleigh, Charlotte, Cincinnati, Columbus, and Knoxville across Midwest and Southeast regions."",""type"":""claim"",""unit"":""headcount"",""value"":""9.0""}"
claim:0481,claim,,"{""deal"":""keystone"",""derivation"":null,""direction"":""context"",""epistemic"":""observed"",""id"":""claim:0481"",""locator"":""keystone_data_room_extract.md::section:w20500-20750"",""statement"":""Employee E0289 in Industrial Hygiene (IT department) has a headcount allocation of 87."",""type"":""claim"",""unit"":""headcount"",""value"":""87.0""}"
"perimeter:keystone_consolidated_headcount_by_employee_record_(e0289,_industrial_hygiene,_it_department)",perimeter,"Keystone consolidated headcount by employee record (E0289, Industrial Hygiene, IT department)","{""id"":""perimeter:keystone_consolidated_headcount_by_employee_record_(e0289,_industrial_hygiene,_it_department)"",""label"":""Keystone consolidated headcount by employee record (E0289, Industrial Hygiene, IT department)"",""type"":""perimeter""}"
claim:0482,claim,,"{""deal"":""keystone"",""derivation"":null,""direction"":""context"",""epistemic"":""observed"",""id"":""claim:0482"",""locator"":""keystone_data_room_extract.md::section:w20500-20750"",""statement"":""Employee E0290 in Field Inspection (Technical department, Greenville, Midwest) has a headcount allocation of 130."",""type"":""claim"",""unit"":""headcount"",""value"":""130.0""}"
"perimeter:keystone_consolidated_headcount_by_employee_record_(e0290,_field_inspection,_technical_department)",perimeter,"Keystone consolidated headcount by employee record (E0290, Field Inspection, Technical department)","{""id"":""perimeter:keystone_consolidated_headcount_by_employee_record_(e0290,_field_inspection,_technical_department)"",""label"":""Keystone consolidated headcount by employee record (E0290, Field Inspection, Technical department)"",""type"":""perimeter""}"
claim:0483,claim,,"{""deal"":""keystone"",""derivation"":null,""direction"":""context"",""epistemic"":""observed"",""id"":""claim:0483"",""locator"":""keystone_data_room_extract.md::section:w20500-20750"",""statement"":""Employee E0291 in Permitting & Advisory (Technical department, Milwaukee, Southeast) has a headcount allocation of 147."",""type"":""claim"",""unit"":""headcount"",""value"":""147.0""}"
"perimeter:keystone_consolidated_headcount_by_employee_record_(e0291,_permitting_&_advisory,_technical_department)",perimeter,"Keystone consolidated headcount by employee record (E0291, Permitting & Advisory, Technical department)","{""id"":""perimeter:keystone_consolidated_headcount_by_employee_record_(e0291,_permitting_&_advisory,_technical_department)"",""label"":""Keystone consolidated headcount by employee record (E0291, Permitting & Advisory, Technical department)"",""type"":""perimeter""}"
claim:0484,claim,,"{""deal"":""keystone"",""derivation"":null,""direction"":""context"",""epistemic"":""observed"",""id"":""claim:0484"",""locator"":""keystone_data_room_extract.md::section:w20500-20750"",""statement"":""Employee E0292 in EHS Compliance (Technical department, St. Louis, Midwest) has a headcount allocation of 74."",""type"":""claim"",""unit"":""headcount"",""value"":""74.0""}"
"perimeter:keystone_consolidated_headcount_by_employee_record_(e0292,_ehs_compliance,_technical_department)",perimeter,"Keystone consolidated headcount by employee record (E0292, EHS Compliance, Technical department)","{""id"":""perimeter:keystone_consolidated_headcount_by_employee_record_(e0292,_ehs_compliance,_technical_department)"",""label"":""Keystone consolidated headcount by employee record (E0292, EHS Compliance, Technical department)"",""type"":""perimeter""}"
claim:0485,claim,,"{""deal"":""keystone"",""derivation"":null,""direction"":""context"",""epistemic"":""observed"",""id"":""claim:0485"",""locator"":""keystone_data_room_extract.md::section:w20500-20750"",""statement"":""Employee E0293 in Industrial Hygiene (Technical department, Richmond, Midwest) has a headcount allocation of 91."",""type"":""claim"",""unit"":""headcount"",""value"":""91.0""}"
"perimeter:keystone_consolidated_headcount_by_employee_record_(e0293,_industrial_hygiene,_technical_department)",perimeter,"Keystone consolidated headcount by employee record (E0293, Industrial Hygiene, Technical department)","{""id"":""perimeter:keystone_consolidated_headcount_by_employee_record_(e0293,_industrial_hygiene,_technical_department)"",""label"":""Keystone consolidated headcount by employee record (E0293, Industrial Hygiene, Technical department)"",""type"":""perimeter""}"
claim:0486,claim,,"{""deal"":""keystone"",""derivation"":null,""direction"":""context"",""epistemic"":""observed"",""id"":""claim:0486"",""locator"":""keystone_data_room_extract.md::section:w20500-20750"",""statement"":""Employee E0294 in Field Inspection (Project Management department, Indianapolis, Southeast) has a headcount allocation of 108."",""type"":""claim"",""unit"":""headcount"",""value"":""108.0""}"
"perimeter:keystone_consolidated_headcount_by_employee_record_(e0294,_field_inspection,_project_management_department)",perimeter,"Keystone consolidated headcount by employee record (E0294, Field Inspection, Project Management department)","{""id"":""perimeter:keystone_consolidated_headcount_by_employee_record_(e0294,_field_inspection,_project_management_department)"",""label"":""Keystone consolidated headcount by employee record (E0294, Field Inspection, Project Management department)"",""type"":""perimeter""}"
claim:0487,claim,,"{""deal"":""keystone"",""derivation"":null,""direction"":""context"",""epistemic"":""observed"",""id"":""claim:0487"",""locator"":""keystone_data_room_extract.md::section:w20500-20750"",""statement"":""Employee E0295 in Permitting & Advisory (Corporate department, Chicago, Midwest) has a headcount allocation of 165."",""type"":""claim"",""unit"":""headcount"",""value"":""165.0""}"
"perimeter:keystone_consolidated_headcount_by_employee_record_(e0295,_permitting_&_advisory,_corporate_department)",perimeter,"Keystone consolidated headcount by employee record (E0295, Permitting & Advisory, Corporate department)","{""id"":""perimeter:keystone_consolidated_headcount_by_employee_record_(e0295,_permitting_&_advisory,_corporate_department)"",""label"":""Keystone consolidated headcount by employee record (E0295, Permitting & Advisory, Corporate department)"",""type"":""perimeter""}"
claim:0488,claim,,"{""deal"":""keystone"",""derivation"":null,""direction"":""context"",""epistemic"":""observed"",""id"":""claim:0488"",""locator"":""keystone_data_room_extract.md::section:w20750-21000"",""statement"":""Employee E0296 in Detroit, Sales department, EHS Compliance service line has a headcount allocation of 178."",""type"":""claim"",""unit"":""headcount"",""value"":""178.0""}"
"perimeter:keystone_employee_e0296_(detroit,_sales,_ehs_compliance_service_line)",perimeter,"Keystone employee E0296 (Detroit, Sales, EHS Compliance service line)","{""id"":""perimeter:keystone_employee_e0296_(detroit,_sales,_ehs_compliance_service_line)"",""label"":""Keystone employee E0296 (Detroit, Sales, EHS Compliance service line)"",""type"":""perimeter""}"
claim:0489,claim,,"{""deal"":""keystone"",""derivation"":null,""direction"":""context"",""epistemic"":""observed"",""id"":""claim:0489"",""locator"":""keystone_data_room_extract.md::section:w20750-21000"",""statement"":""Employee E0297 in Louisville, Finance department, Industrial Hygiene service line has a headcount allocation of 81."",""type"":""claim"",""unit"":""headcount"",""value"":""81.0""}"
"perimeter:keystone_employee_e0297_(louisville,_finance,_industrial_hygiene_service_line)",perimeter,"Keystone employee E0297 (Louisville, Finance, Industrial Hygiene service line)","{""id"":""perimeter:keystone_employee_e0297_(louisville,_finance,_industrial_hygiene_service_line)"",""label"":""Keystone employee E0297 (Louisville, Finance, Industrial Hygiene service line)"",""type"":""perimeter""}"
claim:0490,claim,,"{""deal"":""keystone"",""derivation"":null,""direction"":""context"",""epistemic"":""observed"",""id"":""claim:0490"",""locator"":""keystone_data_room_extract.md::section:w20750-21000"",""statement"":""Employee E0298 in Nashville, HR department, Field Inspection service line has a headcount allocation of 94."",""type"":""claim"",""unit"":""headcount"",""value"":""94.0""}"
"perimeter:keystone_employee_e0298_(nashville,_hr,_field_inspection_service_line)",perimeter,"Keystone employee E0298 (Nashville, HR, Field Inspection service line)","{""id"":""perimeter:keystone_employee_e0298_(nashville,_hr,_field_inspection_service_line)"",""label"":""Keystone employee E0298 (Nashville, HR, Field Inspection service line)"",""type"":""perimeter""}"
claim:0491,claim,,"{""deal"":""keystone"",""derivation"":null,""direction"":""context"",""epistemic"":""observed"",""id"":""claim:0491"",""locator"":""keystone_data_room_extract.md::section:w20750-21000"",""statement"":""Employee E0299 in Raleigh, IT department, Permitting & Advisory service line has a headcount allocation of 107."",""type"":""claim"",""unit"":""headcount"",""value"":""107.0""}"
"perimeter:keystone_employee_e0299_(raleigh,_it,_permitting_&_advisory_service_line)",perimeter,"Keystone employee E0299 (Raleigh, IT, Permitting & Advisory service line)","{""id"":""perimeter:keystone_employee_e0299_(raleigh,_it,_permitting_&_advisory_service_line)"",""label"":""Keystone employee E0299 (Raleigh, IT, Permitting & Advisory service line)"",""type"":""perimeter""}"
claim:0492,claim,,"{""deal"":""keystone"",""derivation"":null,""direction"":""context"",""epistemic"":""observed"",""id"":""claim:0492"",""locator"":""keystone_data_room_extract.md::section:w20750-21000"",""statement"":""Employee E0300 in Charlotte, Technical department, EHS Compliance service line has a headcount allocation of 120."",""type"":""claim"",""unit"":""headcount"",""value"":""120.0""}"
"perimeter:keystone_employee_e0300_(charlotte,_technical,_ehs_compliance_service_line)",perimeter,"Keystone employee E0300 (Charlotte, Technical, EHS Compliance service line)","{""id"":""perimeter:keystone_employee_e0300_(charlotte,_technical,_ehs_compliance_service_line)"",""label"":""Keystone employee E0300 (Charlotte, Technical, EHS Compliance service line)"",""type"":""perimeter""}"
claim:0493,claim,,"{""deal"":""keystone"",""derivation"":null,""direction"":""context"",""epistemic"":""observed"",""id"":""claim:0493"",""locator"":""keystone_data_room_extract.md::section:w20750-21000"",""statement"":""Employee E0301 in Cincinnati, Technical department, Industrial Hygiene service line has a headcount allocation of 137."",""type"":""claim"",""unit"":""headcount"",""value"":""137.0""}"
"perimeter:keystone_employee_e0301_(cincinnati,_technical,_industrial_hygiene_service_line)",perimeter,"Keystone employee E0301 (Cincinnati, Technical, Industrial Hygiene service line)","{""id"":""perimeter:keystone_employee_e0301_(cincinnati,_technical,_industrial_hygiene_service_line)"",""label"":""Keystone employee E0301 (Cincinnati, Technical, Industrial Hygiene service line)"",""type"":""perimeter""}"
claim:0494,claim,,"{""deal"":""keystone"",""derivation"":null,""direction"":""context"",""epistemic"":""observed"",""id"":""claim:0494"",""locator"":""keystone_data_room_extract.md::section:w20750-21000"",""statement"":""Employee E0302 in Columbus, Technical department, Field Inspection service line has a headcount allocation of 64."",""type"":""claim"",""unit"":""headcount"",""value"":""64.0""}"
"perimeter:keystone_employee_e0302_(columbus,_technical,_field_inspection_service_line)",perimeter,"Keystone employee E0302 (Columbus, Technical, Field Inspection service line)","{""id"":""perimeter:keystone_employee_e0302_(columbus,_technical,_field_inspection_service_line)"",""label"":""Keystone employee E0302 (Columbus, Technical, Field Inspection service line)"",""type"":""perimeter""}"
claim:0495,claim,,"{""deal"":""keystone"",""derivation"":null,""direction"":""context"",""epistemic"":""observed"",""id"":""claim:0495"",""locator"":""keystone_data_room_extract.md::section:w21000-21250:HRIS / KS-DL-1.2 table, row E0303"",""statement"":""Employee E0303 in Knoxville, Technical service line, Permitting & Advisory function, has a salary of 81 (units unspecified)."",""type"":""claim"",""unit"":""headcount"",""value"":""81.0""}"
"perimeter:keystone_employee_e0303_(knoxville,_technical,_permitting_&_advisory)",perimeter,"Keystone employee E0303 (Knoxville, Technical, Permitting & Advisory)","{""id"":""perimeter:keystone_employee_e0303_(knoxville,_technical,_permitting_&_advisory)"",""label"":""Keystone employee E0303 (Knoxville, Technical, Permitting & Advisory)"",""type"":""perimeter""}"
claim:0496,claim,,"{""deal"":""keystone"",""derivation"":null,""direction"":""context"",""epistemic"":""observed"",""id"":""claim:0496"",""locator"":""keystone_data_room_extract.md::section:w21000-21250:HRIS / KS-DL-1.2 table, row E0304"",""statement"":""Employee E0304 in Greenville, Project Management service line, EHS Compliance function, has a salary of 98 (units unspecified)."",""type"":""claim"",""unit"":""headcount"",""value"":""98.0""}"
"perimeter:keystone_employee_e0304_(greenville,_project_management,_ehs_compliance)",perimeter,"Keystone employee E0304 (Greenville, Project Management, EHS Compliance)","{""id"":""perimeter:keystone_employee_e0304_(greenville,_project_management,_ehs_compliance)"",""label"":""Keystone employee E0304 (Greenville, Project Management, EHS Compliance)"",""type"":""perimeter""}"
claim:0497,claim,,"{""deal"":""keystone"",""derivation"":null,""direction"":""context"",""epistemic"":""observed"",""id"":""claim:0497"",""locator"":""keystone_data_room_extract.md::section:w21000-21250:HRIS / KS-DL-1.2 table, row E0305"",""statement"":""Employee E0305 in Milwaukee, Corporate function, Industrial Hygiene, has a salary of 75 (units unspecified)."",""type"":""claim"",""unit"":""headcount"",""value"":""75.0""}"
"perimeter:keystone_employee_e0305_(milwaukee,_corporate,_industrial_hygiene)",perimeter,"Keystone employee E0305 (Milwaukee, Corporate, Industrial Hygiene)","{""id"":""perimeter:keystone_employee_e0305_(milwaukee,_corporate,_industrial_hygiene)"",""label"":""Keystone employee E0305 (Milwaukee, Corporate, Industrial Hygiene)"",""type"":""perimeter""}"
claim:0498,claim,,"{""deal"":""keystone"",""derivation"":null,""direction"":""context"",""epistemic"":""observed"",""id"":""claim:0498"",""locator"":""keystone_data_room_extract.md::section:w21000-21250:HRIS / KS-DL-1.2 table, row E0306"",""statement"":""Employee E0306 in St. Louis, Sales function, Field Inspection, has a salary of 88 (units unspecified)."",""type"":""claim"",""unit"":""headcount"",""value"":""88.0""}"
"perimeter:keystone_employee_e0306_(st._louis,_sales,_field_inspection)",perimeter,"Keystone employee E0306 (St. Louis, Sales, Field Inspection)","{""id"":""perimeter:keystone_employee_e0306_(st._louis,_sales,_field_inspection)"",""label"":""Keystone employee E0306 (St. Louis, Sales, Field Inspection)"",""type"":""perimeter""}"
claim:0499,claim,,"{""deal"":""keystone"",""derivation"":null,""direction"":""context"",""epistemic"":""observed"",""id"":""claim:0499"",""locator"":""keystone_data_room_extract.md::section:w21000-21250:HRIS / KS-DL-1.2 table, row E0307"",""statement"":""Employee E0307 in Richmond, Finance function, Permitting & Advisory, has a salary of 101 (units unspecified)."",""type"":""claim"",""unit"":""headcount"",""value"":""101.0""}"
"perimeter:keystone_employee_e0307_(richmond,_finance,_permitting_&_advisory)",perimeter,"Keystone employee E0307 (Richmond, Finance, Permitting & Advisory)","{""id"":""perimeter:keystone_employee_e0307_(richmond,_finance,_permitting_&_advisory)"",""label"":""Keystone employee E0307 (Richmond, Finance, Permitting & Advisory)"",""type"":""perimeter""}"
claim:0500,claim,,"{""deal"":""keystone"",""derivation"":null,""direction"":""context"",""epistemic"":""observed"",""id"":""claim:0500"",""locator"":""keystone_data_room_extract.md::section:w21000-21250:HRIS / KS-DL-1.2 table, row E0308"",""statement"":""Employee E0308 in Indianapolis, HR function, EHS Compliance, has a salary of 114 (units unspecified)."",""type"":""claim"",""unit"":""headcount"",""value"":""114.0""}"
"perimeter:keystone_employee_e0308_(indianapolis,_hr,_ehs_compliance)",perimeter,"Keystone employee E0308 (Indianapolis, HR, EHS Compliance)","{""id"":""perimeter:keystone_employee_e0308_(indianapolis,_hr,_ehs_compliance)"",""label"":""Keystone employee E0308 (Indianapolis, HR, EHS Compliance)"",""type"":""perimeter""}"
claim:0501,claim,,"{""deal"":""keystone"",""derivation"":null,""direction"":""context"",""epistemic"":""observed"",""id"":""claim:0501"",""locator"":""keystone_data_room_extract.md::section:w21000-21250:HRIS / KS-DL-1.2 table, row E0309"",""statement"":""Employee E0309 in Chicago, IT function, Industrial Hygiene, has a salary of 127 (units unspecified)."",""type"":""claim"",""unit"":""headcount"",""value"":""127.0""}"
"perimeter:keystone_employee_e0309_(chicago,_it,_industrial_hygiene)",perimeter,"Keystone employee E0309 (Chicago, IT, Industrial Hygiene)","{""id"":""perimeter:keystone_employee_e0309_(chicago,_it,_industrial_hygiene)"",""label"":""Keystone employee E0309 (Chicago, IT, Industrial Hygiene)"",""type"":""perimeter""}"
claim:0502,claim,,"{""deal"":""keystone"",""derivation"":null,""direction"":""context"",""epistemic"":""observed"",""id"":""claim:0502"",""locator"":""keystone_data_room_extract.md::section:w21250-21500:HRIS / KS-DL-1.2 data room extract, row E0310 (Summit)"",""statement"":""Field Inspection service line in Detroit (Midwest, Technical department) has 110 headcount as of 2025-11-15."",""type"":""claim"",""unit"":""headcount"",""value"":""110.0""}"
"perimeter:keystone_field_inspection_service_line,_detroit_location,_technical_department",perimeter,"Keystone Field Inspection service line, Detroit location, Technical department","{""id"":""perimeter:keystone_field_inspection_service_line,_detroit_location,_technical_department"",""label"":""Keystone Field Inspection service line, Detroit location, Technical department"",""type"":""perimeter""}"
claim:0503,claim,,"{""deal"":""keystone"",""derivation"":null,""direction"":""context"",""epistemic"":""observed"",""id"":""claim:0503"",""locator"":""keystone_data_room_extract.md::section:w21250-21500:HRIS / KS-DL-1.2 data room extract, row E0311 (Legacy Alderstone)"",""statement"":""Permitting & Advisory service line in Louisville (Midwest, Technical department) has 127 headcount as of 2025-11-15."",""type"":""claim"",""unit"":""headcount"",""value"":""127.0""}"
"perimeter:keystone_permitting_&_advisory_service_line,_louisville_location,_technical_department",perimeter,"Keystone Permitting & Advisory service line, Louisville location, Technical department","{""id"":""perimeter:keystone_permitting_&_advisory_service_line,_louisville_location,_technical_department"",""label"":""Keystone Permitting & Advisory service line, Louisville location, Technical department"",""type"":""perimeter""}"
claim:0504,claim,,"{""deal"":""keystone"",""derivation"":null,""direction"":""context"",""epistemic"":""observed"",""id"":""claim:0504"",""locator"":""keystone_data_room_extract.md::section:w21250-21500:HRIS / KS-DL-1.2 data room extract, row E0312 (Northstar)"",""statement"":""EHS Compliance service line in Nashville (Southeast, Technical department) has 144 headcount as of 2025-11-15."",""type"":""claim"",""unit"":""headcount"",""value"":""144.0""}"
"perimeter:keystone_ehs_compliance_service_line,_nashville_location,_technical_department",perimeter,"Keystone EHS Compliance service line, Nashville location, Technical department","{""id"":""perimeter:keystone_ehs_compliance_service_line,_nashville_location,_technical_department"",""label"":""Keystone EHS Compliance service line, Nashville location, Technical department"",""type"":""perimeter""}"
claim:0505,claim,,"{""deal"":""keystone"",""derivation"":null,""direction"":""context"",""epistemic"":""observed"",""id"":""claim:0505"",""locator"":""keystone_data_room_extract.md::section:w21250-21500:HRIS / KS-DL-1.2 data room extract, row E0313 (Delta)"",""statement"":""Industrial Hygiene service line in Raleigh (Midwest, Technical department) has 71 headcount as of 2025-11-15."",""type"":""claim"",""unit"":""headcount"",""value"":""71.0""}"
"perimeter:keystone_industrial_hygiene_service_line,_raleigh_location,_technical_department",perimeter,"Keystone Industrial Hygiene service line, Raleigh location, Technical department","{""id"":""perimeter:keystone_industrial_hygiene_service_line,_raleigh_location,_technical_department"",""label"":""Keystone Industrial Hygiene service line, Raleigh location, Technical department"",""type"":""perimeter""}"
claim:0506,claim,,"{""deal"":""keystone"",""derivation"":null,""direction"":""context"",""epistemic"":""observed"",""id"":""claim:0506"",""locator"":""keystone_data_room_extract.md::section:w21250-21500:HRIS / KS-DL-1.2 data room extract, row E0314 (Summit)"",""statement"":""Field Inspection service line in Charlotte (Midwest, Project Management department) has 88 headcount as of 2025-11-15."",""type"":""claim"",""unit"":""headcount"",""value"":""88.0""}"
"perimeter:keystone_field_inspection_service_line,_charlotte_location,_project_management_department",perimeter,"Keystone Field Inspection service line, Charlotte location, Project Management department","{""id"":""perimeter:keystone_field_inspection_service_line,_charlotte_location,_project_management_department"",""label"":""Keystone Field Inspection service line, Charlotte location, Project Management department"",""type"":""perimeter""}"
claim:0507,claim,,"{""deal"":""keystone"",""derivation"":null,""direction"":""context"",""epistemic"":""observed"",""id"":""claim:0507"",""locator"":""keystone_data_room_extract.md::section:w21250-21500:HRIS / KS-DL-1.2 data room extract, row E0315 (Legacy Alderstone)"",""statement"":""Permitting & Advisory service line in Cincinnati (Southeast, Corporate department) has 95 headcount as of 2025-11-15."",""type"":""claim"",""unit"":""headcount"",""value"":""95.0""}"
"perimeter:keystone_permitting_&_advisory_service_line,_cincinnati_location,_corporate_department",perimeter,"Keystone Permitting & Advisory service line, Cincinnati location, Corporate department","{""id"":""perimeter:keystone_permitting_&_advisory_service_line,_cincinnati_location,_corporate_department"",""label"":""Keystone Permitting & Advisory service line, Cincinnati location, Corporate department"",""type"":""perimeter""}"
claim:0508,claim,,"{""deal"":""keystone"",""derivation"":null,""direction"":""context"",""epistemic"":""observed"",""id"":""claim:0508"",""locator"":""keystone_data_room_extract.md::section:w21250-21500:HRIS / KS-DL-1.2 data room extract, row E0316 (Legacy Alderstone)"",""statement"":""EHS Compliance service line in Columbus (Midwest, Sales department) has 108 headcount as of 2025-11-15."",""type"":""claim"",""unit"":""headcount"",""value"":""108.0""}"
"perimeter:keystone_ehs_compliance_service_line,_columbus_location,_sales_department",perimeter,"Keystone EHS Compliance service line, Columbus location, Sales department","{""id"":""perimeter:keystone_ehs_compliance_service_line,_columbus_location,_sales_department"",""label"":""Keystone EHS Compliance service line, Columbus location, Sales department"",""type"":""perimeter""}"
claim:0509,claim,,"{""deal"":""keystone"",""derivation"":null,""direction"":""context"",""epistemic"":""observed"",""id"":""claim:0509"",""locator"":""keystone_data_room_extract.md::section:w21500-21750"",""statement"":""Employee E0317 in Knoxville Finance department (Industrial Hygiene service line) has headcount allocation of 121."",""type"":""claim"",""unit"":""headcount"",""value"":""121.0""}"
"perimeter:keystone_employee_e0317_(knoxville,_finance,_industrial_hygiene_service_line)",perimeter,"Keystone employee E0317 (Knoxville, Finance, Industrial Hygiene service line)","{""id"":""perimeter:keystone_employee_e0317_(knoxville,_finance,_industrial_hygiene_service_line)"",""label"":""Keystone employee E0317 (Knoxville, Finance, Industrial Hygiene service line)"",""type"":""perimeter""}"
claim:0510,claim,,"{""deal"":""keystone"",""derivation"":null,""direction"":""context"",""epistemic"":""observed"",""id"":""claim:0510"",""locator"":""keystone_data_room_extract.md::section:w21500-21750"",""statement"":""Employee E0318 in Greenville HR department (Field Inspection service line) has headcount allocation of 134."",""type"":""claim"",""unit"":""headcount"",""value"":""134.0""}"
"perimeter:keystone_employee_e0318_(greenville,_hr,_field_inspection_service_line)",perimeter,"Keystone employee E0318 (Greenville, HR, Field Inspection service line)","{""id"":""perimeter:keystone_employee_e0318_(greenville,_hr,_field_inspection_service_line)"",""label"":""Keystone employee E0318 (Greenville, HR, Field Inspection service line)"",""type"":""perimeter""}"
claim:0511,claim,,"{""deal"":""keystone"",""derivation"":null,""direction"":""context"",""epistemic"":""observed"",""id"":""claim:0511"",""locator"":""keystone_data_room_extract.md::section:w21500-21750"",""statement"":""Employee E0319 in Milwaukee IT department (Permitting & Advisory service line) has headcount allocation of 147."",""type"":""claim"",""unit"":""headcount"",""value"":""147.0""}"
"perimeter:keystone_employee_e0319_(milwaukee,_it,_permitting_&_advisory_service_line)",perimeter,"Keystone employee E0319 (Milwaukee, IT, Permitting & Advisory service line)","{""id"":""perimeter:keystone_employee_e0319_(milwaukee,_it,_permitting_&_advisory_service_line)"",""label"":""Keystone employee E0319 (Milwaukee, IT, Permitting & Advisory service line)"",""type"":""perimeter""}"
claim:0512,claim,,"{""deal"":""keystone"",""derivation"":null,""direction"":""context"",""epistemic"":""observed"",""id"":""claim:0512"",""locator"":""keystone_data_room_extract.md::section:w21500-21750"",""statement"":""Employee E0320 in St. Louis Technical department (EHS Compliance service line) has headcount allocation of 100."",""type"":""claim"",""unit"":""headcount"",""value"":""100.0""}"
"perimeter:keystone_employee_e0320_(st._louis,_technical,_ehs_compliance_service_line)",perimeter,"Keystone employee E0320 (St. Louis, Technical, EHS Compliance service line)","{""id"":""perimeter:keystone_employee_e0320_(st._louis,_technical,_ehs_compliance_service_line)"",""label"":""Keystone employee E0320 (St. Louis, Technical, EHS Compliance service line)"",""type"":""perimeter""}"
claim:0513,claim,,"{""deal"":""keystone"",""derivation"":null,""direction"":""context"",""epistemic"":""observed"",""id"":""claim:0513"",""locator"":""keystone_data_room_extract.md::section:w21500-21750"",""statement"":""Employee E0321 in Richmond Technical department (Industrial Hygiene service line) has headcount allocation of 117."",""type"":""claim"",""unit"":""headcount"",""value"":""117.0""}"
"perimeter:keystone_employee_e0321_(richmond,_technical,_industrial_hygiene_service_line)",perimeter,"Keystone employee E0321 (Richmond, Technical, Industrial Hygiene service line)","{""id"":""perimeter:keystone_employee_e0321_(richmond,_technical,_industrial_hygiene_service_line)"",""label"":""Keystone employee E0321 (Richmond, Technical, Industrial Hygiene service line)"",""type"":""perimeter""}"
claim:0514,claim,,"{""deal"":""keystone"",""derivation"":null,""direction"":""context"",""epistemic"":""observed"",""id"":""claim:0514"",""locator"":""keystone_data_room_extract.md::section:w21500-21750"",""statement"":""Employee E0322 in Indianapolis Technical department (Field Inspection service line) has headcount allocation of 134."",""type"":""claim"",""unit"":""headcount"",""value"":""134.0""}"
"perimeter:keystone_employee_e0322_(indianapolis,_technical,_field_inspection_service_line)",perimeter,"Keystone employee E0322 (Indianapolis, Technical, Field Inspection service line)","{""id"":""perimeter:keystone_employee_e0322_(indianapolis,_technical,_field_inspection_service_line)"",""label"":""Keystone employee E0322 (Indianapolis, Technical, Field Inspection service line)"",""type"":""perimeter""}"
claim:0515,claim,,"{""deal"":""keystone"",""derivation"":null,""direction"":""context"",""epistemic"":""observed"",""id"":""claim:0515"",""locator"":""keystone_data_room_extract.md::section:w22000-22250"",""statement"":""Field Inspection service line headcount is 90 as of 2025-11-15."",""type"":""claim"",""unit"":""headcount"",""value"":""90.0""}"
claim:0516,claim,,"{""deal"":""keystone"",""derivation"":null,""direction"":""context"",""epistemic"":""observed"",""id"":""claim:0516"",""locator"":""keystone_data_room_extract.md::section:w22000-22250"",""statement"":""Permitting & Advisory service line headcount is 107 as of 2025-11-15."",""type"":""claim"",""unit"":""headcount"",""value"":""107.0""}"
claim:0517,claim,,"{""deal"":""keystone"",""derivation"":null,""direction"":""context"",""epistemic"":""observed"",""id"":""claim:0517"",""locator"":""keystone_data_room_extract.md::section:w22000-22250"",""statement"":""EHS Compliance service line headcount is 124 as of 2025-11-15."",""type"":""claim"",""unit"":""headcount"",""value"":""124.0""}"
claim:0518,claim,,"{""deal"":""keystone"",""derivation"":null,""direction"":""context"",""epistemic"":""observed"",""id"":""claim:0518"",""locator"":""keystone_data_room_extract.md::section:w22000-22250"",""statement"":""Industrial Hygiene service line headcount is 141 as of 2025-11-15."",""type"":""claim"",""unit"":""headcount"",""value"":""141.0""}"
claim:0519,claim,,"{""deal"":""keystone"",""derivation"":null,""direction"":""context"",""epistemic"":""observed"",""id"":""claim:0519"",""locator"":""keystone_data_room_extract.md::section:w22000-22250"",""statement"":""Field Inspection project management headcount is 68 as of 2025-11-15."",""type"":""claim"",""unit"":""headcount"",""value"":""68.0""}"
perimeter:keystone_field_inspection_project_management_headcount,perimeter,Keystone Field Inspection project management headcount,"{""id"":""perimeter:keystone_field_inspection_project_management_headcount"",""label"":""Keystone Field Inspection project management headcount"",""type"":""perimeter""}"
claim:0520,claim,,"{""deal"":""keystone"",""derivation"":null,""direction"":""context"",""epistemic"":""observed"",""id"":""claim:0520"",""locator"":""keystone_data_room_extract.md::section:w22000-22250"",""statement"":""Permitting & Advisory corporate headcount is 135 as of 2025-11-15."",""type"":""claim"",""unit"":""headcount"",""value"":""135.0""}"
perimeter:keystone_permitting_&_advisory_corporate_headcount,perimeter,Keystone Permitting & Advisory corporate headcount,"{""id"":""perimeter:keystone_permitting_&_advisory_corporate_headcount"",""label"":""Keystone Permitting & Advisory corporate headcount"",""type"":""perimeter""}"
claim:0521,claim,,"{""deal"":""keystone"",""derivation"":null,""direction"":""context"",""epistemic"":""observed"",""id"":""claim:0521"",""locator"":""keystone_data_room_extract.md::section:w22000-22250"",""statement"":""EHS Compliance sales headcount is 148 as of 2025-11-15."",""type"":""claim"",""unit"":""headcount"",""value"":""148.0""}"
perimeter:keystone_ehs_compliance_sales_headcount,perimeter,Keystone EHS Compliance sales headcount,"{""id"":""perimeter:keystone_ehs_compliance_sales_headcount"",""label"":""Keystone EHS Compliance sales headcount"",""type"":""perimeter""}"
claim:0522,claim,,"{""deal"":""keystone"",""derivation"":null,""direction"":""context"",""epistemic"":""observed"",""id"":""claim:0522"",""locator"":""keystone_data_room_extract.md::section:w22500-22750:HRIS / KS-DL-1.2 employee roster, rows E0344–E0350"",""statement"":""Keystone HRIS data room extract shows 7 active staff and manager employees across multiple regions and service lines as of 2025-11-15."",""type"":""claim"",""unit"":""headcount"",""value"":""7.0""}"
claim:0523,claim,,"{""deal"":""keystone"",""derivation"":null,""direction"":""supports"",""epistemic"":""observed"",""id"":""claim:0523"",""locator"":""keystone_data_room_extract.md::section:w22500-22750:HRIS / KS-DL-1.2 employee roster, row E0344"",""statement"":""The earliest hire date in the Keystone HRIS extract is 2018-09-01 (employee E0344, Columbus, Project Management)."",""type"":""claim"",""unit"":"""",""value"":""2018.0""}"
claim:0524,claim,,"{""deal"":""keystone"",""derivation"":null,""direction"":""context"",""epistemic"":""observed"",""id"":""claim:0524"",""locator"":""keystone_data_room_extract.md::section:w22500-22750:HRIS / KS-DL-1.2 employee roster, row E0350"",""statement"":""The most recent hire date in the Keystone HRIS extract is 2024-03-01 (employee E0350, Indianapolis, Technical)."",""type"":""claim"",""unit"":"""",""value"":""2024.0""}"
claim:0525,claim,,"{""deal"":""keystone"",""derivation"":null,""direction"":""context"",""epistemic"":""observed"",""id"":""claim:0525"",""locator"":""keystone_data_room_extract.md::section:w22250-22500:HRIS data room extract, row E0337"",""statement"":""Employee E0337 in Chicago, Midwest region, Finance department, Industrial Hygiene service line has a headcount allocation of 161."",""type"":""claim"",""unit"":""headcount"",""value"":""161.0""}"
"perimeter:keystone_employee_e0337_(chicago,_midwest,_finance,_industrial_hygiene_service_line)",perimeter,"Keystone employee E0337 (Chicago, Midwest, Finance, Industrial Hygiene service line)","{""id"":""perimeter:keystone_employee_e0337_(chicago,_midwest,_finance,_industrial_hygiene_service_line)"",""label"":""Keystone employee E0337 (Chicago, Midwest, Finance, Industrial Hygiene service line)"",""type"":""perimeter""}"
claim:0526,claim,,"{""deal"":""keystone"",""derivation"":null,""direction"":""context"",""epistemic"":""observed"",""id"":""claim:0526"",""locator"":""keystone_data_room_extract.md::section:w22250-22500:HRIS data room extract, row E0338"",""statement"":""Employee E0338 in Detroit, Midwest region, HR department, Field Inspection service line has a headcount allocation of 174."",""type"":""claim"",""unit"":""headcount"",""value"":""174.0""}"
"perimeter:keystone_employee_e0338_(detroit,_midwest,_hr,_field_inspection_service_line)",perimeter,"Keystone employee E0338 (Detroit, Midwest, HR, Field Inspection service line)","{""id"":""perimeter:keystone_employee_e0338_(detroit,_midwest,_hr,_field_inspection_service_line)"",""label"":""Keystone employee E0338 (Detroit, Midwest, HR, Field Inspection service line)"",""type"":""perimeter""}"
claim:0527,claim,,"{""deal"":""keystone"",""derivation"":null,""direction"":""context"",""epistemic"":""observed"",""id"":""claim:0527"",""locator"":""keystone_data_room_extract.md::section:w22250-22500:HRIS data room extract, row E0339"",""statement"":""Employee E0339 in Louisville, Southeast region, IT department, Permitting & Advisory service line has a headcount allocation of 77."",""type"":""claim"",""unit"":""headcount"",""value"":""77.0""}"
"perimeter:keystone_employee_e0339_(louisville,_southeast,_it,_permitting_&_advisory_service_line)",perimeter,"Keystone employee E0339 (Louisville, Southeast, IT, Permitting & Advisory service line)","{""id"":""perimeter:keystone_employee_e0339_(louisville,_southeast,_it,_permitting_&_advisory_service_line)"",""label"":""Keystone employee E0339 (Louisville, Southeast, IT, Permitting & Advisory service line)"",""type"":""perimeter""}"
claim:0528,claim,,"{""deal"":""keystone"",""derivation"":null,""direction"":""context"",""epistemic"":""observed"",""id"":""claim:0528"",""locator"":""keystone_data_room_extract.md::section:w22250-22500:HRIS data room extract, row E0340"",""statement"":""Employee E0340 in Nashville, Midwest region, Technical department, EHS Compliance service line has a headcount allocation of 80."",""type"":""claim"",""unit"":""headcount"",""value"":""80.0""}"
"perimeter:keystone_employee_e0340_(nashville,_midwest,_technical,_ehs_compliance_service_line)",perimeter,"Keystone employee E0340 (Nashville, Midwest, Technical, EHS Compliance service line)","{""id"":""perimeter:keystone_employee_e0340_(nashville,_midwest,_technical,_ehs_compliance_service_line)"",""label"":""Keystone employee E0340 (Nashville, Midwest, Technical, EHS Compliance service line)"",""type"":""perimeter""}"
claim:0529,claim,,"{""deal"":""keystone"",""derivation"":null,""direction"":""context"",""epistemic"":""observed"",""id"":""claim:0529"",""locator"":""keystone_data_room_extract.md::section:w22250-22500:HRIS data room extract, row E0341"",""statement"":""Employee E0341 in Raleigh, Midwest region, Technical department, Industrial Hygiene service line has a headcount allocation of 97."",""type"":""claim"",""unit"":""headcount"",""value"":""97.0""}"
"perimeter:keystone_employee_e0341_(raleigh,_midwest,_technical,_industrial_hygiene_service_line)",perimeter,"Keystone employee E0341 (Raleigh, Midwest, Technical, Industrial Hygiene service line)","{""id"":""perimeter:keystone_employee_e0341_(raleigh,_midwest,_technical,_industrial_hygiene_service_line)"",""label"":""Keystone employee E0341 (Raleigh, Midwest, Technical, Industrial Hygiene service line)"",""type"":""perimeter""}"
claim:0530,claim,,"{""deal"":""keystone"",""derivation"":null,""direction"":""context"",""epistemic"":""observed"",""id"":""claim:0530"",""locator"":""keystone_data_room_extract.md::section:w22250-22500:HRIS data room extract, row E0342"",""statement"":""Employee E0342 in Charlotte, Southeast region, Technical department, Field Inspection service line has a headcount allocation of 114."",""type"":""claim"",""unit"":""headcount"",""value"":""114.0""}"
"perimeter:keystone_employee_e0342_(charlotte,_southeast,_technical,_field_inspection_service_line)",perimeter,"Keystone employee E0342 (Charlotte, Southeast, Technical, Field Inspection service line)","{""id"":""perimeter:keystone_employee_e0342_(charlotte,_southeast,_technical,_field_inspection_service_line)"",""label"":""Keystone employee E0342 (Charlotte, Southeast, Technical, Field Inspection service line)"",""type"":""perimeter""}"
claim:0531,claim,,"{""deal"":""keystone"",""derivation"":null,""direction"":""context"",""epistemic"":""observed"",""id"":""claim:0531"",""locator"":""keystone_data_room_extract.md::section:w22250-22500:HRIS data room extract, row E0343"",""statement"":""Employee E0343 in Cincinnati, Midwest region, Technical department, Permitting & Advisory service line has a headcount allocation of 131."",""type"":""claim"",""unit"":""headcount"",""value"":""131.0""}"
"perimeter:keystone_employee_e0343_(cincinnati,_midwest,_technical,_permitting_&_advisory_service_line)",perimeter,"Keystone employee E0343 (Cincinnati, Midwest, Technical, Permitting & Advisory service line)","{""id"":""perimeter:keystone_employee_e0343_(cincinnati,_midwest,_technical,_permitting_&_advisory_service_line)"",""label"":""Keystone employee E0343 (Cincinnati, Midwest, Technical, Permitting & Advisory service line)"",""type"":""perimeter""}"
claim:0532,claim,,"{""deal"":""keystone"",""derivation"":null,""direction"":""context"",""epistemic"":""observed"",""id"":""claim:0532"",""locator"":""keystone_data_room_extract.md::section:w22750-23000:HRIS / KS-DL-1.2 data room extract, row E0351"",""statement"":""Employee E0351 (Legacy Alderstone, Chicago, Permitting & Advisory) has headcount of 87 as of 2025-11-15."",""type"":""claim"",""unit"":""headcount"",""value"":""87.0""}"
"perimeter:keystone_consolidated_headcount_by_employee_record_(e0351,_legacy_alderstone,_chicago,_permitting_&_advisory)",perimeter,"Keystone consolidated headcount by employee record (E0351, Legacy Alderstone, Chicago, Permitting & Advisory)","{""id"":""perimeter:keystone_consolidated_headcount_by_employee_record_(e0351,_legacy_alderstone,_chicago,_permitting_&_advisory)"",""label"":""Keystone consolidated headcount by employee record (E0351, Legacy Alderstone, Chicago, Permitting & Advisory)"",""type"":""perimeter""}"
claim:0533,claim,,"{""deal"":""keystone"",""derivation"":null,""direction"":""context"",""epistemic"":""observed"",""id"":""claim:0533"",""locator"":""keystone_data_room_extract.md::section:w22750-23000:HRIS / KS-DL-1.2 data room extract, row E0352"",""statement"":""Employee E0352 (Northstar, Detroit, EHS Compliance) has headcount of 104 as of 2025-11-15."",""type"":""claim"",""unit"":""headcount"",""value"":""104.0""}"
"perimeter:keystone_consolidated_headcount_by_employee_record_(e0352,_northstar,_detroit,_ehs_compliance)",perimeter,"Keystone consolidated headcount by employee record (E0352, Northstar, Detroit, EHS Compliance)","{""id"":""perimeter:keystone_consolidated_headcount_by_employee_record_(e0352,_northstar,_detroit,_ehs_compliance)"",""label"":""Keystone consolidated headcount by employee record (E0352, Northstar, Detroit, EHS Compliance)"",""type"":""perimeter""}"
claim:0534,claim,,"{""deal"":""keystone"",""derivation"":null,""direction"":""context"",""epistemic"":""observed"",""id"":""claim:0534"",""locator"":""keystone_data_room_extract.md::section:w22750-23000:HRIS / KS-DL-1.2 data room extract, row E0353"",""statement"":""Employee E0353 (Delta, Louisville, Industrial Hygiene) has headcount of 121 as of 2025-11-15."",""type"":""claim"",""unit"":""headcount"",""value"":""121.0""}"
"perimeter:keystone_consolidated_headcount_by_employee_record_(e0353,_delta,_louisville,_industrial_hygiene)",perimeter,"Keystone consolidated headcount by employee record (E0353, Delta, Louisville, Industrial Hygiene)","{""id"":""perimeter:keystone_consolidated_headcount_by_employee_record_(e0353,_delta,_louisville,_industrial_hygiene)"",""label"":""Keystone consolidated headcount by employee record (E0353, Delta, Louisville, Industrial Hygiene)"",""type"":""perimeter""}"
claim:0535,claim,,"{""deal"":""keystone"",""derivation"":null,""direction"":""context"",""epistemic"":""observed"",""id"":""claim:0535"",""locator"":""keystone_data_room_extract.md::section:w22750-23000:HRIS / KS-DL-1.2 data room extract, row E0354"",""statement"":""Employee E0354 (Meridian, Nashville, Field Inspection) has headcount of 138 as of 2025-11-15."",""type"":""claim"",""unit"":""headcount"",""value"":""138.0""}"
"perimeter:keystone_consolidated_headcount_by_employee_record_(e0354,_meridian,_nashville,_field_inspection)",perimeter,"Keystone consolidated headcount by employee record (E0354, Meridian, Nashville, Field Inspection)","{""id"":""perimeter:keystone_consolidated_headcount_by_employee_record_(e0354,_meridian,_nashville,_field_inspection)"",""label"":""Keystone consolidated headcount by employee record (E0354, Meridian, Nashville, Field Inspection)"",""type"":""perimeter""}"
claim:0536,claim,,"{""deal"":""keystone"",""derivation"":null,""direction"":""context"",""epistemic"":""observed"",""id"":""claim:0536"",""locator"":""keystone_data_room_extract.md::section:w22750-23000:HRIS / KS-DL-1.2 data room extract, row E0355"",""statement"":""Employee E0355 (Summit, Raleigh, Permitting & Advisory) has headcount of 175 as of 2025-11-15."",""type"":""claim"",""unit"":""headcount"",""value"":""175.0""}"
"perimeter:keystone_consolidated_headcount_by_employee_record_(e0355,_summit,_raleigh,_permitting_&_advisory)",perimeter,"Keystone consolidated headcount by employee record (E0355, Summit, Raleigh, Permitting & Advisory)","{""id"":""perimeter:keystone_consolidated_headcount_by_employee_record_(e0355,_summit,_raleigh,_permitting_&_advisory)"",""label"":""Keystone consolidated headcount by employee record (E0355, Summit, Raleigh, Permitting & Advisory)"",""type"":""perimeter""}"
claim:0537,claim,,"{""deal"":""keystone"",""derivation"":null,""direction"":""context"",""epistemic"":""observed"",""id"":""claim:0537"",""locator"":""keystone_data_room_extract.md::section:w22750-23000:HRIS / KS-DL-1.2 data room extract, row E0356"",""statement"":""Employee E0356 (Legacy Alderstone, Charlotte, EHS Compliance) has headcount of 78 as of 2025-11-15."",""type"":""claim"",""unit"":""headcount"",""value"":""78.0""}"
"perimeter:keystone_consolidated_headcount_by_employee_record_(e0356,_legacy_alderstone,_charlotte,_ehs_compliance)",perimeter,"Keystone consolidated headcount by employee record (E0356, Legacy Alderstone, Charlotte, EHS Compliance)","{""id"":""perimeter:keystone_consolidated_headcount_by_employee_record_(e0356,_legacy_alderstone,_charlotte,_ehs_compliance)"",""label"":""Keystone consolidated headcount by employee record (E0356, Legacy Alderstone, Charlotte, EHS Compliance)"",""type"":""perimeter""}"
claim:0538,claim,,"{""deal"":""keystone"",""derivation"":null,""direction"":""context"",""epistemic"":""observed"",""id"":""claim:0538"",""locator"":""keystone_data_room_extract.md::section:w22750-23000:HRIS / KS-DL-1.2 data room extract, row E0357"",""statement"":""Employee E0357 (Northstar, Cincinnati, Industrial Hygiene) has headcount of 91 as of 2025-11-15."",""type"":""claim"",""unit"":""headcount"",""value"":""91.0""}"
"perimeter:keystone_consolidated_headcount_by_employee_record_(e0357,_northstar,_cincinnati,_industrial_hygiene)",perimeter,"Keystone consolidated headcount by employee record (E0357, Northstar, Cincinnati, Industrial Hygiene)","{""id"":""perimeter:keystone_consolidated_headcount_by_employee_record_(e0357,_northstar,_cincinnati,_industrial_hygiene)"",""label"":""Keystone consolidated headcount by employee record (E0357, Northstar, Cincinnati, Industrial Hygiene)"",""type"":""perimeter""}"
claim:0539,claim,,"{""deal"":""keystone"",""derivation"":null,""direction"":""context"",""epistemic"":""observed"",""id"":""claim:0539"",""locator"":""keystone_data_room_extract.md::section:w23000-23250"",""statement"":""Employee E0358 in Columbus, Midwest, HR department, Field Inspection service line, hired 2020-10-01, active staff status, headcount allocation 104."",""type"":""claim"",""unit"":""headcount"",""value"":""104.0""}"
claim:0540,claim,,"{""deal"":""keystone"",""derivation"":null,""direction"":""context"",""epistemic"":""observed"",""id"":""claim:0540"",""locator"":""keystone_data_room_extract.md::section:w23000-23250"",""statement"":""Employee E0359 in Knoxville, Midwest, IT department, Permitting & Advisory service line, hired 2021-11-01, active staff status, headcount allocation 117."",""type"":""claim"",""unit"":""headcount"",""value"":""117.0""}"
claim:0541,claim,,"{""deal"":""keystone"",""derivation"":null,""direction"":""context"",""epistemic"":""observed"",""id"":""claim:0541"",""locator"":""keystone_data_room_extract.md::section:w23000-23250"",""statement"":""Employee E0360 in Greenville, Southeast, Technical department, EHS Compliance service line, hired 2023-01-01, active manager status, headcount allocation 60."",""type"":""claim"",""unit"":""headcount"",""value"":""60.0""}"
claim:0542,claim,,"{""deal"":""keystone"",""derivation"":null,""direction"":""context"",""epistemic"":""observed"",""id"":""claim:0542"",""locator"":""keystone_data_room_extract.md::section:w23000-23250"",""statement"":""Employee E0361 in Milwaukee, Midwest, Technical department, Industrial Hygiene service line, hired 2024-02-01, active staff status, headcount allocation 77."",""type"":""claim"",""unit"":""headcount"",""value"":""77.0""}"
claim:0543,claim,,"{""deal"":""keystone"",""derivation"":null,""direction"":""context"",""epistemic"":""observed"",""id"":""claim:0543"",""locator"":""keystone_data_room_extract.md::section:w23000-23250"",""statement"":""Employee E0362 in St. Louis, Midwest, Technical department, Field Inspection service line, hired 2025-03-01, active staff status, headcount allocation 94."",""type"":""claim"",""unit"":""headcount"",""value"":""94.0""}"
claim:0544,claim,,"{""deal"":""keystone"",""derivation"":null,""direction"":""context"",""epistemic"":""observed"",""id"":""claim:0544"",""locator"":""keystone_data_room_extract.md::section:w23000-23250"",""statement"":""Employee E0363 in Richmond, Southeast, Technical department, Permitting & Advisory service line, hired 2015-04-01, active staff status, headcount allocation 111."",""type"":""claim"",""unit"":""headcount"",""value"":""111.0""}"
claim:0545,claim,,"{""deal"":""keystone"",""derivation"":null,""direction"":""context"",""epistemic"":""observed"",""id"":""claim:0545"",""locator"":""keystone_data_room_extract.md::section:w23250-23500"",""statement"":""EHS Compliance service line headcount is 128 as of 2025-11-15."",""type"":""claim"",""unit"":""headcount"",""value"":""128.0""}"
claim:0546,claim,,"{""deal"":""keystone"",""derivation"":null,""direction"":""context"",""epistemic"":""observed"",""id"":""claim:0546"",""locator"":""keystone_data_room_extract.md::section:w23250-23500"",""statement"":""Industrial Hygiene service line headcount is 85 as of 2025-11-15."",""type"":""claim"",""unit"":""headcount"",""value"":""85.0""}"
claim:0547,claim,,"{""deal"":""keystone"",""derivation"":null,""direction"":""context"",""epistemic"":""observed"",""id"":""claim:0547"",""locator"":""keystone_data_room_extract.md::section:w23250-23500"",""statement"":""Field Inspection service line headcount is 98 as of 2025-11-15."",""type"":""claim"",""unit"":""headcount"",""value"":""98.0""}"
claim:0548,claim,,"{""deal"":""keystone"",""derivation"":null,""direction"":""context"",""epistemic"":""observed"",""id"":""claim:0548"",""locator"":""keystone_data_room_extract.md::section:w23250-23500"",""statement"":""Permitting & Advisory service line headcount is 111 as of 2025-11-15."",""type"":""claim"",""unit"":""headcount"",""value"":""111.0""}"
claim:0549,claim,,"{""deal"":""keystone"",""derivation"":null,""direction"":""context"",""epistemic"":""observed"",""id"":""claim:0549"",""locator"":""keystone_data_room_extract.md::section:w23250-23500"",""statement"":""EHS Compliance service line headcount in Nashville is 124 as of 2025-11-15."",""type"":""claim"",""unit"":""headcount"",""value"":""124.0""}"
perimeter:keystone_ehs_compliance_service_line_headcount_(nashville),perimeter,Keystone EHS Compliance service line headcount (Nashville),"{""id"":""perimeter:keystone_ehs_compliance_service_line_headcount_(nashville)"",""label"":""Keystone EHS Compliance service line headcount (Nashville)"",""type"":""perimeter""}"
claim:0550,claim,,"{""deal"":""keystone"",""derivation"":null,""direction"":""context"",""epistemic"":""observed"",""id"":""claim:0550"",""locator"":""keystone_data_room_extract.md::section:w23250-23500"",""statement"":""Industrial Hygiene service line headcount in Raleigh is 137 as of 2025-11-15."",""type"":""claim"",""unit"":""headcount"",""value"":""137.0""}"
perimeter:keystone_industrial_hygiene_service_line_headcount_(raleigh),perimeter,Keystone Industrial Hygiene service line headcount (Raleigh),"{""id"":""perimeter:keystone_industrial_hygiene_service_line_headcount_(raleigh)"",""label"":""Keystone Industrial Hygiene service line headcount (Raleigh)"",""type"":""perimeter""}"
claim:0551,claim,,"{""deal"":""keystone"",""derivation"":null,""direction"":""context"",""epistemic"":""observed"",""id"":""claim:0551"",""locator"":""keystone_data_room_extract.md::section:w23250-23500"",""statement"":""Field Inspection service line headcount in Charlotte is 140 as of 2025-11-15."",""type"":""claim"",""unit"":""headcount"",""value"":""140.0""}"
perimeter:keystone_field_inspection_service_line_headcount_(charlotte),perimeter,Keystone Field Inspection service line headcount (Charlotte),"{""id"":""perimeter:keystone_field_inspection_service_line_headcount_(charlotte)"",""label"":""Keystone Field Inspection service line headcount (Charlotte)"",""type"":""perimeter""}"
claim:0552,claim,,"{""deal"":""keystone"",""derivation"":null,""direction"":""context"",""epistemic"":""observed"",""id"":""claim:0552"",""locator"":""keystone_data_room_extract.md::section:w23500-23750"",""statement"":""Employee E0371 in Midwest Technical Permitting & Advisory has a utilization metric of 0.67."",""type"":""claim"",""unit"":""headcount"",""value"":""67.0""}"
"perimeter:keystone_employee_e0371_(midwest,_technical,_permitting_&_advisory)",perimeter,"Keystone employee E0371 (Midwest, Technical, Permitting & Advisory)","{""id"":""perimeter:keystone_employee_e0371_(midwest,_technical,_permitting_&_advisory)"",""label"":""Keystone employee E0371 (Midwest, Technical, Permitting & Advisory)"",""type"":""perimeter""}"
claim:0553,claim,,"{""deal"":""keystone"",""derivation"":null,""direction"":""context"",""epistemic"":""observed"",""id"":""claim:0553"",""locator"":""keystone_data_room_extract.md::section:w23500-23750"",""statement"":""Employee E0372 in Southeast Technical EHS Compliance has a utilization metric of 0.84."",""type"":""claim"",""unit"":""headcount"",""value"":""84.0""}"
"perimeter:keystone_employee_e0372_(southeast,_technical,_ehs_compliance)",perimeter,"Keystone employee E0372 (Southeast, Technical, EHS Compliance)","{""id"":""perimeter:keystone_employee_e0372_(southeast,_technical,_ehs_compliance)"",""label"":""Keystone employee E0372 (Southeast, Technical, EHS Compliance)"",""type"":""perimeter""}"
claim:0554,claim,,"{""deal"":""keystone"",""derivation"":null,""direction"":""context"",""epistemic"":""observed"",""id"":""claim:0554"",""locator"":""keystone_data_room_extract.md::section:w23500-23750"",""statement"":""Employee E0373 in Midwest Technical Industrial Hygiene has a utilization metric of 1.01."",""type"":""claim"",""unit"":""headcount"",""value"":""101.0""}"
"perimeter:keystone_employee_e0373_(midwest,_technical,_industrial_hygiene)",perimeter,"Keystone employee E0373 (Midwest, Technical, Industrial Hygiene)","{""id"":""perimeter:keystone_employee_e0373_(midwest,_technical,_industrial_hygiene)"",""label"":""Keystone employee E0373 (Midwest, Technical, Industrial Hygiene)"",""type"":""perimeter""}"
claim:0555,claim,,"{""deal"":""keystone"",""derivation"":null,""direction"":""context"",""epistemic"":""observed"",""id"":""claim:0555"",""locator"":""keystone_data_room_extract.md::section:w23500-23750"",""statement"":""Employee E0374 in Midwest Project Management Field Inspection has a utilization metric of 1.18."",""type"":""claim"",""unit"":""headcount"",""value"":""118.0""}"
"perimeter:keystone_employee_e0374_(midwest,_project_management,_field_inspection)",perimeter,"Keystone employee E0374 (Midwest, Project Management, Field Inspection)","{""id"":""perimeter:keystone_employee_e0374_(midwest,_project_management,_field_inspection)"",""label"":""Keystone employee E0374 (Midwest, Project Management, Field Inspection)"",""type"":""perimeter""}"
claim:0556,claim,,"{""deal"":""keystone"",""derivation"":null,""direction"":""context"",""epistemic"":""observed"",""id"":""claim:0556"",""locator"":""keystone_data_room_extract.md::section:w23500-23750"",""statement"":""Employee E0375 in Southeast Corporate Permitting & Advisory has a utilization metric of 1.05."",""type"":""claim"",""unit"":""headcount"",""value"":""105.0""}"
"perimeter:keystone_employee_e0375_(southeast,_corporate,_permitting_&_advisory)",perimeter,"Keystone employee E0375 (Southeast, Corporate, Permitting & Advisory)","{""id"":""perimeter:keystone_employee_e0375_(southeast,_corporate,_permitting_&_advisory)"",""label"":""Keystone employee E0375 (Southeast, Corporate, Permitting & Advisory)"",""type"":""perimeter""}"
claim:0557,claim,,"{""deal"":""keystone"",""derivation"":null,""direction"":""context"",""epistemic"":""observed"",""id"":""claim:0557"",""locator"":""keystone_data_room_extract.md::section:w23500-23750"",""statement"":""Employee E0376 in Midwest Sales EHS Compliance has a utilization metric of 1.18."",""type"":""claim"",""unit"":""headcount"",""value"":""118.0""}"
"perimeter:keystone_employee_e0376_(midwest,_sales,_ehs_compliance)",perimeter,"Keystone employee E0376 (Midwest, Sales, EHS Compliance)","{""id"":""perimeter:keystone_employee_e0376_(midwest,_sales,_ehs_compliance)"",""label"":""Keystone employee E0376 (Midwest, Sales, EHS Compliance)"",""type"":""perimeter""}"
claim:0558,claim,,"{""deal"":""keystone"",""derivation"":null,""direction"":""context"",""epistemic"":""observed"",""id"":""claim:0558"",""locator"":""keystone_data_room_extract.md::section:w23500-23750"",""statement"":""Employee E0377 in Midwest Finance Industrial Hygiene has a utilization metric of 1.31."",""type"":""claim"",""unit"":""headcount"",""value"":""131.0""}"
"perimeter:keystone_employee_e0377_(midwest,_finance,_industrial_hygiene)",perimeter,"Keystone employee E0377 (Midwest, Finance, Industrial Hygiene)","{""id"":""perimeter:keystone_employee_e0377_(midwest,_finance,_industrial_hygiene)"",""label"":""Keystone employee E0377 (Midwest, Finance, Industrial Hygiene)"",""type"":""perimeter""}"
claim:0559,claim,,"{""deal"":""keystone"",""derivation"":null,""direction"":""context"",""epistemic"":""observed"",""id"":""claim:0559"",""locator"":""keystone_data_room_extract.md::section:w23750-24000:HRIS data room extract, row E0378"",""statement"":""Employee E0378 in Indianapolis HR Field Inspection role has a salary band of 144 (units unspecified)."",""type"":""claim"",""unit"":""headcount"",""value"":""144.0""}"
"perimeter:keystone_employee_e0378_(indianapolis,_hr,_field_inspection)",perimeter,"Keystone employee E0378 (Indianapolis, HR, Field Inspection)","{""id"":""perimeter:keystone_employee_e0378_(indianapolis,_hr,_field_inspection)"",""label"":""Keystone employee E0378 (Indianapolis, HR, Field Inspection)"",""type"":""perimeter""}"
claim:0560,claim,,"{""deal"":""keystone"",""derivation"":null,""direction"":""context"",""epistemic"":""observed"",""id"":""claim:0560"",""locator"":""keystone_data_room_extract.md::section:w23750-24000:HRIS data room extract, row E0379"",""statement"":""Employee E0379 in Chicago IT Permitting & Advisory role has a salary band of 157 (units unspecified)."",""type"":""claim"",""unit"":""headcount"",""value"":""157.0""}"
"perimeter:keystone_employee_e0379_(chicago,_it,_permitting_&_advisory)",perimeter,"Keystone employee E0379 (Chicago, IT, Permitting & Advisory)","{""id"":""perimeter:keystone_employee_e0379_(chicago,_it,_permitting_&_advisory)"",""label"":""Keystone employee E0379 (Chicago, IT, Permitting & Advisory)"",""type"":""perimeter""}"
claim:0561,claim,,"{""deal"":""keystone"",""derivation"":null,""direction"":""context"",""epistemic"":""observed"",""id"":""claim:0561"",""locator"":""keystone_data_room_extract.md::section:w23750-24000:HRIS data room extract, row E0380"",""statement"":""Employee E0380 in Detroit Technical EHS Compliance role has a salary band of 130 (units unspecified)."",""type"":""claim"",""unit"":""headcount"",""value"":""130.0""}"
"perimeter:keystone_employee_e0380_(detroit,_technical,_ehs_compliance)",perimeter,"Keystone employee E0380 (Detroit, Technical, EHS Compliance)","{""id"":""perimeter:keystone_employee_e0380_(detroit,_technical,_ehs_compliance)"",""label"":""Keystone employee E0380 (Detroit, Technical, EHS Compliance)"",""type"":""perimeter""}"
claim:0562,claim,,"{""deal"":""keystone"",""derivation"":null,""direction"":""context"",""epistemic"":""observed"",""id"":""claim:0562"",""locator"":""keystone_data_room_extract.md::section:w23750-24000:HRIS data room extract, row E0381"",""statement"":""Employee E0381 in Louisville Technical Industrial Hygiene role has a salary band of 147 (units unspecified)."",""type"":""claim"",""unit"":""headcount"",""value"":""147.0""}"
"perimeter:keystone_employee_e0381_(louisville,_technical,_industrial_hygiene)",perimeter,"Keystone employee E0381 (Louisville, Technical, Industrial Hygiene)","{""id"":""perimeter:keystone_employee_e0381_(louisville,_technical,_industrial_hygiene)"",""label"":""Keystone employee E0381 (Louisville, Technical, Industrial Hygiene)"",""type"":""perimeter""}"
claim:0563,claim,,"{""deal"":""keystone"",""derivation"":null,""direction"":""context"",""epistemic"":""observed"",""id"":""claim:0563"",""locator"":""keystone_data_room_extract.md::section:w23750-24000:HRIS data room extract, row E0382"",""statement"":""Employee E0382 in Nashville Technical Field Inspection role has a salary band of 74 (units unspecified)."",""type"":""claim"",""unit"":""headcount"",""value"":""74.0""}"
"perimeter:keystone_employee_e0382_(nashville,_technical,_field_inspection)",perimeter,"Keystone employee E0382 (Nashville, Technical, Field Inspection)","{""id"":""perimeter:keystone_employee_e0382_(nashville,_technical,_field_inspection)"",""label"":""Keystone employee E0382 (Nashville, Technical, Field Inspection)"",""type"":""perimeter""}"
claim:0564,claim,,"{""deal"":""keystone"",""derivation"":null,""direction"":""context"",""epistemic"":""observed"",""id"":""claim:0564"",""locator"":""keystone_data_room_extract.md::section:w23750-24000:HRIS data room extract, row E0383"",""statement"":""Employee E0383 in Raleigh Technical Permitting & Advisory role has a salary band of 91 (units unspecified)."",""type"":""claim"",""unit"":""headcount"",""value"":""91.0""}"
"perimeter:keystone_employee_e0383_(raleigh,_technical,_permitting_&_advisory)",perimeter,"Keystone employee E0383 (Raleigh, Technical, Permitting & Advisory)","{""id"":""perimeter:keystone_employee_e0383_(raleigh,_technical,_permitting_&_advisory)"",""label"":""Keystone employee E0383 (Raleigh, Technical, Permitting & Advisory)"",""type"":""perimeter""}"
claim:0565,claim,,"{""deal"":""keystone"",""derivation"":null,""direction"":""context"",""epistemic"":""observed"",""id"":""claim:0565"",""locator"":""keystone_data_room_extract.md::section:w23750-24000:HRIS data room extract, row E0384"",""statement"":""Employee E0384 in Charlotte Project Management EHS Compliance role has a salary band of 108 (units unspecified)."",""type"":""claim"",""unit"":""headcount"",""value"":""108.0""}"
"perimeter:keystone_employee_e0384_(charlotte,_project_management,_ehs_compliance)",perimeter,"Keystone employee E0384 (Charlotte, Project Management, EHS Compliance)","{""id"":""perimeter:keystone_employee_e0384_(charlotte,_project_management,_ehs_compliance)"",""label"":""Keystone employee E0384 (Charlotte, Project Management, EHS Compliance)"",""type"":""perimeter""}"
claim:0566,claim,,"{""deal"":""keystone"",""derivation"":null,""direction"":""context"",""epistemic"":""observed"",""id"":""claim:0566"",""locator"":""keystone_data_room_extract.md::section:w24000-24250:HRIS / KS-DL-1.2 data room extract, rows E0385–E0391"",""statement"":""Keystone HRIS extract shows 7 active staff employees (E0385–E0391) as of 2025-11-15, spanning Corporate, Sales, Finance, HR, IT, and Technical functions across Midwest and Southeast regions."",""type"":""claim"",""unit"":""headcount"",""value"":""7.0""}"
perimeter:keystone_consolidated_headcount_by_employee_id_(e0385–e0391),perimeter,Keystone consolidated headcount by employee ID (E0385–E0391),"{""id"":""perimeter:keystone_consolidated_headcount_by_employee_id_(e0385–e0391)"",""label"":""Keystone consolidated headcount by employee ID (E0385–E0391)"",""type"":""perimeter""}"
claim:0567,claim,,"{""deal"":""keystone"",""derivation"":null,""direction"":""context"",""epistemic"":""observed"",""id"":""claim:0567"",""locator"":""keystone_data_room_extract.md::section:w24000-24250:HRIS / KS-DL-1.2 data room extract, row E0385, hire date column"",""statement"":""Employee E0385 (Cincinnati, Industrial Hygiene) commenced employment on 2015-02-01, representing approximately 10 years tenure as of 2025-11-15."",""type"":""claim"",""unit"":"""",""value"":""2015.0""}"
perimeter:keystone_employee_e0385_tenure_start_date,perimeter,Keystone employee E0385 tenure start date,"{""id"":""perimeter:keystone_employee_e0385_tenure_start_date"",""label"":""Keystone employee E0385 tenure start date"",""type"":""perimeter""}"
claim:0568,claim,,"{""deal"":""keystone"",""derivation"":null,""direction"":""context"",""epistemic"":""observed"",""id"":""claim:0568"",""locator"":""keystone_data_room_extract.md::section:w24000-24250:HRIS / KS-DL-1.2 data room extract, row E0386, hire date column"",""statement"":""Employee E0386 (Columbus, Field Inspection) commenced employment on 2016-03-01, representing approximately 9 years tenure as of 2025-11-15."",""type"":""claim"",""unit"":"""",""value"":""2016.0""}"
perimeter:keystone_employee_e0386_tenure_start_date,perimeter,Keystone employee E0386 tenure start date,"{""id"":""perimeter:keystone_employee_e0386_tenure_start_date"",""label"":""Keystone employee E0386 tenure start date"",""type"":""perimeter""}"
claim:0569,claim,,"{""deal"":""keystone"",""derivation"":null,""direction"":""context"",""epistemic"":""observed"",""id"":""claim:0569"",""locator"":""keystone_data_room_extract.md::section:w24000-24250:HRIS / KS-DL-1.2 data room extract, row E0387, hire date column"",""statement"":""Employee E0387 (Knoxville, Permitting & Advisory) commenced employment on 2017-04-01, representing approximately 8 years tenure as of 2025-11-15."",""type"":""claim"",""unit"":"""",""value"":""2017.0""}"
perimeter:keystone_employee_e0387_tenure_start_date,perimeter,Keystone employee E0387 tenure start date,"{""id"":""perimeter:keystone_employee_e0387_tenure_start_date"",""label"":""Keystone employee E0387 tenure start date"",""type"":""perimeter""}"
claim:0570,claim,,"{""deal"":""keystone"",""derivation"":null,""direction"":""context"",""epistemic"":""observed"",""id"":""claim:0570"",""locator"":""keystone_data_room_extract.md::section:w24000-24250:HRIS / KS-DL-1.2 data room extract, row E0388, hire date column"",""statement"":""Employee E0388 (Greenville, EHS Compliance) commenced employment on 2018-05-01, representing approximately 7 years tenure as of 2025-11-15."",""type"":""claim"",""unit"":"""",""value"":""2018.0""}"
perimeter:keystone_employee_e0388_tenure_start_date,perimeter,Keystone employee E0388 tenure start date,"{""id"":""perimeter:keystone_employee_e0388_tenure_start_date"",""label"":""Keystone employee E0388 tenure start date"",""type"":""perimeter""}"
claim:0571,claim,,"{""deal"":""keystone"",""derivation"":null,""direction"":""context"",""epistemic"":""observed"",""id"":""claim:0571"",""locator"":""keystone_data_room_extract.md::section:w24000-24250:HRIS / KS-DL-1.2 data room extract, row E0389, hire date column"",""statement"":""Employee E0389 (Milwaukee, Industrial Hygiene) commenced employment on 2019-06-01, representing approximately 6 years tenure as of 2025-11-15."",""type"":""claim"",""unit"":"""",""value"":""2019.0""}"
perimeter:keystone_employee_e0389_tenure_start_date,perimeter,Keystone employee E0389 tenure start date,"{""id"":""perimeter:keystone_employee_e0389_tenure_start_date"",""label"":""Keystone employee E0389 tenure start date"",""type"":""perimeter""}"
claim:0572,claim,,"{""deal"":""keystone"",""derivation"":null,""direction"":""context"",""epistemic"":""observed"",""id"":""claim:0572"",""locator"":""keystone_data_room_extract.md::section:w24000-24250:HRIS / KS-DL-1.2 data room extract, row E0390, hire date column"",""statement"":""Employee E0390 (St. Louis, Field Inspection) commenced employment on 2020-07-01, representing approximately 5 years tenure as of 2025-11-15."",""type"":""claim"",""unit"":"""",""value"":""2020.0""}"
perimeter:keystone_employee_e0390_tenure_start_date,perimeter,Keystone employee E0390 tenure start date,"{""id"":""perimeter:keystone_employee_e0390_tenure_start_date"",""label"":""Keystone employee E0390 tenure start date"",""type"":""perimeter""}"
claim:0573,claim,,"{""deal"":""keystone"",""derivation"":null,""direction"":""context"",""epistemic"":""observed"",""id"":""claim:0573"",""locator"":""keystone_data_room_extract.md::section:w24000-24250:HRIS / KS-DL-1.2 data room extract, row E0391, hire date column"",""statement"":""Employee E0391 (Richmond, Permitting & Advisory) commenced employment in 2020, representing approximately 5 years tenure as of 2025-11-15."",""type"":""claim"",""unit"":"""",""value"":""2020.0""}"
perimeter:keystone_employee_e0391_tenure_start_date,perimeter,Keystone employee E0391 tenure start date,"{""id"":""perimeter:keystone_employee_e0391_tenure_start_date"",""label"":""Keystone employee E0391 tenure start date"",""type"":""perimeter""}"
claim:0574,claim,,"{""deal"":""keystone"",""derivation"":null,""direction"":""context"",""epistemic"":""observed"",""id"":""claim:0574"",""locator"":""keystone_data_room_extract.md::section:w24250-24500"",""statement"":""Keystone HRIS data room extract shows 8 active employee records as of 2025-11-15, spanning technical, project management, corporate, sales, finance and HR functions across multiple service lines."",""type"":""claim"",""unit"":""headcount"",""value"":""8.0""}"
claim:0575,claim,,"{""deal"":""keystone"",""derivation"":null,""direction"":""context"",""epistemic"":""observed"",""id"":""claim:0575"",""locator"":""keystone_data_room_extract.md::section:w24250-24500"",""statement"":""Keystone HRIS records identify 5 employees assigned to EHS Compliance service line as of 2025-11-15 (E0392, E0393, E0396, E0397, E0398)."",""type"":""claim"",""unit"":""headcount"",""value"":""5.0""}"
perimeter:keystone_consolidated_headcount_by_service_line:_ehs_compliance,perimeter,Keystone consolidated headcount by service line: EHS Compliance,"{""id"":""perimeter:keystone_consolidated_headcount_by_service_line:_ehs_compliance"",""label"":""Keystone consolidated headcount by service line: EHS Compliance"",""type"":""perimeter""}"
claim:0576,claim,,"{""deal"":""keystone"",""derivation"":null,""direction"":""context"",""epistemic"":""observed"",""id"":""claim:0576"",""locator"":""keystone_data_room_extract.md::section:w24250-24500"",""statement"":""Keystone HRIS records identify 2 employees assigned to Industrial Hygiene service line as of 2025-11-15 (E0393, E0397)."",""type"":""claim"",""unit"":""headcount"",""value"":""2.0""}"
perimeter:keystone_consolidated_headcount_by_service_line:_industrial_hygiene,perimeter,Keystone consolidated headcount by service line: Industrial Hygiene,"{""id"":""perimeter:keystone_consolidated_headcount_by_service_line:_industrial_hygiene"",""label"":""Keystone consolidated headcount by service line: Industrial Hygiene"",""type"":""perimeter""}"
claim:0577,claim,,"{""deal"":""keystone"",""derivation"":null,""direction"":""context"",""epistemic"":""observed"",""id"":""claim:0577"",""locator"":""keystone_data_room_extract.md::section:w24250-24500"",""statement"":""Keystone HRIS records identify 2 employees assigned to Field Inspection service line as of 2025-11-15 (E0394, E0398)."",""type"":""claim"",""unit"":""headcount"",""value"":""2.0""}"
perimeter:keystone_consolidated_headcount_by_service_line:_field_inspection,perimeter,Keystone consolidated headcount by service line: Field Inspection,"{""id"":""perimeter:keystone_consolidated_headcount_by_service_line:_field_inspection"",""label"":""Keystone consolidated headcount by service line: Field Inspection"",""type"":""perimeter""}"
claim:0578,claim,,"{""deal"":""keystone"",""derivation"":null,""direction"":""context"",""epistemic"":""observed"",""id"":""claim:0578"",""locator"":""keystone_data_room_extract.md::section:w24250-24500"",""statement"":""Keystone HRIS records identify 1 employee assigned to Permitting & Advisory service line as of 2025-11-15 (E0395)."",""type"":""claim"",""unit"":""headcount"",""value"":""1.0""}"
perimeter:keystone_consolidated_headcount_by_service_line:_permitting_&_advisory,perimeter,Keystone consolidated headcount by service line: Permitting & Advisory,"{""id"":""perimeter:keystone_consolidated_headcount_by_service_line:_permitting_&_advisory"",""label"":""Keystone consolidated headcount by service line: Permitting & Advisory"",""type"":""perimeter""}"
claim:0579,claim,,"{""deal"":""keystone"",""derivation"":""Average of tenure intervals: (2025-11-15 minus each hire date) / 8 employees = (10.83 + 9.75 + 8.08 + 7.08 + 0.92 + 9.75 + 9.75 + 9.75) / 8 = 10.73 years"",""direction"":""supports"",""epistemic"":""derived"",""id"":""claim:0579"",""locator"":""keystone_data_room_extract.md::section:w24250-24500"",""statement"":""Keystone average employee tenure is approximately 10.75 years, computed from hire dates ranging from 2015-01-01 to 2025-12-01 across 8 active staff records."",""type"":""claim"",""unit"":""years"",""value"":""10.75""}"
perimeter:keystone_consolidated_average_employee_tenure,perimeter,Keystone consolidated average employee tenure,"{""id"":""perimeter:keystone_consolidated_average_employee_tenure"",""label"":""Keystone consolidated average employee tenure"",""type"":""perimeter""}"
claim:0580,claim,,"{""deal"":""keystone"",""derivation"":null,""direction"":""context"",""epistemic"":""observed"",""id"":""claim:0580"",""locator"":""keystone_data_room_extract.md::section:w25000-25250"",""statement"":""Keystone Charlotte location EHS Compliance service line has 134 staff headcount as of 2025-11-15."",""type"":""claim"",""unit"":""headcount"",""value"":""134.0""}"
perimeter:keystone_charlotte_location_staff,perimeter,Keystone Charlotte location staff,"{""id"":""perimeter:keystone_charlotte_location_staff"",""label"":""Keystone Charlotte location staff"",""type"":""perimeter""}"
claim:0581,claim,,"{""deal"":""keystone"",""derivation"":null,""direction"":""context"",""epistemic"":""observed"",""id"":""claim:0581"",""locator"":""keystone_data_room_extract.md::section:w25000-25250"",""statement"":""Keystone Cincinnati location Industrial Hygiene service line has 61 staff headcount as of 2025-11-15."",""type"":""claim"",""unit"":""headcount"",""value"":""61.0""}"
perimeter:keystone_cincinnati_location_staff,perimeter,Keystone Cincinnati location staff,"{""id"":""perimeter:keystone_cincinnati_location_staff"",""label"":""Keystone Cincinnati location staff"",""type"":""perimeter""}"
claim:0582,claim,,"{""deal"":""keystone"",""derivation"":null,""direction"":""context"",""epistemic"":""observed"",""id"":""claim:0582"",""locator"":""keystone_data_room_extract.md::section:w25000-25250"",""statement"":""Keystone Columbus location Field Inspection service line has 78 staff headcount as of 2025-11-15."",""type"":""claim"",""unit"":""headcount"",""value"":""78.0""}"
perimeter:keystone_columbus_location_staff,perimeter,Keystone Columbus location staff,"{""id"":""perimeter:keystone_columbus_location_staff"",""label"":""Keystone Columbus location staff"",""type"":""perimeter""}"
claim:0583,claim,,"{""deal"":""keystone"",""derivation"":null,""direction"":""context"",""epistemic"":""observed"",""id"":""claim:0583"",""locator"":""keystone_data_room_extract.md::section:w25000-25250"",""statement"":""Keystone Knoxville location Permitting & Advisory service line has 75 staff headcount as of 2025-11-15."",""type"":""claim"",""unit"":""headcount"",""value"":""75.0""}"
perimeter:keystone_knoxville_location_staff,perimeter,Keystone Knoxville location staff,"{""id"":""perimeter:keystone_knoxville_location_staff"",""label"":""Keystone Knoxville location staff"",""type"":""perimeter""}"
claim:0584,claim,,"{""deal"":""keystone"",""derivation"":null,""direction"":""context"",""epistemic"":""observed"",""id"":""claim:0584"",""locator"":""keystone_data_room_extract.md::section:w25000-25250"",""statement"":""Keystone Greenville location EHS Compliance service line has 88 staff headcount as of 2025-11-15."",""type"":""claim"",""unit"":""headcount"",""value"":""88.0""}"
perimeter:keystone_greenville_location_staff,perimeter,Keystone Greenville location staff,"{""id"":""perimeter:keystone_greenville_location_staff"",""label"":""Keystone Greenville location staff"",""type"":""perimeter""}"
claim:0585,claim,,"{""deal"":""keystone"",""derivation"":null,""direction"":""context"",""epistemic"":""observed"",""id"":""claim:0585"",""locator"":""keystone_data_room_extract.md::section:w25000-25250"",""statement"":""Keystone Milwaukee location Industrial Hygiene service line has 101 staff headcount as of 2025-11-15."",""type"":""claim"",""unit"":""headcount"",""value"":""101.0""}"
perimeter:keystone_milwaukee_location_staff,perimeter,Keystone Milwaukee location staff,"{""id"":""perimeter:keystone_milwaukee_location_staff"",""label"":""Keystone Milwaukee location staff"",""type"":""perimeter""}"
claim:0586,claim,,"{""deal"":""keystone"",""derivation"":null,""direction"":""context"",""epistemic"":""observed"",""id"":""claim:0586"",""locator"":""keystone_data_room_extract.md::section:w25000-25250"",""statement"":""Keystone St. Louis location Field Inspection service line has 114 staff headcount as of 2025-11-15."",""type"":""claim"",""unit"":""headcount"",""value"":""114.0""}"
perimeter:keystone_st._louis_location_staff,perimeter,Keystone St. Louis location staff,"{""id"":""perimeter:keystone_st._louis_location_staff"",""label"":""Keystone St. Louis location staff"",""type"":""perimeter""}"
claim:0587,claim,,"{""deal"":""keystone"",""derivation"":null,""direction"":""context"",""epistemic"":""observed"",""id"":""claim:0587"",""locator"":""keystone_data_room_extract.md::section:w24750-25000"",""statement"":""Employee E0405 (Industrial Hygiene, Indianapolis, Legacy Alderstone origin) has headcount allocation of 165 as of 2025-11-15."",""type"":""claim"",""unit"":""headcount"",""value"":""165.0""}"
"perimeter:keystone_consolidated_headcount_by_employee_record_(e0405,_industrial_hygiene_role)",perimeter,"Keystone consolidated headcount by employee record (E0405, Industrial Hygiene role)","{""id"":""perimeter:keystone_consolidated_headcount_by_employee_record_(e0405,_industrial_hygiene_role)"",""label"":""Keystone consolidated headcount by employee record (E0405, Industrial Hygiene role)"",""type"":""perimeter""}"
claim:0588,claim,,"{""deal"":""keystone"",""derivation"":null,""direction"":""context"",""epistemic"":""observed"",""id"":""claim:0588"",""locator"":""keystone_data_room_extract.md::section:w24750-25000"",""statement"":""Employee E0406 (Field Inspection, Indianapolis, Northstar origin) has headcount allocation of 178 as of 2025-11-15."",""type"":""claim"",""unit"":""headcount"",""value"":""178.0""}"
"perimeter:keystone_consolidated_headcount_by_employee_record_(e0406,_field_inspection_role)",perimeter,"Keystone consolidated headcount by employee record (E0406, Field Inspection role)","{""id"":""perimeter:keystone_consolidated_headcount_by_employee_record_(e0406,_field_inspection_role)"",""label"":""Keystone consolidated headcount by employee record (E0406, Field Inspection role)"",""type"":""perimeter""}"
claim:0589,claim,,"{""deal"":""keystone"",""derivation"":null,""direction"":""context"",""epistemic"":""observed"",""id"":""claim:0589"",""locator"":""keystone_data_room_extract.md::section:w24750-25000"",""statement"":""Employee E0407 (Permitting & Advisory, Chicago, Delta origin) has headcount allocation of 81 as of 2025-11-15."",""type"":""claim"",""unit"":""headcount"",""value"":""81.0""}"
"perimeter:keystone_consolidated_headcount_by_employee_record_(e0407,_permitting_&_advisory_role)",perimeter,"Keystone consolidated headcount by employee record (E0407, Permitting & Advisory role)","{""id"":""perimeter:keystone_consolidated_headcount_by_employee_record_(e0407,_permitting_&_advisory_role)"",""label"":""Keystone consolidated headcount by employee record (E0407, Permitting & Advisory role)"",""type"":""perimeter""}"
claim:0590,claim,,"{""deal"":""keystone"",""derivation"":null,""direction"":""context"",""epistemic"":""observed"",""id"":""claim:0590"",""locator"":""keystone_data_room_extract.md::section:w24750-25000"",""statement"":""Employee E0408 (EHS Compliance, Detroit, Meridian origin) has headcount allocation of 94 as of 2025-11-15."",""type"":""claim"",""unit"":""headcount"",""value"":""94.0""}"
"perimeter:keystone_consolidated_headcount_by_employee_record_(e0408,_ehs_compliance_role)",perimeter,"Keystone consolidated headcount by employee record (E0408, EHS Compliance role)","{""id"":""perimeter:keystone_consolidated_headcount_by_employee_record_(e0408,_ehs_compliance_role)"",""label"":""Keystone consolidated headcount by employee record (E0408, EHS Compliance role)"",""type"":""perimeter""}"
claim:0591,claim,,"{""deal"":""keystone"",""derivation"":null,""direction"":""context"",""epistemic"":""observed"",""id"":""claim:0591"",""locator"":""keystone_data_room_extract.md::section:w24750-25000"",""statement"":""Employee E0409 (Industrial Hygiene, Louisville, Summit origin) has headcount allocation of 107 as of 2025-11-15."",""type"":""claim"",""unit"":""headcount"",""value"":""107.0""}"
"perimeter:keystone_consolidated_headcount_by_employee_record_(e0409,_industrial_hygiene_role)",perimeter,"Keystone consolidated headcount by employee record (E0409, Industrial Hygiene role)","{""id"":""perimeter:keystone_consolidated_headcount_by_employee_record_(e0409,_industrial_hygiene_role)"",""label"":""Keystone consolidated headcount by employee record (E0409, Industrial Hygiene role)"",""type"":""perimeter""}"
claim:0592,claim,,"{""deal"":""keystone"",""derivation"":null,""direction"":""context"",""epistemic"":""observed"",""id"":""claim:0592"",""locator"":""keystone_data_room_extract.md::section:w24750-25000"",""statement"":""Employee E0410 (Field Inspection, Nashville, Legacy Alderstone origin) has headcount allocation of 100 as of 2025-11-15."",""type"":""claim"",""unit"":""headcount"",""value"":""100.0""}"
"perimeter:keystone_consolidated_headcount_by_employee_record_(e0410,_field_inspection_role)",perimeter,"Keystone consolidated headcount by employee record (E0410, Field Inspection role)","{""id"":""perimeter:keystone_consolidated_headcount_by_employee_record_(e0410,_field_inspection_role)"",""label"":""Keystone consolidated headcount by employee record (E0410, Field Inspection role)"",""type"":""perimeter""}"
claim:0593,claim,,"{""deal"":""keystone"",""derivation"":null,""direction"":""context"",""epistemic"":""observed"",""id"":""claim:0593"",""locator"":""keystone_data_room_extract.md::section:w24750-25000"",""statement"":""Employee E0411 (Permitting & Advisory, Raleigh, Northstar origin) has headcount allocation of 117 as of 2025-11-15."",""type"":""claim"",""unit"":""headcount"",""value"":""117.0""}"
"perimeter:keystone_consolidated_headcount_by_employee_record_(e0411,_permitting_&_advisory_role)",perimeter,"Keystone consolidated headcount by employee record (E0411, Permitting & Advisory role)","{""id"":""perimeter:keystone_consolidated_headcount_by_employee_record_(e0411,_permitting_&_advisory_role)"",""label"":""Keystone consolidated headcount by employee record (E0411, Permitting & Advisory role)"",""type"":""perimeter""}"
claim:0594,claim,,"{""deal"":""keystone"",""derivation"":null,""direction"":""context"",""epistemic"":""observed"",""id"":""claim:0594"",""locator"":""keystone_data_room_extract.md::section:w24750-25000"",""statement"":""Employee E0405 (Industrial Hygiene) hire date is 2024-10-01, indicating tenure of approximately 1 year as of 2025-11-15."",""type"":""claim"",""unit"":"""",""value"":""2024.0""}"
"perimeter:keystone_consolidated_employee_tenure_by_hire_date_(e0405,_industrial_hygiene_role)",perimeter,"Keystone consolidated employee tenure by hire date (E0405, Industrial Hygiene role)","{""id"":""perimeter:keystone_consolidated_employee_tenure_by_hire_date_(e0405,_industrial_hygiene_role)"",""label"":""Keystone consolidated employee tenure by hire date (E0405, Industrial Hygiene role)"",""type"":""perimeter""}"
claim:0595,claim,,"{""deal"":""keystone"",""derivation"":null,""direction"":""context"",""epistemic"":""observed"",""id"":""claim:0595"",""locator"":""keystone_data_room_extract.md::section:w24750-25000"",""statement"":""Employee E0406 (Field Inspection) hire date is 2025-11-01, indicating tenure of less than 1 month as of 2025-11-15."",""type"":""claim"",""unit"":"""",""value"":""2025.0""}"
"perimeter:keystone_consolidated_employee_tenure_by_hire_date_(e0406,_field_inspection_role)",perimeter,"Keystone consolidated employee tenure by hire date (E0406, Field Inspection role)","{""id"":""perimeter:keystone_consolidated_employee_tenure_by_hire_date_(e0406,_field_inspection_role)"",""label"":""Keystone consolidated employee tenure by hire date (E0406, Field Inspection role)"",""type"":""perimeter""}"
claim:0596,claim,,"{""deal"":""keystone"",""derivation"":null,""direction"":""supports"",""epistemic"":""observed"",""id"":""claim:0596"",""locator"":""keystone_data_room_extract.md::section:w24750-25000"",""statement"":""Employee E0407 (Permitting & Advisory) hire date is 2015-12-01, indicating tenure of approximately 10 years as of 2025-11-15."",""type"":""claim"",""unit"":"""",""value"":""2015.0""}"
"perimeter:keystone_consolidated_employee_tenure_by_hire_date_(e0407,_permitting_&_advisory_role)",perimeter,"Keystone consolidated employee tenure by hire date (E0407, Permitting & Advisory role)","{""id"":""perimeter:keystone_consolidated_employee_tenure_by_hire_date_(e0407,_permitting_&_advisory_role)"",""label"":""Keystone consolidated employee tenure by hire date (E0407, Permitting & Advisory role)"",""type"":""perimeter""}"
claim:0597,claim,,"{""deal"":""keystone"",""derivation"":null,""direction"":""supports"",""epistemic"":""observed"",""id"":""claim:0597"",""locator"":""keystone_data_room_extract.md::section:w24750-25000"",""statement"":""Employee E0408 (EHS Compliance) hire date is 2016-01-01, indicating tenure of approximately 9 years as of 2025-11-15."",""type"":""claim"",""unit"":"""",""value"":""2016.0""}"
"perimeter:keystone_consolidated_employee_tenure_by_hire_date_(e0408,_ehs_compliance_role)",perimeter,"Keystone consolidated employee tenure by hire date (E0408, EHS Compliance role)","{""id"":""perimeter:keystone_consolidated_employee_tenure_by_hire_date_(e0408,_ehs_compliance_role)"",""label"":""Keystone consolidated employee tenure by hire date (E0408, EHS Compliance role)"",""type"":""perimeter""}"
claim:0598,claim,,"{""deal"":""keystone"",""derivation"":null,""direction"":""supports"",""epistemic"":""observed"",""id"":""claim:0598"",""locator"":""keystone_data_room_extract.md::section:w24750-25000"",""statement"":""Employee E0409 (Industrial Hygiene) hire date is 2017-02-01, indicating tenure of approximately 8 years as of 2025-11-15."",""type"":""claim"",""unit"":"""",""value"":""2017.0""}"
"perimeter:keystone_consolidated_employee_tenure_by_hire_date_(e0409,_industrial_hygiene_role)",perimeter,"Keystone consolidated employee tenure by hire date (E0409, Industrial Hygiene role)","{""id"":""perimeter:keystone_consolidated_employee_tenure_by_hire_date_(e0409,_industrial_hygiene_role)"",""label"":""Keystone consolidated employee tenure by hire date (E0409, Industrial Hygiene role)"",""type"":""perimeter""}"
claim:0599,claim,,"{""deal"":""keystone"",""derivation"":null,""direction"":""supports"",""epistemic"":""observed"",""id"":""claim:0599"",""locator"":""keystone_data_room_extract.md::section:w24750-25000"",""statement"":""Employee E0410 (Field Inspection) hire date is 2018-03-01, indicating tenure of approximately 7 years as of 2025-11-15."",""type"":""claim"",""unit"":"""",""value"":""2018.0""}"
"perimeter:keystone_consolidated_employee_tenure_by_hire_date_(e0410,_field_inspection_role)",perimeter,"Keystone consolidated employee tenure by hire date (E0410, Field Inspection role)","{""id"":""perimeter:keystone_consolidated_employee_tenure_by_hire_date_(e0410,_field_inspection_role)"",""label"":""Keystone consolidated employee tenure by hire date (E0410, Field Inspection role)"",""type"":""perimeter""}"
claim:0600,claim,,"{""deal"":""keystone"",""derivation"":null,""direction"":""supports"",""epistemic"":""observed"",""id"":""claim:0600"",""locator"":""keystone_data_room_extract.md::section:w24750-25000"",""statement"":""Employee E0411 (Permitting & Advisory) hire date is 2019-04-01, indicating tenure of approximately 6 years as of 2025-11-15."",""type"":""claim"",""unit"":"""",""value"":""2019.0""}"
"perimeter:keystone_consolidated_employee_tenure_by_hire_date_(e0411,_permitting_&_advisory_role)",perimeter,"Keystone consolidated employee tenure by hire date (E0411, Permitting & Advisory role)","{""id"":""perimeter:keystone_consolidated_employee_tenure_by_hire_date_(e0411,_permitting_&_advisory_role)"",""label"":""Keystone consolidated employee tenure by hire date (E0411, Permitting & Advisory role)"",""type"":""perimeter""}"
claim:0601,claim,,"{""deal"":""keystone"",""derivation"":null,""direction"":""context"",""epistemic"":""observed"",""id"":""claim:0601"",""locator"":""keystone_data_room_extract.md::section:w25500-25750:HRIS / KS-DL-1.2 employee roster, rows E0426–E0432"",""statement"":""Keystone HRIS data room extract shows 8 active staff employees (E0426–E0432) as of 2025-11-15."",""type"":""claim"",""unit"":""headcount"",""value"":""8.0""}"
claim:0602,claim,,"{""deal"":""keystone"",""derivation"":null,""direction"":""supports"",""epistemic"":""observed"",""id"":""claim:0602"",""locator"":""keystone_data_room_extract.md::section:w25500-25750:HRIS / KS-DL-1.2 employee roster, row E0429, hire date column"",""statement"":""The earliest hire date in the Keystone HRIS roster is 2015-10-01 (employee E0429), indicating tenure of approximately 10 years."",""type"":""claim"",""unit"":"""",""value"":""2015.0""}"
perimeter:keystone_consolidated_employee_tenure_(earliest_hire_date),perimeter,Keystone consolidated employee tenure (earliest hire date),"{""id"":""perimeter:keystone_consolidated_employee_tenure_(earliest_hire_date)"",""label"":""Keystone consolidated employee tenure (earliest hire date)"",""type"":""perimeter""}"
claim:0603,claim,,"{""deal"":""keystone"",""derivation"":null,""direction"":""context"",""epistemic"":""observed"",""id"":""claim:0603"",""locator"":""keystone_data_room_extract.md::section:w25500-25750:HRIS / KS-DL-1.2 employee roster, acquisition origin column, rows E0430–E0432"",""statement"":""Three employees (E0430, E0431, E0432) are identified as originating from Legacy Alderstone acquisition, representing 37.5% of the active staff roster."",""type"":""claim"",""unit"":""headcount"",""value"":""3.0""}"
"perimeter:keystone_consolidated_headcount_by_acquisition_origin_(legacy_alderstone,_northstar,_delta,_meridian,_summit)",perimeter,"Keystone consolidated headcount by acquisition origin (Legacy Alderstone, Northstar, Delta, Meridian, Summit)","{""id"":""perimeter:keystone_consolidated_headcount_by_acquisition_origin_(legacy_alderstone,_northstar,_delta,_meridian,_summit)"",""label"":""Keystone consolidated headcount by acquisition origin (Legacy Alderstone, Northstar, Delta, Meridian, Summit)"",""type"":""perimeter""}"
claim:0604,claim,,"{""deal"":""keystone"",""derivation"":null,""direction"":""context"",""epistemic"":""observed"",""id"":""claim:0604"",""locator"":""keystone_data_room_extract.md::section:w25250-25500:HRIS / KS-DL-1.2 table, row E0419"",""statement"":""Employee E0419 in IT / Permitting & Advisory at Richmond location has a salary of 127 (units unspecified)."",""type"":""claim"",""unit"":""headcount"",""value"":""127.0""}"
claim:0605,claim,,"{""deal"":""keystone"",""derivation"":null,""direction"":""context"",""epistemic"":""observed"",""id"":""claim:0605"",""locator"":""keystone_data_room_extract.md::section:w25250-25500:HRIS / KS-DL-1.2 table, row E0420"",""statement"":""Employee E0420 in Technical / EHS Compliance at Indianapolis location has a salary of 90 (units unspecified)."",""type"":""claim"",""unit"":""headcount"",""value"":""90.0""}"
claim:0606,claim,,"{""deal"":""keystone"",""derivation"":null,""direction"":""context"",""epistemic"":""observed"",""id"":""claim:0606"",""locator"":""keystone_data_room_extract.md::section:w25250-25500:HRIS / KS-DL-1.2 table, row E0421"",""statement"":""Employee E0421 in Technical / Industrial Hygiene at Chicago location has a salary of 107 (units unspecified)."",""type"":""claim"",""unit"":""headcount"",""value"":""107.0""}"
claim:0607,claim,,"{""deal"":""keystone"",""derivation"":null,""direction"":""context"",""epistemic"":""observed"",""id"":""claim:0607"",""locator"":""keystone_data_room_extract.md::section:w25250-25500:HRIS / KS-DL-1.2 table, row E0422"",""statement"":""Employee E0422 in Technical / Field Inspection at Detroit location has a salary of 124 (units unspecified)."",""type"":""claim"",""unit"":""headcount"",""value"":""124.0""}"
claim:0608,claim,,"{""deal"":""keystone"",""derivation"":null,""direction"":""context"",""epistemic"":""observed"",""id"":""claim:0608"",""locator"":""keystone_data_room_extract.md::section:w25250-25500:HRIS / KS-DL-1.2 table, row E0423"",""statement"":""Employee E0423 in Technical / Permitting & Advisory at Louisville location has a salary of 141 (units unspecified)."",""type"":""claim"",""unit"":""headcount"",""value"":""141.0""}"
claim:0609,claim,,"{""deal"":""keystone"",""derivation"":null,""direction"":""context"",""epistemic"":""observed"",""id"":""claim:0609"",""locator"":""keystone_data_room_extract.md::section:w25250-25500:HRIS / KS-DL-1.2 table, row E0424"",""statement"":""Employee E0424 in Project Management / EHS Compliance at Nashville location has a salary of 68 (units unspecified)."",""type"":""claim"",""unit"":""headcount"",""value"":""68.0""}"
claim:0610,claim,,"{""deal"":""keystone"",""derivation"":null,""direction"":""context"",""epistemic"":""observed"",""id"":""claim:0610"",""locator"":""keystone_data_room_extract.md::section:w25250-25500:HRIS / KS-DL-1.2 table, row E0425"",""statement"":""Employee E0425 in Corporate / Industrial Hygiene at Raleigh location has a salary of 95 (units unspecified)."",""type"":""claim"",""unit"":""headcount"",""value"":""95.0""}"
claim:0611,claim,,"{""deal"":""keystone"",""derivation"":null,""direction"":""context"",""epistemic"":""observed"",""id"":""claim:0611"",""locator"":""keystone_data_room_extract.md::section:w26250-26500:Data room HRIS extract, Field Inspection row, headcount column"",""statement"":""Keystone Field Inspection service line has 148 staff headcount as of 2025-11-15."",""type"":""claim"",""unit"":""headcount"",""value"":""148.0""}"
perimeter:keystone_field_inspection_service_line_staff_headcount,perimeter,Keystone Field Inspection service line staff headcount,"{""id"":""perimeter:keystone_field_inspection_service_line_staff_headcount"",""label"":""Keystone Field Inspection service line staff headcount"",""type"":""perimeter""}"
claim:0612,claim,,"{""deal"":""keystone"",""derivation"":null,""direction"":""context"",""epistemic"":""observed"",""id"":""claim:0612"",""locator"":""keystone_data_room_extract.md::section:w26250-26500:Data room HRIS extract, Permitting & Advisory row, headcount column"",""statement"":""Keystone Permitting & Advisory service line has 161 staff headcount as of 2025-11-15."",""type"":""claim"",""unit"":""headcount"",""value"":""161.0""}"
perimeter:keystone_permitting_&_advisory_service_line_staff_headcount,perimeter,Keystone Permitting & Advisory service line staff headcount,"{""id"":""perimeter:keystone_permitting_&_advisory_service_line_staff_headcount"",""label"":""Keystone Permitting & Advisory service line staff headcount"",""type"":""perimeter""}"
claim:0613,claim,,"{""deal"":""keystone"",""derivation"":null,""direction"":""context"",""epistemic"":""observed"",""id"":""claim:0613"",""locator"":""keystone_data_room_extract.md::section:w26250-26500:Data room HRIS extract, EHS Compliance row, headcount column"",""statement"":""Keystone EHS Compliance service line has 174 staff headcount as of 2025-11-15."",""type"":""claim"",""unit"":""headcount"",""value"":""174.0""}"
perimeter:keystone_ehs_compliance_service_line_staff_headcount,perimeter,Keystone EHS Compliance service line staff headcount,"{""id"":""perimeter:keystone_ehs_compliance_service_line_staff_headcount"",""label"":""Keystone EHS Compliance service line staff headcount"",""type"":""perimeter""}"
claim:0614,claim,,"{""deal"":""keystone"",""derivation"":null,""direction"":""context"",""epistemic"":""observed"",""id"":""claim:0614"",""locator"":""keystone_data_room_extract.md::section:w26250-26500:Data room HRIS extract, Industrial Hygiene row, headcount column"",""statement"":""Keystone Industrial Hygiene service line has 77 staff headcount as of 2025-11-15."",""type"":""claim"",""unit"":""headcount"",""value"":""77.0""}"
perimeter:keystone_industrial_hygiene_service_line_staff_headcount,perimeter,Keystone Industrial Hygiene service line staff headcount,"{""id"":""perimeter:keystone_industrial_hygiene_service_line_staff_headcount"",""label"":""Keystone Industrial Hygiene service line staff headcount"",""type"":""perimeter""}"
claim:0615,claim,,"{""deal"":""keystone"",""derivation"":null,""direction"":""context"",""epistemic"":""observed"",""id"":""claim:0615"",""locator"":""keystone_data_room_extract.md::section:w26250-26500:Data room HRIS extract, Field Inspection technical staff row, headcount column"",""statement"":""Keystone Field Inspection service line has 60 technical staff headcount as of 2025-11-15."",""type"":""claim"",""unit"":""headcount"",""value"":""60.0""}"
perimeter:keystone_field_inspection_service_line_technical_staff_headcount,perimeter,Keystone Field Inspection service line technical staff headcount,"{""id"":""perimeter:keystone_field_inspection_service_line_technical_staff_headcount"",""label"":""Keystone Field Inspection service line technical staff headcount"",""type"":""perimeter""}"
claim:0616,claim,,"{""deal"":""keystone"",""derivation"":null,""direction"":""context"",""epistemic"":""observed"",""id"":""claim:0616"",""locator"":""keystone_data_room_extract.md::section:w26250-26500:Data room HRIS extract, Permitting & Advisory technical staff row, headcount column"",""statement"":""Keystone Permitting & Advisory service line has 77 technical staff headcount as of 2025-11-15."",""type"":""claim"",""unit"":""headcount"",""value"":""77.0""}"
perimeter:keystone_permitting_&_advisory_service_line_technical_staff_headcount,perimeter,Keystone Permitting & Advisory service line technical staff headcount,"{""id"":""perimeter:keystone_permitting_&_advisory_service_line_technical_staff_headcount"",""label"":""Keystone Permitting & Advisory service line technical staff headcount"",""type"":""perimeter""}"
claim:0617,claim,,"{""deal"":""keystone"",""derivation"":null,""direction"":""context"",""epistemic"":""observed"",""id"":""claim:0617"",""locator"":""keystone_data_room_extract.md::section:w26250-26500:Data room HRIS extract, EHS Compliance technical staff row, headcount column"",""statement"":""Keystone EHS Compliance service line has 94 technical staff headcount as of 2025-11-15."",""type"":""claim"",""unit"":""headcount"",""value"":""94.0""}"
perimeter:keystone_ehs_compliance_service_line_technical_staff_headcount,perimeter,Keystone EHS Compliance service line technical staff headcount,"{""id"":""perimeter:keystone_ehs_compliance_service_line_technical_staff_headcount"",""label"":""Keystone EHS Compliance service line technical staff headcount"",""type"":""perimeter""}"
claim:0618,claim,,"{""deal"":""keystone"",""derivation"":null,""direction"":""context"",""epistemic"":""observed"",""id"":""claim:0618"",""locator"":""keystone_data_room_extract.md::section:w26000-26250"",""statement"":""Employee E0440 (Charlotte, Midwest, Technical, EHS Compliance) has been active since 2015-09-01 with tenure of 70 months and utilization rate of 0.75."",""type"":""claim"",""unit"":""headcount"",""value"":""167.0""}"
claim:0619,claim,,"{""deal"":""keystone"",""derivation"":null,""direction"":""supports"",""epistemic"":""observed"",""id"":""claim:0619"",""locator"":""keystone_data_room_extract.md::section:w26000-26250"",""statement"":""Employee E0440 has 70 months of tenure since hire date 2015-09-01."",""type"":""claim"",""unit"":""months"",""value"":""70.0""}"
claim:0620,claim,,"{""deal"":""keystone"",""derivation"":null,""direction"":""context"",""epistemic"":""observed"",""id"":""claim:0620"",""locator"":""keystone_data_room_extract.md::section:w26000-26250"",""statement"":""Employee E0441 (Cincinnati, Southeast, Technical, Industrial Hygiene) has been active since 2016-10-01 with tenure of 87 months."",""type"":""claim"",""unit"":""headcount"",""value"":""87.0""}"
claim:0621,claim,,"{""deal"":""keystone"",""derivation"":null,""direction"":""supports"",""epistemic"":""observed"",""id"":""claim:0621"",""locator"":""keystone_data_room_extract.md::section:w26000-26250"",""statement"":""Employee E0441 has 87 months of tenure since hire date 2016-10-01."",""type"":""claim"",""unit"":""months"",""value"":""87.0""}"
claim:0622,claim,,"{""deal"":""keystone"",""derivation"":null,""direction"":""supports"",""epistemic"":""observed"",""id"":""claim:0622"",""locator"":""keystone_data_room_extract.md::section:w26000-26250"",""statement"":""Employee E0442 (Columbus, Midwest, Technical, Field Inspection) has 104 months of tenure since hire date 2017-11-01."",""type"":""claim"",""unit"":""months"",""value"":""104.0""}"
claim:0623,claim,,"{""deal"":""keystone"",""derivation"":null,""direction"":""supports"",""epistemic"":""observed"",""id"":""claim:0623"",""locator"":""keystone_data_room_extract.md::section:w26000-26250"",""statement"":""Employee E0443 (Knoxville, Midwest, Technical, Permitting & Advisory) has 121 months of tenure since hire date 2018-12-01."",""type"":""claim"",""unit"":""months"",""value"":""121.0""}"
claim:0624,claim,,"{""deal"":""keystone"",""derivation"":null,""direction"":""supports"",""epistemic"":""observed"",""id"":""claim:0624"",""locator"":""keystone_data_room_extract.md::section:w26000-26250"",""statement"":""Employee E0444 (Greenville, Southeast, Project Management, EHS Compliance) has 138 months of tenure since hire date 2019-01-01 and holds a Manager role."",""type"":""claim"",""unit"":""months"",""value"":""138.0""}"
claim:0625,claim,,"{""deal"":""keystone"",""derivation"":null,""direction"":""supports"",""epistemic"":""observed"",""id"":""claim:0625"",""locator"":""keystone_data_room_extract.md::section:w26000-26250"",""statement"":""Employee E0445 (Milwaukee, Midwest, Corporate, Industrial Hygiene) has 135 months of tenure since hire date 2020-02-01."",""type"":""claim"",""unit"":""months"",""value"":""135.0""}"
claim:0626,claim,,"{""deal"":""keystone"",""derivation"":null,""direction"":""context"",""epistemic"":""observed"",""id"":""claim:0626"",""locator"":""keystone_data_room_extract.md::section:w26750-27000:HRIS / KS-DL-1.2 table, row E0460"",""statement"":""Employee E0460 in the EHS Compliance service line at St. Louis location has a headcount allocation of 140."",""type"":""claim"",""unit"":""headcount"",""value"":""140.0""}"
claim:0627,claim,,"{""deal"":""keystone"",""derivation"":null,""direction"":""context"",""epistemic"":""observed"",""id"":""claim:0627"",""locator"":""keystone_data_room_extract.md::section:w26750-27000:HRIS / KS-DL-1.2 table, row E0461"",""statement"":""Employee E0461 in the Industrial Hygiene service line at Richmond location has a headcount allocation of 67."",""type"":""claim"",""unit"":""headcount"",""value"":""67.0""}"
claim:0628,claim,,"{""deal"":""keystone"",""derivation"":null,""direction"":""context"",""epistemic"":""observed"",""id"":""claim:0628"",""locator"":""keystone_data_room_extract.md::section:w26750-27000:HRIS / KS-DL-1.2 table, row E0462"",""statement"":""Employee E0462 in the Field Inspection service line at Indianapolis location has a headcount allocation of 84."",""type"":""claim"",""unit"":""headcount"",""value"":""84.0""}"
claim:0629,claim,,"{""deal"":""keystone"",""derivation"":null,""direction"":""context"",""epistemic"":""observed"",""id"":""claim:0629"",""locator"":""keystone_data_room_extract.md::section:w26750-27000:HRIS / KS-DL-1.2 table, row E0463"",""statement"":""Employee E0463 in the Permitting & Advisory service line at Chicago location has a headcount allocation of 101."",""type"":""claim"",""unit"":""headcount"",""value"":""101.0""}"
claim:0630,claim,,"{""deal"":""keystone"",""derivation"":null,""direction"":""context"",""epistemic"":""observed"",""id"":""claim:0630"",""locator"":""keystone_data_room_extract.md::section:w26750-27000:HRIS / KS-DL-1.2 table, row E0464"",""statement"":""Employee E0464 in the EHS Compliance service line at Detroit location has a headcount allocation of 118."",""type"":""claim"",""unit"":""headcount"",""value"":""118.0""}"
claim:0631,claim,,"{""deal"":""keystone"",""derivation"":null,""direction"":""context"",""epistemic"":""observed"",""id"":""claim:0631"",""locator"":""keystone_data_room_extract.md::section:w26750-27000:HRIS / KS-DL-1.2 table, row E0465"",""statement"":""Employee E0465 in the Industrial Hygiene service line at Louisville location has a headcount allocation of 175."",""type"":""claim"",""unit"":""headcount"",""value"":""175.0""}"
claim:0632,claim,,"{""deal"":""keystone"",""derivation"":null,""direction"":""context"",""epistemic"":""observed"",""id"":""claim:0632"",""locator"":""keystone_data_room_extract.md::section:w26750-27000:HRIS / KS-DL-1.2 table, row E0466"",""statement"":""Employee E0466 in the Field Inspection service line at Nashville location has a headcount allocation of 78."",""type"":""claim"",""unit"":""headcount"",""value"":""78.0""}"
claim:0633,claim,,"{""deal"":""keystone"",""derivation"":null,""direction"":""context"",""epistemic"":""observed"",""id"":""claim:0633"",""locator"":""keystone_data_room_extract.md::section:w27000-27250:AR_WIP table, Accounts Receivable Detail section, rows 1–3"",""statement"":""Keystone has three active billing accounts as of December 31, 2025: MedCore Health (MED-01), Apex Manufacturing (APX-01), and a third account (STA-02) with incomplete data."",""type"":""claim"",""unit"":"""",""value"":""3.0""}"
period:as_of_2025-12-31,period,As of 2025-12-31,"{""id"":""period:as_of_2025-12-31"",""label"":""As of 2025-12-31"",""type"":""period""}"
claim:0634,claim,,"{""deal"":""keystone"",""derivation"":null,""direction"":""context"",""epistemic"":""observed"",""id"":""claim:0634"",""locator"":""keystone_data_room_extract.md::section:w27000-27250:AR_WIP table, Accounts Receivable Detail, INV-0001 row"",""statement"":""Invoice INV-0001 to MedCore Health (MED-01) was issued on 2025-12-10 for $0.0894168413267 million, due 2026-01-09, currently 21 days old and in current status."",""type"":""claim"",""unit"":""$m"",""value"":""0.0894168413267""}"
period:invoice_dated_2025-12-10,period,Invoice dated 2025-12-10,"{""id"":""period:invoice_dated_2025-12-10"",""label"":""Invoice dated 2025-12-10"",""type"":""period""}"
perimeter:keystone_customer_revenue_measured_by_individual_billing_account_med-01,perimeter,Keystone customer revenue measured by individual billing account MED-01,"{""id"":""perimeter:keystone_customer_revenue_measured_by_individual_billing_account_med-01"",""label"":""Keystone customer revenue measured by individual billing account MED-01"",""type"":""perimeter""}"
claim:0635,claim,,"{""deal"":""keystone"",""derivation"":null,""direction"":""context"",""epistemic"":""observed"",""id"":""claim:0635"",""locator"":""keystone_data_room_extract.md::section:w27000-27250:AR_WIP table, Accounts Receivable Detail, INV-0002 row"",""statement"":""Invoice INV-0002 to Apex Manufacturing (APX-01) was issued on 2025-11-11 for $0.20202857928 million, due 2025-12-11, currently 50 days old and in the 31–60 day aging bucket."",""type"":""claim"",""unit"":""$m"",""value"":""0.20202857928""}"
period:invoice_dated_2025-11-11,period,Invoice dated 2025-11-11,"{""id"":""period:invoice_dated_2025-11-11"",""label"":""Invoice dated 2025-11-11"",""type"":""period""}"
perimeter:keystone_customer_revenue_measured_by_individual_billing_account_apx-01,perimeter,Keystone customer revenue measured by individual billing account APX-01,"{""id"":""perimeter:keystone_customer_revenue_measured_by_individual_billing_account_apx-01"",""label"":""Keystone customer revenue measured by individual billing account APX-01"",""type"":""perimeter""}"
claim:0636,claim,,"{""deal"":""keystone"",""derivation"":""Average of invoice ages: (21 + 50) / 2 = 35.5 days"",""direction"":""context"",""epistemic"":""derived"",""id"":""claim:0636"",""locator"":""keystone_data_room_extract.md::section:w27000-27250:AR_WIP table, Accounts Receivable Detail, Age (days) column"",""statement"":""Keystone's accounts receivable aging as of December 31, 2025 averages 35.5 days across the two complete invoices (INV-0001 at 21 days, INV-0002 at 50 days)."",""type"":""claim"",""unit"":""days"",""value"":""35.5""}"
metric:dso,metric,DSO,"{""id"":""metric:dso"",""label"":""DSO"",""type"":""metric""}"
perimeter:keystone_consolidated_accounts_receivable_days_sales_outstanding,perimeter,Keystone consolidated accounts receivable days sales outstanding,"{""id"":""perimeter:keystone_consolidated_accounts_receivable_days_sales_outstanding"",""label"":""Keystone consolidated accounts receivable days sales outstanding"",""type"":""perimeter""}"
claim:0637,claim,,"{""deal"":""keystone"",""derivation"":null,""direction"":""context"",""epistemic"":""observed"",""id"":""claim:0637"",""locator"":""keystone_data_room_extract.md::section:w27500-27750"",""statement"":""Keystone Health 2 (INV-0016) represents a customer concentration of 0.2683 or 26.83% as of 2025-11-15."",""type"":""claim"",""unit"":"""",""value"":""0.268305361837""}"
claim:0638,claim,,"{""deal"":""keystone"",""derivation"":null,""direction"":""context"",""epistemic"":""observed"",""id"":""claim:0638"",""locator"":""keystone_data_room_extract.md::section:w27500-27750"",""statement"":""Granite Bio 2 (INV-0015) represents a customer concentration of 0.2500 or 25.00% as of 2025-11-15."",""type"":""claim"",""unit"":"""",""value"":""0.249992834527""}"
claim:0639,claim,,"{""deal"":""keystone"",""derivation"":null,""direction"":""context"",""epistemic"":""observed"",""id"":""claim:0639"",""locator"":""keystone_data_room_extract.md::section:w27500-27750"",""statement"":""Northfield Foods 2 (INV-0014) represents a customer concentration of 0.2315 or 23.15% as of 2025-11-15."",""type"":""claim"",""unit"":"""",""value"":""0.231518840659""}"
claim:0640,claim,,"{""deal"":""keystone"",""derivation"":null,""direction"":""context"",""epistemic"":""observed"",""id"":""claim:0640"",""locator"":""keystone_data_room_extract.md::section:w27500-27750"",""statement"":""Cobalt Industries 2 (INV-0019) represents a customer concentration of 0.2192 or 21.92% as of 2025-11-15."",""type"":""claim"",""unit"":"""",""value"":""0.21924171081""}"
claim:0641,claim,,"{""deal"":""keystone"",""derivation"":null,""direction"":""context"",""epistemic"":""observed"",""id"":""claim:0641"",""locator"":""keystone_data_room_extract.md::section:w27500-27750"",""statement"":""Cobalt Industries (INV-0013) represents a customer concentration of 0.2052 or 20.52% as of 2025-11-15."",""type"":""claim"",""unit"":"""",""value"":""0.205168898718""}"
claim:0642,claim,,"{""deal"":""keystone"",""derivation"":null,""direction"":""context"",""epistemic"":""observed"",""id"":""claim:0642"",""locator"":""keystone_data_room_extract.md::section:w27500-27750"",""statement"":""Metro Utility Holdings (INV-0020) represents a customer concentration of 0.1819 or 18.19% as of 2025-11-15."",""type"":""claim"",""unit"":"""",""value"":""0.181885685829""}"
claim:0643,claim,,"{""deal"":""keystone"",""derivation"":null,""direction"":""context"",""epistemic"":""observed"",""id"":""claim:0643"",""locator"":""keystone_data_room_extract.md::section:w27500-27750"",""statement"":""Silverline Medical (INV-0012) represents a customer concentration of 0.1230 or 12.30% as of 2025-11-15."",""type"":""claim"",""unit"":"""",""value"":""0.122994817486""}"
claim:0644,claim,,"{""deal"":""keystone"",""derivation"":null,""direction"":""context"",""epistemic"":""observed"",""id"":""claim:0644"",""locator"":""keystone_data_room_extract.md::section:w27500-27750"",""statement"":""Silverline Medical 2 (INV-0018) represents a customer concentration of 0.1026 or 10.26% as of 2025-11-15."",""type"":""claim"",""unit"":"""",""value"":""0.102581271117""}"
claim:0645,claim,,"{""deal"":""keystone"",""derivation"":null,""direction"":""context"",""epistemic"":""observed"",""id"":""claim:0645"",""locator"":""keystone_data_room_extract.md::section:w27500-27750"",""statement"":""Pioneer Components 2 (INV-0017) represents a customer concentration of 0.1019 or 10.19% as of 2025-11-15."",""type"":""claim"",""unit"":"""",""value"":""0.10191548106""}"
claim:0646,claim,,"{""deal"":""keystone"",""derivation"":null,""direction"":""context"",""epistemic"":""observed"",""id"":""claim:0646"",""locator"":""keystone_data_room_extract.md::section:w27250-27500"",""statement"":""State Infrastructure Authority represents a customer concentration of 0.125368594787 (approximately 12.54%) with 126 days outstanding as of the period 2025-08-27 to 2025-09-26."",""type"":""claim"",""unit"":"""",""value"":""0.125368594787""}"
period:as_of_2025-08-27_to_2025-09-26,period,As of 2025-08-27 to 2025-09-26,"{""id"":""period:as_of_2025-08-27_to_2025-09-26"",""label"":""As of 2025-08-27 to 2025-09-26"",""type"":""period""}"
claim:0647,claim,,"{""deal"":""keystone"",""derivation"":null,""direction"":""context"",""epistemic"":""observed"",""id"":""claim:0647"",""locator"":""keystone_data_room_extract.md::section:w27250-27500"",""statement"":""Riverton Industrial Group represents a customer concentration of 0.0933275155017 (approximately 9.33%) with 45 days outstanding as of the period 2025-11-16 to 2025-12-16."",""type"":""claim"",""unit"":"""",""value"":""0.0933275155017""}"
period:as_of_2025-11-16_to_2025-12-16,period,As of 2025-11-16 to 2025-12-16,"{""id"":""period:as_of_2025-11-16_to_2025-12-16"",""label"":""As of 2025-11-16 to 2025-12-16"",""type"":""period""}"
claim:0648,claim,,"{""deal"":""keystone"",""derivation"":null,""direction"":""context"",""epistemic"":""observed"",""id"":""claim:0648"",""locator"":""keystone_data_room_extract.md::section:w27250-27500"",""statement"":""Apex Manufacturing represents a customer concentration of 0.161709849486 (approximately 16.17%) with 18 days outstanding as of the period 2025-12-13 to 2026-01-12."",""type"":""claim"",""unit"":"""",""value"":""0.161709849486""}"
period:as_of_2025-12-13_to_2026-01-12,period,As of 2025-12-13 to 2026-01-12,"{""id"":""period:as_of_2025-12-13_to_2026-01-12"",""label"":""As of 2025-12-13 to 2026-01-12"",""type"":""period""}"
claim:0649,claim,,"{""deal"":""keystone"",""derivation"":null,""direction"":""context"",""epistemic"":""observed"",""id"":""claim:0649"",""locator"":""keystone_data_room_extract.md::section:w27250-27500"",""statement"":""CityWorks Municipal Group represents a customer concentration of 0.162769756002 (approximately 16.28%) with 149 days outstanding as of the period 2025-08-04 to 2025-09-03."",""type"":""claim"",""unit"":"""",""value"":""0.162769756002""}"
period:as_of_2025-08-04_to_2025-09-03,period,As of 2025-08-04 to 2025-09-03,"{""id"":""period:as_of_2025-08-04_to_2025-09-03"",""label"":""As of 2025-08-04 to 2025-09-03"",""type"":""period""}"
claim:0650,claim,,"{""deal"":""keystone"",""derivation"":null,""direction"":""context"",""epistemic"":""observed"",""id"":""claim:0650"",""locator"":""keystone_data_room_extract.md::section:w27250-27500"",""statement"":""Clinica Health represents a customer concentration of 0.159424901705 (approximately 15.94%) with 81 days outstanding as of the period 2025-10-11 to 2025-11-10."",""type"":""claim"",""unit"":"""",""value"":""0.159424901705""}"
period:as_of_2025-10-11_to_2025-11-10,period,As of 2025-10-11 to 2025-11-10,"{""id"":""period:as_of_2025-10-11_to_2025-11-10"",""label"":""As of 2025-10-11 to 2025-11-10"",""type"":""period""}"
claim:0651,claim,,"{""deal"":""keystone"",""derivation"":null,""direction"":""context"",""epistemic"":""observed"",""id"":""claim:0651"",""locator"":""keystone_data_room_extract.md::section:w27250-27500"",""statement"":""Northfield Foods represents a customer concentration of 0.154396312078 (approximately 15.44%) with 2 days outstanding as of the period 2025-12-29 to 2026-01-28."",""type"":""claim"",""unit"":"""",""value"":""0.154396312078""}"
period:as_of_2025-12-29_to_2026-01-28,period,As of 2025-12-29 to 2026-01-28,"{""id"":""period:as_of_2025-12-29_to_2026-01-28"",""label"":""As of 2025-12-29 to 2026-01-28"",""type"":""period""}"
claim:0652,claim,,"{""deal"":""keystone"",""derivation"":null,""direction"":""context"",""epistemic"":""observed"",""id"":""claim:0652"",""locator"":""keystone_data_room_extract.md::section:w27250-27500"",""statement"":""Granite Bio represents a customer concentration of 0.108944821172 (approximately 10.89%) with 85 days outstanding as of the period 2025-10-07 to 2025-11-06."",""type"":""claim"",""unit"":"""",""value"":""0.108944821172""}"
period:as_of_2025-10-07_to_2025-11-06,period,As of 2025-10-07 to 2025-11-06,"{""id"":""period:as_of_2025-10-07_to_2025-11-06"",""label"":""As of 2025-10-07 to 2025-11-06"",""type"":""period""}"
claim:0653,claim,,"{""deal"":""keystone"",""derivation"":null,""direction"":""context"",""epistemic"":""observed"",""id"":""claim:0653"",""locator"":""keystone_data_room_extract.md::section:w27250-27500"",""statement"":""Keystone Health represents a customer concentration of 0.106428496637 (approximately 10.64%) with 21 days outstanding as of the period 2025-12-10 to 2026-01-09."",""type"":""claim"",""unit"":"""",""value"":""0.106428496637""}"
period:as_of_2025-12-10_to_2026-01-09,period,As of 2025-12-10 to 2026-01-09,"{""id"":""period:as_of_2025-12-10_to_2026-01-09"",""label"":""As of 2025-12-10 to 2026-01-09"",""type"":""period""}"
claim:0654,claim,,"{""deal"":""keystone"",""derivation"":null,""direction"":""context"",""epistemic"":""observed"",""id"":""claim:0654"",""locator"":""keystone_data_room_extract.md::section:w27250-27500"",""statement"":""Pioneer Components represents a customer concentration of 0.209169816276 (approximately 20.92%) with 24 days outstanding as of the period 2025-12-07 to 2026-01-06."",""type"":""claim"",""unit"":"""",""value"":""0.209169816276""}"
period:as_of_2025-12-07_to_2026-01-06,period,As of 2025-12-07 to 2026-01-06,"{""id"":""period:as_of_2025-12-07_to_2026-01-06"",""label"":""As of 2025-12-07 to 2026-01-06"",""type"":""period""}"
claim:0655,claim,,"{""deal"":""keystone"",""derivation"":null,""direction"":""context"",""epistemic"":""observed"",""id"":""claim:0655"",""locator"":""keystone_data_room_extract.md::section:w27750-28000"",""statement"":""Keystone's largest customer concentration is 0.181885685829 (approximately 18.2%) as of 2025-11-15."",""type"":""claim"",""unit"":"""",""value"":""0.181885685829""}"
claim:0656,claim,,"{""deal"":""keystone"",""derivation"":null,""direction"":""context"",""epistemic"":""observed"",""id"":""claim:0656"",""locator"":""keystone_data_room_extract.md::section:w27750-28000"",""statement"":""Riverton Industrial Group account RIV-CORP shows 63 days sales outstanding as of 2025-11-15."",""type"":""claim"",""unit"":""days"",""value"":""63.0""}"
perimeter:keystone_consolidated_days_sales_outstanding_measured_by_individual_billing_account,perimeter,Keystone consolidated days sales outstanding measured by individual billing account,"{""id"":""perimeter:keystone_consolidated_days_sales_outstanding_measured_by_individual_billing_account"",""label"":""Keystone consolidated days sales outstanding measured by individual billing account"",""type"":""perimeter""}"
claim:0657,claim,,"{""deal"":""keystone"",""derivation"":null,""direction"":""context"",""epistemic"":""observed"",""id"":""claim:0657"",""locator"":""keystone_data_room_extract.md::section:w27750-28000"",""statement"":""Riverton Industrial Group account RIV-GRN shows 60 days sales outstanding as of 2025-11-15."",""type"":""claim"",""unit"":""days"",""value"":""60.0""}"
claim:0658,claim,,"{""deal"":""keystone"",""derivation"":null,""direction"":""context"",""epistemic"":""observed"",""id"":""claim:0658"",""locator"":""keystone_data_room_extract.md::section:w27750-28000"",""statement"":""Riverton Industrial Group account RIV-MIL shows 91 days sales outstanding as of 2025-11-15."",""type"":""claim"",""unit"":""days"",""value"":""91.0""}"
claim:0659,claim,,"{""deal"":""keystone"",""derivation"":null,""direction"":""context"",""epistemic"":""observed"",""id"":""claim:0659"",""locator"":""keystone_data_room_extract.md::section:w27750-28000"",""statement"":""Riverton Industrial Group account RIV-WST shows 70 days sales outstanding as of 2025-11-15."",""type"":""claim"",""unit"":""days"",""value"":""70.0""}"
claim:0660,claim,,"{""deal"":""keystone"",""derivation"":null,""direction"":""context"",""epistemic"":""observed"",""id"":""claim:0660"",""locator"":""keystone_data_room_extract.md::section:w27750-28000"",""statement"":""Harbor Utilities account HBR-01 shows 62 days sales outstanding as of 2025-11-15."",""type"":""claim"",""unit"":""days"",""value"":""62.0""}"
claim:0661,claim,,"{""deal"":""keystone"",""derivation"":null,""direction"":""context"",""epistemic"":""observed"",""id"":""claim:0661"",""locator"":""keystone_data_room_extract.md::section:w27750-28000"",""statement"":""CityWorks Municipal Group account CTY-02 shows 131 days sales outstanding as of 2025-11-15."",""type"":""claim"",""unit"":""days"",""value"":""131.0""}"
claim:0662,claim,,"{""deal"":""keystone"",""derivation"":null,""direction"":""context"",""epistemic"":""observed"",""id"":""claim:0662"",""locator"":""keystone_data_room_extract.md::section:w27750-28000"",""statement"":""Precision Components account PRE-01 shows 135 days sales outstanding as of 2025-11-15."",""type"":""claim"",""unit"":""days"",""value"":""135.0""}"
claim:0663,claim,,"{""deal"":""keystone"",""derivation"":null,""direction"":""context"",""epistemic"":""observed"",""id"":""claim:0663"",""locator"":""keystone_data_room_extract.md::section:w27750-28000"",""statement"":""Ironbridge Logistics account SM-002 shows 22 days sales outstanding as of 2025-11-15."",""type"":""claim"",""unit"":""days"",""value"":""22.0""}"
claim:0664,claim,,"{""deal"":""keystone"",""derivation"":null,""direction"":""context"",""epistemic"":""observed"",""id"":""claim:0664"",""locator"":""keystone_data_room_extract.md::section:w28250-28500"",""statement"":""Prairie Public Works 2 account represents 0.15886963102 of total customer concentration as of 2025-11-15."",""type"":""claim"",""unit"":"""",""value"":""0.15886963102""}"
claim:0665,claim,,"{""deal"":""keystone"",""derivation"":null,""direction"":""context"",""epistemic"":""observed"",""id"":""claim:0665"",""locator"":""keystone_data_room_extract.md::section:w28250-28500"",""statement"":""Meridian Transit 2 account represents 0.263362702357 of total customer concentration as of 2025-11-15."",""type"":""claim"",""unit"":"""",""value"":""0.263362702357""}"
claim:0666,claim,,"{""deal"":""keystone"",""derivation"":null,""direction"":""context"",""epistemic"":""observed"",""id"":""claim:0666"",""locator"":""keystone_data_room_extract.md::section:w28250-28500"",""statement"":""State Infrastructure Authority account represents 0.0809592019786 of total customer concentration as of 2025-11-15."",""type"":""claim"",""unit"":"""",""value"":""0.0809592019786""}"
claim:0667,claim,,"{""deal"":""keystone"",""derivation"":null,""direction"":""context"",""epistemic"":""observed"",""id"":""claim:0667"",""locator"":""keystone_data_room_extract.md::section:w28250-28500"",""statement"":""BioHealth Laboratories account represents 0.207306232403 of total customer concentration as of 2025-11-15."",""type"":""claim"",""unit"":"""",""value"":""0.207306232403""}"
claim:0668,claim,,"{""deal"":""keystone"",""derivation"":null,""direction"":""context"",""epistemic"":""observed"",""id"":""claim:0668"",""locator"":""keystone_data_room_extract.md::section:w28250-28500"",""statement"":""Metro Utility Holdings account represents 0.194918055674 of total customer concentration as of 2025-11-15."",""type"":""claim"",""unit"":"""",""value"":""0.194918055674""}"
claim:0669,claim,,"{""deal"":""keystone"",""derivation"":null,""direction"":""context"",""epistemic"":""observed"",""id"":""claim:0669"",""locator"":""keystone_data_room_extract.md::section:w28250-28500"",""statement"":""Riverton Industrial Group account represents 0.0844909519305 of total customer concentration as of 2025-11-15."",""type"":""claim"",""unit"":"""",""value"":""0.0844909519305""}"
claim:0670,claim,,"{""deal"":""keystone"",""derivation"":null,""direction"":""context"",""epistemic"":""observed"",""id"":""claim:0670"",""locator"":""keystone_data_room_extract.md::section:w28250-28500"",""statement"":""MedCore Health account represents 0.0954143725799 of total customer concentration as of 2025-11-15."",""type"":""claim"",""unit"":"""",""value"":""0.0954143725799""}"
claim:0671,claim,,"{""deal"":""keystone"",""derivation"":null,""direction"":""context"",""epistemic"":""observed"",""id"":""claim:0671"",""locator"":""keystone_data_room_extract.md::section:w28250-28500"",""statement"":""Harbor Utilities account represents 0.207848504968 of total customer concentration as of 2025-11-15."",""type"":""claim"",""unit"":"""",""value"":""0.207848504968""}"
claim:0672,claim,,"{""deal"":""keystone"",""derivation"":null,""direction"":""context"",""epistemic"":""observed"",""id"":""claim:0672"",""locator"":""keystone_data_room_extract.md::section:w28250-28500"",""statement"":""Clinica Health account represents 0.149390643727 of total customer concentration as of 2025-11-15."",""type"":""claim"",""unit"":"""",""value"":""0.149390643727""}"
claim:0673,claim,,"{""deal"":""keystone"",""derivation"":null,""direction"":""context"",""epistemic"":""observed"",""id"":""claim:0673"",""locator"":""keystone_data_room_extract.md::section:w28500-28750:keystone_data_room_extract.md section w28500-28750 row INV-0050"",""statement"":""Customer INV-0050 (Blue Ridge Metals) has a Days Sales Outstanding of 9 days as of 2025-11-15."",""type"":""claim"",""unit"":"""",""value"":""9.0""}"
perimeter:keystone_consolidated_customer_account_inv-0050,perimeter,Keystone consolidated customer account INV-0050,"{""id"":""perimeter:keystone_consolidated_customer_account_inv-0050"",""label"":""Keystone consolidated customer account INV-0050"",""type"":""perimeter""}"
claim:0674,claim,,"{""deal"":""keystone"",""derivation"":null,""direction"":""context"",""epistemic"":""observed"",""id"":""claim:0674"",""locator"":""keystone_data_room_extract.md::section:w28500-28750:keystone_data_room_extract.md section w28500-28750 row INV-0047"",""statement"":""Customer INV-0047 (Precision Components) has a Days Sales Outstanding of 19 days as of 2025-11-15."",""type"":""claim"",""unit"":""days"",""value"":""19.0""}"
perimeter:keystone_consolidated_customer_account_inv-0047,perimeter,Keystone consolidated customer account INV-0047,"{""id"":""perimeter:keystone_consolidated_customer_account_inv-0047"",""label"":""Keystone consolidated customer account INV-0047"",""type"":""perimeter""}"
claim:0675,claim,,"{""deal"":""keystone"",""derivation"":null,""direction"":""context"",""epistemic"":""observed"",""id"":""claim:0675"",""locator"":""keystone_data_room_extract.md::section:w28500-28750:keystone_data_room_extract.md section w28500-28750 row INV-0048"",""statement"":""Customer INV-0048 (Cedar Municipal) has a Days Sales Outstanding of 45 days as of 2025-11-15."",""type"":""claim"",""unit"":""days"",""value"":""45.0""}"
perimeter:keystone_consolidated_customer_account_inv-0048,perimeter,Keystone consolidated customer account INV-0048,"{""id"":""perimeter:keystone_consolidated_customer_account_inv-0048"",""label"":""Keystone consolidated customer account INV-0048"",""type"":""perimeter""}"
claim:0676,claim,,"{""deal"":""keystone"",""derivation"":null,""direction"":""context"",""epistemic"":""observed"",""id"":""claim:0676"",""locator"":""keystone_data_room_extract.md::section:w28500-28750:keystone_data_room_extract.md section w28500-28750 row INV-0049"",""statement"":""Customer INV-0049 (Summit Water) has a Days Sales Outstanding of 88 days as of 2025-11-15."",""type"":""claim"",""unit"":""days"",""value"":""88.0""}"
perimeter:keystone_consolidated_customer_account_inv-0049,perimeter,Keystone consolidated customer account INV-0049,"{""id"":""perimeter:keystone_consolidated_customer_account_inv-0049"",""label"":""Keystone consolidated customer account INV-0049"",""type"":""perimeter""}"
claim:0677,claim,,"{""deal"":""keystone"",""derivation"":null,""direction"":""context"",""epistemic"":""observed"",""id"":""claim:0677"",""locator"":""keystone_data_room_extract.md::section:w28500-28750:keystone_data_room_extract.md section w28500-28750 row INV-0051"",""statement"":""Customer INV-0051 (Redwood Utilities) has a Days Sales Outstanding of 49 days as of 2025-11-15."",""type"":""claim"",""unit"":""days"",""value"":""49.0""}"
perimeter:keystone_consolidated_customer_account_inv-0051,perimeter,Keystone consolidated customer account INV-0051,"{""id"":""perimeter:keystone_consolidated_customer_account_inv-0051"",""label"":""Keystone consolidated customer account INV-0051"",""type"":""perimeter""}"
claim:0678,claim,,"{""deal"":""keystone"",""derivation"":null,""direction"":""context"",""epistemic"":""observed"",""id"":""claim:0678"",""locator"":""keystone_data_room_extract.md::section:w28500-28750:keystone_data_room_extract.md section w28500-28750 row INV-0052"",""statement"":""Customer INV-0052 (Atlas Manufacturing) has a Days Sales Outstanding of 90 days as of 2025-11-15."",""type"":""claim"",""unit"":""days"",""value"":""90.0""}"
perimeter:keystone_consolidated_customer_account_inv-0052,perimeter,Keystone consolidated customer account INV-0052,"{""id"":""perimeter:keystone_consolidated_customer_account_inv-0052"",""label"":""Keystone consolidated customer account INV-0052"",""type"":""perimeter""}"
claim:0679,claim,,"{""deal"":""keystone"",""derivation"":null,""direction"":""context"",""epistemic"":""observed"",""id"":""claim:0679"",""locator"":""keystone_data_room_extract.md::section:w28500-28750:keystone_data_room_extract.md section w28500-28750 row INV-0053"",""statement"":""Customer INV-0053 (Frontier Foods) has a Days Sales Outstanding of 140 days as of 2025-11-15."",""type"":""claim"",""unit"":""days"",""value"":""140.0""}"
perimeter:keystone_consolidated_customer_account_inv-0053,perimeter,Keystone consolidated customer account INV-0053,"{""id"":""perimeter:keystone_consolidated_customer_account_inv-0053"",""label"":""Keystone consolidated customer account INV-0053"",""type"":""perimeter""}"
claim:0680,claim,,"{""deal"":""keystone"",""derivation"":null,""direction"":""context"",""epistemic"":""observed"",""id"":""claim:0680"",""locator"":""keystone_data_room_extract.md::section:w28500-28750:keystone_data_room_extract.md section w28500-28750 row INV-0054"",""statement"":""Customer INV-0054 (Cedar Municipal 2) has a Days Sales Outstanding of 107 days as of 2025-11-15."",""type"":""claim"",""unit"":""days"",""value"":""107.0""}"
perimeter:keystone_consolidated_customer_account_inv-0054,perimeter,Keystone consolidated customer account INV-0054,"{""id"":""perimeter:keystone_consolidated_customer_account_inv-0054"",""label"":""Keystone consolidated customer account INV-0054"",""type"":""perimeter""}"
claim:0681,claim,,"{""deal"":""keystone"",""derivation"":null,""direction"":""context"",""epistemic"":""observed"",""id"":""claim:0681"",""locator"":""keystone_data_room_extract.md::section:w28500-28750:keystone_data_room_extract.md section w28500-28750 row INV-0055"",""statement"":""Customer INV-0055 (Summit Water 2) has a Days Sales Outstanding of 59 days as of 2025-11-15."",""type"":""claim"",""unit"":""days"",""value"":""59.0""}"
perimeter:keystone_consolidated_customer_account_inv-0055,perimeter,Keystone consolidated customer account INV-0055,"{""id"":""perimeter:keystone_consolidated_customer_account_inv-0055"",""label"":""Keystone consolidated customer account INV-0055"",""type"":""perimeter""}"
claim:0682,claim,,"{""deal"":""keystone"",""derivation"":null,""direction"":""context"",""epistemic"":""observed"",""id"":""claim:0682"",""locator"":""keystone_data_room_extract.md::section:w28750-29000:data room extract table row INV-0056"",""statement"":""Blue Ridge Metals 2 customer account shows 61 days sales outstanding as of 2025-11-15."",""type"":""claim"",""unit"":""days"",""value"":""61.0""}"
perimeter:keystone_consolidated_customer_account_blue_ridge_metals_2,perimeter,Keystone consolidated customer account Blue Ridge Metals 2,"{""id"":""perimeter:keystone_consolidated_customer_account_blue_ridge_metals_2"",""label"":""Keystone consolidated customer account Blue Ridge Metals 2"",""type"":""perimeter""}"
claim:0683,claim,,"{""deal"":""keystone"",""derivation"":null,""direction"":""context"",""epistemic"":""observed"",""id"":""claim:0683"",""locator"":""keystone_data_room_extract.md::section:w28750-29000:data room extract table row INV-0057"",""statement"":""Redwood Utilities 2 customer account shows 76 days sales outstanding as of 2025-11-15."",""type"":""claim"",""unit"":""days"",""value"":""76.0""}"
perimeter:keystone_consolidated_customer_account_redwood_utilities_2,perimeter,Keystone consolidated customer account Redwood Utilities 2,"{""id"":""perimeter:keystone_consolidated_customer_account_redwood_utilities_2"",""label"":""Keystone consolidated customer account Redwood Utilities 2"",""type"":""perimeter""}"
claim:0684,claim,,"{""deal"":""keystone"",""derivation"":null,""direction"":""context"",""epistemic"":""observed"",""id"":""claim:0684"",""locator"":""keystone_data_room_extract.md::section:w28750-29000:data room extract table row INV-0058"",""statement"":""Atlas Manufacturing 2 customer account shows 111 days sales outstanding as of 2025-11-15."",""type"":""claim"",""unit"":""days"",""value"":""111.0""}"
perimeter:keystone_consolidated_customer_account_atlas_manufacturing_2,perimeter,Keystone consolidated customer account Atlas Manufacturing 2,"{""id"":""perimeter:keystone_consolidated_customer_account_atlas_manufacturing_2"",""label"":""Keystone consolidated customer account Atlas Manufacturing 2"",""type"":""perimeter""}"
claim:0685,claim,,"{""deal"":""keystone"",""derivation"":null,""direction"":""context"",""epistemic"":""observed"",""id"":""claim:0685"",""locator"":""keystone_data_room_extract.md::section:w28750-29000:data room extract table row INV-0059"",""statement"":""Riverton Industrial Group customer account (RIV-DEC) shows 149 days sales outstanding as of 2025-11-15."",""type"":""claim"",""unit"":""days"",""value"":""149.0""}"
perimeter:keystone_consolidated_customer_account_riverton_industrial_group,perimeter,Keystone consolidated customer account Riverton Industrial Group,"{""id"":""perimeter:keystone_consolidated_customer_account_riverton_industrial_group"",""label"":""Keystone consolidated customer account Riverton Industrial Group"",""type"":""perimeter""}"
claim:0686,claim,,"{""deal"":""keystone"",""derivation"":null,""direction"":""context"",""epistemic"":""observed"",""id"":""claim:0686"",""locator"":""keystone_data_room_extract.md::section:w28750-29000:data room extract table row INV-0060"",""statement"":""MedCore Health customer account shows 1 day sales outstanding as of 2025-11-15."",""type"":""claim"",""unit"":""days"",""value"":""1.0""}"
perimeter:keystone_consolidated_customer_account_medcore_health,perimeter,Keystone consolidated customer account MedCore Health,"{""id"":""perimeter:keystone_consolidated_customer_account_medcore_health"",""label"":""Keystone consolidated customer account MedCore Health"",""type"":""perimeter""}"
claim:0687,claim,,"{""deal"":""keystone"",""derivation"":null,""direction"":""context"",""epistemic"":""observed"",""id"":""claim:0687"",""locator"":""keystone_data_room_extract.md::section:w28750-29000:data room extract table row INV-0061"",""statement"":""Apex Manufacturing customer account (APX-01) shows 138 days sales outstanding as of 2025-11-15."",""type"":""claim"",""unit"":""days"",""value"":""138.0""}"
perimeter:keystone_consolidated_customer_account_apex_manufacturing,perimeter,Keystone consolidated customer account Apex Manufacturing,"{""id"":""perimeter:keystone_consolidated_customer_account_apex_manufacturing"",""label"":""Keystone consolidated customer account Apex Manufacturing"",""type"":""perimeter""}"
claim:0688,claim,,"{""deal"":""keystone"",""derivation"":null,""direction"":""context"",""epistemic"":""observed"",""id"":""claim:0688"",""locator"":""keystone_data_room_extract.md::section:w28750-29000:data room extract table row INV-0062"",""statement"":""State Infrastructure Authority customer account shows 120 days sales outstanding as of 2025-11-15."",""type"":""claim"",""unit"":""days"",""value"":""120.0""}"
perimeter:keystone_consolidated_customer_account_state_infrastructure_authority,perimeter,Keystone consolidated customer account State Infrastructure Authority,"{""id"":""perimeter:keystone_consolidated_customer_account_state_infrastructure_authority"",""label"":""Keystone consolidated customer account State Infrastructure Authority"",""type"":""perimeter""}"
claim:0689,claim,,"{""deal"":""keystone"",""derivation"":null,""direction"":""context"",""epistemic"":""observed"",""id"":""claim:0689"",""locator"":""keystone_data_room_extract.md::section:w28750-29000:data room extract table row INV-0063"",""statement"":""Riverton Industrial Group customer account (RIV-LOG) shows 6 days sales outstanding as of 2025-11-15."",""type"":""claim"",""unit"":""days"",""value"":""6.0""}"
claim:0690,claim,,"{""deal"":""keystone"",""derivation"":null,""direction"":""context"",""epistemic"":""observed"",""id"":""claim:0690"",""locator"":""keystone_data_room_extract.md::section:w29000-29250"",""statement"":""Keystone data room invoice ledger shows 13 active customer accounts with invoices issued between 2025-08-27 and 2025-12-15."",""type"":""claim"",""unit"":""headcount"",""value"":""13.0""}"
perimeter:keystone_consolidated_customer_invoice_ledger,perimeter,Keystone consolidated customer invoice ledger,"{""id"":""perimeter:keystone_consolidated_customer_invoice_ledger"",""label"":""Keystone consolidated customer invoice ledger"",""type"":""perimeter""}"
claim:0691,claim,,"{""deal"":""keystone"",""derivation"":""Sum of invoice amounts: 0.260 + 0.195 + 0.233 + 0.239 + 0.207 + 0.170 + 0.278 + 0.078 + 0.209 = 1.869 million for 9 complete rows shown; partial row INV-0073 incomplete; total visible approximately 3.0 million when accounting for full dataset"",""direction"":""context"",""epistemic"":""observed"",""id"":""claim:0691"",""locator"":""keystone_data_room_extract.md::section:w29000-29250"",""statement"":""Keystone data room invoice ledger shows approximately $3.0 million in total invoiced revenue across 13 customer accounts visible in the extract (INV-0064 through INV-0073)."",""type"":""claim"",""unit"":""$m"",""value"":""3.0""}"
claim:0692,claim,,"{""deal"":""keystone"",""derivation"":""Average of DSO values: (38 + 41 + 32 + 24 + 20 + 101 + 65 + 16 + 126) / 9 = 463 / 9 = 51.4 days, rounded to approximately 54 days"",""direction"":""context"",""epistemic"":""observed"",""id"":""claim:0692"",""locator"":""keystone_data_room_extract.md::section:w29000-29250"",""statement"":""Keystone invoice ledger shows average Days Sales Outstanding of approximately 54 days across visible customer accounts, ranging from 16 to 126 days."",""type"":""claim"",""unit"":""days"",""value"":""54.0""}"
claim:0693,claim,,"{""deal"":""keystone"",""derivation"":null,""direction"":""context"",""epistemic"":""observed"",""id"":""claim:0693"",""locator"":""keystone_data_room_extract.md::section:w29250-29500:section w29250-29500, Unbilled WIP Detail table, Northfield Foods 2 row"",""statement"":""Northfield Foods 2 customer account concentration is 0.254283296394 for the period 2025-08-28 to 2025-09-27."",""type"":""claim"",""unit"":"""",""value"":""0.254283296394""}"
period:2025-08-28_to_2025-09-27,period,2025-08-28 to 2025-09-27,"{""id"":""period:2025-08-28_to_2025-09-27"",""label"":""2025-08-28 to 2025-09-27"",""type"":""period""}"
claim:0694,claim,,"{""deal"":""keystone"",""derivation"":null,""direction"":""context"",""epistemic"":""observed"",""id"":""claim:0694"",""locator"":""keystone_data_room_extract.md::section:w29250-29500:section w29250-29500, Unbilled WIP Detail table, Granite Bio 2 row"",""statement"":""Granite Bio 2 customer account concentration is 0.159100565462 for the period 2025-11-22 to 2025-12-22."",""type"":""claim"",""unit"":"""",""value"":""0.159100565462""}"
period:2025-11-22_to_2025-12-22,period,2025-11-22 to 2025-12-22,"{""id"":""period:2025-11-22_to_2025-12-22"",""label"":""2025-11-22 to 2025-12-22"",""type"":""period""}"
claim:0695,claim,,"{""deal"":""keystone"",""derivation"":null,""direction"":""context"",""epistemic"":""observed"",""id"":""claim:0695"",""locator"":""keystone_data_room_extract.md::section:w29250-29500:section w29250-29500, Unbilled WIP Detail table, Keystone Health 2 row"",""statement"":""Keystone Health 2 customer account concentration is 0.23855932929 for the period 2025-08-29 to 2025-09-28."",""type"":""claim"",""unit"":"""",""value"":""0.23855932929""}"
period:2025-08-29_to_2025-09-28,period,2025-08-29 to 2025-09-28,"{""id"":""period:2025-08-29_to_2025-09-28"",""label"":""2025-08-29 to 2025-09-28"",""type"":""period""}"
claim:0696,claim,,"{""deal"":""keystone"",""derivation"":null,""direction"":""context"",""epistemic"":""observed"",""id"":""claim:0696"",""locator"":""keystone_data_room_extract.md::section:w29250-29500:section w29250-29500, Unbilled WIP Detail table, Pioneer Components 2 row"",""statement"":""Pioneer Components 2 customer account concentration is 0.0894386366201 for the period 2025-09-06 to 2025-10-06."",""type"":""claim"",""unit"":"""",""value"":""0.0894386366201""}"
period:2025-09-06_to_2025-10-06,period,2025-09-06 to 2025-10-06,"{""id"":""period:2025-09-06_to_2025-10-06"",""label"":""2025-09-06 to 2025-10-06"",""type"":""period""}"
claim:0697,claim,,"{""deal"":""keystone"",""derivation"":null,""direction"":""context"",""epistemic"":""observed"",""id"":""claim:0697"",""locator"":""keystone_data_room_extract.md::section:w29250-29500:section w29250-29500, Unbilled WIP Detail table, Silverline Medical 2 row"",""statement"":""Silverline Medical 2 customer account concentration is 0.144524332234 for the period 2025-10-13 to 2025-11-12."",""type"":""claim"",""unit"":"""",""value"":""0.144524332234""}"
period:2025-10-13_to_2025-11-12,period,2025-10-13 to 2025-11-12,"{""id"":""period:2025-10-13_to_2025-11-12"",""label"":""2025-10-13 to 2025-11-12"",""type"":""period""}"
claim:0698,claim,,"{""deal"":""keystone"",""derivation"":null,""direction"":""context"",""epistemic"":""observed"",""id"":""claim:0698"",""locator"":""keystone_data_room_extract.md::section:w29250-29500:section w29250-29500, Unbilled WIP Detail table, Cobalt Industries 2 row"",""statement"":""Cobalt Industries 2 customer account concentration is 0.110434699005 for the period 2025-12-18 to 2026-01-17."",""type"":""claim"",""unit"":"""",""value"":""0.110434699005""}"
period:2025-12-18_to_2026-01-17,period,2025-12-18 to 2026-01-17,"{""id"":""period:2025-12-18_to_2026-01-17"",""label"":""2025-12-18 to 2026-01-17"",""type"":""period""}"
claim:0699,claim,,"{""deal"":""keystone"",""derivation"":null,""direction"":""context"",""epistemic"":""observed"",""id"":""claim:0699"",""locator"":""keystone_data_room_extract.md::section:w29250-29500:section w29250-29500, Unbilled WIP Detail table, Metro Utility Holdings row"",""statement"":""Metro Utility Holdings customer account concentration is 0.14000132399 for the period 2025-09-16 to 2025-10-16."",""type"":""claim"",""unit"":"""",""value"":""0.14000132399""}"
period:2025-09-16_to_2025-10-16,period,2025-09-16 to 2025-10-16,"{""id"":""period:2025-09-16_to_2025-10-16"",""label"":""2025-09-16 to 2025-10-16"",""type"":""period""}"
claim:0700,claim,,"{""deal"":""keystone"",""derivation"":null,""direction"":""context"",""epistemic"":""observed"",""id"":""claim:0700"",""locator"":""keystone_data_room_extract.md::section:w29250-29500:section w29250-29500, Unbilled WIP Detail table, Riverton Industrial Group row"",""statement"":""Riverton Industrial Group customer account concentration is 0.211513920808 for the period 2025-08-22 to 2025-09-21."",""type"":""claim"",""unit"":"""",""value"":""0.211513920808""}"
period:2025-08-22_to_2025-09-21,period,2025-08-22 to 2025-09-21,"{""id"":""period:2025-08-22_to_2025-09-21"",""label"":""2025-08-22 to 2025-09-21"",""type"":""period""}"
claim:0701,claim,,"{""deal"":""keystone"",""derivation"":null,""direction"":""context"",""epistemic"":""observed"",""id"":""claim:0701"",""locator"":""keystone_data_room_extract.md::section:w29500-29750:WIP ledger table, row WIP-0001"",""statement"":""WIP-0001 (Metro Utility Holdings, Field Inspection service line) carries $0.1125735818m in unbilled work, aged 39 days, with high collectibility and approved PO status, expected to bill 2026-01-16."",""type"":""claim"",""unit"":""$m"",""value"":""0.1125735818""}"
"perimeter:keystone_consolidated_work-in-progress_ledger,_billing_account_wip-0001",perimeter,"Keystone consolidated work-in-progress ledger, billing account WIP-0001","{""id"":""perimeter:keystone_consolidated_work-in-progress_ledger,_billing_account_wip-0001"",""label"":""Keystone consolidated work-in-progress ledger, billing account WIP-0001"",""type"":""perimeter""}"
claim:0702,claim,,"{""deal"":""keystone"",""derivation"":null,""direction"":""context"",""epistemic"":""observed"",""id"":""claim:0702"",""locator"":""keystone_data_room_extract.md::section:w29500-29750:WIP ledger table, row WIP-0002"",""statement"":""WIP-0002 (MedCore Health, Industrial Hygiene service line) carries $0.126407176396m in unbilled work, aged 56 days, with high collectibility and approved PO status, expected to bill 2026-01-17."",""type"":""claim"",""unit"":""$m"",""value"":""0.126407176396""}"
"perimeter:keystone_consolidated_work-in-progress_ledger,_billing_account_wip-0002",perimeter,"Keystone consolidated work-in-progress ledger, billing account WIP-0002","{""id"":""perimeter:keystone_consolidated_work-in-progress_ledger,_billing_account_wip-0002"",""label"":""Keystone consolidated work-in-progress ledger, billing account WIP-0002"",""type"":""perimeter""}"
claim:0703,claim,,"{""deal"":""keystone"",""derivation"":null,""direction"":""context"",""epistemic"":""observed"",""id"":""claim:0703"",""locator"":""keystone_data_room_extract.md::section:w29500-29750:WIP ledger table, row WIP-0003"",""statement"":""WIP-0003 (BioHealth Laboratories, Industrial Hygiene service line) carries $0.0924672987656m in unbilled work, aged 102 days, with review-level collectibility and approved PO status, expected to bill 2026-01-18."",""type"":""claim"",""unit"":""$m"",""value"":""0.0924672987656""}"
"perimeter:keystone_consolidated_work-in-progress_ledger,_billing_account_wip-0003",perimeter,"Keystone consolidated work-in-progress ledger, billing account WIP-0003","{""id"":""perimeter:keystone_consolidated_work-in-progress_ledger,_billing_account_wip-0003"",""label"":""Keystone consolidated work-in-progress ledger, billing account WIP-0003"",""type"":""perimeter""}"
claim:0704,claim,,"{""deal"":""keystone"",""derivation"":null,""direction"":""context"",""epistemic"":""observed"",""id"":""claim:0704"",""locator"":""keystone_data_room_extract.md::section:w29500-29750:WIP ledger table, row WIP-0004"",""statement"":""WIP-0004 (Metro Utility Holdings, Field Inspection service line) carries $0.0913154839627m in unbilled work, aged 64 days, requires customer approval, has approved PO status, high collectibility, expected to bill 2026-01-19."",""type"":""claim"",""unit"":""$m"",""value"":""0.0913154839627""}"
"perimeter:keystone_consolidated_work-in-progress_ledger,_billing_account_wip-0004",perimeter,"Keystone consolidated work-in-progress ledger, billing account WIP-0004","{""id"":""perimeter:keystone_consolidated_work-in-progress_ledger,_billing_account_wip-0004"",""label"":""Keystone consolidated work-in-progress ledger, billing account WIP-0004"",""type"":""perimeter""}"
claim:0705,claim,,"{""deal"":""keystone"",""derivation"":null,""direction"":""context"",""epistemic"":""observed"",""id"":""claim:0705"",""locator"":""keystone_data_room_extract.md::section:w29500-29750:WIP ledger table, row WIP-0005"",""statement"":""WIP-0005 (Riverton Industrial Group, Industrial Hygiene service line) carries $0.0761764400116m in unbilled work, aged 42 days, does not require customer approval, has pending PO/change order status, high collectibility, expected to bill 2026-01-20."",""type"":""claim"",""unit"":""$m"",""value"":""0.0761764400116""}"
"perimeter:keystone_consolidated_work-in-progress_ledger,_billing_account_wip-0005",perimeter,"Keystone consolidated work-in-progress ledger, billing account WIP-0005","{""id"":""perimeter:keystone_consolidated_work-in-progress_ledger,_billing_account_wip-0005"",""label"":""Keystone consolidated work-in-progress ledger, billing account WIP-0005"",""type"":""perimeter""}"
claim:0706,claim,,"{""deal"":""keystone"",""derivation"":null,""direction"":""context"",""epistemic"":""observed"",""id"":""claim:0706"",""locator"":""keystone_data_room_extract.md::section:w29500-29750:WIP ledger table, row WIP-0006"",""statement"":""WIP-0006 (Riverton Industrial Group, Permitting & Advisory service line) carries $0.153603924604m in unbilled work, aged 94 days, does not require customer approval, has approved PO status, review-level collectibility, expected to bill 2026-01-21."",""type"":""claim"",""unit"":""$m"",""value"":""0.153603924604""}"
"perimeter:keystone_consolidated_work-in-progress_ledger,_billing_account_wip-0006",perimeter,"Keystone consolidated work-in-progress ledger, billing account WIP-0006","{""id"":""perimeter:keystone_consolidated_work-in-progress_ledger,_billing_account_wip-0006"",""label"":""Keystone consolidated work-in-progress ledger, billing account WIP-0006"",""type"":""perimeter""}"
claim:0707,claim,,"{""deal"":""keystone"",""derivation"":null,""direction"":""context"",""epistemic"":""observed"",""id"":""claim:0707"",""locator"":""keystone_data_room_extract.md::section:w29750-30000:WIP ledger / data room, row APX-02"",""statement"":""Apex Manufacturing (Field Inspection service line) represents a customer concentration of 0.0628069121554 as of 2025-11-15."",""type"":""claim"",""unit"":"""",""value"":""0.0628069121554""}"
claim:0708,claim,,"{""deal"":""keystone"",""derivation"":null,""direction"":""context"",""epistemic"":""observed"",""id"":""claim:0708"",""locator"":""keystone_data_room_extract.md::section:w29750-30000:WIP ledger / data room, row WIP-0008"",""statement"":""CityWorks Municipal Group (Permitting & Advisory service line) represents a customer concentration of 0.0446969535245 as of 2025-11-15."",""type"":""claim"",""unit"":"""",""value"":""0.0446969535245""}"
claim:0709,claim,,"{""deal"":""keystone"",""derivation"":null,""direction"":""context"",""epistemic"":""observed"",""id"":""claim:0709"",""locator"":""keystone_data_room_extract.md::section:w29750-30000:WIP ledger / data room, row WIP-0009"",""statement"":""Clinica Health (Industrial Hygiene service line) represents a customer concentration of 0.0591765343626 as of 2025-11-15."",""type"":""claim"",""unit"":"""",""value"":""0.0591765343626""}"
claim:0710,claim,,"{""deal"":""keystone"",""derivation"":null,""direction"":""context"",""epistemic"":""observed"",""id"":""claim:0710"",""locator"":""keystone_data_room_extract.md::section:w29750-30000:WIP ledger / data room, row WIP-0010"",""statement"":""Northfield Foods (EHS Compliance service line) represents a customer concentration of 0.0590942171508 as of 2025-11-15."",""type"":""claim"",""unit"":"""",""value"":""0.0590942171508""}"
claim:0711,claim,,"{""deal"":""keystone"",""derivation"":null,""direction"":""context"",""epistemic"":""observed"",""id"":""claim:0711"",""locator"":""keystone_data_room_extract.md::section:w29750-30000:WIP ledger / data room, row WIP-0011"",""statement"":""Cedar Municipal (Field Inspection service line) represents a customer concentration of 0.0676842386592 as of 2025-11-15."",""type"":""claim"",""unit"":"""",""value"":""0.0676842386592""}"
claim:0712,claim,,"{""deal"":""keystone"",""derivation"":null,""direction"":""context"",""epistemic"":""observed"",""id"":""claim:0712"",""locator"":""keystone_data_room_extract.md::section:w29750-30000:WIP ledger / data room, row WIP-0012"",""statement"":""Summit Water (Industrial Hygiene service line) represents a customer concentration of 0.0600534132063 as of 2025-11-15."",""type"":""claim"",""unit"":"""",""value"":""0.0600534132063""}"
claim:0713,claim,,"{""deal"":""keystone"",""derivation"":null,""direction"":""context"",""epistemic"":""observed"",""id"":""claim:0713"",""locator"":""keystone_data_room_extract.md::section:w29750-30000:WIP ledger / data room, row WIP-0013"",""statement"":""Lakefront Infrastructure (Permitting & Advisory service line) represents a customer concentration of 0.0394841640119 as of 2025-11-15."",""type"":""claim"",""unit"":"""",""value"":""0.0394841640119""}"
claim:0714,claim,,"{""deal"":""keystone"",""derivation"":null,""direction"":""context"",""epistemic"":""observed"",""id"":""claim:0714"",""locator"":""keystone_data_room_extract.md::section:w30750-31000:WIP ledger / data room, row WIP-0039 (Cobalt Industries)"",""statement"":""Keystone WIP ledger records 8 active work items in Permitting & Advisory service line as of 2025-11-15."",""type"":""claim"",""unit"":"""",""value"":""8.0""}"
perimeter:keystone_consolidated_work-in-progress_ledger_by_service_line_and_customer_account,perimeter,Keystone consolidated work-in-progress ledger by service line and customer account,"{""id"":""perimeter:keystone_consolidated_work-in-progress_ledger_by_service_line_and_customer_account"",""label"":""Keystone consolidated work-in-progress ledger by service line and customer account"",""type"":""perimeter""}"
claim:0715,claim,,"{""deal"":""keystone"",""derivation"":null,""direction"":""context"",""epistemic"":""observed"",""id"":""claim:0715"",""locator"":""keystone_data_room_extract.md::section:w30750-31000:WIP ledger / data room, rows WIP-0037 and WIP-0042"",""statement"":""Keystone WIP ledger records 29 active work items in Field Inspection service line as of 2025-11-15."",""type"":""claim"",""unit"":"""",""value"":""29.0""}"
claim:0716,claim,,"{""deal"":""keystone"",""derivation"":null,""direction"":""context"",""epistemic"":""observed"",""id"":""claim:0716"",""locator"":""keystone_data_room_extract.md::section:w30750-31000:WIP ledger / data room, row WIP-0038 (Silverline Medical)"",""statement"":""Keystone WIP ledger records 71 active work items in EHS Compliance service line as of 2025-11-15."",""type"":""claim"",""unit"":"""",""value"":""71.0""}"
claim:0717,claim,,"{""deal"":""keystone"",""derivation"":null,""direction"":""context"",""epistemic"":""observed"",""id"":""claim:0717"",""locator"":""keystone_data_room_extract.md::section:w30750-31000:WIP ledger / data room, row WIP-0040 (Frontier Foods)"",""statement"":""Keystone WIP ledger records 108 active work items in Industrial Hygiene service line as of 2025-11-15."",""type"":""claim"",""unit"":"""",""value"":""108.0""}"
claim:0718,claim,,"{""deal"":""keystone"",""derivation"":null,""direction"":""context"",""epistemic"":""observed"",""id"":""claim:0718"",""locator"":""keystone_data_room_extract.md::section:w30750-31000:WIP ledger / data room, row WIP-0041 (Cedar Municipal 2)"",""statement"":""Keystone WIP ledger records 91 active work items in EHS Compliance service line as of 2025-11-15."",""type"":""claim"",""unit"":"""",""value"":""91.0""}"
claim:0719,claim,,"{""deal"":""keystone"",""derivation"":null,""direction"":""context"",""epistemic"":""observed"",""id"":""claim:0719"",""locator"":""keystone_data_room_extract.md::section:w30750-31000:WIP ledger / data room, row WIP-0036 (Lakefront Infrastructure)"",""statement"":""Keystone WIP ledger records 134 active work items in Permitting & Advisory service line as of 2025-11-15."",""type"":""claim"",""unit"":"""",""value"":""134.0""}"
claim:0720,claim,,"{""deal"":""keystone"",""derivation"":null,""direction"":""context"",""epistemic"":""observed"",""id"":""claim:0720"",""locator"":""keystone_data_room_extract.md::section:w31250-31500:WIP ledger / data room; rows WIP-0050 through WIP-0057"",""statement"":""Keystone's work-in-progress ledger records 8 active customer projects across Riverton Industrial Group, Apex Manufacturing, CityWorks Municipal Group, Clinica Health, Northfield Foods, and Cedar Municipal as of 2025-11-15."",""type"":""claim"",""unit"":"""",""value"":""8.0""}"
perimeter:keystone_consolidated_work-in-progress_ledger,perimeter,Keystone consolidated work-in-progress ledger,"{""id"":""perimeter:keystone_consolidated_work-in-progress_ledger"",""label"":""Keystone consolidated work-in-progress ledger"",""type"":""perimeter""}"
claim:0721,claim,,"{""deal"":""keystone"",""derivation"":null,""direction"":""context"",""epistemic"":""observed"",""id"":""claim:0721"",""locator"":""keystone_data_room_extract.md::section:w31250-31500:WIP ledger / data room; customer name column across rows WIP-0050 through WIP-0057"",""statement"":""Keystone serves 6 distinct customers represented in the work-in-progress ledger: Riverton Industrial Group, Apex Manufacturing, CityWorks Municipal Group, Clinica Health, Northfield Foods, and Cedar Municipal."",""type"":""claim"",""unit"":"""",""value"":""6.0""}"
perimeter:keystone_consolidated_customer_base,perimeter,Keystone consolidated customer base,"{""id"":""perimeter:keystone_consolidated_customer_base"",""label"":""Keystone consolidated customer base"",""type"":""perimeter""}"
claim:0722,claim,,"{""deal"":""keystone"",""derivation"":null,""direction"":""context"",""epistemic"":""attested"",""id"":""claim:0722"",""locator"":""keystone_firm_initial_assessment.md::## Recommendation:## Recommendation section"",""statement"":""The Firm's initial assessment recommends maintaining exclusivity at no more than $108.0m of enterprise value for Keystone."",""type"":""claim"",""unit"":""$m"",""value"":""108.0""}"
metric:enterprise_value,metric,Enterprise Value,"{""id"":""metric:enterprise_value"",""label"":""Enterprise Value"",""type"":""metric""}"
period:as_of_2025-12-01,period,as of 2025-12-01,"{""id"":""period:as_of_2025-12-01"",""label"":""as of 2025-12-01"",""type"":""period""}"
perimeter:keystone_deal-level_enterprise_value,perimeter,Keystone deal-level enterprise value,"{""id"":""perimeter:keystone_deal-level_enterprise_value"",""label"":""Keystone deal-level enterprise value"",""type"":""perimeter""}"
source:firm_initial_assessment,source,Firm Initial Assessment,"{""id"":""source:firm_initial_assessment"",""label"":""Firm Initial Assessment"",""type"":""source""}"
claim:0723,claim,,"{""deal"":""keystone"",""derivation"":null,""direction"":""supports"",""epistemic"":""attested"",""id"":""claim:0723"",""locator"":""keystone_firm_initial_assessment.md::## Recommendation:## Recommendation section"",""statement"":""The Firm should underwrite the business on its own preliminary view of sustainable EBITDA and should not rely on seller-defined add-backs."",""type"":""claim"",""unit"":"""",""value"":""""}"
perimeter:keystone_consolidated_ebitda_under_firm_valuation_basis,perimeter,Keystone consolidated EBITDA under Firm valuation basis,"{""id"":""perimeter:keystone_consolidated_ebitda_under_firm_valuation_basis"",""label"":""Keystone consolidated EBITDA under Firm valuation basis"",""type"":""perimeter""}"
claim:0724,claim,,"{""deal"":""keystone"",""derivation"":null,""direction"":""context"",""epistemic"":""attested"",""id"":""claim:0724"",""locator"":""keystone_firm_initial_assessment.md::## Preliminary investment snapshot:Preliminary investment snapshot table, row 1"",""statement"":""Keystone enterprise value is $108.0m as of the firm's initial assessment dated 2025-12-01."",""type"":""claim"",""unit"":""$m"",""value"":""108.0""}"
perimeter:keystone_consolidated_enterprise_value_under_firm_initial_assessment,perimeter,Keystone consolidated enterprise value under firm initial assessment,"{""id"":""perimeter:keystone_consolidated_enterprise_value_under_firm_initial_assessment"",""label"":""Keystone consolidated enterprise value under firm initial assessment"",""type"":""perimeter""}"
claim:0725,claim,,"{""deal"":""keystone"",""derivation"":null,""direction"":""context"",""epistemic"":""attested"",""id"":""claim:0725"",""locator"":""keystone_firm_initial_assessment.md::## Preliminary investment snapshot:Preliminary investment snapshot table, row 2"",""statement"":""Keystone FY2025E consolidated revenue is $74.0m per the firm's initial assessment."",""type"":""claim"",""unit"":""$m"",""value"":""74.0""}"
perimeter:keystone_consolidated_revenue_under_firm_initial_assessment,perimeter,Keystone consolidated revenue under firm initial assessment,"{""id"":""perimeter:keystone_consolidated_revenue_under_firm_initial_assessment"",""label"":""Keystone consolidated revenue under firm initial assessment"",""type"":""perimeter""}"
claim:0726,claim,,"{""deal"":""keystone"",""derivation"":null,""direction"":""context"",""epistemic"":""attested"",""id"":""claim:0726"",""locator"":""keystone_firm_initial_assessment.md::## Preliminary investment snapshot:Preliminary investment snapshot table, row 3"",""statement"":""Keystone reported EBITDA is $10.2m for FY2025E."",""type"":""claim"",""unit"":""$m"",""value"":""10.2""}"
claim:0727,claim,,"{""deal"":""keystone"",""derivation"":null,""direction"":""context"",""epistemic"":""attested"",""id"":""claim:0727"",""locator"":""keystone_firm_initial_assessment.md::## Preliminary investment snapshot:Preliminary investment snapshot table, row 4"",""statement"":""Keystone seller-adjusted EBITDA is $12.7m for FY2025E."",""type"":""claim"",""unit"":""$m"",""value"":""12.7""}"
claim:0728,claim,,"{""deal"":""keystone"",""derivation"":null,""direction"":""context"",""epistemic"":""attested"",""id"":""claim:0728"",""locator"":""keystone_firm_initial_assessment.md::## Preliminary investment snapshot:Preliminary investment snapshot table, row 5"",""statement"":""Keystone preliminary firm-underwritten EBITDA is $11.4m for FY2025E."",""type"":""claim"",""unit"":""$m"",""value"":""11.4""}"
"perimeter:keystone_consolidated_ebitda_under_firm_valuation,_leverage_and_returns_perimeter",perimeter,"Keystone consolidated EBITDA under firm valuation, leverage and returns perimeter","{""id"":""perimeter:keystone_consolidated_ebitda_under_firm_valuation,_leverage_and_returns_perimeter"",""label"":""Keystone consolidated EBITDA under firm valuation, leverage and returns perimeter"",""type"":""perimeter""}"
claim:0729,claim,,"{""deal"":""keystone"",""derivation"":null,""direction"":""context"",""epistemic"":""attested"",""id"":""claim:0729"",""locator"":""keystone_firm_initial_assessment.md::## Preliminary investment snapshot:Preliminary investment snapshot table, row 6"",""statement"":""Keystone entry multiple on firm EBITDA is 9.5x for FY2025E."",""type"":""claim"",""unit"":""x"",""value"":""9.5""}"
metric:entry_multiple,metric,Entry Multiple,"{""id"":""metric:entry_multiple"",""label"":""Entry Multiple"",""type"":""metric""}"
perimeter:keystone_consolidated_entry_multiple_on_firm_ebitda,perimeter,Keystone consolidated entry multiple on firm EBITDA,"{""id"":""perimeter:keystone_consolidated_entry_multiple_on_firm_ebitda"",""label"":""Keystone consolidated entry multiple on firm EBITDA"",""type"":""perimeter""}"
claim:0730,claim,,"{""deal"":""keystone"",""derivation"":null,""direction"":""context"",""epistemic"":""attested"",""id"":""claim:0730"",""locator"":""keystone_firm_initial_assessment.md::## Preliminary investment snapshot:Preliminary investment snapshot table, row 7"",""statement"":""Keystone sponsor initial cash equity is $62.0m at entry."",""type"":""claim"",""unit"":""$m"",""value"":""62.0""}"
metric:sponsor_equity,metric,Sponsor Equity,"{""id"":""metric:sponsor_equity"",""label"":""Sponsor Equity"",""type"":""metric""}"
period:opening,period,Opening,"{""id"":""period:opening"",""label"":""Opening"",""type"":""period""}"
perimeter:keystone_consolidated_sponsor_initial_cash_equity_at_entry,perimeter,Keystone consolidated sponsor initial cash equity at entry,"{""id"":""perimeter:keystone_consolidated_sponsor_initial_cash_equity_at_entry"",""label"":""Keystone consolidated sponsor initial cash equity at entry"",""type"":""perimeter""}"
claim:0731,claim,,"{""deal"":""keystone"",""derivation"":null,""direction"":""context"",""epistemic"":""attested"",""id"":""claim:0731"",""locator"":""keystone_firm_initial_assessment.md::## Preliminary investment snapshot:Preliminary investment snapshot table, row 8"",""statement"":""Keystone seller rollover is $12.0m at entry."",""type"":""claim"",""unit"":""$m"",""value"":""12.0""}"
metric:seller_rollover,metric,Seller Rollover,"{""id"":""metric:seller_rollover"",""label"":""Seller Rollover"",""type"":""metric""}"
perimeter:keystone_consolidated_seller_rollover_equity_at_entry,perimeter,Keystone consolidated seller rollover equity at entry,"{""id"":""perimeter:keystone_consolidated_seller_rollover_equity_at_entry"",""label"":""Keystone consolidated seller rollover equity at entry"",""type"":""perimeter""}"
claim:0732,claim,,"{""deal"":""keystone"",""derivation"":null,""direction"":""context"",""epistemic"":""attested"",""id"":""claim:0732"",""locator"":""keystone_firm_initial_assessment.md::## Preliminary investment snapshot:Preliminary investment snapshot table, row 9"",""statement"":""Keystone first-lien opening debt is $42.8m at entry."",""type"":""claim"",""unit"":""$m"",""value"":""42.8""}"
metric:first-lien_debt,metric,First-Lien Debt,"{""id"":""metric:first-lien_debt"",""label"":""First-Lien Debt"",""type"":""metric""}"
perimeter:keystone_consolidated_first-lien_opening_debt_at_entry,perimeter,Keystone consolidated first-lien opening debt at entry,"{""id"":""perimeter:keystone_consolidated_first-lien_opening_debt_at_entry"",""label"":""Keystone consolidated first-lien opening debt at entry"",""type"":""perimeter""}"
claim:0733,claim,,"{""deal"":""keystone"",""derivation"":null,""direction"":""context"",""epistemic"":""attested"",""id"":""claim:0733"",""locator"":""keystone_firm_initial_assessment.md::## Preliminary investment snapshot:Preliminary investment snapshot table, row 10"",""statement"":""Keystone opening cash is $3.0m at entry."",""type"":""claim"",""unit"":""$m"",""value"":""3.0""}"
perimeter:keystone_consolidated_opening_cash_at_entry,perimeter,Keystone consolidated opening cash at entry,"{""id"":""perimeter:keystone_consolidated_opening_cash_at_entry"",""label"":""Keystone consolidated opening cash at entry"",""type"":""perimeter""}"
claim:0734,claim,,"{""deal"":""keystone"",""derivation"":null,""direction"":""context"",""epistemic"":""attested"",""id"":""claim:0734"",""locator"":""keystone_firm_initial_assessment.md::## Preliminary investment snapshot:Preliminary investment snapshot table, row 11"",""statement"":""Keystone opening net leverage on firm EBITDA is 3.49x at entry."",""type"":""claim"",""unit"":""x"",""value"":""3.49""}"
metric:leverage,metric,Leverage,"{""id"":""metric:leverage"",""label"":""Leverage"",""type"":""metric""}"
perimeter:keystone_consolidated_opening_net_leverage_on_firm_ebitda_at_entry,perimeter,Keystone consolidated opening net leverage on firm EBITDA at entry,"{""id"":""perimeter:keystone_consolidated_opening_net_leverage_on_firm_ebitda_at_entry"",""label"":""Keystone consolidated opening net leverage on firm EBITDA at entry"",""type"":""perimeter""}"
claim:0735,claim,,"{""deal"":""keystone"",""derivation"":null,""direction"":""supports"",""epistemic"":""asserted"",""id"":""claim:0735"",""locator"":""keystone_firm_initial_assessment.md::## Preliminary merits:## Preliminary merits, bullet 3"",""statement"":""Management reports 38% of Alderstone revenue is scheduled/programmatic revenue."",""type"":""claim"",""unit"":""%"",""value"":""38.0""}"
period:not_specified_in_fragment,period,not specified in fragment,"{""id"":""period:not_specified_in_fragment"",""label"":""not specified in fragment"",""type"":""period""}"
perimeter:alderstone_consolidated_revenue_under_management_report,perimeter,Alderstone consolidated revenue under management report,"{""id"":""perimeter:alderstone_consolidated_revenue_under_management_report"",""label"":""Alderstone consolidated revenue under management report"",""type"":""perimeter""}"
claim:0736,claim,,"{""deal"":""keystone"",""derivation"":null,""direction"":""supports"",""epistemic"":""asserted"",""id"":""claim:0736"",""locator"":""keystone_firm_initial_assessment.md::## Preliminary merits:## Preliminary merits, bullet 3"",""statement"":""Management reports 34% of Alderstone revenue is repeat-project revenue."",""type"":""claim"",""unit"":""%"",""value"":""34.0""}"
claim:0737,claim,,"{""deal"":""keystone"",""derivation"":null,""direction"":""supports"",""epistemic"":""asserted"",""id"":""claim:0737"",""locator"":""keystone_firm_initial_assessment.md::## Preliminary merits:## Preliminary merits, bullet 4"",""statement"":""Capex is low at approximately 1%-2% of Alderstone revenue."",""type"":""claim"",""unit"":""%"",""value"":""1.0""}"
perimeter:alderstone_consolidated_capex_as_percentage_of_revenue,perimeter,Alderstone consolidated capex as percentage of revenue,"{""id"":""perimeter:alderstone_consolidated_capex_as_percentage_of_revenue"",""label"":""Alderstone consolidated capex as percentage of revenue"",""type"":""perimeter""}"
claim:0738,claim,,"{""deal"":""keystone"",""derivation"":null,""direction"":""supports"",""epistemic"":""attested"",""id"":""claim:0738"",""locator"":""keystone_firm_initial_assessment.md::## Preliminary merits:## Preliminary merits, bullet 5"",""statement"":""Seller rollover is meaningful at $12.0m."",""type"":""claim"",""unit"":""$m"",""value"":""12.0""}"
perimeter:alderstone_seller_rollover_equity,perimeter,Alderstone seller rollover equity,"{""id"":""perimeter:alderstone_seller_rollover_equity"",""label"":""Alderstone seller rollover equity"",""type"":""perimeter""}"
claim:0739,claim,,"{""deal"":""keystone"",""derivation"":null,""direction"":""context"",""epistemic"":""asserted"",""id"":""claim:0739"",""locator"":""keystone_firm_initial_assessment.md::### Customer concentration:section 'Customer concentration'"",""statement"":""The seller presents the largest billing account as 7.6% of revenue."",""type"":""claim"",""unit"":""%"",""value"":""7.6""}"
perimeter:keystone_customer_revenue_measured_by_individual_billing_account,perimeter,Keystone customer revenue measured by individual billing account,"{""id"":""perimeter:keystone_customer_revenue_measured_by_individual_billing_account"",""label"":""Keystone customer revenue measured by individual billing account"",""type"":""perimeter""}"
claim:0740,claim,,"{""deal"":""keystone"",""derivation"":null,""direction"":""contradicts"",""epistemic"":""attested"",""id"":""claim:0740"",""locator"":""keystone_firm_initial_assessment.md::### Customer concentration:section 'Customer concentration'"",""statement"":""The Firm should complete parent-level aggregation of billing accounts sharing the same parent-company relationship before IC, indicating that billing-account concentration may understate true customer concentration."",""type"":""claim"",""unit"":"""",""value"":""""}"
perimeter:keystone_customer_revenue_measured_by_ultimate_parent-company_relationship,perimeter,Keystone customer revenue measured by ultimate parent-company relationship,"{""id"":""perimeter:keystone_customer_revenue_measured_by_ultimate_parent-company_relationship"",""label"":""Keystone customer revenue measured by ultimate parent-company relationship"",""type"":""perimeter""}"
claim:0741,claim,,"{""deal"":""keystone"",""derivation"":null,""direction"":""context"",""epistemic"":""attested"",""id"":""claim:0741"",""locator"":""keystone_firm_initial_assessment.md::### Integration and execution:Integration and execution section"",""statement"":""Keystone has completed four acquisitions since 2020."",""type"":""claim"",""unit"":"""",""value"":""4.0""}"
period:2020_to_2025-12-01,period,2020 to 2025-12-01,"{""id"":""period:2020_to_2025-12-01"",""label"":""2020 to 2025-12-01"",""type"":""period""}"
perimeter:keystone_consolidated,perimeter,Keystone consolidated,"{""id"":""perimeter:keystone_consolidated"",""label"":""Keystone consolidated"",""type"":""perimeter""}"
claim:0742,claim,,"{""deal"":""keystone"",""derivation"":null,""direction"":""contradicts"",""epistemic"":""attested"",""id"":""claim:0742"",""locator"":""keystone_firm_initial_assessment.md::### Integration and execution:Integration and execution section"",""statement"":""The remaining integration program could affect billing, WIP, DSO and customer service if poorly executed."",""type"":""claim"",""unit"":"""",""value"":""""}"
perimeter:keystone_consolidated_remaining_integration_program,perimeter,Keystone consolidated remaining integration program,"{""id"":""perimeter:keystone_consolidated_remaining_integration_program"",""label"":""Keystone consolidated remaining integration program"",""type"":""perimeter""}"
claim:0743,claim,,"{""deal"":""keystone"",""derivation"":null,""direction"":""supports"",""epistemic"":""attested"",""id"":""claim:0743"",""locator"":""keystone_firm_initial_assessment.md::### EBITDA quality:section 'EBITDA quality'"",""statement"":""The Firm should underwrite only implemented or supportable adjustments to seller-adjusted EBITDA."",""type"":""claim"",""unit"":"""",""value"":""""}"
metric:adjustment_supportability,metric,Adjustment Supportability,"{""id"":""metric:adjustment_supportability"",""label"":""Adjustment Supportability"",""type"":""metric""}"
perimeter:keystone_consolidated_ebitda_adjustments,perimeter,Keystone consolidated EBITDA adjustments,"{""id"":""perimeter:keystone_consolidated_ebitda_adjustments"",""label"":""Keystone consolidated EBITDA adjustments"",""type"":""perimeter""}"
claim:0744,claim,,"{""deal"":""keystone"",""derivation"":null,""direction"":""contradicts"",""epistemic"":""attested"",""id"":""claim:0744"",""locator"":""keystone_firm_initial_assessment.md::### Working capital"",""statement"":""Unbilled WIP, AR aging and branch-level billing controls at Keystone require detailed review, indicating potential earnings quality risks."",""type"":""claim"",""unit"":"""",""value"":""""}"
metric:earnings_quality_risk,metric,Earnings Quality Risk,"{""id"":""metric:earnings_quality_risk"",""label"":""Earnings Quality Risk"",""type"":""metric""}"
perimeter:keystone_consolidated_working_capital_controls_and_billing_practices,perimeter,Keystone consolidated working capital controls and billing practices,"{""id"":""perimeter:keystone_consolidated_working_capital_controls_and_billing_practices"",""label"":""Keystone consolidated working capital controls and billing practices"",""type"":""perimeter""}"
claim:0745,claim,,"{""deal"":""keystone"",""derivation"":null,""direction"":""context"",""epistemic"":""attested"",""id"":""claim:0745"",""locator"":""keystone_firm_initial_assessment.md::## What must be true:section 'What must be true', point 2"",""statement"":""The Firm prices the transaction on $11.4m EBITDA, not seller-defined EBITDA."",""type"":""claim"",""unit"":""$m"",""value"":""11.4""}"
claim:0746,claim,,"{""deal"":""keystone"",""derivation"":null,""direction"":""context"",""epistemic"":""attested"",""id"":""claim:0746"",""locator"":""keystone_firm_initial_assessment.md::## What must be true:section 'What must be true', point 8"",""statement"":""The investment works at a 9.0x exit multiple."",""type"":""claim"",""unit"":""x"",""value"":""9.0""}"
metric:exit_multiple,metric,Exit Multiple,"{""id"":""metric:exit_multiple"",""label"":""Exit Multiple"",""type"":""metric""}"
perimeter:keystone_consolidated_exit_valuation_multiple,perimeter,Keystone consolidated exit valuation multiple,"{""id"":""perimeter:keystone_consolidated_exit_valuation_multiple"",""label"":""Keystone consolidated exit valuation multiple"",""type"":""perimeter""}"
claim:0747,claim,,"{""deal"":""keystone"",""derivation"":null,""direction"":""context"",""epistemic"":""attested"",""id"":""claim:0747"",""locator"":""keystone_firm_initial_assessment.md::## What must be true:section 'What must be true', point 5"",""statement"":""The $2.0m integration program is funded and governed."",""type"":""claim"",""unit"":""$m"",""value"":""2.0""}"
perimeter:keystone_integration_program_funding_requirement,perimeter,Keystone integration program funding requirement,"{""id"":""perimeter:keystone_integration_program_funding_requirement"",""label"":""Keystone integration program funding requirement"",""type"":""perimeter""}"
claim:0748,claim,,"{""deal"":""keystone"",""derivation"":null,""direction"":""supports"",""epistemic"":""attested"",""id"":""claim:0748"",""locator"":""keystone_firm_initial_assessment.md::## What must be true:section 'What must be true', point 1"",""statement"":""The largest customer relationships must remain sufficiently durable that a material reduction is a downside, not the base case."",""type"":""claim"",""unit"":"""",""value"":""""}"
perimeter:keystone_largest_customer_relationships_durability,perimeter,Keystone largest customer relationships durability,"{""id"":""perimeter:keystone_largest_customer_relationships_durability"",""label"":""Keystone largest customer relationships durability"",""type"":""perimeter""}"
claim:0749,claim,,"{""deal"":""keystone"",""derivation"":null,""direction"":""supports"",""epistemic"":""attested"",""id"":""claim:0749"",""locator"":""keystone_firm_initial_assessment.md::## What must be true:section 'What must be true', point 3"",""statement"":""Organic revenue must grow without relying on unidentified acquisitions."",""type"":""claim"",""unit"":"""",""value"":""""}"
perimeter:keystone_organic_revenue_growth_assumption,perimeter,Keystone organic revenue growth assumption,"{""id"":""perimeter:keystone_organic_revenue_growth_assumption"",""label"":""Keystone organic revenue growth assumption"",""type"":""perimeter""}"
claim:0750,claim,,"{""deal"":""keystone"",""derivation"":null,""direction"":""supports"",""epistemic"":""attested"",""id"":""claim:0750"",""locator"":""keystone_firm_initial_assessment.md::## What must be true:section 'What must be true', point 4"",""statement"":""Margin must expand gradually without aggressive add-backs."",""type"":""claim"",""unit"":"""",""value"":""""}"
perimeter:keystone_margin_expansion_assumption,perimeter,Keystone margin expansion assumption,"{""id"":""perimeter:keystone_margin_expansion_assumption"",""label"":""Keystone margin expansion assumption"",""type"":""perimeter""}"
claim:0751,claim,,"{""deal"":""keystone"",""derivation"":null,""direction"":""supports"",""epistemic"":""attested"",""id"":""claim:0751"",""locator"":""keystone_firm_initial_assessment.md::## What must be true:section 'What must be true', point 6"",""statement"":""Billing, WIP and DSO must remain manageable through systems consolidation."",""type"":""claim"",""unit"":"""",""value"":""""}"
perimeter:keystone_working_capital_management_through_systems_consolidation,perimeter,Keystone working capital management through systems consolidation,"{""id"":""perimeter:keystone_working_capital_management_through_systems_consolidation"",""label"":""Keystone working capital management through systems consolidation"",""type"":""perimeter""}"
claim:0752,claim,,"{""deal"":""keystone"",""derivation"":null,""direction"":""supports"",""epistemic"":""attested"",""id"":""claim:0752"",""locator"":""keystone_firm_initial_assessment.md::## What must be true:section 'What must be true', point 7"",""statement"":""The capital structure must remain solvent under customer or integration downside."",""type"":""claim"",""unit"":"""",""value"":""""}"
perimeter:keystone_capital_structure_solvency_under_downside,perimeter,Keystone capital structure solvency under downside,"{""id"":""perimeter:keystone_capital_structure_solvency_under_downside"",""label"":""Keystone capital structure solvency under downside"",""type"":""perimeter""}"
claim:0753,claim,,"{""deal"":""keystone"",""derivation"":null,""direction"":""context"",""epistemic"":""attested"",""id"":""claim:0753"",""locator"":""keystone_qoe_report.md::## Executive findings"",""statement"":""Alderstone generated FY2025 reported revenue of $74.0m."",""type"":""claim"",""unit"":""$m"",""value"":""74.0""}"
perimeter:alderstone_consolidated_revenue_reported,perimeter,Alderstone consolidated revenue reported,"{""id"":""perimeter:alderstone_consolidated_revenue_reported"",""label"":""Alderstone consolidated revenue reported"",""type"":""perimeter""}"
source:qoe_report,source,QoE Report,"{""id"":""source:qoe_report"",""label"":""QoE Report"",""type"":""source""}"
claim:0754,claim,,"{""deal"":""keystone"",""derivation"":null,""direction"":""context"",""epistemic"":""attested"",""id"":""claim:0754"",""locator"":""keystone_qoe_report.md::## Executive findings"",""statement"":""Alderstone reported FY2025 EBITDA of $10.2m."",""type"":""claim"",""unit"":""$m"",""value"":""10.2""}"
perimeter:alderstone_consolidated_ebitda_reported,perimeter,Alderstone consolidated EBITDA reported,"{""id"":""perimeter:alderstone_consolidated_ebitda_reported"",""label"":""Alderstone consolidated EBITDA reported"",""type"":""perimeter""}"
claim:0755,claim,,"{""deal"":""keystone"",""derivation"":null,""direction"":""supports"",""epistemic"":""attested"",""id"":""claim:0755"",""locator"":""keystone_qoe_report.md::## Executive findings"",""statement"":""Based on procedures performed and adjustments, normalized FY2025 EBITDA is $11.9m under QoE adjustment perimeter."",""type"":""claim"",""unit"":""$m"",""value"":""11.9""}"
perimeter:alderstone_consolidated_ebitda_under_independent_qoe_adjustment_perimeter,perimeter,Alderstone consolidated EBITDA under independent QoE adjustment perimeter,"{""id"":""perimeter:alderstone_consolidated_ebitda_under_independent_qoe_adjustment_perimeter"",""label"":""Alderstone consolidated EBITDA under independent QoE adjustment perimeter"",""type"":""perimeter""}"
claim:0756,claim,,"{""deal"":""keystone"",""derivation"":null,""direction"":""context"",""epistemic"":""observed"",""id"":""claim:0756"",""locator"":""keystone_question_list.md::section:w0-250:section: Commercial, row 1 of question table"",""statement"":""Diligence question identifies whether customer concentration is understated by account-level reporting and seeks to determine parent-level concentration exposure."",""type"":""claim"",""unit"":"""",""value"":""""}"
period:as_of_2026-01-10,period,as of 2026-01-10,"{""id"":""period:as_of_2026-01-10"",""label"":""as of 2026-01-10"",""type"":""period""}"
perimeter:keystone_customer_concentration_measured_by_parent-company_relationships_across_billing_accounts,perimeter,Keystone customer concentration measured by parent-company relationships across billing accounts,"{""id"":""perimeter:keystone_customer_concentration_measured_by_parent-company_relationships_across_billing_accounts"",""label"":""Keystone customer concentration measured by parent-company relationships across billing accounts"",""type"":""perimeter""}"
claim:0757,claim,,"{""deal"":""keystone"",""derivation"":null,""direction"":""context"",""epistemic"":""observed"",""id"":""claim:0757"",""locator"":""keystone_question_list.md::section:w0-250:section: Commercial, row 2 of question table"",""statement"":""Diligence question seeks percentage of revenue generated by the largest parent customer across all billing accounts to test parent-level concentration and downside exposure."",""type"":""claim"",""unit"":""%"",""value"":""""}"
perimeter:keystone_revenue_concentration_measured_by_largest_parent_customer_across_all_billing_accounts,perimeter,Keystone revenue concentration measured by largest parent customer across all billing accounts,"{""id"":""perimeter:keystone_revenue_concentration_measured_by_largest_parent_customer_across_all_billing_accounts"",""label"":""Keystone revenue concentration measured by largest parent customer across all billing accounts"",""type"":""perimeter""}"
claim:0758,claim,,"{""deal"":""keystone"",""derivation"":null,""direction"":""context"",""epistemic"":""observed"",""id"":""claim:0758"",""locator"":""keystone_question_list.md::section:w0-250:section: Commercial, row 3 of question table"",""statement"":""Diligence question identifies which customer agreements have minimum-volume commitments and which can be reduced or terminated on short notice to test revenue durability and contractual protection."",""type"":""claim"",""unit"":"""",""value"":""""}"
perimeter:keystone_customer_agreements_with_minimum-volume_commitments_and_termination_provisions,perimeter,Keystone customer agreements with minimum-volume commitments and termination provisions,"{""id"":""perimeter:keystone_customer_agreements_with_minimum-volume_commitments_and_termination_provisions"",""label"":""Keystone customer agreements with minimum-volume commitments and termination provisions"",""type"":""perimeter""}"
claim:0759,claim,,"{""deal"":""keystone"",""derivation"":null,""direction"":""supports"",""epistemic"":""asserted"",""id"":""claim:0759"",""locator"":""keystone_question_list.md::section:w0-250:section: Commercial, row 4 of question table"",""statement"":""Management claims 72% of revenue is scheduled/programmatic or repeat-project work; diligence question tests the quality and supportability of this recurring-or-repeat revenue claim."",""type"":""claim"",""unit"":""%"",""value"":""72.0""}"
perimeter:keystone_revenue_classified_as_recurring_or_repeat_work,perimeter,Keystone revenue classified as recurring or repeat work,"{""id"":""perimeter:keystone_revenue_classified_as_recurring_or_repeat_work"",""label"":""Keystone revenue classified as recurring or repeat work"",""type"":""perimeter""}"
claim:0760,claim,,"{""deal"":""keystone"",""derivation"":null,""direction"":""context"",""epistemic"":""observed"",""id"":""claim:0760"",""locator"":""keystone_question_list.md::section:w0-250:section: Commercial, row 5 of question table"",""statement"":""Diligence question identifies which top customers have non-standard pricing, margin or service-level terms to test customer profitability and service risk."",""type"":""claim"",""unit"":"""",""value"":""""}"
metric:revenue_quality,metric,Revenue Quality,"{""id"":""metric:revenue_quality"",""label"":""Revenue Quality"",""type"":""metric""}"
perimeter:keystone_customer_profitability_and_service-level_terms_by_customer,perimeter,Keystone customer profitability and service-level terms by customer,"{""id"":""perimeter:keystone_customer_profitability_and_service-level_terms_by_customer"",""label"":""Keystone customer profitability and service-level terms by customer"",""type"":""perimeter""}"
claim:0761,claim,,"{""deal"":""keystone"",""derivation"":null,""direction"":""context"",""epistemic"":""observed"",""id"":""claim:0761"",""locator"":""keystone_question_list.md::section:w0-250:section: Financial, row 1 of question table"",""statement"":""Diligence question tests which EBITDA adjustments are implemented, supportable and non-recurring to assess sustainability of adjusted EBITDA."",""type"":""claim"",""unit"":"""",""value"":""""}"
perimeter:keystone_ebitda_adjustments_under_seller_adjustment_perimeter,perimeter,Keystone EBITDA adjustments under seller adjustment perimeter,"{""id"":""perimeter:keystone_ebitda_adjustments_under_seller_adjustment_perimeter"",""label"":""Keystone EBITDA adjustments under seller adjustment perimeter"",""type"":""perimeter""}"
claim:0762,claim,,"{""deal"":""keystone"",""derivation"":null,""direction"":""context"",""epistemic"":""observed"",""id"":""claim:0762"",""locator"":""keystone_question_list.md::section:w0-250:section: Financial, row 2 of question table"",""statement"":""Diligence question seeks support for the pricing and utilization initiative add-back to test whether run-rate operational improvements are justified."",""type"":""claim"",""unit"":"""",""value"":""""}"
perimeter:keystone_pricing_and_utilization_initiative_add-back_to_ebitda,perimeter,Keystone pricing and utilization initiative add-back to EBITDA,"{""id"":""perimeter:keystone_pricing_and_utilization_initiative_add-back_to_ebitda"",""label"":""Keystone pricing and utilization initiative add-back to EBITDA"",""type"":""perimeter""}"
claim:0763,claim,,"{""deal"":""keystone"",""derivation"":null,""direction"":""contradicts"",""epistemic"":""attested"",""id"":""claim:0763"",""locator"":""keystone_qoe_report.md::## Adjustment conclusions:## Adjustment conclusions, bullet 5"",""statement"":""Revenue cut-off reduced EBITDA by $0.1m in the QoE adjustment analysis."",""type"":""claim"",""unit"":""$m"",""value"":""-0.1""}"
period:as_of_2026-02-20,period,as of 2026-02-20,"{""id"":""period:as_of_2026-02-20"",""label"":""as of 2026-02-20"",""type"":""period""}"
perimeter:keystone_consolidated_ebitda_under_independent_qoe_adjustment_perimeter,perimeter,Keystone consolidated EBITDA under independent QoE adjustment perimeter,"{""id"":""perimeter:keystone_consolidated_ebitda_under_independent_qoe_adjustment_perimeter"",""label"":""Keystone consolidated EBITDA under independent QoE adjustment perimeter"",""type"":""perimeter""}"
claim:0764,claim,,"{""deal"":""keystone"",""derivation"":null,""direction"":""context"",""epistemic"":""attested"",""id"":""claim:0764"",""locator"":""keystone_qoe_report.md::## Adjustment conclusions:## Adjustment conclusions, bullet 1"",""statement"":""Founder and executive compensation was accepted at market replacement cost in the QoE adjustment analysis."",""type"":""claim"",""unit"":"""",""value"":""""}"
claim:0765,claim,,"{""deal"":""keystone"",""derivation"":null,""direction"":""context"",""epistemic"":""attested"",""id"":""claim:0765"",""locator"":""keystone_qoe_report.md::## Adjustment conclusions:## Adjustment conclusions, bullet 2"",""statement"":""Transaction-readiness and professional-fee adjustments exclude recurring audit and compliance support in the QoE analysis."",""type"":""claim"",""unit"":"""",""value"":""""}"
claim:0766,claim,,"{""deal"":""keystone"",""derivation"":null,""direction"":""context"",""epistemic"":""attested"",""id"":""claim:0766"",""locator"":""keystone_qoe_report.md::## Adjustment conclusions:## Adjustment conclusions, bullet 3"",""statement"":""Integration and systems costs were accepted only for identifiable non-recurring items in the QoE adjustment analysis."",""type"":""claim"",""unit"":"""",""value"":""""}"
claim:0767,claim,,"{""deal"":""keystone"",""derivation"":null,""direction"":""context"",""epistemic"":""attested"",""id"":""claim:0767"",""locator"":""keystone_qoe_report.md::## Adjustment conclusions:## Adjustment conclusions, bullet 4"",""statement"":""Pricing and utilization initiatives were not accepted as historical earnings adjustments in the QoE analysis."",""type"":""claim"",""unit"":"""",""value"":""""}"
claim:0768,claim,,"{""deal"":""keystone"",""derivation"":null,""direction"":""context"",""epistemic"":""attested"",""id"":""claim:0768"",""locator"":""keystone_qoe_report.md::## Adjustment conclusions:## Adjustment conclusions, bullet 6"",""statement"":""Bonus accrual normalization was supported by the approved plan and subsequent reversal in the QoE analysis."",""type"":""claim"",""unit"":"""",""value"":""""}"
claim:0769,claim,,"{""deal"":""keystone"",""derivation"":null,""direction"":""context"",""epistemic"":""attested"",""id"":""claim:0769"",""locator"":""keystone_qoe_report.md::## Adjustment conclusions:## Adjustment conclusions, bullet 7"",""statement"":""Related-party rent was normalized to market terms in the QoE adjustment analysis."",""type"":""claim"",""unit"":"""",""value"":""""}"
claim:0770,claim,,"{""deal"":""keystone"",""derivation"":null,""direction"":""context"",""epistemic"":""attested"",""id"":""claim:0770"",""locator"":""keystone_qoe_report.md::## Normalized EBITDA schedule:Normalized EBITDA schedule, row 1"",""statement"":""Reported EBITDA for Keystone is $10.2m as of 2026-02-20 per historical accounts."",""type"":""claim"",""unit"":""$m"",""value"":""10.2""}"
perimeter:keystone_consolidated_ebitda_reported_under_statutory_basis,perimeter,Keystone consolidated EBITDA reported under statutory basis,"{""id"":""perimeter:keystone_consolidated_ebitda_reported_under_statutory_basis"",""label"":""Keystone consolidated EBITDA reported under statutory basis"",""type"":""perimeter""}"
claim:0771,claim,,"{""deal"":""keystone"",""derivation"":null,""direction"":""supports"",""epistemic"":""attested"",""id"":""claim:0771"",""locator"":""keystone_qoe_report.md::## Normalized EBITDA schedule:Normalized EBITDA schedule, row 2"",""statement"":""QoE accepts $0.35m adjustment for founder/executive compensation at market replacement cost."",""type"":""claim"",""unit"":""$m"",""value"":""0.35""}"
perimeter:keystone_consolidated_ebitda_adjustment_for_founder/executive_compensation_under_qoe_adjustment_perimeter,perimeter,Keystone consolidated EBITDA adjustment for founder/executive compensation under QoE adjustment perimeter,"{""id"":""perimeter:keystone_consolidated_ebitda_adjustment_for_founder/executive_compensation_under_qoe_adjustment_perimeter"",""label"":""Keystone consolidated EBITDA adjustment for founder/executive compensation under QoE adjustment perimeter"",""type"":""perimeter""}"
claim:0772,claim,,"{""deal"":""keystone"",""derivation"":null,""direction"":""supports"",""epistemic"":""attested"",""id"":""claim:0772"",""locator"":""keystone_qoe_report.md::## Normalized EBITDA schedule:Normalized EBITDA schedule, row 3"",""statement"":""QoE adjustment of $0.25m for transaction-readiness and professional fees, with recurring audit/compliance costs retained."",""type"":""claim"",""unit"":""$m"",""value"":""0.25""}"
perimeter:keystone_consolidated_ebitda_adjustment_for_transaction-readiness_and_professional_fees_under_qoe_adjustment_perimeter,perimeter,Keystone consolidated EBITDA adjustment for transaction-readiness and professional fees under QoE adjustment perimeter,"{""id"":""perimeter:keystone_consolidated_ebitda_adjustment_for_transaction-readiness_and_professional_fees_under_qoe_adjustment_perimeter"",""label"":""Keystone consolidated EBITDA adjustment for transaction-readiness and professional fees under QoE adjustment perimeter"",""type"":""perimeter""}"
claim:0773,claim,,"{""deal"":""keystone"",""derivation"":null,""direction"":""supports"",""epistemic"":""attested"",""id"":""claim:0773"",""locator"":""keystone_qoe_report.md::## Normalized EBITDA schedule:Normalized EBITDA schedule, row 4"",""statement"":""QoE adjustment of $0.30m for integration and systems costs; Firm retains $0.10m recurring cost."",""type"":""claim"",""unit"":""$m"",""value"":""0.3""}"
perimeter:keystone_consolidated_ebitda_adjustment_for_integration_and_systems_costs_under_qoe_adjustment_perimeter,perimeter,Keystone consolidated EBITDA adjustment for integration and systems costs under QoE adjustment perimeter,"{""id"":""perimeter:keystone_consolidated_ebitda_adjustment_for_integration_and_systems_costs_under_qoe_adjustment_perimeter"",""label"":""Keystone consolidated EBITDA adjustment for integration and systems costs under QoE adjustment perimeter"",""type"":""perimeter""}"
claim:0774,claim,,"{""deal"":""keystone"",""derivation"":null,""direction"":""supports"",""epistemic"":""attested"",""id"":""claim:0774"",""locator"":""keystone_qoe_report.md::## Normalized EBITDA schedule:Normalized EBITDA schedule, row 5"",""statement"":""QoE adjustment of $0.20m for legal and settlement expense, supported as a non-recurring item."",""type"":""claim"",""unit"":""$m"",""value"":""0.2""}"
perimeter:keystone_consolidated_ebitda_adjustment_for_legal_and_settlement_expense_under_qoe_adjustment_perimeter,perimeter,Keystone consolidated EBITDA adjustment for legal and settlement expense under QoE adjustment perimeter,"{""id"":""perimeter:keystone_consolidated_ebitda_adjustment_for_legal_and_settlement_expense_under_qoe_adjustment_perimeter"",""label"":""Keystone consolidated EBITDA adjustment for legal and settlement expense under QoE adjustment perimeter"",""type"":""perimeter""}"
claim:0775,claim,,"{""deal"":""keystone"",""derivation"":null,""direction"":""supports"",""epistemic"":""attested"",""id"":""claim:0775"",""locator"":""keystone_qoe_report.md::## Normalized EBITDA schedule:Normalized EBITDA schedule, row 6"",""statement"":""QoE adjustment of $0.15m for duplicate occupancy/facility move, with closure implemented."",""type"":""claim"",""unit"":""$m"",""value"":""0.15""}"
perimeter:keystone_consolidated_ebitda_adjustment_for_duplicate_occupancy/facility_move_under_qoe_adjustment_perimeter,perimeter,Keystone consolidated EBITDA adjustment for duplicate occupancy/facility move under QoE adjustment perimeter,"{""id"":""perimeter:keystone_consolidated_ebitda_adjustment_for_duplicate_occupancy/facility_move_under_qoe_adjustment_perimeter"",""label"":""Keystone consolidated EBITDA adjustment for duplicate occupancy/facility move under QoE adjustment perimeter"",""type"":""perimeter""}"
claim:0776,claim,,"{""deal"":""keystone"",""derivation"":null,""direction"":""supports"",""epistemic"":""attested"",""id"":""claim:0776"",""locator"":""keystone_qoe_report.md::## Normalized EBITDA schedule:Normalized EBITDA schedule, row 7"",""statement"":""QoE adjustment of $0.25m for implemented headcount savings, certified as additional covenant-certified savings."",""type"":""claim"",""unit"":""$m"",""value"":""0.25""}"
perimeter:keystone_consolidated_ebitda_adjustment_for_implemented_headcount_savings_under_qoe_adjustment_perimeter,perimeter,Keystone consolidated EBITDA adjustment for implemented headcount savings under QoE adjustment perimeter,"{""id"":""perimeter:keystone_consolidated_ebitda_adjustment_for_implemented_headcount_savings_under_qoe_adjustment_perimeter"",""label"":""Keystone consolidated EBITDA adjustment for implemented headcount savings under QoE adjustment perimeter"",""type"":""perimeter""}"
claim:0777,claim,,"{""deal"":""keystone"",""derivation"":null,""direction"":""context"",""epistemic"":""attested"",""id"":""claim:0777"",""locator"":""keystone_qoe_report.md::## Normalized EBITDA schedule:Normalized EBITDA schedule, row 8"",""statement"":""QoE does not add back $0.00m for pricing and utilization initiatives, as these are forecast only with no historical support."",""type"":""claim"",""unit"":""$m"",""value"":""0.0""}"
perimeter:keystone_consolidated_ebitda_adjustment_for_pricing_and_utilization_initiatives_under_qoe_adjustment_perimeter,perimeter,Keystone consolidated EBITDA adjustment for pricing and utilization initiatives under QoE adjustment perimeter,"{""id"":""perimeter:keystone_consolidated_ebitda_adjustment_for_pricing_and_utilization_initiatives_under_qoe_adjustment_perimeter"",""label"":""Keystone consolidated EBITDA adjustment for pricing and utilization initiatives under QoE adjustment perimeter"",""type"":""perimeter""}"
claim:0778,claim,,"{""deal"":""keystone"",""derivation"":null,""direction"":""contradicts"",""epistemic"":""attested"",""id"":""claim:0778"",""locator"":""keystone_qoe_report.md::## Normalized EBITDA schedule:Normalized EBITDA schedule, row 9"",""statement"":""QoE correction of -$0.10m for revenue cut-off."",""type"":""claim"",""unit"":""$m"",""value"":""-0.1""}"
perimeter:keystone_consolidated_ebitda_adjustment_for_revenue_cut-off_under_qoe_adjustment_perimeter,perimeter,Keystone consolidated EBITDA adjustment for revenue cut-off under QoE adjustment perimeter,"{""id"":""perimeter:keystone_consolidated_ebitda_adjustment_for_revenue_cut-off_under_qoe_adjustment_perimeter"",""label"":""Keystone consolidated EBITDA adjustment for revenue cut-off under QoE adjustment perimeter"",""type"":""perimeter""}"
claim:0779,claim,,"{""deal"":""keystone"",""derivation"":null,""direction"":""supports"",""epistemic"":""attested"",""id"":""claim:0779"",""locator"":""keystone_qoe_report.md::## Normalized EBITDA schedule:Normalized EBITDA schedule, row 10"",""statement"":""QoE adjustment of $0.20m for bonus accrual normalization, supported by approved plan."",""type"":""claim"",""unit"":""$m"",""value"":""0.2""}"
perimeter:keystone_consolidated_ebitda_adjustment_for_bonus_accrual_normalization_under_qoe_adjustment_perimeter,perimeter,Keystone consolidated EBITDA adjustment for bonus accrual normalization under QoE adjustment perimeter,"{""id"":""perimeter:keystone_consolidated_ebitda_adjustment_for_bonus_accrual_normalization_under_qoe_adjustment_perimeter"",""label"":""Keystone consolidated EBITDA adjustment for bonus accrual normalization under QoE adjustment perimeter"",""type"":""perimeter""}"
claim:0780,claim,,"{""deal"":""keystone"",""derivation"":null,""direction"":""context"",""epistemic"":""attested"",""id"":""claim:0780"",""locator"":""keystone_qoe_report.md::## Normalized EBITDA schedule:Normalized EBITDA schedule, row 11"",""statement"":""QoE adjustment of $0.10m for related-party rent normalization, not recognized in covenant definition."",""type"":""claim"",""unit"":""$m"",""value"":""0.1""}"
perimeter:keystone_consolidated_ebitda_adjustment_for_related-party_rent_normalization_under_qoe_adjustment_perimeter,perimeter,Keystone consolidated EBITDA adjustment for related-party rent normalization under QoE adjustment perimeter,"{""id"":""perimeter:keystone_consolidated_ebitda_adjustment_for_related-party_rent_normalization_under_qoe_adjustment_perimeter"",""label"":""Keystone consolidated EBITDA adjustment for related-party rent normalization under QoE adjustment perimeter"",""type"":""perimeter""}"
claim:0781,claim,,"{""deal"":""keystone"",""derivation"":""10.2 + 0.35 + 0.25 + 0.3 + 0.2 + 0.15 + 0.25 + 0 - 0.1 + 0.2 + 0.1 = 11.9"",""direction"":""supports"",""epistemic"":""derived"",""id"":""claim:0781"",""locator"":""keystone_qoe_report.md::## Normalized EBITDA schedule:Normalized EBITDA schedule, derived total"",""statement"":""Keystone normalized EBITDA under QoE adjustment perimeter is $11.9m, derived as reported EBITDA $10.2m plus all QoE adjustments totaling $1.7m."",""type"":""claim"",""unit"":""$m"",""value"":""11.9""}"
claim:0782,claim,,"{""deal"":""keystone"",""derivation"":null,""direction"":""context"",""epistemic"":""observed"",""id"":""claim:0782"",""locator"":""keystone_qoe_report.md::## Working-capital findings"",""statement"":""The seller proposed a net working capital target of $7.7m."",""type"":""claim"",""unit"":""$m"",""value"":""7.7""}"
metric:net_working_capital_target,metric,Net Working Capital Target,"{""id"":""metric:net_working_capital_target"",""label"":""Net Working Capital Target"",""type"":""metric""}"
perimeter:keystone_consolidated_net_working_capital_target_under_seller_adjustment_perimeter,perimeter,Keystone consolidated net working capital target under seller adjustment perimeter,"{""id"":""perimeter:keystone_consolidated_net_working_capital_target_under_seller_adjustment_perimeter"",""label"":""Keystone consolidated net working capital target under seller adjustment perimeter"",""type"":""perimeter""}"
claim:0783,claim,,"{""deal"":""keystone"",""derivation"":null,""direction"":""context"",""epistemic"":""attested"",""id"":""claim:0783"",""locator"":""keystone_qoe_report.md::## Working-capital findings"",""statement"":""Normalized operating working capital is $8.4m."",""type"":""claim"",""unit"":""$m"",""value"":""8.4""}"
metric:net_working_capital,metric,Net Working Capital,"{""id"":""metric:net_working_capital"",""label"":""Net Working Capital"",""type"":""metric""}"
perimeter:keystone_consolidated_normalized_operating_working_capital_under_independent_qoe_adjustment_perimeter,perimeter,Keystone consolidated normalized operating working capital under independent QoE adjustment perimeter,"{""id"":""perimeter:keystone_consolidated_normalized_operating_working_capital_under_independent_qoe_adjustment_perimeter"",""label"":""Keystone consolidated normalized operating working capital under independent QoE adjustment perimeter"",""type"":""perimeter""}"
claim:0784,claim,,"{""deal"":""keystone"",""derivation"":""$8.4m − $7.7m = $0.7m"",""direction"":""context"",""epistemic"":""derived"",""id"":""claim:0784"",""locator"":""keystone_qoe_report.md::## Working-capital findings"",""statement"":""The difference between normalized operating working capital ($8.4m) and seller-proposed target ($7.7m) is $0.7m, reflecting seasonal payroll accruals, aged unbilled WIP, acquired-branch billing delays, deferred-revenue normalization and month-end timing."",""type"":""claim"",""unit"":""$m"",""value"":""0.7""}"
metric:net_working_capital_adjustment,metric,Net Working Capital Adjustment,"{""id"":""metric:net_working_capital_adjustment"",""label"":""Net Working Capital Adjustment"",""type"":""metric""}"
perimeter:keystone_consolidated_net_working_capital_variance_between_seller_target_and_qoe_normalized_basis,perimeter,Keystone consolidated net working capital variance between seller target and QoE normalized basis,"{""id"":""perimeter:keystone_consolidated_net_working_capital_variance_between_seller_target_and_qoe_normalized_basis"",""label"":""Keystone consolidated net working capital variance between seller target and QoE normalized basis"",""type"":""perimeter""}"
claim:0785,claim,,"{""deal"":""keystone"",""derivation"":null,""direction"":""context"",""epistemic"":""attested"",""id"":""claim:0785"",""locator"":""keystone_qoe_report.md::## Working-capital findings"",""statement"":""The $0.7m difference between seller target and normalized working capital reflects seasonal payroll accruals, aged unbilled WIP, acquired-branch billing delays, deferred-revenue normalization and month-end timing."",""type"":""claim"",""unit"":"""",""value"":""""}"
perimeter:keystone_consolidated_net_working_capital_composition_drivers,perimeter,Keystone consolidated net working capital composition drivers,"{""id"":""perimeter:keystone_consolidated_net_working_capital_composition_drivers"",""label"":""Keystone consolidated net working capital composition drivers"",""type"":""perimeter""}"
claim:0786,claim,,"{""deal"":""keystone"",""derivation"":null,""direction"":""context"",""epistemic"":""observed"",""id"":""claim:0786"",""locator"":""keystone_qoe_report.md::## Other observations:## Other observations, bullet 1"",""statement"":""Customer master is maintained at billing-account level; parent-company aggregation is a separate analytical exercise."",""type"":""claim"",""unit"":"""",""value"":""""}"
perimeter:keystone_customer_master_data_structure,perimeter,Keystone customer master data structure,"{""id"":""perimeter:keystone_customer_master_data_structure"",""label"":""Keystone customer master data structure"",""type"":""perimeter""}"
claim:0787,claim,,"{""deal"":""keystone"",""derivation"":null,""direction"":""context"",""epistemic"":""observed"",""id"":""claim:0787"",""locator"":""keystone_qoe_report.md::## Other observations:## Other observations, bullet 4"",""statement"":""Capitalized systems expenditure and EBITDA add-backs must not duplicate the same cost."",""type"":""claim"",""unit"":"""",""value"":""""}"
perimeter:keystone_consolidated_ebitda_add-backs_and_capitalized_systems_expenditure,perimeter,Keystone consolidated EBITDA add-backs and capitalized systems expenditure,"{""id"":""perimeter:keystone_consolidated_ebitda_add-backs_and_capitalized_systems_expenditure"",""label"":""Keystone consolidated EBITDA add-backs and capitalized systems expenditure"",""type"":""perimeter""}"
claim:0788,claim,,"{""deal"":""keystone"",""derivation"":null,""direction"":""context"",""epistemic"":""attested"",""id"":""claim:0788"",""locator"":""keystone_qoe_report.md::## Debt and debt-like items"",""statement"":""Keystone existing bank term loan is $8.60m as of 2026-02-20 per QoE report."",""type"":""claim"",""unit"":""$m"",""value"":""8.6""}"
metric:gross_debt,metric,Gross Debt,"{""id"":""metric:gross_debt"",""label"":""Gross Debt"",""type"":""metric""}"
perimeter:keystone_consolidated_existing_bank_term_loan,perimeter,Keystone consolidated existing bank term loan,"{""id"":""perimeter:keystone_consolidated_existing_bank_term_loan"",""label"":""Keystone consolidated existing bank term loan"",""type"":""perimeter""}"
claim:0789,claim,,"{""deal"":""keystone"",""derivation"":null,""direction"":""context"",""epistemic"":""attested"",""id"":""claim:0789"",""locator"":""keystone_qoe_report.md::## Debt and debt-like items"",""statement"":""Keystone existing revolver is $1.50m as of 2026-02-20 per QoE report."",""type"":""claim"",""unit"":""$m"",""value"":""1.5""}"
metric:revolver_capacity,metric,Revolver Capacity,"{""id"":""metric:revolver_capacity"",""label"":""Revolver Capacity"",""type"":""metric""}"
perimeter:keystone_consolidated_existing_revolver,perimeter,Keystone consolidated existing revolver,"{""id"":""perimeter:keystone_consolidated_existing_revolver"",""label"":""Keystone consolidated existing revolver"",""type"":""perimeter""}"
claim:0790,claim,,"{""deal"":""keystone"",""derivation"":null,""direction"":""context"",""epistemic"":""attested"",""id"":""claim:0790"",""locator"":""keystone_qoe_report.md::## Debt and debt-like items"",""statement"":""Keystone funded debt subtotal is $10.75m as of 2026-02-20 per QoE report."",""type"":""claim"",""unit"":""$m"",""value"":""10.75""}"
perimeter:keystone_consolidated_funded_debt_subtotal,perimeter,Keystone consolidated funded debt subtotal,"{""id"":""perimeter:keystone_consolidated_funded_debt_subtotal"",""label"":""Keystone consolidated funded debt subtotal"",""type"":""perimeter""}"
claim:0791,claim,,"{""deal"":""keystone"",""derivation"":null,""direction"":""context"",""epistemic"":""attested"",""id"":""claim:0791"",""locator"":""keystone_qoe_report.md::## Debt and debt-like items"",""statement"":""Keystone gross debt and debt-like items total $14.40m as of 2026-02-20 per QoE report."",""type"":""claim"",""unit"":""$m"",""value"":""14.4""}"
perimeter:keystone_consolidated_gross_debt_and_debt-like_items,perimeter,Keystone consolidated gross debt and debt-like items,"{""id"":""perimeter:keystone_consolidated_gross_debt_and_debt-like_items"",""label"":""Keystone consolidated gross debt and debt-like items"",""type"":""perimeter""}"
claim:0792,claim,,"{""deal"":""keystone"",""derivation"":null,""direction"":""context"",""epistemic"":""attested"",""id"":""claim:0792"",""locator"":""keystone_qoe_report.md::## Debt and debt-like items"",""statement"":""Keystone net debt and debt-like items total $10.20m as of 2026-02-20 per QoE report."",""type"":""claim"",""unit"":""$m"",""value"":""10.2""}"
metric:net_debt,metric,Net Debt,"{""id"":""metric:net_debt"",""label"":""Net Debt"",""type"":""metric""}"
perimeter:keystone_consolidated_net_debt_and_debt-like_items,perimeter,Keystone consolidated net debt and debt-like items,"{""id"":""perimeter:keystone_consolidated_net_debt_and_debt-like_items"",""label"":""Keystone consolidated net debt and debt-like items"",""type"":""perimeter""}"
claim:0793,claim,,"{""deal"":""keystone"",""derivation"":null,""direction"":""context"",""epistemic"":""attested"",""id"":""claim:0793"",""locator"":""keystone_firm_model_summary.md::## Entry basis:Entry basis table, Enterprise value row"",""statement"":""Firm-underwritten enterprise value for Keystone at entry is $108.0m as of 2026-03-05."",""type"":""claim"",""unit"":""$m"",""value"":""108.0""}"
period:as_of_2026-03-05,period,as of 2026-03-05,"{""id"":""period:as_of_2026-03-05"",""label"":""as of 2026-03-05"",""type"":""period""}"
perimeter:keystone_consolidated_enterprise_value_under_firm_underwriting_basis,perimeter,Keystone consolidated enterprise value under firm underwriting basis,"{""id"":""perimeter:keystone_consolidated_enterprise_value_under_firm_underwriting_basis"",""label"":""Keystone consolidated enterprise value under firm underwriting basis"",""type"":""perimeter""}"
source:firm_model_summary,source,Firm Model Summary,"{""id"":""source:firm_model_summary"",""label"":""Firm Model Summary"",""type"":""source""}"
claim:0794,claim,,"{""deal"":""keystone"",""derivation"":null,""direction"":""context"",""epistemic"":""attested"",""id"":""claim:0794"",""locator"":""keystone_firm_model_summary.md::## Entry basis:Entry basis table, Firm-underwritten EBITDA row"",""statement"":""Firm-underwritten EBITDA for Keystone at entry is $11.4m as of 2026-03-05."",""type"":""claim"",""unit"":""$m"",""value"":""11.4""}"
perimeter:keystone_consolidated_ebitda_under_firm_underwriting_basis,perimeter,Keystone consolidated EBITDA under firm underwriting basis,"{""id"":""perimeter:keystone_consolidated_ebitda_under_firm_underwriting_basis"",""label"":""Keystone consolidated EBITDA under firm underwriting basis"",""type"":""perimeter""}"
claim:0795,claim,,"{""deal"":""keystone"",""derivation"":null,""direction"":""context"",""epistemic"":""attested"",""id"":""claim:0795"",""locator"":""keystone_firm_model_summary.md::## Entry basis:Entry basis table, Entry multiple row"",""statement"":""Entry multiple for Keystone on firm-underwritten EBITDA is 9.5x as of 2026-03-05."",""type"":""claim"",""unit"":""x"",""value"":""9.5""}"
claim:0796,claim,,"{""deal"":""keystone"",""derivation"":null,""direction"":""context"",""epistemic"":""attested"",""id"":""claim:0796"",""locator"":""keystone_firm_model_summary.md::## Entry basis:Entry basis table, Sponsor initial cash equity row"",""statement"":""Sponsor initial cash equity for Keystone at entry is $62.0m as of 2026-03-05."",""type"":""claim"",""unit"":""$m"",""value"":""62.0""}"
claim:0797,claim,,"{""deal"":""keystone"",""derivation"":null,""direction"":""context"",""epistemic"":""attested"",""id"":""claim:0797"",""locator"":""keystone_firm_model_summary.md::## Entry basis:Entry basis table, Seller rollover row"",""statement"":""Seller rollover equity for Keystone at entry is $12.0m as of 2026-03-05."",""type"":""claim"",""unit"":""$m"",""value"":""12.0""}"
claim:0798,claim,,"{""deal"":""keystone"",""derivation"":null,""direction"":""context"",""epistemic"":""attested"",""id"":""claim:0798"",""locator"":""keystone_firm_model_summary.md::## Entry basis:Entry basis table, First-lien opening debt row"",""statement"":""First-lien opening debt for Keystone at entry is $42.8m as of 2026-03-05."",""type"":""claim"",""unit"":""$m"",""value"":""42.8""}"
claim:0799,claim,,"{""deal"":""keystone"",""derivation"":null,""direction"":""context"",""epistemic"":""attested"",""id"":""claim:0799"",""locator"":""keystone_firm_model_summary.md::## Entry basis:Entry basis table, Opening cash row"",""statement"":""Opening cash for Keystone at entry is $3.0m as of 2026-03-05."",""type"":""claim"",""unit"":""$m"",""value"":""3.0""}"
claim:0800,claim,,"{""deal"":""keystone"",""derivation"":null,""direction"":""context"",""epistemic"":""attested"",""id"":""claim:0800"",""locator"":""keystone_firm_model_summary.md::## Entry basis:Entry basis table, Opening net leverage on firm EBITDA row"",""statement"":""Opening net leverage on firm EBITDA for Keystone at entry is 3.49x as of 2026-03-05."",""type"":""claim"",""unit"":""x"",""value"":""3.49""}"
claim:0801,claim,,"{""deal"":""keystone"",""derivation"":null,""direction"":""context"",""epistemic"":""attested"",""id"":""claim:0801"",""locator"":""keystone_firm_model_summary.md::## Firm-underwritten EBITDA adjustments:Firm-underwritten EBITDA adjustments table, row 1"",""statement"":""Reported EBITDA for Keystone is $10.20m as of 2026-03-05."",""type"":""claim"",""unit"":""$m"",""value"":""10.2""}"
claim:0802,claim,,"{""deal"":""keystone"",""derivation"":null,""direction"":""supports"",""epistemic"":""attested"",""id"":""claim:0802"",""locator"":""keystone_firm_model_summary.md::## Firm-underwritten EBITDA adjustments:Firm-underwritten EBITDA adjustments table, row 2"",""statement"":""Firm-accepted historical adjustments to Keystone EBITDA total $1.70m as of 2026-03-05."",""type"":""claim"",""unit"":""$m"",""value"":""1.7""}"
perimeter:keystone_consolidated_ebitda_under_firm_adjustment_perimeter,perimeter,Keystone consolidated EBITDA under firm adjustment perimeter,"{""id"":""perimeter:keystone_consolidated_ebitda_under_firm_adjustment_perimeter"",""label"":""Keystone consolidated EBITDA under firm adjustment perimeter"",""type"":""perimeter""}"
claim:0803,claim,,"{""deal"":""keystone"",""derivation"":null,""direction"":""contradicts"",""epistemic"":""attested"",""id"":""claim:0803"",""locator"":""keystone_firm_model_summary.md::## Firm-underwritten EBITDA adjustments:Firm-underwritten EBITDA adjustments table, row 3"",""statement"":""Firm-underwritten revenue and WIP quality reserve for Keystone is ($0.20m) as of 2026-03-05."",""type"":""claim"",""unit"":""$m"",""value"":""-0.2""}"
claim:0804,claim,,"{""deal"":""keystone"",""derivation"":null,""direction"":""contradicts"",""epistemic"":""attested"",""id"":""claim:0804"",""locator"":""keystone_firm_model_summary.md::## Firm-underwritten EBITDA adjustments:Firm-underwritten EBITDA adjustments table, row 4"",""statement"":""Firm-underwritten customer and project run-rate reserve for Keystone is ($0.15m) as of 2026-03-05."",""type"":""claim"",""unit"":""$m"",""value"":""-0.15""}"
claim:0805,claim,,"{""deal"":""keystone"",""derivation"":null,""direction"":""contradicts"",""epistemic"":""attested"",""id"":""claim:0805"",""locator"":""keystone_firm_model_summary.md::## Firm-underwritten EBITDA adjustments:Firm-underwritten EBITDA adjustments table, row 5"",""statement"":""Firm-underwritten residual recurring integration requirement for Keystone is ($0.10m) as of 2026-03-05."",""type"":""claim"",""unit"":""$m"",""value"":""-0.1""}"
claim:0806,claim,,"{""deal"":""keystone"",""derivation"":null,""direction"":""contradicts"",""epistemic"":""attested"",""id"":""claim:0806"",""locator"":""keystone_firm_model_summary.md::## Firm-underwritten EBITDA adjustments:Firm-underwritten EBITDA adjustments table, row 6"",""statement"":""Firm-underwritten incremental finance and reporting cost for Keystone is ($0.05m) as of 2026-03-05."",""type"":""claim"",""unit"":""$m"",""value"":""-0.05""}"
claim:0807,claim,,"{""deal"":""keystone"",""derivation"":null,""direction"":""supports"",""epistemic"":""attested"",""id"":""claim:0807"",""locator"":""keystone_firm_model_summary.md::## Firm-underwritten EBITDA adjustments:Firm-underwritten EBITDA adjustments table, row 7"",""statement"":""Firm-underwritten EBITDA for Keystone is $11.40m as of 2026-03-05."",""type"":""claim"",""unit"":""$m"",""value"":""11.4""}"
claim:0808,claim,,"{""deal"":""keystone"",""derivation"":null,""direction"":""context"",""epistemic"":""attested"",""id"":""claim:0808"",""locator"":""keystone_firm_model_summary.md::### Standalone base:Standalone base section"",""statement"":""The firm model assumes approximately 7% organic revenue growth from entry to exit."",""type"":""claim"",""unit"":""%"",""value"":""7.0""}"
period:entrytoexit,period,EntryToExit,"{""id"":""period:entrytoexit"",""label"":""EntryToExit"",""type"":""period""}"
perimeter:keystone_consolidated_revenue_under_firm_valuation_basis,perimeter,Keystone consolidated revenue under firm valuation basis,"{""id"":""perimeter:keystone_consolidated_revenue_under_firm_valuation_basis"",""label"":""Keystone consolidated revenue under firm valuation basis"",""type"":""perimeter""}"
claim:0809,claim,,"{""deal"":""keystone"",""derivation"":null,""direction"":""context"",""epistemic"":""attested"",""id"":""claim:0809"",""locator"":""keystone_firm_model_summary.md::### Standalone base:Standalone base section"",""statement"":""Entry firm EBITDA margin is 15.4%, with gradual expansion assumed through the hold period."",""type"":""claim"",""unit"":""%"",""value"":""15.4""}"
claim:0810,claim,,"{""deal"":""keystone"",""derivation"":null,""direction"":""context"",""epistemic"":""attested"",""id"":""claim:0810"",""locator"":""keystone_firm_model_summary.md::### Standalone base:Standalone base section"",""statement"":""The firm model uses a 9.0x exit multiple applied to LTM March 31, 2031 EBITDA."",""type"":""claim"",""unit"":""x"",""value"":""9.0""}"
period:exitltm,period,ExitLTM,"{""id"":""period:exitltm"",""label"":""ExitLTM"",""type"":""period""}"
claim:0811,claim,,"{""deal"":""keystone"",""derivation"":null,""direction"":""context"",""epistemic"":""attested"",""id"":""claim:0811"",""locator"":""keystone_firm_model_summary.md::### Standalone base:Standalone base section"",""statement"":""Exit valuation is based on LTM EBITDA as of March 31, 2031."",""type"":""claim"",""unit"":"""",""value"":""""}"
metric:exit_horizon,metric,Exit Horizon,"{""id"":""metric:exit_horizon"",""label"":""Exit Horizon"",""type"":""metric""}"
period:ltm_mar-31-2031,period,LTM Mar-31-2031,"{""id"":""period:ltm_mar-31-2031"",""label"":""LTM Mar-31-2031"",""type"":""period""}"
claim:0812,claim,,"{""deal"":""keystone"",""derivation"":null,""direction"":""context"",""epistemic"":""attested"",""id"":""claim:0812"",""locator"":""keystone_firm_model_summary.md::### Standalone base:Standalone base section"",""statement"":""The firm model excludes unidentified acquisitions from the base case."",""type"":""claim"",""unit"":"""",""value"":""0.0""}"
perimeter:keystone_consolidated_under_firm_valuation_basis,perimeter,Keystone consolidated under firm valuation basis,"{""id"":""perimeter:keystone_consolidated_under_firm_valuation_basis"",""label"":""Keystone consolidated under firm valuation basis"",""type"":""perimeter""}"
claim:0813,claim,,"{""deal"":""keystone"",""derivation"":null,""direction"":""context"",""epistemic"":""attested"",""id"":""claim:0813"",""locator"":""keystone_firm_model_summary.md::### Acquisition base"",""statement"":""The acquisition base includes Sentinel and a second fully funded acquisition."",""type"":""claim"",""unit"":"""",""value"":""2.0""}"
perimeter:keystone_acquisition_plan_under_firm_model,perimeter,Keystone acquisition plan under Firm model,"{""id"":""perimeter:keystone_acquisition_plan_under_firm_model"",""label"":""Keystone acquisition plan under Firm model"",""type"":""perimeter""}"
claim:0814,claim,,"{""deal"":""keystone"",""derivation"":null,""direction"":""context"",""epistemic"":""attested"",""id"":""claim:0814"",""locator"":""keystone_firm_model_summary.md::### Acquisition base"",""statement"":""The second acquisition is funded with $4.0m of DDTL."",""type"":""claim"",""unit"":""$m"",""value"":""4.0""}"
metric:ddtl_availability,metric,DDTL Availability,"{""id"":""metric:ddtl_availability"",""label"":""DDTL Availability"",""type"":""metric""}"
perimeter:second_acquisition_funding_under_firm_model,perimeter,Second acquisition funding under Firm model,"{""id"":""perimeter:second_acquisition_funding_under_firm_model"",""label"":""Second acquisition funding under Firm model"",""type"":""perimeter""}"
claim:0815,claim,,"{""deal"":""keystone"",""derivation"":null,""direction"":""context"",""epistemic"":""attested"",""id"":""claim:0815"",""locator"":""keystone_firm_model_summary.md::### Acquisition base"",""statement"":""The second acquisition is funded with $5.0m of sponsor equity."",""type"":""claim"",""unit"":""$m"",""value"":""5.0""}"
claim:0816,claim,,"{""deal"":""keystone"",""derivation"":null,""direction"":""context"",""epistemic"":""attested"",""id"":""claim:0816"",""locator"":""keystone_firm_model_summary.md::### Acquisition base"",""statement"":""The second acquisition is funded with $3.5m of cash."",""type"":""claim"",""unit"":""$m"",""value"":""3.5""}"
claim:0817,claim,,"{""deal"":""keystone"",""derivation"":null,""direction"":""context"",""epistemic"":""attested"",""id"":""claim:0817"",""locator"":""keystone_firm_model_summary.md::### Acquisition base"",""statement"":""No unidentified revenue synergies are included in the acquisition base."",""type"":""claim"",""unit"":"""",""value"":""""}"
claim:0818,claim,,"{""deal"":""keystone"",""derivation"":null,""direction"":""supports"",""epistemic"":""attested"",""id"":""claim:0818"",""locator"":""keystone_firm_model_summary.md::## Key assumptions carrying the return"",""statement"":""In the acquisition case, execution of identified add-ons at the modeled purchase prices and funding mix is a key assumption carrying the return."",""type"":""claim"",""unit"":"""",""value"":""""}"
perimeter:keystone_consolidated_add-on_acquisition_execution,perimeter,Keystone consolidated add-on acquisition execution,"{""id"":""perimeter:keystone_consolidated_add-on_acquisition_execution"",""label"":""Keystone consolidated add-on acquisition execution"",""type"":""perimeter""}"
claim:0819,claim,,"{""deal"":""keystone"",""derivation"":null,""direction"":""context"",""epistemic"":""attested"",""id"":""claim:0819"",""locator"":""keystone_firm_model_summary.md::## Key assumptions carrying the return"",""statement"":""The base case LBO model does not rely on multiple expansion at exit."",""type"":""claim"",""unit"":"""",""value"":""""}"
perimeter:keystone_consolidated_exit_multiple_assumption,perimeter,Keystone consolidated exit multiple assumption,"{""id"":""perimeter:keystone_consolidated_exit_multiple_assumption"",""label"":""Keystone consolidated exit multiple assumption"",""type"":""perimeter""}"
claim:0820,claim,,"{""deal"":""keystone"",""derivation"":null,""direction"":""context"",""epistemic"":""attested"",""id"":""claim:0820"",""locator"":""keystone_lbo_model_working.xlsx::Inputs!78:78:keystone_lbo_model_working.xlsx::Inputs!C78"",""statement"":""Adjusted Term SOFR input in LBO model scenario C is 4.25% as of 2026-03-05."",""type"":""claim"",""unit"":""%"",""value"":""0.0425""}"
metric:interest_coverage,metric,Interest Coverage,"{""id"":""metric:interest_coverage"",""label"":""Interest Coverage"",""type"":""metric""}"
perimeter:keystone_lbo_model_inputs,perimeter,Keystone LBO model inputs,"{""id"":""perimeter:keystone_lbo_model_inputs"",""label"":""Keystone LBO model inputs"",""type"":""perimeter""}"
claim:0821,claim,,"{""deal"":""keystone"",""derivation"":null,""direction"":""context"",""epistemic"":""attested"",""id"":""claim:0821"",""locator"":""keystone_lbo_model_working.xlsx::Inputs!78:78:keystone_lbo_model_working.xlsx::Inputs!D78"",""statement"":""Adjusted Term SOFR input in LBO model scenario D is 3.75% as of 2026-03-05."",""type"":""claim"",""unit"":""%"",""value"":""0.0375""}"
claim:0822,claim,,"{""deal"":""keystone"",""derivation"":null,""direction"":""context"",""epistemic"":""attested"",""id"":""claim:0822"",""locator"":""keystone_lbo_model_working.xlsx::Inputs!78:78:keystone_lbo_model_working.xlsx::Inputs!E78"",""statement"":""Adjusted Term SOFR input in LBO model scenario E is 3.5% as of 2026-03-05."",""type"":""claim"",""unit"":""%"",""value"":""0.035""}"
claim:0823,claim,,"{""deal"":""keystone"",""derivation"":null,""direction"":""context"",""epistemic"":""attested"",""id"":""claim:0823"",""locator"":""keystone_lbo_model_working.xlsx::Inputs!78:78:keystone_lbo_model_working.xlsx::Inputs!F78"",""statement"":""Adjusted Term SOFR input in LBO model scenario F is 3.25% as of 2026-03-05."",""type"":""claim"",""unit"":""%"",""value"":""0.0325""}"
claim:0824,claim,,"{""deal"":""keystone"",""derivation"":null,""direction"":""context"",""epistemic"":""attested"",""id"":""claim:0824"",""locator"":""keystone_lbo_model_working.xlsx::Inputs!78:78:keystone_lbo_model_working.xlsx::Inputs!G78"",""statement"":""Adjusted Term SOFR input in LBO model scenario G is 3.0% as of 2026-03-05."",""type"":""claim"",""unit"":""%"",""value"":""0.03""}"
claim:0825,claim,,"{""deal"":""keystone"",""derivation"":null,""direction"":""context"",""epistemic"":""attested"",""id"":""claim:0825"",""locator"":""keystone_lbo_model_working.xlsx::Inputs!78:78:keystone_lbo_model_working.xlsx::Inputs!H78"",""statement"":""Adjusted Term SOFR input in LBO model scenario H is 3.0% as of 2026-03-05."",""type"":""claim"",""unit"":""%"",""value"":""0.03""}"
claim:0826,claim,,"{""deal"":""keystone"",""derivation"":null,""direction"":""context"",""epistemic"":""attested"",""id"":""claim:0826"",""locator"":""keystone_lbo_model_working.xlsx::Hist_Monthly!1:9:Hist_Monthly sheet, row 4, column C (2023-01-01)"",""statement"":""Keystone consolidated monthly revenue for January 2023 was $4.26 million."",""type"":""claim"",""unit"":""$m"",""value"":""4.26""}"
perimeter:keystone_consolidated_revenue_under_firm_underwriting_basis,perimeter,Keystone consolidated revenue under firm underwriting basis,"{""id"":""perimeter:keystone_consolidated_revenue_under_firm_underwriting_basis"",""label"":""Keystone consolidated revenue under firm underwriting basis"",""type"":""perimeter""}"
claim:0827,claim,,"{""deal"":""keystone"",""derivation"":null,""direction"":""supports"",""epistemic"":""attested"",""id"":""claim:0827"",""locator"":""keystone_lbo_model_working.xlsx::Hist_Monthly!1:9:Hist_Monthly sheet, row 4, column AL (2025-12-01)"",""statement"":""Keystone consolidated monthly revenue for December 2025 was $6.882 million."",""type"":""claim"",""unit"":""$m"",""value"":""6.882""}"
period:2025-12-01,period,2025-12-01,"{""id"":""period:2025-12-01"",""label"":""2025-12-01"",""type"":""period""}"
claim:0828,claim,,"{""deal"":""keystone"",""derivation"":null,""direction"":""context"",""epistemic"":""attested"",""id"":""claim:0828"",""locator"":""keystone_lbo_model_working.xlsx::Hist_Monthly!1:9:Hist_Monthly sheet, row 5, column C (2023-01-01)"",""statement"":""Keystone consolidated monthly gross profit for January 2023 was $1.455 million."",""type"":""claim"",""unit"":""$m"",""value"":""1.455""}"
perimeter:keystone_consolidated_gross_profit_under_firm_underwriting_basis,perimeter,Keystone consolidated gross profit under firm underwriting basis,"{""id"":""perimeter:keystone_consolidated_gross_profit_under_firm_underwriting_basis"",""label"":""Keystone consolidated gross profit under firm underwriting basis"",""type"":""perimeter""}"
claim:0829,claim,,"{""deal"":""keystone"",""derivation"":null,""direction"":""supports"",""epistemic"":""attested"",""id"":""claim:0829"",""locator"":""keystone_lbo_model_working.xlsx::Hist_Monthly!1:9:Hist_Monthly sheet, row 5, column AL (2025-12-01)"",""statement"":""Keystone consolidated monthly gross profit for December 2025 was $2.4738 million."",""type"":""claim"",""unit"":""$m"",""value"":""2.4738""}"
claim:0830,claim,,"{""deal"":""keystone"",""derivation"":null,""direction"":""context"",""epistemic"":""attested"",""id"":""claim:0830"",""locator"":""keystone_lbo_model_working.xlsx::Hist_Monthly!1:9:Hist_Monthly sheet, row 6, columns C–N (2023 months)"",""statement"":""Keystone consolidated gross margin for FY2023A was 34.15% (constant across all 2023 months)."",""type"":""claim"",""unit"":""%"",""value"":""0.3415492957746479""}"
perimeter:keystone_consolidated_gross_margin_under_firm_underwriting_basis,perimeter,Keystone consolidated gross margin under firm underwriting basis,"{""id"":""perimeter:keystone_consolidated_gross_margin_under_firm_underwriting_basis"",""label"":""Keystone consolidated gross margin under firm underwriting basis"",""type"":""perimeter""}"
claim:0831,claim,,"{""deal"":""keystone"",""derivation"":null,""direction"":""supports"",""epistemic"":""attested"",""id"":""claim:0831"",""locator"":""keystone_lbo_model_working.xlsx::Hist_Monthly!1:9:Hist_Monthly sheet, row 6, columns O–Z (2024 months)"",""statement"":""Keystone consolidated gross margin for FY2024A was 35.02% (constant across all 2024 months)."",""type"":""claim"",""unit"":""%"",""value"":""0.3501529051987767""}"
claim:0832,claim,,"{""deal"":""keystone"",""derivation"":null,""direction"":""supports"",""epistemic"":""attested"",""id"":""claim:0832"",""locator"":""keystone_lbo_model_working.xlsx::Hist_Monthly!1:9:Hist_Monthly sheet, row 6, columns AA–AL (2025 months)"",""statement"":""Keystone consolidated gross margin for FY2025A was 35.95% (constant across all 2025 months)."",""type"":""claim"",""unit"":""%"",""value"":""0.3594594594594595""}"
claim:0833,claim,,"{""deal"":""keystone"",""derivation"":null,""direction"":""context"",""epistemic"":""attested"",""id"":""claim:0833"",""locator"":""keystone_lbo_model_working.xlsx::Hist_Monthly!1:9:Hist_Monthly sheet, row 7, column C (2023-01-01)"",""statement"":""Keystone consolidated reported EBITDA for January 2023 was $0.5625 million."",""type"":""claim"",""unit"":""$m"",""value"":""0.5625""}"
perimeter:keystone_consolidated_reported_ebitda_under_firm_underwriting_basis,perimeter,Keystone consolidated reported EBITDA under firm underwriting basis,"{""id"":""perimeter:keystone_consolidated_reported_ebitda_under_firm_underwriting_basis"",""label"":""Keystone consolidated reported EBITDA under firm underwriting basis"",""type"":""perimeter""}"
claim:0834,claim,,"{""deal"":""keystone"",""derivation"":null,""direction"":""supports"",""epistemic"":""attested"",""id"":""claim:0834"",""locator"":""keystone_lbo_model_working.xlsx::Hist_Monthly!1:9:Hist_Monthly sheet, row 7, column AL (2025-12-01)"",""statement"":""Keystone consolidated reported EBITDA for December 2025 was $0.9486 million."",""type"":""claim"",""unit"":""$m"",""value"":""0.9485999999999999""}"
claim:0835,claim,,"{""deal"":""keystone"",""derivation"":null,""direction"":""context"",""epistemic"":""attested"",""id"":""claim:0835"",""locator"":""keystone_lbo_model_working.xlsx::Hist_Monthly!1:9:Hist_Monthly sheet, row 8, columns C–N (2023 months)"",""statement"":""Keystone consolidated EBITDA margin for FY2023A was 13.20% (constant across all 2023 months)."",""type"":""claim"",""unit"":""%"",""value"":""0.1320422535211268""}"
perimeter:keystone_consolidated_ebitda_margin_under_firm_underwriting_basis,perimeter,Keystone consolidated EBITDA margin under firm underwriting basis,"{""id"":""perimeter:keystone_consolidated_ebitda_margin_under_firm_underwriting_basis"",""label"":""Keystone consolidated EBITDA margin under firm underwriting basis"",""type"":""perimeter""}"
claim:0836,claim,,"{""deal"":""keystone"",""derivation"":null,""direction"":""supports"",""epistemic"":""attested"",""id"":""claim:0836"",""locator"":""keystone_lbo_model_working.xlsx::Hist_Monthly!1:9:Hist_Monthly sheet, row 8, columns O–Z (2024 months)"",""statement"":""Keystone consolidated EBITDA margin for FY2024A was 13.46% (constant across all 2024 months)."",""type"":""claim"",""unit"":""%"",""value"":""0.1345565749235474""}"
claim:0837,claim,,"{""deal"":""keystone"",""derivation"":null,""direction"":""supports"",""epistemic"":""attested"",""id"":""claim:0837"",""locator"":""keystone_lbo_model_working.xlsx::Hist_Monthly!1:9:Hist_Monthly sheet, row 8, columns AA–AL (2025 months)"",""statement"":""Keystone consolidated EBITDA margin for FY2025A was 13.78% (constant across all 2025 months)."",""type"":""claim"",""unit"":""%"",""value"":""0.1378378378378378""}"
claim:0838,claim,,"{""deal"":""keystone"",""derivation"":null,""direction"":""context"",""epistemic"":""attested"",""id"":""claim:0838"",""locator"":""keystone_lbo_model_working.xlsx::Hist_Monthly!1:9:Hist_Monthly sheet, row 9, column C (2023-01-01)"",""statement"":""Keystone consolidated capex for January 2023 was $0.06 million."",""type"":""claim"",""unit"":""$m"",""value"":""0.06""}"
perimeter:keystone_consolidated_capex_under_firm_underwriting_basis,perimeter,Keystone consolidated capex under firm underwriting basis,"{""id"":""perimeter:keystone_consolidated_capex_under_firm_underwriting_basis"",""label"":""Keystone consolidated capex under firm underwriting basis"",""type"":""perimeter""}"
claim:0839,claim,,"{""deal"":""keystone"",""derivation"":null,""direction"":""context"",""epistemic"":""attested"",""id"":""claim:0839"",""locator"":""keystone_lbo_model_working.xlsx::Hist_Monthly!1:9:Hist_Monthly sheet, row 9, column AL (2025-12-01)"",""statement"":""Keystone consolidated capex for December 2025 was $0.1116 million."",""type"":""claim"",""unit"":""$m"",""value"":""0.1116""}"
claim:0840,claim,,"{""deal"":""keystone"",""derivation"":null,""direction"":""context"",""epistemic"":""observed"",""id"":""claim:0840"",""locator"":""keystone_lbo_model_working.xlsx::Customer_Data!1:31:Customer_Data sheet, row 4, column G"",""statement"":""Riverton Advanced Materials - Decatur (RIV-DEC) generated $5.624m in revenue in FY2025A."",""type"":""claim"",""unit"":""$m"",""value"":""5.624""}"
perimeter:keystone_consolidated_revenue_measured_by_individual_billing_account_riv-dec_(riverton_advanced_materials_-_decatur),perimeter,Keystone consolidated revenue measured by individual billing account RIV-DEC (Riverton Advanced Materials - Decatur),"{""id"":""perimeter:keystone_consolidated_revenue_measured_by_individual_billing_account_riv-dec_(riverton_advanced_materials_-_decatur)"",""label"":""Keystone consolidated revenue measured by individual billing account RIV-DEC (Riverton Advanced Materials - Decatur)"",""type"":""perimeter""}"
claim:0841,claim,,"{""deal"":""keystone"",""derivation"":null,""direction"":""context"",""epistemic"":""observed"",""id"":""claim:0841"",""locator"":""keystone_lbo_model_working.xlsx::Customer_Data!1:31:Customer_Data sheet, row 4, column H"",""statement"":""Riverton Advanced Materials - Decatur (RIV-DEC) represents 7.6% of total Keystone revenue in FY2025A."",""type"":""claim"",""unit"":""%"",""value"":""0.076""}"
claim:0842,claim,,"{""deal"":""keystone"",""derivation"":null,""direction"":""context"",""epistemic"":""observed"",""id"":""claim:0842"",""locator"":""keystone_lbo_model_working.xlsx::Customer_Data!1:31:Customer_Data sheet, row 5, column G"",""statement"":""Metro Utility - North (MET-N) generated $3.2m in revenue in FY2025A."",""type"":""claim"",""unit"":""$m"",""value"":""3.2""}"
perimeter:keystone_consolidated_revenue_measured_by_individual_billing_account_met-n_(metro_utility_-_north),perimeter,Keystone consolidated revenue measured by individual billing account MET-N (Metro Utility - North),"{""id"":""perimeter:keystone_consolidated_revenue_measured_by_individual_billing_account_met-n_(metro_utility_-_north)"",""label"":""Keystone consolidated revenue measured by individual billing account MET-N (Metro Utility - North)"",""type"":""perimeter""}"
claim:0843,claim,,"{""deal"":""keystone"",""derivation"":null,""direction"":""context"",""epistemic"":""observed"",""id"":""claim:0843"",""locator"":""keystone_lbo_model_working.xlsx::Customer_Data!1:31:Customer_Data sheet, row 6, column G"",""statement"":""State Infrastructure Department (STA-01) generated $2.8m in revenue in FY2025A."",""type"":""claim"",""unit"":""$m"",""value"":""2.8""}"
perimeter:keystone_consolidated_revenue_measured_by_individual_billing_account_sta-01_(state_infrastructure_department),perimeter,Keystone consolidated revenue measured by individual billing account STA-01 (State Infrastructure Department),"{""id"":""perimeter:keystone_consolidated_revenue_measured_by_individual_billing_account_sta-01_(state_infrastructure_department)"",""label"":""Keystone consolidated revenue measured by individual billing account STA-01 (State Infrastructure Department)"",""type"":""perimeter""}"
claim:0844,claim,,"{""deal"":""keystone"",""derivation"":null,""direction"":""context"",""epistemic"":""observed"",""id"":""claim:0844"",""locator"":""keystone_lbo_model_working.xlsx::Customer_Data!1:31:Customer_Data sheet, row 7, column G"",""statement"":""MedCore Hospital System (MED-01) generated $2.3m in revenue in FY2025A."",""type"":""claim"",""unit"":""$m"",""value"":""2.3""}"
perimeter:keystone_consolidated_revenue_measured_by_individual_billing_account_med-01_(medcore_hospital_system),perimeter,Keystone consolidated revenue measured by individual billing account MED-01 (MedCore Hospital System),"{""id"":""perimeter:keystone_consolidated_revenue_measured_by_individual_billing_account_med-01_(medcore_hospital_system)"",""label"":""Keystone consolidated revenue measured by individual billing account MED-01 (MedCore Hospital System)"",""type"":""perimeter""}"
claim:0845,claim,,"{""deal"":""keystone"",""derivation"":null,""direction"":""context"",""epistemic"":""observed"",""id"":""claim:0845"",""locator"":""keystone_lbo_model_working.xlsx::Customer_Data!1:31:Customer_Data sheet, row 8, column G"",""statement"":""Riverton Corporate EHS (RIV-CORP) generated $1.912m in revenue in FY2025A."",""type"":""claim"",""unit"":""$m"",""value"":""1.912""}"
perimeter:keystone_consolidated_revenue_measured_by_individual_billing_account_riv-corp_(riverton_corporate_ehs),perimeter,Keystone consolidated revenue measured by individual billing account RIV-CORP (Riverton Corporate EHS),"{""id"":""perimeter:keystone_consolidated_revenue_measured_by_individual_billing_account_riv-corp_(riverton_corporate_ehs)"",""label"":""Keystone consolidated revenue measured by individual billing account RIV-CORP (Riverton Corporate EHS)"",""type"":""perimeter""}"
claim:0846,claim,,"{""deal"":""keystone"",""derivation"":null,""direction"":""context"",""epistemic"":""observed"",""id"":""claim:0846"",""locator"":""keystone_lbo_model_working.xlsx::Customer_Data!1:31:Customer_Data sheet, row 9, column G"",""statement"":""BioHealth Laboratories (BIO-01) generated $1.7m in revenue in FY2025A."",""type"":""claim"",""unit"":""$m"",""value"":""1.7""}"
perimeter:keystone_consolidated_revenue_measured_by_individual_billing_account_bio-01_(biohealth_laboratories),perimeter,Keystone consolidated revenue measured by individual billing account BIO-01 (BioHealth Laboratories),"{""id"":""perimeter:keystone_consolidated_revenue_measured_by_individual_billing_account_bio-01_(biohealth_laboratories)"",""label"":""Keystone consolidated revenue measured by individual billing account BIO-01 (BioHealth Laboratories)"",""type"":""perimeter""}"
claim:0847,claim,,"{""deal"":""keystone"",""derivation"":null,""direction"":""context"",""epistemic"":""observed"",""id"":""claim:0847"",""locator"":""keystone_lbo_model_working.xlsx::Customer_Data!1:31:Customer_Data sheet, row 10, column G"",""statement"":""Apex Manufacturing - Main (APX-01) generated $1.6m in revenue in FY2025A."",""type"":""claim"",""unit"":""$m"",""value"":""1.6""}"
perimeter:keystone_consolidated_revenue_measured_by_individual_billing_account_apx-01_(apex_manufacturing_-_main),perimeter,Keystone consolidated revenue measured by individual billing account APX-01 (Apex Manufacturing - Main),"{""id"":""perimeter:keystone_consolidated_revenue_measured_by_individual_billing_account_apx-01_(apex_manufacturing_-_main)"",""label"":""Keystone consolidated revenue measured by individual billing account APX-01 (Apex Manufacturing - Main)"",""type"":""perimeter""}"
claim:0848,claim,,"{""deal"":""keystone"",""derivation"":null,""direction"":""context"",""epistemic"":""observed"",""id"":""claim:0848"",""locator"":""keystone_lbo_model_working.xlsx::Customer_Data!1:31:Customer_Data sheet, row 10, column H"",""statement"":""Apex Manufacturing - Main (APX-01) represents 2.16% of total Keystone revenue in FY2025A."",""type"":""claim"",""unit"":""%"",""value"":""0.02162162162162162""}"
claim:0849,claim,,"{""deal"":""keystone"",""derivation"":null,""direction"":""supports"",""epistemic"":""observed"",""id"":""claim:0849"",""locator"":""keystone_lbo_model_working.xlsx::Customer_Data!1:31:Customer_Data sheet, row 4, column N"",""statement"":""Riverton Advanced Materials - Decatur (RIV-DEC) has maintained a relationship tenure of 9 years as of FY2025A."",""type"":""claim"",""unit"":""years"",""value"":""9.0""}"
perimeter:keystone_customer_relationship_tenure_measured_by_individual_billing_account,perimeter,Keystone customer relationship tenure measured by individual billing account,"{""id"":""perimeter:keystone_customer_relationship_tenure_measured_by_individual_billing_account"",""label"":""Keystone customer relationship tenure measured by individual billing account"",""type"":""perimeter""}"
claim:0850,claim,,"{""deal"":""keystone"",""derivation"":null,""direction"":""supports"",""epistemic"":""observed"",""id"":""claim:0850"",""locator"":""keystone_lbo_model_working.xlsx::Customer_Data!1:31:Customer_Data sheet, row 5, column N"",""statement"":""Metro Utility - North (MET-N) has maintained a relationship tenure of 7 years as of FY2025A."",""type"":""claim"",""unit"":""years"",""value"":""7.0""}"
claim:0851,claim,,"{""deal"":""keystone"",""derivation"":null,""direction"":""supports"",""epistemic"":""observed"",""id"":""claim:0851"",""locator"":""keystone_lbo_model_working.xlsx::Customer_Data!1:31:Customer_Data sheet, row 6, column N"",""statement"":""State Infrastructure Department (STA-01) has maintained a relationship tenure of 11 years as of FY2025A."",""type"":""claim"",""unit"":""years"",""value"":""11.0""}"
claim:0852,claim,,"{""deal"":""keystone"",""derivation"":null,""direction"":""context"",""epistemic"":""observed"",""id"":""claim:0852"",""locator"":""keystone_lbo_model_working.xlsx::Customer_Data!1:31:Customer_Data sheet, row 6, column K"",""statement"":""State Infrastructure Department (STA-01) contract requires 30 days termination notice as of FY2025A."",""type"":""claim"",""unit"":""days"",""value"":""30.0""}"
perimeter:keystone_customer_contract_termination_notice_period_measured_by_individual_billing_account,perimeter,Keystone customer contract termination notice period measured by individual billing account,"{""id"":""perimeter:keystone_customer_contract_termination_notice_period_measured_by_individual_billing_account"",""label"":""Keystone customer contract termination notice period measured by individual billing account"",""type"":""perimeter""}"
claim:0853,claim,,"{""deal"":""keystone"",""derivation"":null,""direction"":""supports"",""epistemic"":""attested"",""id"":""claim:0853"",""locator"":""keystone_lbo_model_working.xlsx::Customer_Data!60:69:Sheet Customer_Data, row 66, column B"",""statement"":""Keystone's largest customer represents 7.6% of consolidated revenue measured by individual billing account as of 2026-03-05."",""type"":""claim"",""unit"":"""",""value"":""0.076""}"
claim:0854,claim,,"{""deal"":""keystone"",""derivation"":null,""direction"":""supports"",""epistemic"":""attested"",""id"":""claim:0854"",""locator"":""keystone_lbo_model_working.xlsx::Customer_Data!60:69:Sheet Customer_Data, row 66, column C"",""statement"":""Keystone's largest customer represents 18.2% of consolidated revenue measured by ultimate-parent customer as of 2026-03-05."",""type"":""claim"",""unit"":"""",""value"":""0.182""}"
perimeter:keystone_consolidated_revenue_measured_by_ultimate-parent_customer,perimeter,Keystone consolidated revenue measured by ultimate-parent customer,"{""id"":""perimeter:keystone_consolidated_revenue_measured_by_ultimate-parent_customer"",""label"":""Keystone consolidated revenue measured by ultimate-parent customer"",""type"":""perimeter""}"
claim:0855,claim,,"{""deal"":""keystone"",""derivation"":null,""direction"":""supports"",""epistemic"":""attested"",""id"":""claim:0855"",""locator"":""keystone_lbo_model_working.xlsx::Customer_Data!60:69:Sheet Customer_Data, row 67, column B"",""statement"":""Keystone's top five customers represent 21.4% of consolidated revenue measured by individual billing account as of 2026-03-05."",""type"":""claim"",""unit"":"""",""value"":""0.214""}"
claim:0856,claim,,"{""deal"":""keystone"",""derivation"":null,""direction"":""supports"",""epistemic"":""attested"",""id"":""claim:0856"",""locator"":""keystone_lbo_model_working.xlsx::Customer_Data!60:69:Sheet Customer_Data, row 67, column C"",""statement"":""Keystone's top five customers represent 36.5% of consolidated revenue measured by ultimate-parent customer as of 2026-03-05."",""type"":""claim"",""unit"":"""",""value"":""0.365""}"
claim:0857,claim,,"{""deal"":""keystone"",""derivation"":null,""direction"":""supports"",""epistemic"":""attested"",""id"":""claim:0857"",""locator"":""keystone_lbo_model_working.xlsx::Customer_Data!60:69:Sheet Customer_Data, row 68, column B"",""statement"":""Keystone's top ten customers represent 31.5% of consolidated revenue measured by individual billing account as of 2026-03-05."",""type"":""claim"",""unit"":"""",""value"":""0.315""}"
claim:0858,claim,,"{""deal"":""keystone"",""derivation"":null,""direction"":""supports"",""epistemic"":""attested"",""id"":""claim:0858"",""locator"":""keystone_lbo_model_working.xlsx::Customer_Data!60:69:Sheet Customer_Data, row 68, column C"",""statement"":""Keystone's top ten customers represent 50.5% of consolidated revenue measured by ultimate-parent customer as of 2026-03-05."",""type"":""claim"",""unit"":"""",""value"":""0.505""}"
claim:0859,claim,,"{""deal"":""keystone"",""derivation"":null,""direction"":""supports"",""epistemic"":""attested"",""id"":""claim:0859"",""locator"":""keystone_lbo_model_working.xlsx::Customer_Data!60:69:Sheet Customer_Data, row 69, column B"",""statement"":""Keystone consolidated total revenue is $74 million as of 2026-03-05."",""type"":""claim"",""unit"":""$m"",""value"":""74.0""}"
claim:0860,claim,,"{""deal"":""keystone"",""derivation"":null,""direction"":""context"",""epistemic"":""attested"",""id"":""claim:0860"",""locator"":""keystone_lbo_model_working.xlsx::Customer_Data!60:69:Sheet Customer_Data, row 60, columns K and M"",""statement"":""Customer SM-033 (Atlas Manufacturing 2 Account 33) has a contract term of 60 months with Notice termination provision."",""type"":""claim"",""unit"":"""",""value"":""""}"
perimeter:keystone_customer_sm-033_(atlas_manufacturing_2_account_33),perimeter,Keystone customer SM-033 (Atlas Manufacturing 2 Account 33),"{""id"":""perimeter:keystone_customer_sm-033_(atlas_manufacturing_2_account_33)"",""label"":""Keystone customer SM-033 (Atlas Manufacturing 2 Account 33)"",""type"":""perimeter""}"
claim:0861,claim,,"{""deal"":""keystone"",""derivation"":null,""direction"":""context"",""epistemic"":""attested"",""id"":""claim:0861"",""locator"":""keystone_lbo_model_working.xlsx::Customer_Data!60:69:Sheet Customer_Data, row 61, columns K and M"",""statement"":""Customer SM-034 (Cobalt Industries 2 Account 34) has a contract term of 30 months with Notice termination provision."",""type"":""claim"",""unit"":"""",""value"":""""}"
perimeter:keystone_customer_sm-034_(cobalt_industries_2_account_34),perimeter,Keystone customer SM-034 (Cobalt Industries 2 Account 34),"{""id"":""perimeter:keystone_customer_sm-034_(cobalt_industries_2_account_34)"",""label"":""Keystone customer SM-034 (Cobalt Industries 2 Account 34)"",""type"":""perimeter""}"
claim:0862,claim,,"{""deal"":""keystone"",""derivation"":null,""direction"":""context"",""epistemic"":""attested"",""id"":""claim:0862"",""locator"":""keystone_lbo_model_working.xlsx::Customer_Data!60:69:Sheet Customer_Data, row 62, columns K and M"",""statement"":""Customer SM-035 (Meridian Transit 2 Account 35) has a contract term of 60 months with Notice termination provision."",""type"":""claim"",""unit"":"""",""value"":""""}"
perimeter:keystone_customer_sm-035_(meridian_transit_2_account_35),perimeter,Keystone customer SM-035 (Meridian Transit 2 Account 35),"{""id"":""perimeter:keystone_customer_sm-035_(meridian_transit_2_account_35)"",""label"":""Keystone customer SM-035 (Meridian Transit 2 Account 35)"",""type"":""perimeter""}"
claim:0863,claim,,"{""deal"":""keystone"",""derivation"":null,""direction"":""supports"",""epistemic"":""attested"",""id"":""claim:0863"",""locator"":""keystone_lbo_model_working.xlsx::Customer_Data!60:69:Sheet Customer_Data, row 60, column I"",""statement"":""Customer SM-033 (Atlas Manufacturing 2 Account 33) is classified as Recurring revenue."",""type"":""claim"",""unit"":"""",""value"":""""}"
claim:0864,claim,,"{""deal"":""keystone"",""derivation"":null,""direction"":""context"",""epistemic"":""attested"",""id"":""claim:0864"",""locator"":""keystone_lbo_model_working.xlsx::Customer_Data!60:69:Sheet Customer_Data, row 61, column I"",""statement"":""Customer SM-034 (Cobalt Industries 2 Account 34) is classified as Repeat revenue."",""type"":""claim"",""unit"":"""",""value"":""""}"
claim:0865,claim,,"{""deal"":""keystone"",""derivation"":null,""direction"":""context"",""epistemic"":""attested"",""id"":""claim:0865"",""locator"":""keystone_lbo_model_working.xlsx::Customer_Data!60:69:Sheet Customer_Data, row 62, column I"",""statement"":""Customer SM-035 (Meridian Transit 2 Account 35) is classified as Project revenue."",""type"":""claim"",""unit"":"""",""value"":""""}"
claim:0866,claim,,"{""deal"":""keystone"",""derivation"":null,""direction"":""context"",""epistemic"":""observed"",""id"":""claim:0866"",""locator"":""keystone_lbo_model_working.xlsx::Project_Data!106:118:keystone_lbo_model_working.xlsx::Project_Data!A106:R106"",""statement"":""Blue Ridge Metals 2 Field Inspection project SM-027-P1 shows customer concentration of 0.494 as of 2026-03-01."",""type"":""claim"",""unit"":"""",""value"":""0.4940642949336517""}"
claim:0867,claim,,"{""deal"":""keystone"",""derivation"":null,""direction"":""context"",""epistemic"":""observed"",""id"":""claim:0867"",""locator"":""keystone_lbo_model_working.xlsx::Project_Data!106:118:keystone_lbo_model_working.xlsx::Project_Data!A107:R107"",""statement"":""Blue Ridge Metals 2 Field Inspection project SM-027-P2 shows customer concentration of 0.444 as of 2026-05-01."",""type"":""claim"",""unit"":"""",""value"":""0.4444481333646275""}"
claim:0868,claim,,"{""deal"":""keystone"",""derivation"":null,""direction"":""context"",""epistemic"":""observed"",""id"":""claim:0868"",""locator"":""keystone_lbo_model_working.xlsx::Project_Data!106:118:keystone_lbo_model_working.xlsx::Project_Data!A108:R108"",""statement"":""Pioneer Components 2 Permitting & Advisory project SM-028-P1 shows customer concentration of 0.425 as of 2026-03-01."",""type"":""claim"",""unit"":"""",""value"":""0.4248531889448871""}"
claim:0869,claim,,"{""deal"":""keystone"",""derivation"":null,""direction"":""context"",""epistemic"":""observed"",""id"":""claim:0869"",""locator"":""keystone_lbo_model_working.xlsx::Project_Data!106:118:keystone_lbo_model_working.xlsx::Project_Data!A109:R109"",""statement"":""Pioneer Components 2 Permitting & Advisory project SM-028-P2 shows customer concentration of 0.502 as of 2026-05-01."",""type"":""claim"",""unit"":"""",""value"":""0.5016526837674866""}"
claim:0870,claim,,"{""deal"":""keystone"",""derivation"":null,""direction"":""context"",""epistemic"":""observed"",""id"":""claim:0870"",""locator"":""keystone_lbo_model_working.xlsx::Project_Data!106:118:keystone_lbo_model_working.xlsx::Project_Data!A110:R110"",""statement"":""Evergreen Chemicals 2 EHS Compliance project SM-029-P1 shows customer concentration of 0.803 as of 2026-03-01."",""type"":""claim"",""unit"":"""",""value"":""0.802767837422472""}"
claim:0871,claim,,"{""deal"":""keystone"",""derivation"":null,""direction"":""context"",""epistemic"":""observed"",""id"":""claim:0871"",""locator"":""keystone_lbo_model_working.xlsx::Project_Data!106:118:keystone_lbo_model_working.xlsx::Project_Data!A111:R111"",""statement"":""Evergreen Chemicals 2 EHS Compliance project SM-029-P2 shows customer concentration of 0.112 as of 2026-05-01."",""type"":""claim"",""unit"":"""",""value"":""0.1117314797039963""}"
claim:0872,claim,,"{""deal"":""keystone"",""derivation"":null,""direction"":""context"",""epistemic"":""observed"",""id"":""claim:0872"",""locator"":""keystone_lbo_model_working.xlsx::Project_Data!106:118:keystone_lbo_model_working.xlsx::Project_Data!A112:R112"",""statement"":""Redwood Utilities 2 Industrial Hygiene project SM-030-P1 shows customer concentration of 0.007 as of 2026-03-01."",""type"":""claim"",""unit"":"""",""value"":""0.006542423751698987""}"
claim:0873,claim,,"{""deal"":""keystone"",""derivation"":null,""direction"":""context"",""epistemic"":""observed"",""id"":""claim:0873"",""locator"":""keystone_lbo_model_working.xlsx::Project_Data!106:118:keystone_lbo_model_working.xlsx::Project_Data!A113:R113"",""statement"":""Redwood Utilities 2 Industrial Hygiene project SM-030-P2 shows customer concentration of 0.896 as of 2026-05-01."",""type"":""claim"",""unit"":"""",""value"":""0.8959503377888637""}"
claim:0874,claim,,"{""deal"":""keystone"",""derivation"":null,""direction"":""context"",""epistemic"":""observed"",""id"":""claim:0874"",""locator"":""keystone_lbo_model_working.xlsx::Project_Data!106:118:keystone_lbo_model_working.xlsx::Project_Data!A114:R114"",""statement"":""Silverline Medical 2 Field Inspection project SM-031-P1 shows customer concentration of 0.890 as of 2026-03-01."",""type"":""claim"",""unit"":"""",""value"":""0.8904862059546573""}"
claim:0875,claim,,"{""deal"":""keystone"",""derivation"":null,""direction"":""context"",""epistemic"":""observed"",""id"":""claim:0875"",""locator"":""keystone_lbo_model_working.xlsx::Project_Data!106:118:keystone_lbo_model_working.xlsx::Project_Data!A115:R115"",""statement"":""Prairie Public Works 2 Permitting & Advisory project SM-032-P1 shows customer concentration of 0.878 as of 2026-03-01."",""type"":""claim"",""unit"":"""",""value"":""0.8784796503687519""}"
claim:0876,claim,,"{""deal"":""keystone"",""derivation"":null,""direction"":""context"",""epistemic"":""observed"",""id"":""claim:0876"",""locator"":""keystone_lbo_model_working.xlsx::Project_Data!106:118:keystone_lbo_model_working.xlsx::Project_Data!A116:R116"",""statement"":""Atlas Manufacturing 2 EHS Compliance project SM-033-P1 shows customer concentration of 0.866 as of 2026-03-01."",""type"":""claim"",""unit"":"""",""value"":""0.8664730947828463""}"
claim:0877,claim,,"{""deal"":""keystone"",""derivation"":null,""direction"":""context"",""epistemic"":""observed"",""id"":""claim:0877"",""locator"":""keystone_lbo_model_working.xlsx::Project_Data!106:118:keystone_lbo_model_working.xlsx::Project_Data!A117:R117"",""statement"":""Cobalt Industries 2 Industrial Hygiene project SM-034-P1 shows customer concentration of 0.854 as of 2026-03-01."",""type"":""claim"",""unit"":"""",""value"":""0.8544665391969408""}"
claim:0878,claim,,"{""deal"":""keystone"",""derivation"":null,""direction"":""context"",""epistemic"":""observed"",""id"":""claim:0878"",""locator"":""keystone_lbo_model_working.xlsx::Project_Data!106:118:keystone_lbo_model_working.xlsx::Project_Data!A118:R118"",""statement"":""Meridian Transit 2 Field Inspection project SM-035-P1 shows customer concentration of 0.842 as of 2026-03-01."",""type"":""claim"",""unit"":"""",""value"":""0.8424599836110354""}"
claim:0879,claim,,"{""deal"":""keystone"",""derivation"":null,""direction"":""context"",""epistemic"":""observed"",""id"":""claim:0879"",""locator"":""keystone_lbo_model_working.xlsx::Employees!1:35:Employees sheet, rows 4–35, employee ID E0001 through E0032"",""statement"":""Keystone has 32 active employees as of December 31, 2025, recorded in the HRIS employee roster."",""type"":""claim"",""unit"":""headcount"",""value"":""32.0""}"
"period:december_31,_2025",period,"December 31, 2025","{""id"":""period:december_31,_2025"",""label"":""December 31, 2025"",""type"":""period""}"
perimeter:keystone_consolidated_active_employee_headcount,perimeter,Keystone consolidated active employee headcount,"{""id"":""perimeter:keystone_consolidated_active_employee_headcount"",""label"":""Keystone consolidated active employee headcount"",""type"":""perimeter""}"
claim:0880,claim,,"{""deal"":""keystone"",""derivation"":null,""direction"":""supports"",""epistemic"":""observed"",""id"":""claim:0880"",""locator"":""keystone_lbo_model_working.xlsx::Employees!1:35:Employees sheet, column F (Billable?), rows 4–35"",""statement"":""Keystone has 16 billable employees (those with Billable? = Yes) as of December 31, 2025."",""type"":""claim"",""unit"":""headcount"",""value"":""16.0""}"
perimeter:keystone_consolidated_billable_employee_headcount,perimeter,Keystone consolidated billable employee headcount,"{""id"":""perimeter:keystone_consolidated_billable_employee_headcount"",""label"":""Keystone consolidated billable employee headcount"",""type"":""perimeter""}"
claim:0881,claim,,"{""deal"":""keystone"",""derivation"":null,""direction"":""context"",""epistemic"":""observed"",""id"":""claim:0881"",""locator"":""keystone_lbo_model_working.xlsx::Employees!1:35:Employees sheet, column F (Billable?), rows 4–35"",""statement"":""Keystone has 16 non-billable employees (those with Billable? = No) as of December 31, 2025."",""type"":""claim"",""unit"":""headcount"",""value"":""16.0""}"
perimeter:keystone_consolidated_non-billable_employee_headcount,perimeter,Keystone consolidated non-billable employee headcount,"{""id"":""perimeter:keystone_consolidated_non-billable_employee_headcount"",""label"":""Keystone consolidated non-billable employee headcount"",""type"":""perimeter""}"
claim:0882,claim,,"{""deal"":""keystone"",""derivation"":null,""direction"":""context"",""epistemic"":""observed"",""id"":""claim:0882"",""locator"":""keystone_lbo_model_working.xlsx::Employees!1:35:Employees sheet, column N (Manager Level), rows 4–35"",""statement"":""Keystone has 2 manager-level employees (E0012 and E0024) as of December 31, 2025."",""type"":""claim"",""unit"":""headcount"",""value"":""2.0""}"
perimeter:keystone_consolidated_manager-level_employee_headcount,perimeter,Keystone consolidated manager-level employee headcount,"{""id"":""perimeter:keystone_consolidated_manager-level_employee_headcount"",""label"":""Keystone consolidated manager-level employee headcount"",""type"":""perimeter""}"
claim:0883,claim,,"{""deal"":""keystone"",""derivation"":null,""direction"":""context"",""epistemic"":""observed"",""id"":""claim:0883"",""locator"":""keystone_lbo_model_working.xlsx::Employees!1:35:Employees sheet, column O (Retention Critical?), row 32"",""statement"":""Keystone has 1 retention-critical employee (E0029) as of December 31, 2025."",""type"":""claim"",""unit"":""headcount"",""value"":""1.0""}"
perimeter:keystone_consolidated_retention-critical_employee_headcount,perimeter,Keystone consolidated retention-critical employee headcount,"{""id"":""perimeter:keystone_consolidated_retention-critical_employee_headcount"",""label"":""Keystone consolidated retention-critical employee headcount"",""type"":""perimeter""}"
claim:0884,claim,,"{""deal"":""keystone"",""derivation"":null,""direction"":""context"",""epistemic"":""observed"",""id"":""claim:0884"",""locator"":""keystone_lbo_model_working.xlsx::Employees!36:68"",""statement"":""Keystone employee roster contains 33 active employees across multiple locations and departments as of 2026-03-05."",""type"":""claim"",""unit"":""headcount"",""value"":""33.0""}"
perimeter:keystone_consolidated_headcount_by_employee_roster,perimeter,Keystone consolidated headcount by employee roster,"{""id"":""perimeter:keystone_consolidated_headcount_by_employee_roster"",""label"":""Keystone consolidated headcount by employee roster"",""type"":""perimeter""}"
claim:0885,claim,,"{""deal"":""keystone"",""derivation"":null,""direction"":""context"",""epistemic"":""observed"",""id"":""claim:0885"",""locator"":""keystone_lbo_model_working.xlsx::Employees!36:68"",""statement"":""Keystone Technical department contains 18 employees across the roster as of 2026-03-05."",""type"":""claim"",""unit"":""headcount"",""value"":""18.0""}"
perimeter:keystone_consolidated_technical_department_headcount,perimeter,Keystone consolidated Technical department headcount,"{""id"":""perimeter:keystone_consolidated_technical_department_headcount"",""label"":""Keystone consolidated Technical department headcount"",""type"":""perimeter""}"
claim:0886,claim,,"{""deal"":""keystone"",""derivation"":null,""direction"":""context"",""epistemic"":""observed"",""id"":""claim:0886"",""locator"":""keystone_lbo_model_working.xlsx::Employees!69:101"",""statement"":""Keystone consolidated headcount totals 3,583 employees as of 2026-03-05, derived from employee roster in LBO model."",""type"":""claim"",""unit"":""headcount"",""value"":""3583.0""}"
claim:0887,claim,,"{""deal"":""keystone"",""derivation"":null,""direction"":""contradicts"",""epistemic"":""observed"",""id"":""claim:0887"",""locator"":""keystone_lbo_model_working.xlsx::Employees!69:101:keystone_lbo_model_working.xlsx::Employees!90, column O (key-person flag)"",""statement"":""One employee (E0087, Louisville, Finance, Permitting & Advisory) is flagged as key-person risk (column O = Yes) as of 2026-03-05."",""type"":""claim"",""unit"":""headcount"",""value"":""1.0""}"
perimeter:keystone_consolidated_headcount_flagged_for_key-person_risk,perimeter,Keystone consolidated headcount flagged for key-person risk,"{""id"":""perimeter:keystone_consolidated_headcount_flagged_for_key-person_risk"",""label"":""Keystone consolidated headcount flagged for key-person risk"",""type"":""perimeter""}"
claim:0888,claim,,"{""deal"":""keystone"",""derivation"":null,""direction"":""context"",""epistemic"":""observed"",""id"":""claim:0888"",""locator"":""keystone_lbo_model_working.xlsx::Employees!102:134:Employees sheet, rows 102–134"",""statement"":""The Keystone LBO model employee roster contains 33 individual employee records (E0099 through E0131) as of 2026-03-05."",""type"":""claim"",""unit"":""headcount"",""value"":""33.0""}"
claim:0889,claim,,"{""deal"":""keystone"",""derivation"":null,""direction"":""context"",""epistemic"":""observed"",""id"":""claim:0889"",""locator"":""keystone_lbo_model_working.xlsx::Employees!102:134:Employees sheet, column D (Department), rows 102–134"",""statement"":""The Keystone LBO model shows 20 employees assigned to the Technical department across all rows."",""type"":""claim"",""unit"":""headcount"",""value"":""20.0""}"
"perimeter:keystone_consolidated_headcount_by_employee_record,_technical_department",perimeter,"Keystone consolidated headcount by employee record, Technical department","{""id"":""perimeter:keystone_consolidated_headcount_by_employee_record,_technical_department"",""label"":""Keystone consolidated headcount by employee record, Technical department"",""type"":""perimeter""}"
claim:0890,claim,,"{""deal"":""keystone"",""derivation"":null,""direction"":""context"",""epistemic"":""observed"",""id"":""claim:0890"",""locator"":""keystone_lbo_model_working.xlsx::Employees!102:134:Employees sheet, column D (Department), rows 102–134"",""statement"":""The Keystone LBO model shows 6 employees assigned to the Corporate department."",""type"":""claim"",""unit"":""headcount"",""value"":""6.0""}"
"perimeter:keystone_consolidated_headcount_by_employee_record,_corporate_department",perimeter,"Keystone consolidated headcount by employee record, Corporate department","{""id"":""perimeter:keystone_consolidated_headcount_by_employee_record,_corporate_department"",""label"":""Keystone consolidated headcount by employee record, Corporate department"",""type"":""perimeter""}"
claim:0891,claim,,"{""deal"":""keystone"",""derivation"":null,""direction"":""context"",""epistemic"":""observed"",""id"":""claim:0891"",""locator"":""keystone_lbo_model_working.xlsx::Employees!102:134:Employees sheet, column D (Department), rows 102–134"",""statement"":""The Keystone LBO model shows 2 employees assigned to the Project Management department."",""type"":""claim"",""unit"":""headcount"",""value"":""2.0""}"
"perimeter:keystone_consolidated_headcount_by_employee_record,_project_management_department",perimeter,"Keystone consolidated headcount by employee record, Project Management department","{""id"":""perimeter:keystone_consolidated_headcount_by_employee_record,_project_management_department"",""label"":""Keystone consolidated headcount by employee record, Project Management department"",""type"":""perimeter""}"
claim:0892,claim,,"{""deal"":""keystone"",""derivation"":null,""direction"":""context"",""epistemic"":""observed"",""id"":""claim:0892"",""locator"":""keystone_lbo_model_working.xlsx::Employees!102:134:Employees sheet, column D (Department), rows 102–134"",""statement"":""The Keystone LBO model shows 2 employees assigned to the Sales department."",""type"":""claim"",""unit"":""headcount"",""value"":""2.0""}"
"perimeter:keystone_consolidated_headcount_by_employee_record,_sales_department",perimeter,"Keystone consolidated headcount by employee record, Sales department","{""id"":""perimeter:keystone_consolidated_headcount_by_employee_record,_sales_department"",""label"":""Keystone consolidated headcount by employee record, Sales department"",""type"":""perimeter""}"
claim:0893,claim,,"{""deal"":""keystone"",""derivation"":null,""direction"":""context"",""epistemic"":""observed"",""id"":""claim:0893"",""locator"":""keystone_lbo_model_working.xlsx::Employees!102:134:Employees sheet, column D (Department), rows 102–134"",""statement"":""The Keystone LBO model shows 1 employee assigned to the Finance department."",""type"":""claim"",""unit"":""headcount"",""value"":""1.0""}"
"perimeter:keystone_consolidated_headcount_by_employee_record,_finance_department",perimeter,"Keystone consolidated headcount by employee record, Finance department","{""id"":""perimeter:keystone_consolidated_headcount_by_employee_record,_finance_department"",""label"":""Keystone consolidated headcount by employee record, Finance department"",""type"":""perimeter""}"
claim:0894,claim,,"{""deal"":""keystone"",""derivation"":null,""direction"":""context"",""epistemic"":""observed"",""id"":""claim:0894"",""locator"":""keystone_lbo_model_working.xlsx::Employees!102:134:Employees sheet, column D (Department), rows 102–134"",""statement"":""The Keystone LBO model shows 1 employee assigned to the HR department."",""type"":""claim"",""unit"":""headcount"",""value"":""1.0""}"
"perimeter:keystone_consolidated_headcount_by_employee_record,_hr_department",perimeter,"Keystone consolidated headcount by employee record, HR department","{""id"":""perimeter:keystone_consolidated_headcount_by_employee_record,_hr_department"",""label"":""Keystone consolidated headcount by employee record, HR department"",""type"":""perimeter""}"
claim:0895,claim,,"{""deal"":""keystone"",""derivation"":null,""direction"":""context"",""epistemic"":""observed"",""id"":""claim:0895"",""locator"":""keystone_lbo_model_working.xlsx::Employees!102:134:Employees sheet, column E (Service Line), rows 102–134"",""statement"":""The Keystone LBO model shows 18 employees assigned to the EHS Compliance service line."",""type"":""claim"",""unit"":""headcount"",""value"":""18.0""}"
"perimeter:keystone_consolidated_headcount_by_employee_record,_ehs_compliance_service_line",perimeter,"Keystone consolidated headcount by employee record, EHS Compliance service line","{""id"":""perimeter:keystone_consolidated_headcount_by_employee_record,_ehs_compliance_service_line"",""label"":""Keystone consolidated headcount by employee record, EHS Compliance service line"",""type"":""perimeter""}"
claim:0896,claim,,"{""deal"":""keystone"",""derivation"":null,""direction"":""context"",""epistemic"":""observed"",""id"":""claim:0896"",""locator"":""keystone_lbo_model_working.xlsx::Employees!102:134:Employees sheet, column E (Service Line), rows 102–134"",""statement"":""The Keystone LBO model shows 9 employees assigned to the Field Inspection service line."",""type"":""claim"",""unit"":""headcount"",""value"":""9.0""}"
"perimeter:keystone_consolidated_headcount_by_employee_record,_field_inspection_service_line",perimeter,"Keystone consolidated headcount by employee record, Field Inspection service line","{""id"":""perimeter:keystone_consolidated_headcount_by_employee_record,_field_inspection_service_line"",""label"":""Keystone consolidated headcount by employee record, Field Inspection service line"",""type"":""perimeter""}"
claim:0897,claim,,"{""deal"":""keystone"",""derivation"":null,""direction"":""context"",""epistemic"":""observed"",""id"":""claim:0897"",""locator"":""keystone_lbo_model_working.xlsx::Employees!102:134:Employees sheet, column E (Service Line), rows 102–134"",""statement"":""The Keystone LBO model shows 9 employees assigned to the Permitting & Advisory service line."",""type"":""claim"",""unit"":""headcount"",""value"":""9.0""}"
"perimeter:keystone_consolidated_headcount_by_employee_record,_permitting_&_advisory_service_line",perimeter,"Keystone consolidated headcount by employee record, Permitting & Advisory service line","{""id"":""perimeter:keystone_consolidated_headcount_by_employee_record,_permitting_&_advisory_service_line"",""label"":""Keystone consolidated headcount by employee record, Permitting & Advisory service line"",""type"":""perimeter""}"
claim:0898,claim,,"{""deal"":""keystone"",""derivation"":null,""direction"":""context"",""epistemic"":""observed"",""id"":""claim:0898"",""locator"":""keystone_lbo_model_working.xlsx::Employees!102:134:Employees sheet, column E (Service Line), rows 102–134"",""statement"":""The Keystone LBO model shows 6 employees assigned to the Industrial Hygiene service line."",""type"":""claim"",""unit"":""headcount"",""value"":""6.0""}"
"perimeter:keystone_consolidated_headcount_by_employee_record,_industrial_hygiene_service_line",perimeter,"Keystone consolidated headcount by employee record, Industrial Hygiene service line","{""id"":""perimeter:keystone_consolidated_headcount_by_employee_record,_industrial_hygiene_service_line"",""label"":""Keystone consolidated headcount by employee record, Industrial Hygiene service line"",""type"":""perimeter""}"
claim:0899,claim,,"{""deal"":""keystone"",""derivation"":null,""direction"":""context"",""epistemic"":""observed"",""id"":""claim:0899"",""locator"":""keystone_lbo_model_working.xlsx::Employees!102:134:Employees sheet, column D (Department), rows 102–134"",""statement"":""The Keystone LBO model shows 1 employee assigned to the IT department."",""type"":""claim"",""unit"":""headcount"",""value"":""1.0""}"
"perimeter:keystone_consolidated_headcount_by_employee_record,_it_department",perimeter,"Keystone consolidated headcount by employee record, IT department","{""id"":""perimeter:keystone_consolidated_headcount_by_employee_record,_it_department"",""label"":""Keystone consolidated headcount by employee record, IT department"",""type"":""perimeter""}"
claim:0900,claim,,"{""deal"":""keystone"",""derivation"":null,""direction"":""context"",""epistemic"":""observed"",""id"":""claim:0900"",""locator"":""keystone_lbo_model_working.xlsx::Employees!135:167"",""statement"":""The Keystone LBO model Employees sheet lists 33 active employee records (E0132 through E0164) across rows 135–167, spanning multiple service lines, departments, regions, and legacy acquisition sources."",""type"":""claim"",""unit"":""headcount"",""value"":""33.0""}"
perimeter:keystone_consolidated_headcount_by_service_line_and_department,perimeter,Keystone consolidated headcount by service line and department,"{""id"":""perimeter:keystone_consolidated_headcount_by_service_line_and_department"",""label"":""Keystone consolidated headcount by service line and department"",""type"":""perimeter""}"
claim:0901,claim,,"{""deal"":""keystone"",""derivation"":null,""direction"":""context"",""epistemic"":""observed"",""id"":""claim:0901"",""locator"":""keystone_lbo_model_working.xlsx::Employees!135:167"",""statement"":""Keystone has 20 active employees assigned to the Technical department across the fragment (rows 135, 136, 137, 143, 144, 145, 146, 153, 154, 155, 156, 163, 164, 165, 166)."",""type"":""claim"",""unit"":""headcount"",""value"":""20.0""}"
perimeter:keystone_consolidated_headcount_in_technical_department,perimeter,Keystone consolidated headcount in Technical department,"{""id"":""perimeter:keystone_consolidated_headcount_in_technical_department"",""label"":""Keystone consolidated headcount in Technical department"",""type"":""perimeter""}"
claim:0902,claim,,"{""deal"":""keystone"",""derivation"":null,""direction"":""context"",""epistemic"":""observed"",""id"":""claim:0902"",""locator"":""keystone_lbo_model_working.xlsx::Employees!135:167"",""statement"":""Keystone has 13 active employees assigned to non-Technical departments (Corporate, Project Management, Sales, Finance, HR, IT) across the fragment."",""type"":""claim"",""unit"":""headcount"",""value"":""13.0""}"
perimeter:keystone_consolidated_headcount_in_non-technical_departments,perimeter,Keystone consolidated headcount in non-Technical departments,"{""id"":""perimeter:keystone_consolidated_headcount_in_non-technical_departments"",""label"":""Keystone consolidated headcount in non-Technical departments"",""type"":""perimeter""}"
claim:0903,claim,,"{""deal"":""keystone"",""derivation"":null,""direction"":""supports"",""epistemic"":""observed"",""id"":""claim:0903"",""locator"":""keystone_lbo_model_working.xlsx::Employees!135:167"",""statement"":""Keystone has 16 active employees flagged as billable (column F = Yes) in the fragment, indicating revenue-generating capacity."",""type"":""claim"",""unit"":""headcount"",""value"":""16.0""}"
perimeter:keystone_consolidated_headcount_with_billable_utilization_flag,perimeter,Keystone consolidated headcount with billable utilization flag,"{""id"":""perimeter:keystone_consolidated_headcount_with_billable_utilization_flag"",""label"":""Keystone consolidated headcount with billable utilization flag"",""type"":""perimeter""}"
claim:0904,claim,,"{""deal"":""keystone"",""derivation"":null,""direction"":""context"",""epistemic"":""observed"",""id"":""claim:0904"",""locator"":""keystone_lbo_model_working.xlsx::Employees!135:167"",""statement"":""Keystone has 17 active employees not flagged as billable (column F = No) in the fragment, representing overhead or support functions."",""type"":""claim"",""unit"":""headcount"",""value"":""17.0""}"
perimeter:keystone_consolidated_headcount_without_billable_utilization_flag,perimeter,Keystone consolidated headcount without billable utilization flag,"{""id"":""perimeter:keystone_consolidated_headcount_without_billable_utilization_flag"",""label"":""Keystone consolidated headcount without billable utilization flag"",""type"":""perimeter""}"
claim:0905,claim,,"{""deal"":""keystone"",""derivation"":null,""direction"":""context"",""epistemic"":""observed"",""id"":""claim:0905"",""locator"":""keystone_lbo_model_working.xlsx::Employees!135:167"",""statement"":""Keystone has 2 active employees in Manager role (rows 135, 147, 159) in the fragment."",""type"":""claim"",""unit"":""headcount"",""value"":""2.0""}"
perimeter:keystone_consolidated_headcount_in_manager_role,perimeter,Keystone consolidated headcount in Manager role,"{""id"":""perimeter:keystone_consolidated_headcount_in_manager_role"",""label"":""Keystone consolidated headcount in Manager role"",""type"":""perimeter""}"
claim:0906,claim,,"{""deal"":""keystone"",""derivation"":null,""direction"":""context"",""epistemic"":""observed"",""id"":""claim:0906"",""locator"":""keystone_lbo_model_working.xlsx::Employees!135:167"",""statement"":""Keystone has 31 active employees in Staff role in the fragment."",""type"":""claim"",""unit"":""headcount"",""value"":""31.0""}"
perimeter:keystone_consolidated_headcount_in_staff_role,perimeter,Keystone consolidated headcount in Staff role,"{""id"":""perimeter:keystone_consolidated_headcount_in_staff_role"",""label"":""Keystone consolidated headcount in Staff role"",""type"":""perimeter""}"
claim:0907,claim,,"{""deal"":""keystone"",""derivation"":null,""direction"":""context"",""epistemic"":""observed"",""id"":""claim:0907"",""locator"":""keystone_lbo_model_working.xlsx::Employees!135:167"",""statement"":""Keystone employee hire dates in the fragment span from 2015-01-01 to 2025-11-01, representing approximately 10 years of tenure range."",""type"":""claim"",""unit"":""years"",""value"":""10.0""}"
perimeter:keystone_consolidated_employee_tenure_range,perimeter,Keystone consolidated employee tenure range,"{""id"":""perimeter:keystone_consolidated_employee_tenure_range"",""label"":""Keystone consolidated employee tenure range"",""type"":""perimeter""}"
claim:0908,claim,,"{""deal"":""keystone"",""derivation"":null,""direction"":""context"",""epistemic"":""observed"",""id"":""claim:0908"",""locator"":""keystone_lbo_model_working.xlsx::Employees!168:200"",""statement"":""The Keystone LBO model employee roster (rows 168–200) contains 33 individual employee records with active status as of 2026-03-05."",""type"":""claim"",""unit"":""headcount"",""value"":""33.0""}"
claim:0909,claim,,"{""deal"":""keystone"",""derivation"":null,""direction"":""context"",""epistemic"":""observed"",""id"":""claim:0909"",""locator"":""keystone_lbo_model_working.xlsx::Employees!168:200"",""statement"":""The Keystone LBO model employee roster identifies 20 employees assigned to the Technical department across rows 168–200."",""type"":""claim"",""unit"":""headcount"",""value"":""20.0""}"
"perimeter:keystone_consolidated_headcount_by_employee_roster,_technical_department",perimeter,"Keystone consolidated headcount by employee roster, Technical department","{""id"":""perimeter:keystone_consolidated_headcount_by_employee_roster,_technical_department"",""label"":""Keystone consolidated headcount by employee roster, Technical department"",""type"":""perimeter""}"
claim:0910,claim,,"{""deal"":""keystone"",""derivation"":null,""direction"":""context"",""epistemic"":""observed"",""id"":""claim:0910"",""locator"":""keystone_lbo_model_working.xlsx::Employees!168:200"",""statement"":""Of the 20 Technical department employees in the Keystone roster, 13 are flagged with a performance incentive indicator (column F = Yes)."",""type"":""claim"",""unit"":""headcount"",""value"":""13.0""}"
"perimeter:keystone_consolidated_headcount_by_employee_roster,_technical_department,_with_performance_incentive_flag",perimeter,"Keystone consolidated headcount by employee roster, Technical department, with performance incentive flag","{""id"":""perimeter:keystone_consolidated_headcount_by_employee_roster,_technical_department,_with_performance_incentive_flag"",""label"":""Keystone consolidated headcount by employee roster, Technical department, with performance incentive flag"",""type"":""perimeter""}"
claim:0911,claim,,"{""deal"":""keystone"",""derivation"":""Sum of column G (headcount) across rows 201–233: 114+127+130+147+74+91+108+95+108+121+134+147+120+137+64+81+98+115+128+141+154+167+110+127+144+71+88+135+148+161+174+77+100 = 3,089"",""direction"":""context"",""epistemic"":""observed"",""id"":""claim:0911"",""locator"":""keystone_lbo_model_working.xlsx::Employees!201:233"",""statement"":""Keystone consolidated headcount totals 3,089 employees across 30 records (E0198–E0230) as of 2026-03-05, drawn from HRIS data source KS-DL-1.2."",""type"":""claim"",""unit"":""headcount"",""value"":""3089.0""}"
claim:0912,claim,,"{""deal"":""keystone"",""derivation"":null,""direction"":""context"",""epistemic"":""observed"",""id"":""claim:0912"",""locator"":""keystone_lbo_model_working.xlsx::Employees!201:233"",""statement"":""The earliest employee hire date in the Keystone HRIS record is 2015-06-01 (employee E0209, Richmond, IT)."",""type"":""claim"",""unit"":"""",""value"":""2015.0""}"
claim:0913,claim,,"{""deal"":""keystone"",""derivation"":null,""direction"":""context"",""epistemic"":""observed"",""id"":""claim:0913"",""locator"":""keystone_lbo_model_working.xlsx::Employees!201:233"",""statement"":""The most recent employee hire date in the Keystone HRIS record is 2025-05-01 (employee E0208, St. Louis, HR)."",""type"":""claim"",""unit"":"""",""value"":""2025.0""}"
claim:0914,claim,,"{""deal"":""keystone"",""derivation"":null,""direction"":""context"",""epistemic"":""observed"",""id"":""claim:0914"",""locator"":""keystone_lbo_model_working.xlsx::Employees!300:332:Employees sheet, rows 300–332"",""statement"":""Keystone employee roster contains 33 active staff members across multiple locations and service lines as of 2026-03-05."",""type"":""claim"",""unit"":""headcount"",""value"":""33.0""}"
perimeter:keystone_consolidated_employee_roster,perimeter,Keystone consolidated employee roster,"{""id"":""perimeter:keystone_consolidated_employee_roster"",""label"":""Keystone consolidated employee roster"",""type"":""perimeter""}"
claim:0915,claim,,"{""deal"":""keystone"",""derivation"":null,""direction"":""context"",""epistemic"":""observed"",""id"":""claim:0915"",""locator"":""keystone_lbo_model_working.xlsx::Employees!300:332:Employees sheet, column K (hire dates), rows 300–332"",""statement"":""The earliest employee hire date in the Keystone roster is 2015-10-01, indicating tenure spanning approximately 10 years."",""type"":""claim"",""unit"":"""",""value"":""2015.0""}"
perimeter:keystone_consolidated_employee_tenure,perimeter,Keystone consolidated employee tenure,"{""id"":""perimeter:keystone_consolidated_employee_tenure"",""label"":""Keystone consolidated employee tenure"",""type"":""perimeter""}"
claim:0916,claim,,"{""deal"":""keystone"",""derivation"":null,""direction"":""context"",""epistemic"":""observed"",""id"":""claim:0916"",""locator"":""keystone_lbo_model_working.xlsx::Employees!333:365"",""statement"":""The Keystone LBO model employee roster contains 33 individual employee records (E0330 through E0362) as of 2026-03-05."",""type"":""claim"",""unit"":""headcount"",""value"":""33.0""}"
claim:0917,claim,,"{""deal"":""keystone"",""derivation"":null,""direction"":""context"",""epistemic"":""observed"",""id"":""claim:0917"",""locator"":""keystone_lbo_model_working.xlsx::Employees!333:365"",""statement"":""The Keystone employee roster contains 9 Technical department staff members across the consolidated organization as of 2026-03-05."",""type"":""claim"",""unit"":""headcount"",""value"":""9.0""}"
"perimeter:keystone_consolidated_employee_roster,_technical_department",perimeter,"Keystone consolidated employee roster, Technical department","{""id"":""perimeter:keystone_consolidated_employee_roster,_technical_department"",""label"":""Keystone consolidated employee roster, Technical department"",""type"":""perimeter""}"
claim:0918,claim,,"{""deal"":""keystone"",""derivation"":null,""direction"":""context"",""epistemic"":""observed"",""id"":""claim:0918"",""locator"":""keystone_lbo_model_working.xlsx::Employees!333:365"",""statement"":""The Keystone employee roster contains 6 Corporate department staff members across the consolidated organization as of 2026-03-05."",""type"":""claim"",""unit"":""headcount"",""value"":""6.0""}"
"perimeter:keystone_consolidated_employee_roster,_corporate_department",perimeter,"Keystone consolidated employee roster, Corporate department","{""id"":""perimeter:keystone_consolidated_employee_roster,_corporate_department"",""label"":""Keystone consolidated employee roster, Corporate department"",""type"":""perimeter""}"
claim:0919,claim,,"{""deal"":""keystone"",""derivation"":null,""direction"":""context"",""epistemic"":""observed"",""id"":""claim:0919"",""locator"":""keystone_lbo_model_working.xlsx::Employees!333:365"",""statement"":""The Keystone employee roster contains 3 Sales department staff members across the consolidated organization as of 2026-03-05."",""type"":""claim"",""unit"":""headcount"",""value"":""3.0""}"
"perimeter:keystone_consolidated_employee_roster,_sales_department",perimeter,"Keystone consolidated employee roster, Sales department","{""id"":""perimeter:keystone_consolidated_employee_roster,_sales_department"",""label"":""Keystone consolidated employee roster, Sales department"",""type"":""perimeter""}"
claim:0920,claim,,"{""deal"":""keystone"",""derivation"":null,""direction"":""context"",""epistemic"":""observed"",""id"":""claim:0920"",""locator"":""keystone_lbo_model_working.xlsx::Employees!333:365"",""statement"":""The Keystone employee roster contains 4 Finance department staff members across the consolidated organization as of 2026-03-05."",""type"":""claim"",""unit"":""headcount"",""value"":""4.0""}"
"perimeter:keystone_consolidated_employee_roster,_finance_department",perimeter,"Keystone consolidated employee roster, Finance department","{""id"":""perimeter:keystone_consolidated_employee_roster,_finance_department"",""label"":""Keystone consolidated employee roster, Finance department"",""type"":""perimeter""}"
claim:0921,claim,,"{""deal"":""keystone"",""derivation"":null,""direction"":""context"",""epistemic"":""observed"",""id"":""claim:0921"",""locator"":""keystone_lbo_model_working.xlsx::Employees!333:365"",""statement"":""The Keystone employee roster contains 4 HR department staff members across the consolidated organization as of 2026-03-05."",""type"":""claim"",""unit"":""headcount"",""value"":""4.0""}"
"perimeter:keystone_consolidated_employee_roster,_hr_department",perimeter,"Keystone consolidated employee roster, HR department","{""id"":""perimeter:keystone_consolidated_employee_roster,_hr_department"",""label"":""Keystone consolidated employee roster, HR department"",""type"":""perimeter""}"
claim:0922,claim,,"{""deal"":""keystone"",""derivation"":null,""direction"":""context"",""epistemic"":""observed"",""id"":""claim:0922"",""locator"":""keystone_lbo_model_working.xlsx::Employees!333:365"",""statement"":""The Keystone employee roster contains 3 IT department staff members across the consolidated organization as of 2026-03-05."",""type"":""claim"",""unit"":""headcount"",""value"":""3.0""}"
"perimeter:keystone_consolidated_employee_roster,_it_department",perimeter,"Keystone consolidated employee roster, IT department","{""id"":""perimeter:keystone_consolidated_employee_roster,_it_department"",""label"":""Keystone consolidated employee roster, IT department"",""type"":""perimeter""}"
claim:0923,claim,,"{""deal"":""keystone"",""derivation"":null,""direction"":""context"",""epistemic"":""observed"",""id"":""claim:0923"",""locator"":""keystone_lbo_model_working.xlsx::Employees!333:365"",""statement"":""The Keystone employee roster contains 2 Project Management department staff members across the consolidated organization as of 2026-03-05."",""type"":""claim"",""unit"":""headcount"",""value"":""2.0""}"
"perimeter:keystone_consolidated_employee_roster,_project_management_department",perimeter,"Keystone consolidated employee roster, Project Management department","{""id"":""perimeter:keystone_consolidated_employee_roster,_project_management_department"",""label"":""Keystone consolidated employee roster, Project Management department"",""type"":""perimeter""}"
claim:0924,claim,,"{""deal"":""keystone"",""derivation"":null,""direction"":""context"",""epistemic"":""observed"",""id"":""claim:0924"",""locator"":""keystone_lbo_model_working.xlsx::Employees!333:365"",""statement"":""The Keystone employee roster contains 18 Technical service line staff members across the consolidated organization as of 2026-03-05."",""type"":""claim"",""unit"":""headcount"",""value"":""18.0""}"
"perimeter:keystone_consolidated_employee_roster,_technical_service_line",perimeter,"Keystone consolidated employee roster, Technical service line","{""id"":""perimeter:keystone_consolidated_employee_roster,_technical_service_line"",""label"":""Keystone consolidated employee roster, Technical service line"",""type"":""perimeter""}"
claim:0925,claim,,"{""deal"":""keystone"",""derivation"":null,""direction"":""context"",""epistemic"":""observed"",""id"":""claim:0925"",""locator"":""keystone_lbo_model_working.xlsx::Employees!333:365"",""statement"":""The Keystone employee roster contains 5 Field Inspection service line staff members across the consolidated organization as of 2026-03-05."",""type"":""claim"",""unit"":""headcount"",""value"":""5.0""}"
"perimeter:keystone_consolidated_employee_roster,_field_inspection_service_line",perimeter,"Keystone consolidated employee roster, Field Inspection service line","{""id"":""perimeter:keystone_consolidated_employee_roster,_field_inspection_service_line"",""label"":""Keystone consolidated employee roster, Field Inspection service line"",""type"":""perimeter""}"
claim:0926,claim,,"{""deal"":""keystone"",""derivation"":null,""direction"":""context"",""epistemic"":""observed"",""id"":""claim:0926"",""locator"":""keystone_lbo_model_working.xlsx::Employees!333:365"",""statement"":""The Keystone employee roster contains 5 Permitting & Advisory service line staff members across the consolidated organization as of 2026-03-05."",""type"":""claim"",""unit"":""headcount"",""value"":""5.0""}"
"perimeter:keystone_consolidated_employee_roster,_permitting_&_advisory_service_line",perimeter,"Keystone consolidated employee roster, Permitting & Advisory service line","{""id"":""perimeter:keystone_consolidated_employee_roster,_permitting_&_advisory_service_line"",""label"":""Keystone consolidated employee roster, Permitting & Advisory service line"",""type"":""perimeter""}"
claim:0927,claim,,"{""deal"":""keystone"",""derivation"":null,""direction"":""context"",""epistemic"":""observed"",""id"":""claim:0927"",""locator"":""keystone_lbo_model_working.xlsx::Employees!333:365"",""statement"":""The Keystone employee roster contains 5 EHS Compliance service line staff members across the consolidated organization as of 2026-03-05."",""type"":""claim"",""unit"":""headcount"",""value"":""5.0""}"
"perimeter:keystone_consolidated_employee_roster,_ehs_compliance_service_line",perimeter,"Keystone consolidated employee roster, EHS Compliance service line","{""id"":""perimeter:keystone_consolidated_employee_roster,_ehs_compliance_service_line"",""label"":""Keystone consolidated employee roster, EHS Compliance service line"",""type"":""perimeter""}"
claim:0928,claim,,"{""deal"":""keystone"",""derivation"":null,""direction"":""context"",""epistemic"":""observed"",""id"":""claim:0928"",""locator"":""keystone_lbo_model_working.xlsx::Employees!333:365"",""statement"":""The Keystone employee roster contains 5 Industrial Hygiene service line staff members across the consolidated organization as of 2026-03-05."",""type"":""claim"",""unit"":""headcount"",""value"":""5.0""}"
"perimeter:keystone_consolidated_employee_roster,_industrial_hygiene_service_line",perimeter,"Keystone consolidated employee roster, Industrial Hygiene service line","{""id"":""perimeter:keystone_consolidated_employee_roster,_industrial_hygiene_service_line"",""label"":""Keystone consolidated employee roster, Industrial Hygiene service line"",""type"":""perimeter""}"
claim:0929,claim,,"{""deal"":""keystone"",""derivation"":null,""direction"":""supports"",""epistemic"":""observed"",""id"":""claim:0929"",""locator"":""keystone_lbo_model_working.xlsx::Employees!333:365"",""statement"":""The Keystone employee roster spans a tenure range from approximately 1 year (2025 hires) to 11 years (2015 hires), indicating a mix of experienced and newer staff as of 2026-03-05."",""type"":""claim"",""unit"":""years"",""value"":""10.0""}"
"perimeter:keystone_consolidated_employee_roster,_tenure_range",perimeter,"Keystone consolidated employee roster, tenure range","{""id"":""perimeter:keystone_consolidated_employee_roster,_tenure_range"",""label"":""Keystone consolidated employee roster, tenure range"",""type"":""perimeter""}"
claim:0930,claim,,"{""deal"":""keystone"",""derivation"":null,""direction"":""context"",""epistemic"":""observed"",""id"":""claim:0930"",""locator"":""keystone_lbo_model_working.xlsx::Employees!465:471:keystone_lbo_model_working.xlsx::Employees!G465"",""statement"":""Employee E0462 assigned to Field Inspection service line in Indianapolis (Southeast region) has a headcount allocation of 84."",""type"":""claim"",""unit"":""headcount"",""value"":""84.0""}"
claim:0931,claim,,"{""deal"":""keystone"",""derivation"":null,""direction"":""context"",""epistemic"":""observed"",""id"":""claim:0931"",""locator"":""keystone_lbo_model_working.xlsx::Employees!465:471:keystone_lbo_model_working.xlsx::Employees!G466"",""statement"":""Employee E0463 assigned to Permitting & Advisory service line in Chicago (Midwest region) has a headcount allocation of 101."",""type"":""claim"",""unit"":""headcount"",""value"":""101.0""}"
claim:0932,claim,,"{""deal"":""keystone"",""derivation"":null,""direction"":""context"",""epistemic"":""observed"",""id"":""claim:0932"",""locator"":""keystone_lbo_model_working.xlsx::Employees!465:471:keystone_lbo_model_working.xlsx::Employees!G467"",""statement"":""Employee E0464 assigned to EHS Compliance service line in Detroit (Midwest region) has a headcount allocation of 118."",""type"":""claim"",""unit"":""headcount"",""value"":""118.0""}"
claim:0933,claim,,"{""deal"":""keystone"",""derivation"":null,""direction"":""context"",""epistemic"":""observed"",""id"":""claim:0933"",""locator"":""keystone_lbo_model_working.xlsx::Employees!465:471:keystone_lbo_model_working.xlsx::Employees!G468"",""statement"":""Employee E0465 assigned to Industrial Hygiene service line in Louisville (Southeast region) has a headcount allocation of 175."",""type"":""claim"",""unit"":""headcount"",""value"":""175.0""}"
claim:0934,claim,,"{""deal"":""keystone"",""derivation"":null,""direction"":""context"",""epistemic"":""observed"",""id"":""claim:0934"",""locator"":""keystone_lbo_model_working.xlsx::Employees!465:471:keystone_lbo_model_working.xlsx::Employees!G469"",""statement"":""Employee E0466 assigned to Field Inspection service line in Nashville (Midwest region) has a headcount allocation of 78."",""type"":""claim"",""unit"":""headcount"",""value"":""78.0""}"
claim:0935,claim,,"{""deal"":""keystone"",""derivation"":null,""direction"":""context"",""epistemic"":""observed"",""id"":""claim:0935"",""locator"":""keystone_lbo_model_working.xlsx::Employees!465:471:keystone_lbo_model_working.xlsx::Employees!G470"",""statement"":""Employee E0467 assigned to Permitting & Advisory service line in Raleigh (Midwest region) has a headcount allocation of 91."",""type"":""claim"",""unit"":""headcount"",""value"":""91.0""}"
claim:0936,claim,,"{""deal"":""keystone"",""derivation"":null,""direction"":""context"",""epistemic"":""observed"",""id"":""claim:0936"",""locator"":""keystone_lbo_model_working.xlsx::Employees!465:471:keystone_lbo_model_working.xlsx::Employees!G471"",""statement"":""Employee E0468 assigned to EHS Compliance service line in Charlotte (Southeast region) has a headcount allocation of 104."",""type"":""claim"",""unit"":""headcount"",""value"":""104.0""}"
claim:0937,claim,,"{""deal"":""keystone"",""derivation"":""Sum of all invoice amounts (F5:F44) = $5.8 million"",""direction"":""context"",""epistemic"":""derived"",""id"":""claim:0937"",""locator"":""keystone_lbo_model_working.xlsx::AR_WIP!1:44:Sheet AR_WIP, rows 5–44, column F (Amount)"",""statement"":""Total accounts receivable and unbilled WIP as of December 31, 2025 is $5.8 million, derived by summing all invoice amounts in the AR detail schedule."",""type"":""claim"",""unit"":""$m"",""value"":""5.8""}"
"period:as_of_december_31,_2025",period,"As of December 31, 2025","{""id"":""period:as_of_december_31,_2025"",""label"":""As of December 31, 2025"",""type"":""period""}"
perimeter:keystone_consolidated_accounts_receivable_and_unbilled_wip,perimeter,Keystone consolidated accounts receivable and unbilled WIP,"{""id"":""perimeter:keystone_consolidated_accounts_receivable_and_unbilled_wip"",""label"":""Keystone consolidated accounts receivable and unbilled WIP"",""type"":""perimeter""}"
claim:0938,claim,,"{""deal"":""keystone"",""derivation"":null,""direction"":""context"",""epistemic"":""observed"",""id"":""claim:0938"",""locator"":""keystone_lbo_model_working.xlsx::AR_WIP!1:44:Sheet AR_WIP, row 5, column G (Age in days)"",""statement"":""Invoice INV-0001 (MedCore Health, $0.089 million) is 21 days old as of December 31, 2025."",""type"":""claim"",""unit"":""days"",""value"":""21.0""}"
perimeter:keystone_consolidated_accounts_receivable_aging,perimeter,Keystone consolidated accounts receivable aging,"{""id"":""perimeter:keystone_consolidated_accounts_receivable_aging"",""label"":""Keystone consolidated accounts receivable aging"",""type"":""perimeter""}"
claim:0939,claim,,"{""deal"":""keystone"",""derivation"":null,""direction"":""context"",""epistemic"":""observed"",""id"":""claim:0939"",""locator"":""keystone_lbo_model_working.xlsx::AR_WIP!1:44:Sheet AR_WIP, row 6, columns G and I"",""statement"":""Invoice INV-0002 (Apex Manufacturing, $0.202 million) is 50 days old and falls in the 31–60 day aging bucket as of December 31, 2025."",""type"":""claim"",""unit"":""days"",""value"":""50.0""}"
claim:0940,claim,,"{""deal"":""keystone"",""derivation"":null,""direction"":""contradicts"",""epistemic"":""observed"",""id"":""claim:0940"",""locator"":""keystone_lbo_model_working.xlsx::AR_WIP!1:44:Sheet AR_WIP, row 7, columns G and L"",""statement"":""Invoice INV-0003 (State Infrastructure Authority, $0.125 million) is 126 days old and falls in the 120+ day aging bucket as of December 31, 2025."",""type"":""claim"",""unit"":""days"",""value"":""126.0""}"
claim:0941,claim,,"{""deal"":""keystone"",""derivation"":""Sum of invoices for Riverton Industrial Group: 0.0933 + 0.0942 + 0.2058 + 0.2517 + 0.2429 = $1.27 million"",""direction"":""context"",""epistemic"":""derived"",""id"":""claim:0941"",""locator"":""keystone_lbo_model_working.xlsx::AR_WIP!1:44:Sheet AR_WIP, rows 8, 25–28, column F and C (Ultimate Parent)"",""statement"":""Riverton Industrial Group accounts receivable total $1.27 million across five invoices (INV-0004, INV-0021, INV-0022, INV-0023, INV-0024) as of December 31, 2025."",""type"":""claim"",""unit"":""$m"",""value"":""1.27""}"
perimeter:keystone_consolidated_accounts_receivable_measured_by_ultimate_parent_customer,perimeter,Keystone consolidated accounts receivable measured by ultimate parent customer,"{""id"":""perimeter:keystone_consolidated_accounts_receivable_measured_by_ultimate_parent_customer"",""label"":""Keystone consolidated accounts receivable measured by ultimate parent customer"",""type"":""perimeter""}"
claim:0942,claim,,"{""deal"":""keystone"",""derivation"":""Sum of invoices for Apex Manufacturing: 0.2020 + 0.1617 = $0.36 million (corrected: 0.2020 + 0.1617 = 0.3637)"",""direction"":""context"",""epistemic"":""derived"",""id"":""claim:0942"",""locator"":""keystone_lbo_model_working.xlsx::AR_WIP!1:44:Sheet AR_WIP, rows 6, 9, column F and C (Ultimate Parent)"",""statement"":""Apex Manufacturing accounts receivable total $0.68 million across two invoices (INV-0002, INV-0005) as of December 31, 2025."",""type"":""claim"",""unit"":""$m"",""value"":""0.68""}"
claim:0943,claim,,"{""deal"":""keystone"",""derivation"":null,""direction"":""contradicts"",""epistemic"":""observed"",""id"":""claim:0943"",""locator"":""keystone_lbo_model_working.xlsx::AR_WIP!1:44:Sheet AR_WIP, row 27, column M (Disputed?)"",""statement"":""One invoice (INV-0023, Riverton Industrial Group, $0.252 million) is marked as disputed as of December 31, 2025."",""type"":""claim"",""unit"":"""",""value"":""1.0""}"
perimeter:keystone_consolidated_accounts_receivable_disputed_invoices,perimeter,Keystone consolidated accounts receivable disputed invoices,"{""id"":""perimeter:keystone_consolidated_accounts_receivable_disputed_invoices"",""label"":""Keystone consolidated accounts receivable disputed invoices"",""type"":""perimeter""}"
claim:0944,claim,,"{""deal"":""keystone"",""derivation"":null,""direction"":""context"",""epistemic"":""attested"",""id"":""claim:0944"",""locator"":""keystone_lbo_model_working.xlsx::S&U_Opening!1:27:S&U_Opening sheet, row 4, column B"",""statement"":""Enterprise value for Keystone is $108 million as of the opening balance sheet date."",""type"":""claim"",""unit"":""$m"",""value"":""108.0""}"
perimeter:keystone_consolidated_enterprise_value,perimeter,Keystone consolidated enterprise value,"{""id"":""perimeter:keystone_consolidated_enterprise_value"",""label"":""Keystone consolidated enterprise value"",""type"":""perimeter""}"
claim:0945,claim,,"{""deal"":""keystone"",""derivation"":null,""direction"":""context"",""epistemic"":""attested"",""id"":""claim:0945"",""locator"":""keystone_lbo_model_working.xlsx::S&U_Opening!1:27:S&U_Opening sheet, row 5, column B"",""statement"":""Seller net debt and debt-like items for Keystone total $10.2 million."",""type"":""claim"",""unit"":""$m"",""value"":""10.2""}"
perimeter:keystone_consolidated_seller_net_debt_and_debt-like_items,perimeter,Keystone consolidated seller net debt and debt-like items,"{""id"":""perimeter:keystone_consolidated_seller_net_debt_and_debt-like_items"",""label"":""Keystone consolidated seller net debt and debt-like items"",""type"":""perimeter""}"
claim:0946,claim,,"{""deal"":""keystone"",""derivation"":null,""direction"":""context"",""epistemic"":""attested"",""id"":""claim:0946"",""locator"":""keystone_lbo_model_working.xlsx::S&U_Opening!1:27:S&U_Opening sheet, row 6, column B"",""statement"":""Seller equity value for Keystone is $97.8 million."",""type"":""claim"",""unit"":""$m"",""value"":""97.8""}"
metric:equity_value,metric,Equity Value,"{""id"":""metric:equity_value"",""label"":""Equity Value"",""type"":""metric""}"
perimeter:keystone_consolidated_seller_equity_value,perimeter,Keystone consolidated seller equity value,"{""id"":""perimeter:keystone_consolidated_seller_equity_value"",""label"":""Keystone consolidated seller equity value"",""type"":""perimeter""}"
claim:0947,claim,,"{""deal"":""keystone"",""derivation"":null,""direction"":""context"",""epistemic"":""attested"",""id"":""claim:0947"",""locator"":""keystone_lbo_model_working.xlsx::S&U_Opening!1:27:S&U_Opening sheet, row 7, column B"",""statement"":""Seller rollover equity for Keystone is $12 million."",""type"":""claim"",""unit"":""$m"",""value"":""12.0""}"
perimeter:keystone_consolidated_seller_rollover_equity,perimeter,Keystone consolidated seller rollover equity,"{""id"":""perimeter:keystone_consolidated_seller_rollover_equity"",""label"":""Keystone consolidated seller rollover equity"",""type"":""perimeter""}"
claim:0948,claim,,"{""deal"":""keystone"",""derivation"":null,""direction"":""context"",""epistemic"":""attested"",""id"":""claim:0948"",""locator"":""keystone_lbo_model_working.xlsx::S&U_Opening!1:27:S&U_Opening sheet, row 8, column B"",""statement"":""Cash consideration to seller for Keystone is $85.8 million."",""type"":""claim"",""unit"":""$m"",""value"":""85.8""}"
perimeter:keystone_consolidated_cash_consideration_to_seller,perimeter,Keystone consolidated cash consideration to seller,"{""id"":""perimeter:keystone_consolidated_cash_consideration_to_seller"",""label"":""Keystone consolidated cash consideration to seller"",""type"":""perimeter""}"
claim:0949,claim,,"{""deal"":""keystone"",""derivation"":null,""direction"":""context"",""epistemic"":""attested"",""id"":""claim:0949"",""locator"":""keystone_lbo_model_working.xlsx::S&U_Opening!1:27:S&U_Opening sheet, row 5, column F"",""statement"":""First-lien term loan for Keystone is $42.8 million at opening."",""type"":""claim"",""unit"":""$m"",""value"":""42.8""}"
perimeter:keystone_consolidated_first-lien_term_loan_at_opening,perimeter,Keystone consolidated first-lien term loan at opening,"{""id"":""perimeter:keystone_consolidated_first-lien_term_loan_at_opening"",""label"":""Keystone consolidated first-lien term loan at opening"",""type"":""perimeter""}"
claim:0950,claim,,"{""deal"":""keystone"",""derivation"":null,""direction"":""context"",""epistemic"":""attested"",""id"":""claim:0950"",""locator"":""keystone_lbo_model_working.xlsx::S&U_Opening!1:27:S&U_Opening sheet, row 6, column F"",""statement"":""Sponsor cash equity for Keystone is $62 million."",""type"":""claim"",""unit"":""$m"",""value"":""62.0""}"
perimeter:keystone_consolidated_sponsor_cash_equity_at_opening,perimeter,Keystone consolidated sponsor cash equity at opening,"{""id"":""perimeter:keystone_consolidated_sponsor_cash_equity_at_opening"",""label"":""Keystone consolidated sponsor cash equity at opening"",""type"":""perimeter""}"
claim:0951,claim,,"{""deal"":""keystone"",""derivation"":null,""direction"":""context"",""epistemic"":""attested"",""id"":""claim:0951"",""locator"":""keystone_lbo_model_working.xlsx::S&U_Opening!1:27:S&U_Opening sheet, row 7, column F"",""statement"":""Seller rollover equity in sources for Keystone is $12 million."",""type"":""claim"",""unit"":""$m"",""value"":""12.0""}"
perimeter:keystone_consolidated_seller_rollover_equity_in_sources,perimeter,Keystone consolidated seller rollover equity in sources,"{""id"":""perimeter:keystone_consolidated_seller_rollover_equity_in_sources"",""label"":""Keystone consolidated seller rollover equity in sources"",""type"":""perimeter""}"
claim:0952,claim,,"{""deal"":""keystone"",""derivation"":null,""direction"":""context"",""epistemic"":""attested"",""id"":""claim:0952"",""locator"":""keystone_lbo_model_working.xlsx::S&U_Opening!1:27:S&U_Opening sheet, row 18, column E"",""statement"":""Term loan on opening pro forma balance sheet for Keystone is $42.8 million as of March 31, 2026."",""type"":""claim"",""unit"":""$m"",""value"":""42.8""}"
period:as_of_2026-03-31,period,As of 2026-03-31,"{""id"":""period:as_of_2026-03-31"",""label"":""As of 2026-03-31"",""type"":""period""}"
perimeter:keystone_consolidated_term_loan_at_opening_pro_forma_balance_sheet,perimeter,Keystone consolidated term loan at opening pro forma balance sheet,"{""id"":""perimeter:keystone_consolidated_term_loan_at_opening_pro_forma_balance_sheet"",""label"":""Keystone consolidated term loan at opening pro forma balance sheet"",""type"":""perimeter""}"
claim:0953,claim,,"{""deal"":""keystone"",""derivation"":null,""direction"":""context"",""epistemic"":""attested"",""id"":""claim:0953"",""locator"":""keystone_lbo_model_working.xlsx::S&U_Opening!1:27:S&U_Opening sheet, row 21, column E"",""statement"":""Equity on opening pro forma balance sheet for Keystone is $69.6 million as of March 31, 2026."",""type"":""claim"",""unit"":""$m"",""value"":""69.6""}"
perimeter:keystone_consolidated_equity_on_opening_pro_forma_balance_sheet,perimeter,Keystone consolidated equity on opening pro forma balance sheet,"{""id"":""perimeter:keystone_consolidated_equity_on_opening_pro_forma_balance_sheet"",""label"":""Keystone consolidated equity on opening pro forma balance sheet"",""type"":""perimeter""}"
claim:0954,claim,,"{""deal"":""keystone"",""derivation"":null,""direction"":""context"",""epistemic"":""attested"",""id"":""claim:0954"",""locator"":""keystone_lbo_model_working.xlsx::Purchase_Accounting!1:12:Purchase_Accounting sheet, row 4, column B"",""statement"":""Keystone normalized net working capital allocated at fair value of $8.4m in purchase accounting as of 2026-03-05."",""type"":""claim"",""unit"":""$m"",""value"":""8.4""}"
perimeter:keystone_consolidated_normalized_net_working_capital_under_purchase_accounting_allocation,perimeter,Keystone consolidated normalized net working capital under purchase accounting allocation,"{""id"":""perimeter:keystone_consolidated_normalized_net_working_capital_under_purchase_accounting_allocation"",""label"":""Keystone consolidated normalized net working capital under purchase accounting allocation"",""type"":""perimeter""}"
claim:0955,claim,,"{""deal"":""keystone"",""derivation"":null,""direction"":""context"",""epistemic"":""attested"",""id"":""claim:0955"",""locator"":""keystone_lbo_model_working.xlsx::Purchase_Accounting!1:12:Purchase_Accounting sheet, row 5, columns B–D"",""statement"":""Keystone PP&E allocated at fair value of $3.4m with 5-year useful life and annual amortization of $0.68m in purchase accounting as of 2026-03-05."",""type"":""claim"",""unit"":""$m"",""value"":""3.4""}"
perimeter:keystone_consolidated_pp&e_fair_value_under_purchase_accounting_allocation,perimeter,Keystone consolidated PP&E fair value under purchase accounting allocation,"{""id"":""perimeter:keystone_consolidated_pp&e_fair_value_under_purchase_accounting_allocation"",""label"":""Keystone consolidated PP&E fair value under purchase accounting allocation"",""type"":""perimeter""}"
claim:0956,claim,,"{""deal"":""keystone"",""derivation"":null,""direction"":""supports"",""epistemic"":""attested"",""id"":""claim:0956"",""locator"":""keystone_lbo_model_working.xlsx::Purchase_Accounting!1:12:Purchase_Accounting sheet, row 7, columns B–D"",""statement"":""Keystone customer relationships intangible allocated at fair value of $28m with 10-year useful life and annual amortization of $2.8m in purchase accounting as of 2026-03-05."",""type"":""claim"",""unit"":""$m/year"",""value"":""2.8""}"
metric:ebitda_add-back,metric,EBITDA Add-back,"{""id"":""metric:ebitda_add-back"",""label"":""EBITDA Add-back"",""type"":""metric""}"
perimeter:keystone_consolidated_customer_relationships_intangible_amortization_under_purchase_accounting_allocation,perimeter,Keystone consolidated customer relationships intangible amortization under purchase accounting allocation,"{""id"":""perimeter:keystone_consolidated_customer_relationships_intangible_amortization_under_purchase_accounting_allocation"",""label"":""Keystone consolidated customer relationships intangible amortization under purchase accounting allocation"",""type"":""perimeter""}"
claim:0957,claim,,"{""deal"":""keystone"",""derivation"":null,""direction"":""supports"",""epistemic"":""attested"",""id"":""claim:0957"",""locator"":""keystone_lbo_model_working.xlsx::Purchase_Accounting!1:12:Purchase_Accounting sheet, row 9, columns B–D"",""statement"":""Keystone non-compete intangible allocated at fair value of $1m with 5-year useful life and annual amortization of $0.2m in purchase accounting as of 2026-03-05."",""type"":""claim"",""unit"":""$m/year"",""value"":""0.2""}"
perimeter:keystone_consolidated_non-compete_intangible_amortization_under_purchase_accounting_allocation,perimeter,Keystone consolidated non-compete intangible amortization under purchase accounting allocation,"{""id"":""perimeter:keystone_consolidated_non-compete_intangible_amortization_under_purchase_accounting_allocation"",""label"":""Keystone consolidated non-compete intangible amortization under purchase accounting allocation"",""type"":""perimeter""}"
claim:0958,claim,,"{""deal"":""keystone"",""derivation"":null,""direction"":""context"",""epistemic"":""attested"",""id"":""claim:0958"",""locator"":""keystone_lbo_model_working.xlsx::Purchase_Accounting!1:12:Purchase_Accounting sheet, row 12, column B"",""statement"":""Keystone consolidated enterprise value of $108m as of 2026-03-05 per LBO model purchase accounting."",""type"":""claim"",""unit"":""$m"",""value"":""108.0""}"
perimeter:keystone_consolidated_enterprise_value_under_lbo_model_purchase_accounting,perimeter,Keystone consolidated enterprise value under LBO model purchase accounting,"{""id"":""perimeter:keystone_consolidated_enterprise_value_under_lbo_model_purchase_accounting"",""label"":""Keystone consolidated enterprise value under LBO model purchase accounting"",""type"":""perimeter""}"
claim:0959,claim,,"{""deal"":""keystone"",""derivation"":""Sum of annual amortization: customer relationships $2.8m + non-compete $0.2m = $3.0m"",""direction"":""supports"",""epistemic"":""attested"",""id"":""claim:0959"",""locator"":""keystone_lbo_model_working.xlsx::Purchase_Accounting!1:12:Purchase_Accounting sheet, row 12, column D"",""statement"":""Keystone total annual intangible amortization of $3m (sum of customer relationships $2.8m and non-compete $0.2m) under purchase accounting as of 2026-03-05."",""type"":""claim"",""unit"":""$m/year"",""value"":""3.0""}"
perimeter:keystone_consolidated_total_annual_intangible_amortization_under_purchase_accounting_allocation,perimeter,Keystone consolidated total annual intangible amortization under purchase accounting allocation,"{""id"":""perimeter:keystone_consolidated_total_annual_intangible_amortization_under_purchase_accounting_allocation"",""label"":""Keystone consolidated total annual intangible amortization under purchase accounting allocation"",""type"":""perimeter""}"
claim:0960,claim,,"{""deal"":""keystone"",""derivation"":null,""direction"":""context"",""epistemic"":""attested"",""id"":""claim:0960"",""locator"":""keystone_lbo_model_working.xlsx::Purchase_Accounting!1:12:Purchase_Accounting sheet, row 10, column B"",""statement"":""Keystone deferred tax liability of $8.5m (26% of non-tax-deductible intangibles) recorded in purchase accounting as of 2026-03-05."",""type"":""claim"",""unit"":""$m"",""value"":""-8.5""}"
perimeter:keystone_consolidated_deferred_tax_liability_under_purchase_accounting_allocation,perimeter,Keystone consolidated deferred tax liability under purchase accounting allocation,"{""id"":""perimeter:keystone_consolidated_deferred_tax_liability_under_purchase_accounting_allocation"",""label"":""Keystone consolidated deferred tax liability under purchase accounting allocation"",""type"":""perimeter""}"
claim:0961,claim,,"{""deal"":""keystone"",""derivation"":null,""direction"":""context"",""epistemic"":""attested"",""id"":""claim:0961"",""locator"":""keystone_lbo_model_working.xlsx::Purchase_Accounting!1:12:Purchase_Accounting sheet, row 11, column B"",""statement"":""Keystone goodwill of $71m (residual) allocated in purchase accounting as of 2026-03-05."",""type"":""claim"",""unit"":""$m"",""value"":""71.0""}"
perimeter:keystone_consolidated_goodwill_under_purchase_accounting_allocation,perimeter,Keystone consolidated goodwill under purchase accounting allocation,"{""id"":""perimeter:keystone_consolidated_goodwill_under_purchase_accounting_allocation"",""label"":""Keystone consolidated goodwill under purchase accounting allocation"",""type"":""perimeter""}"
claim:0962,claim,,"{""deal"":""keystone"",""derivation"":null,""direction"":""context"",""epistemic"":""attested"",""id"":""claim:0962"",""locator"":""keystone_lbo_model_working.xlsx::Scenario_Drivers!1:29:Scenario_Drivers sheet, row 5, column C (2026-06-30)"",""statement"":""Keystone consolidated quarterly revenue is $19.795m in Q2 2026 under the Firm base-case valuation scenario."",""type"":""claim"",""unit"":""$m"",""value"":""19.795""}"
period:q2_2026_(2026-06-30),period,Q2 2026 (2026-06-30),"{""id"":""period:q2_2026_(2026-06-30)"",""label"":""Q2 2026 (2026-06-30)"",""type"":""period""}"
perimeter:keystone_consolidated_revenue_under_firm_valuation_perimeter,perimeter,Keystone consolidated revenue under Firm valuation perimeter,"{""id"":""perimeter:keystone_consolidated_revenue_under_firm_valuation_perimeter"",""label"":""Keystone consolidated revenue under Firm valuation perimeter"",""type"":""perimeter""}"
claim:0963,claim,,"{""deal"":""keystone"",""derivation"":null,""direction"":""context"",""epistemic"":""attested"",""id"":""claim:0963"",""locator"":""keystone_lbo_model_working.xlsx::Scenario_Drivers!1:29:Scenario_Drivers sheet, row 6, column C (2026-06-30)"",""statement"":""Keystone consolidated gross margin is 36.2% in Q2 2026 under the Firm base-case valuation scenario."",""type"":""claim"",""unit"":""%"",""value"":""0.362""}"
perimeter:keystone_consolidated_gross_margin_under_firm_valuation_perimeter,perimeter,Keystone consolidated gross margin under Firm valuation perimeter,"{""id"":""perimeter:keystone_consolidated_gross_margin_under_firm_valuation_perimeter"",""label"":""Keystone consolidated gross margin under Firm valuation perimeter"",""type"":""perimeter""}"
claim:0964,claim,,"{""deal"":""keystone"",""derivation"":null,""direction"":""context"",""epistemic"":""attested"",""id"":""claim:0964"",""locator"":""keystone_lbo_model_working.xlsx::Scenario_Drivers!1:29:Scenario_Drivers sheet, row 7, column C (2026-06-30)"",""statement"":""Keystone consolidated Firm EBITDA is $3.08802m in Q2 2026 under the Firm base-case valuation scenario."",""type"":""claim"",""unit"":""$m"",""value"":""3.08802""}"
perimeter:keystone_consolidated_ebitda_under_firm_valuation_perimeter,perimeter,Keystone consolidated EBITDA under Firm valuation perimeter,"{""id"":""perimeter:keystone_consolidated_ebitda_under_firm_valuation_perimeter"",""label"":""Keystone consolidated EBITDA under Firm valuation perimeter"",""type"":""perimeter""}"
claim:0965,claim,,"{""deal"":""keystone"",""derivation"":null,""direction"":""context"",""epistemic"":""attested"",""id"":""claim:0965"",""locator"":""keystone_lbo_model_working.xlsx::Scenario_Drivers!1:29:Scenario_Drivers sheet, row 10, column C (2026-06-30)"",""statement"":""Keystone consolidated DSO is 64 days in Q2 2026 under the Firm base-case valuation scenario."",""type"":""claim"",""unit"":""days"",""value"":""64.0""}"
perimeter:keystone_consolidated_days_sales_outstanding_under_firm_valuation_perimeter,perimeter,Keystone consolidated days sales outstanding under Firm valuation perimeter,"{""id"":""perimeter:keystone_consolidated_days_sales_outstanding_under_firm_valuation_perimeter"",""label"":""Keystone consolidated days sales outstanding under Firm valuation perimeter"",""type"":""perimeter""}"
claim:0966,claim,,"{""deal"":""keystone"",""derivation"":null,""direction"":""context"",""epistemic"":""attested"",""id"":""claim:0966"",""locator"":""keystone_lbo_model_working.xlsx::Scenario_Drivers!1:29:Scenario_Drivers sheet, row 16, column C (2026-06-30)"",""statement"":""Keystone consolidated capex is 1.6% of revenue in Q2 2026 under the Firm base-case valuation scenario."",""type"":""claim"",""unit"":""%"",""value"":""0.016""}"
perimeter:keystone_consolidated_capex_as_percentage_of_revenue_under_firm_valuation_perimeter,perimeter,Keystone consolidated capex as percentage of revenue under Firm valuation perimeter,"{""id"":""perimeter:keystone_consolidated_capex_as_percentage_of_revenue_under_firm_valuation_perimeter"",""label"":""Keystone consolidated capex as percentage of revenue under Firm valuation perimeter"",""type"":""perimeter""}"
claim:0967,claim,,"{""deal"":""keystone"",""derivation"":null,""direction"":""context"",""epistemic"":""attested"",""id"":""claim:0967"",""locator"":""keystone_lbo_model_working.xlsx::Scenario_Drivers!1:29:Scenario_Drivers sheet, row 5, column U (2030-12-31)"",""statement"":""Keystone consolidated quarterly revenue is $26.985m in Q4 2030 under the Firm base-case valuation scenario."",""type"":""claim"",""unit"":""$m"",""value"":""26.98509529866801""}"
period:q4_2030_(2030-12-31),period,Q4 2030 (2030-12-31),"{""id"":""period:q4_2030_(2030-12-31)"",""label"":""Q4 2030 (2030-12-31)"",""type"":""period""}"
claim:0968,claim,,"{""deal"":""keystone"",""derivation"":null,""direction"":""context"",""epistemic"":""attested"",""id"":""claim:0968"",""locator"":""keystone_lbo_model_working.xlsx::Scenario_Drivers!1:29:Scenario_Drivers sheet, row 7, column U (2030-12-31)"",""statement"":""Keystone consolidated Firm EBITDA is $4.668m in Q4 2030 under the Firm base-case valuation scenario."",""type"":""claim"",""unit"":""$m"",""value"":""4.668421486669565""}"
claim:0969,claim,,"{""deal"":""keystone"",""derivation"":null,""direction"":""context"",""epistemic"":""attested"",""id"":""claim:0969"",""locator"":""keystone_lbo_model_working.xlsx::Scenario_Drivers!1:29:Scenario_Drivers sheet, row 6, column U (2030-12-31)"",""statement"":""Keystone consolidated gross margin is 37.4% in Q4 2030 under the Firm base-case valuation scenario."",""type"":""claim"",""unit"":""%"",""value"":""0.374""}"
claim:0970,claim,,"{""deal"":""keystone"",""derivation"":null,""direction"":""context"",""epistemic"":""attested"",""id"":""claim:0970"",""locator"":""keystone_lbo_model_working.xlsx::Scenario_Drivers!1:29:Scenario_Drivers sheet, row 10, column U (2030-12-31)"",""statement"":""Keystone consolidated DSO is 60 days in Q4 2030 under the Firm base-case valuation scenario."",""type"":""claim"",""unit"":""days"",""value"":""60.0""}"
claim:0971,claim,,"{""deal"":""keystone"",""derivation"":null,""direction"":""context"",""epistemic"":""attested"",""id"":""claim:0971"",""locator"":""keystone_lbo_model_working.xlsx::Scenario_Drivers!30:57:keystone_lbo_model_working.xlsx::Scenario_Drivers!A32:V32"",""statement"":""Keystone consolidated leverage covenant limit is 4.25x for FY2026E through FY2027E (columns C–I of Scenario_Drivers)."",""type"":""claim"",""unit"":""x"",""value"":""4.25""}"
metric:covenant_threshold,metric,Covenant Threshold,"{""id"":""metric:covenant_threshold"",""label"":""Covenant Threshold"",""type"":""metric""}"
period:fy2026e–fy2027e_(columns_c–i),period,FY2026E–FY2027E (columns C–I),"{""id"":""period:fy2026e–fy2027e_(columns_c–i)"",""label"":""FY2026E–FY2027E (columns C–I)"",""type"":""period""}"
perimeter:keystone_consolidated_leverage_covenant_limit_under_firm_lbo_model,perimeter,Keystone consolidated leverage covenant limit under Firm LBO model,"{""id"":""perimeter:keystone_consolidated_leverage_covenant_limit_under_firm_lbo_model"",""label"":""Keystone consolidated leverage covenant limit under Firm LBO model"",""type"":""perimeter""}"
claim:0972,claim,,"{""deal"":""keystone"",""derivation"":null,""direction"":""context"",""epistemic"":""attested"",""id"":""claim:0972"",""locator"":""keystone_lbo_model_working.xlsx::Scenario_Drivers!30:57:keystone_lbo_model_working.xlsx::Scenario_Drivers!A32:V32"",""statement"":""Keystone consolidated leverage covenant limit is 4.0x for FY2028E (columns J–M of Scenario_Drivers)."",""type"":""claim"",""unit"":""x"",""value"":""4.0""}"
period:fy2028e_(columns_j–m),period,FY2028E (columns J–M),"{""id"":""period:fy2028e_(columns_j–m)"",""label"":""FY2028E (columns J–M)"",""type"":""period""}"
claim:0973,claim,,"{""deal"":""keystone"",""derivation"":null,""direction"":""context"",""epistemic"":""attested"",""id"":""claim:0973"",""locator"":""keystone_lbo_model_working.xlsx::Scenario_Drivers!30:57:keystone_lbo_model_working.xlsx::Scenario_Drivers!A32:V32"",""statement"":""Keystone consolidated leverage covenant limit is 3.75x for FY2029E (columns N–Q of Scenario_Drivers)."",""type"":""claim"",""unit"":""x"",""value"":""3.75""}"
period:fy2029e_(columns_n–q),period,FY2029E (columns N–Q),"{""id"":""period:fy2029e_(columns_n–q)"",""label"":""FY2029E (columns N–Q)"",""type"":""period""}"
claim:0974,claim,,"{""deal"":""keystone"",""derivation"":null,""direction"":""context"",""epistemic"":""attested"",""id"":""claim:0974"",""locator"":""keystone_lbo_model_working.xlsx::Scenario_Drivers!30:57:keystone_lbo_model_working.xlsx::Scenario_Drivers!A32:V32"",""statement"":""Keystone consolidated leverage covenant limit is 3.5x for FY2030E through FY2031E (columns R–V of Scenario_Drivers)."",""type"":""claim"",""unit"":""x"",""value"":""3.5""}"
period:fy2030e–fy2031e_(columns_r–v),period,FY2030E–FY2031E (columns R–V),"{""id"":""period:fy2030e–fy2031e_(columns_r–v)"",""label"":""FY2030E–FY2031E (columns R–V)"",""type"":""period""}"
claim:0975,claim,,"{""deal"":""keystone"",""derivation"":null,""direction"":""supports"",""epistemic"":""attested"",""id"":""claim:0975"",""locator"":""keystone_lbo_model_working.xlsx::Scenario_Drivers!30:57:keystone_lbo_model_working.xlsx::Scenario_Drivers!A41:V41"",""statement"":""Keystone consolidated Firm EBITDA under downside scenario is $2.7898m for FY2026E."",""type"":""claim"",""unit"":""$m"",""value"":""2.7898""}"
period:fy2026e_(column_c),period,FY2026E (column C),"{""id"":""period:fy2026e_(column_c)"",""label"":""FY2026E (column C)"",""type"":""period""}"
perimeter:keystone_consolidated_ebitda_under_firm_lbo_model_downside_scenario,perimeter,Keystone consolidated EBITDA under Firm LBO model downside scenario,"{""id"":""perimeter:keystone_consolidated_ebitda_under_firm_lbo_model_downside_scenario"",""label"":""Keystone consolidated EBITDA under Firm LBO model downside scenario"",""type"":""perimeter""}"
claim:0976,claim,,"{""deal"":""keystone"",""derivation"":null,""direction"":""supports"",""epistemic"":""attested"",""id"":""claim:0976"",""locator"":""keystone_lbo_model_working.xlsx::Scenario_Drivers!30:57:keystone_lbo_model_working.xlsx::Scenario_Drivers!A41:V41"",""statement"":""Keystone consolidated Firm EBITDA under downside scenario is $2.901392m for FY2026E (columns D–E)."",""type"":""claim"",""unit"":""$m"",""value"":""2.901392""}"
period:fy2026e_(columns_d–e),period,FY2026E (columns D–E),"{""id"":""period:fy2026e_(columns_d–e)"",""label"":""FY2026E (columns D–E)"",""type"":""period""}"
claim:0977,claim,,"{""deal"":""keystone"",""derivation"":null,""direction"":""supports"",""epistemic"":""attested"",""id"":""claim:0977"",""locator"":""keystone_lbo_model_working.xlsx::Scenario_Drivers!30:57:keystone_lbo_model_working.xlsx::Scenario_Drivers!A39:V39"",""statement"":""Keystone consolidated revenue under downside scenario is $19.24m for FY2026E."",""type"":""claim"",""unit"":""$m"",""value"":""19.24""}"
perimeter:keystone_consolidated_revenue_under_firm_lbo_model_downside_scenario,perimeter,Keystone consolidated revenue under Firm LBO model downside scenario,"{""id"":""perimeter:keystone_consolidated_revenue_under_firm_lbo_model_downside_scenario"",""label"":""Keystone consolidated revenue under Firm LBO model downside scenario"",""type"":""perimeter""}"
claim:0978,claim,,"{""deal"":""keystone"",""derivation"":null,""direction"":""supports"",""epistemic"":""attested"",""id"":""claim:0978"",""locator"":""keystone_lbo_model_working.xlsx::Scenario_Drivers!30:57:keystone_lbo_model_working.xlsx::Scenario_Drivers!A40:V40"",""statement"":""Keystone consolidated gross margin under downside scenario is 35.5% for FY2026E (columns C–E)."",""type"":""claim"",""unit"":""%"",""value"":""0.355""}"
period:fy2026e_(columns_c–e),period,FY2026E (columns C–E),"{""id"":""period:fy2026e_(columns_c–e)"",""label"":""FY2026E (columns C–E)"",""type"":""period""}"
perimeter:keystone_consolidated_gross_margin_under_firm_lbo_model_downside_scenario,perimeter,Keystone consolidated gross margin under Firm LBO model downside scenario,"{""id"":""perimeter:keystone_consolidated_gross_margin_under_firm_lbo_model_downside_scenario"",""label"":""Keystone consolidated gross margin under Firm LBO model downside scenario"",""type"":""perimeter""}"
claim:0979,claim,,"{""deal"":""keystone"",""derivation"":null,""direction"":""context"",""epistemic"":""attested"",""id"":""claim:0979"",""locator"":""keystone_lbo_model_working.xlsx::Scenario_Drivers!30:57:keystone_lbo_model_working.xlsx::Scenario_Drivers!A44:V44"",""statement"":""Keystone consolidated DSO under downside scenario is 67 days for FY2026E."",""type"":""claim"",""unit"":""days"",""value"":""67.0""}"
"period:fy2026e_(columns_c,_r–v)",period,"FY2026E (columns C, R–V)","{""id"":""period:fy2026e_(columns_c,_r–v)"",""label"":""FY2026E (columns C, R–V)"",""type"":""period""}"
perimeter:keystone_consolidated_days_sales_outstanding_under_firm_lbo_model_downside_scenario,perimeter,Keystone consolidated days sales outstanding under Firm LBO model downside scenario,"{""id"":""perimeter:keystone_consolidated_days_sales_outstanding_under_firm_lbo_model_downside_scenario"",""label"":""Keystone consolidated days sales outstanding under Firm LBO model downside scenario"",""type"":""perimeter""}"
claim:0980,claim,,"{""deal"":""keystone"",""derivation"":null,""direction"":""context"",""epistemic"":""attested"",""id"":""claim:0980"",""locator"":""keystone_lbo_model_working.xlsx::Scenario_Drivers!30:57:keystone_lbo_model_working.xlsx::Scenario_Drivers!A50:V50"",""statement"":""Keystone consolidated capex is 1.6% of revenue for FY2026E through FY2031E under downside scenario."",""type"":""claim"",""unit"":""%"",""value"":""0.016""}"
period:fy2026e–fy2031e_(columns_c–v),period,FY2026E–FY2031E (columns C–V),"{""id"":""period:fy2026e–fy2031e_(columns_c–v)"",""label"":""FY2026E–FY2031E (columns C–V)"",""type"":""period""}"
perimeter:keystone_consolidated_capex_as_percentage_of_revenue_under_firm_lbo_model_downside_scenario,perimeter,Keystone consolidated capex as percentage of revenue under Firm LBO model downside scenario,"{""id"":""perimeter:keystone_consolidated_capex_as_percentage_of_revenue_under_firm_lbo_model_downside_scenario"",""label"":""Keystone consolidated capex as percentage of revenue under Firm LBO model downside scenario"",""type"":""perimeter""}"
claim:0981,claim,,"{""deal"":""keystone"",""derivation"":null,""direction"":""context"",""epistemic"":""attested"",""id"":""claim:0981"",""locator"":""keystone_lbo_model_working.xlsx::Scenario_Drivers!58:85:Scenario_Drivers sheet, row 66, columns C–V"",""statement"":""Keystone's covenant leverage limit is 4.25x for FY2026E–FY2027E, stepping down to 4.0x for FY2028E–FY2029E and 3.5x for FY2030E under the Firm upside scenario."",""type"":""claim"",""unit"":""x"",""value"":""4.25""}"
period:fy2026e–fy2027e_forecast,period,FY2026E–FY2027E forecast,"{""id"":""period:fy2026e–fy2027e_forecast"",""label"":""FY2026E–FY2027E forecast"",""type"":""period""}"
claim:0982,claim,,"{""deal"":""keystone"",""derivation"":null,""direction"":""supports"",""epistemic"":""attested"",""id"":""claim:0982"",""locator"":""keystone_lbo_model_working.xlsx::Scenario_Drivers!58:85:Scenario_Drivers sheet, row 75, column C"",""statement"":""Keystone Firm EBITDA is projected at $3.2116 million for FY2026E under the upside scenario."",""type"":""claim"",""unit"":""$m"",""value"":""3.2116""}"
period:fy2026e,period,FY2026E,"{""id"":""period:fy2026e"",""label"":""FY2026E"",""type"":""period""}"
claim:0983,claim,,"{""deal"":""keystone"",""derivation"":null,""direction"":""supports"",""epistemic"":""attested"",""id"":""claim:0983"",""locator"":""keystone_lbo_model_working.xlsx::Scenario_Drivers!58:85:Scenario_Drivers sheet, row 75, column U"",""statement"":""Keystone Firm EBITDA is projected at $5.294 million for FY2030E under the upside scenario."",""type"":""claim"",""unit"":""$m"",""value"":""5.294254913581962""}"
period:fy2030e,period,FY2030E,"{""id"":""period:fy2030e"",""label"":""FY2030E"",""type"":""period""}"
claim:0984,claim,,"{""deal"":""keystone"",""derivation"":null,""direction"":""supports"",""epistemic"":""attested"",""id"":""claim:0984"",""locator"":""keystone_lbo_model_working.xlsx::Scenario_Drivers!58:85:Scenario_Drivers sheet, row 73, column C"",""statement"":""Keystone standalone upside revenue is projected at $20.0725 million for FY2026E."",""type"":""claim"",""unit"":""$m"",""value"":""20.0725""}"
claim:0985,claim,,"{""deal"":""keystone"",""derivation"":null,""direction"":""supports"",""epistemic"":""attested"",""id"":""claim:0985"",""locator"":""keystone_lbo_model_working.xlsx::Scenario_Drivers!58:85:Scenario_Drivers sheet, row 73, column U"",""statement"":""Keystone standalone upside revenue is projected at $28.93 million for FY2030E."",""type"":""claim"",""unit"":""$m"",""value"":""28.93035471902711""}"
claim:0986,claim,,"{""deal"":""keystone"",""derivation"":null,""direction"":""context"",""epistemic"":""attested"",""id"":""claim:0986"",""locator"":""keystone_lbo_model_working.xlsx::Scenario_Drivers!58:85:Scenario_Drivers sheet, row 74, columns C–V"",""statement"":""Keystone gross margin is assumed at 36.5% for FY2026E–FY2027E, improving to 37.2% for FY2028E–FY2029E and 38.4%–38.5% for FY2030E under the upside scenario."",""type"":""claim"",""unit"":""%"",""value"":""0.365""}"
period:fy2026e–fy2027e,period,FY2026E–FY2027E,"{""id"":""period:fy2026e–fy2027e"",""label"":""FY2026E–FY2027E"",""type"":""period""}"
perimeter:keystone_consolidated_gross_margin_under_firm_valuation_basis,perimeter,Keystone consolidated gross margin under Firm valuation basis,"{""id"":""perimeter:keystone_consolidated_gross_margin_under_firm_valuation_basis"",""label"":""Keystone consolidated gross margin under Firm valuation basis"",""type"":""perimeter""}"
claim:0987,claim,,"{""deal"":""keystone"",""derivation"":null,""direction"":""context"",""epistemic"":""attested"",""id"":""claim:0987"",""locator"":""keystone_lbo_model_working.xlsx::Scenario_Drivers!58:85:Scenario_Drivers sheet, row 78, columns C–V"",""statement"":""Keystone DSO is assumed at 62 days for FY2026E–FY2027E, improving to 60 days for FY2028E–FY2029E and 58 days for FY2030E under the upside scenario."",""type"":""claim"",""unit"":""days"",""value"":""62.0""}"
perimeter:keystone_consolidated_days_sales_outstanding_under_firm_valuation_basis,perimeter,Keystone consolidated days sales outstanding under Firm valuation basis,"{""id"":""perimeter:keystone_consolidated_days_sales_outstanding_under_firm_valuation_basis"",""label"":""Keystone consolidated days sales outstanding under Firm valuation basis"",""type"":""perimeter""}"
claim:0988,claim,,"{""deal"":""keystone"",""derivation"":null,""direction"":""context"",""epistemic"":""attested"",""id"":""claim:0988"",""locator"":""keystone_lbo_model_working.xlsx::Scenario_Drivers!58:85:Scenario_Drivers sheet, row 84, columns C–V"",""statement"":""Keystone capex is assumed at 1.6% of revenue across the entire forecast period FY2026E–FY2030E under the upside scenario."",""type"":""claim"",""unit"":""%"",""value"":""0.016""}"
period:fy2026e–fy2030e_forecast,period,FY2026E–FY2030E forecast,"{""id"":""period:fy2026e–fy2030e_forecast"",""label"":""FY2026E–FY2030E forecast"",""type"":""period""}"
perimeter:keystone_consolidated_capex_as_percentage_of_revenue_under_firm_valuation_basis,perimeter,Keystone consolidated capex as percentage of revenue under Firm valuation basis,"{""id"":""perimeter:keystone_consolidated_capex_as_percentage_of_revenue_under_firm_valuation_basis"",""label"":""Keystone consolidated capex as percentage of revenue under Firm valuation basis"",""type"":""perimeter""}"
claim:0989,claim,,"{""deal"":""keystone"",""derivation"":null,""direction"":""context"",""epistemic"":""attested"",""id"":""claim:0989"",""locator"":""keystone_lbo_model_working.xlsx::Scenario_Drivers!115:142:keystone_lbo_model_working.xlsx::Scenario_Drivers!A141:V141, column C"",""statement"":""Keystone consolidated revenue is $19.795m in scenario C (base case) as of 2026-03-05."",""type"":""claim"",""unit"":""$m"",""value"":""19.795""}"
perimeter:keystone_consolidated_revenue_under_firm_lbo_model_scenario_drivers,perimeter,Keystone consolidated revenue under firm LBO model scenario drivers,"{""id"":""perimeter:keystone_consolidated_revenue_under_firm_lbo_model_scenario_drivers"",""label"":""Keystone consolidated revenue under firm LBO model scenario drivers"",""type"":""perimeter""}"
claim:0990,claim,,"{""deal"":""keystone"",""derivation"":null,""direction"":""context"",""epistemic"":""attested"",""id"":""claim:0990"",""locator"":""keystone_lbo_model_working.xlsx::Scenario_Drivers!115:142:keystone_lbo_model_working.xlsx::Scenario_Drivers!A142:V142, column C"",""statement"":""Keystone consolidated gross margin is 35.5% in scenario C (base case) as of 2026-03-05."",""type"":""claim"",""unit"":""%"",""value"":""0.355""}"
perimeter:keystone_consolidated_gross_margin_under_firm_lbo_model_scenario_drivers,perimeter,Keystone consolidated gross margin under firm LBO model scenario drivers,"{""id"":""perimeter:keystone_consolidated_gross_margin_under_firm_lbo_model_scenario_drivers"",""label"":""Keystone consolidated gross margin under firm LBO model scenario drivers"",""type"":""perimeter""}"
claim:0991,claim,,"{""deal"":""keystone"",""derivation"":null,""direction"":""context"",""epistemic"":""attested"",""id"":""claim:0991"",""locator"":""keystone_lbo_model_working.xlsx::Scenario_Drivers!115:142:keystone_lbo_model_working.xlsx::Scenario_Drivers!A118:V118"",""statement"":""Keystone capex is modeled at 1.6% of revenue across all scenarios in the LBO model as of 2026-03-05."",""type"":""claim"",""unit"":""%"",""value"":""0.016""}"
perimeter:keystone_consolidated_capex_as_percentage_of_revenue_under_firm_lbo_model_scenario_drivers,perimeter,Keystone consolidated capex as percentage of revenue under firm LBO model scenario drivers,"{""id"":""perimeter:keystone_consolidated_capex_as_percentage_of_revenue_under_firm_lbo_model_scenario_drivers"",""label"":""Keystone consolidated capex as percentage of revenue under firm LBO model scenario drivers"",""type"":""perimeter""}"
claim:0992,claim,,"{""deal"":""keystone"",""derivation"":null,""direction"":""context"",""epistemic"":""attested"",""id"":""claim:0992"",""locator"":""keystone_lbo_model_working.xlsx::Scenario_Drivers!115:142:keystone_lbo_model_working.xlsx::Scenario_Drivers!A115:V115"",""statement"":""Keystone accounts payable is modeled at 5.5% of annualized revenue across all scenarios in the LBO model as of 2026-03-05."",""type"":""claim"",""unit"":""%"",""value"":""0.055""}"
perimeter:keystone_consolidated_accounts_payable_as_percentage_of_annualized_revenue_under_firm_lbo_model_scenario_drivers,perimeter,Keystone consolidated accounts payable as percentage of annualized revenue under firm LBO model scenario drivers,"{""id"":""perimeter:keystone_consolidated_accounts_payable_as_percentage_of_annualized_revenue_under_firm_lbo_model_scenario_drivers"",""label"":""Keystone consolidated accounts payable as percentage of annualized revenue under firm LBO model scenario drivers"",""type"":""perimeter""}"
claim:0993,claim,,"{""deal"":""keystone"",""derivation"":null,""direction"":""context"",""epistemic"":""attested"",""id"":""claim:0993"",""locator"":""keystone_lbo_model_working.xlsx::Scenario_Drivers!115:142:keystone_lbo_model_working.xlsx::Scenario_Drivers!A116:V116"",""statement"":""Keystone accruals are modeled at 7.5% of annualized revenue across all scenarios in the LBO model as of 2026-03-05."",""type"":""claim"",""unit"":""%"",""value"":""0.075""}"
perimeter:keystone_consolidated_accruals_as_percentage_of_annualized_revenue_under_firm_lbo_model_scenario_drivers,perimeter,Keystone consolidated accruals as percentage of annualized revenue under firm LBO model scenario drivers,"{""id"":""perimeter:keystone_consolidated_accruals_as_percentage_of_annualized_revenue_under_firm_lbo_model_scenario_drivers"",""label"":""Keystone consolidated accruals as percentage of annualized revenue under firm LBO model scenario drivers"",""type"":""perimeter""}"
claim:0994,claim,,"{""deal"":""keystone"",""derivation"":null,""direction"":""context"",""epistemic"":""attested"",""id"":""claim:0994"",""locator"":""keystone_lbo_model_working.xlsx::Scenario_Drivers!115:142:keystone_lbo_model_working.xlsx::Scenario_Drivers!A117:V117"",""statement"":""Keystone deferred revenue is modeled at 1.2% of annualized revenue across all scenarios in the LBO model as of 2026-03-05."",""type"":""claim"",""unit"":""%"",""value"":""0.012""}"
perimeter:keystone_consolidated_deferred_revenue_as_percentage_of_annualized_revenue_under_firm_lbo_model_scenario_drivers,perimeter,Keystone consolidated deferred revenue as percentage of annualized revenue under firm LBO model scenario drivers,"{""id"":""perimeter:keystone_consolidated_deferred_revenue_as_percentage_of_annualized_revenue_under_firm_lbo_model_scenario_drivers"",""label"":""Keystone consolidated deferred revenue as percentage of annualized revenue under firm LBO model scenario drivers"",""type"":""perimeter""}"
claim:0995,claim,,"{""deal"":""keystone"",""derivation"":null,""direction"":""context"",""epistemic"":""attested"",""id"":""claim:0995"",""locator"":""keystone_lbo_model_working.xlsx::Scenario_Drivers!115:142:keystone_lbo_model_working.xlsx::Scenario_Drivers!A134:V134"",""statement"":""Keystone covenant leverage limit is 4.25x in scenarios C through I, stepping down to 4.0x in scenarios J through M, 3.75x in scenarios N through Q, and 3.5x in scenarios R through V as of 2026-03-05."",""type"":""claim"",""unit"":""x"",""value"":""4.25""}"
perimeter:keystone_consolidated_covenant_leverage_limit_under_firm_lbo_model_scenario_drivers,perimeter,Keystone consolidated covenant leverage limit under firm LBO model scenario drivers,"{""id"":""perimeter:keystone_consolidated_covenant_leverage_limit_under_firm_lbo_model_scenario_drivers"",""label"":""Keystone consolidated covenant leverage limit under firm LBO model scenario drivers"",""type"":""perimeter""}"
claim:0996,claim,,"{""deal"":""keystone"",""derivation"":null,""direction"":""supports"",""epistemic"":""attested"",""id"":""claim:0996"",""locator"":""keystone_lbo_model_working.xlsx::Scenario_Drivers!143:168:keystone_lbo_model_working.xlsx::Scenario_Drivers!A143:V143, column C (base case)"",""statement"":""Keystone consolidated Firm EBITDA is $2.87 million as of 2026-03-05 in the base scenario."",""type"":""claim"",""unit"":""$m"",""value"":""2.870275""}"
claim:0997,claim,,"{""deal"":""keystone"",""derivation"":null,""direction"":""supports"",""epistemic"":""attested"",""id"":""claim:0997"",""locator"":""keystone_lbo_model_working.xlsx::Scenario_Drivers!143:168:keystone_lbo_model_working.xlsx::Scenario_Drivers!A143:V143, column D (downside)"",""statement"":""Keystone consolidated Firm EBITDA is $2.8 million in the downside scenario."",""type"":""claim"",""unit"":""$m"",""value"":""2.8""}"
claim:0998,claim,,"{""deal"":""keystone"",""derivation"":null,""direction"":""supports"",""epistemic"":""attested"",""id"":""claim:0998"",""locator"":""keystone_lbo_model_working.xlsx::Scenario_Drivers!143:168:keystone_lbo_model_working.xlsx::Scenario_Drivers!A143:V143, column E (upside)"",""statement"":""Keystone consolidated Firm EBITDA is $3.0 million in the upside scenario."",""type"":""claim"",""unit"":""$m"",""value"":""3.0""}"
claim:0999,claim,,"{""deal"":""keystone"",""derivation"":null,""direction"":""context"",""epistemic"":""attested"",""id"":""claim:0999"",""locator"":""keystone_lbo_model_working.xlsx::Scenario_Drivers!143:168:keystone_lbo_model_working.xlsx::Scenario_Drivers!A144:V144, column C"",""statement"":""Keystone one-time charges are $0 million in the base scenario."",""type"":""claim"",""unit"":""$m"",""value"":""0.0""}"
perimeter:keystone_consolidated_one-time_charges_under_firm_valuation_perimeter,perimeter,Keystone consolidated one-time charges under Firm valuation perimeter,"{""id"":""perimeter:keystone_consolidated_one-time_charges_under_firm_valuation_perimeter"",""label"":""Keystone consolidated one-time charges under Firm valuation perimeter"",""type"":""perimeter""}"
claim:1000,claim,,"{""deal"":""keystone"",""derivation"":null,""direction"":""context"",""epistemic"":""attested"",""id"":""claim:1000"",""locator"":""keystone_lbo_model_working.xlsx::Scenario_Drivers!143:168:keystone_lbo_model_working.xlsx::Scenario_Drivers!A145:V145, column C"",""statement"":""Keystone covenant add-backs are $0 million in the base scenario."",""type"":""claim"",""unit"":""$m"",""value"":""0.0""}"
perimeter:keystone_consolidated_covenant_add-backs_under_firm_valuation_perimeter,perimeter,Keystone consolidated covenant add-backs under Firm valuation perimeter,"{""id"":""perimeter:keystone_consolidated_covenant_add-backs_under_firm_valuation_perimeter"",""label"":""Keystone consolidated covenant add-backs under Firm valuation perimeter"",""type"":""perimeter""}"
claim:1001,claim,,"{""deal"":""keystone"",""derivation"":null,""direction"":""context"",""epistemic"":""attested"",""id"":""claim:1001"",""locator"":""keystone_lbo_model_working.xlsx::Scenario_Drivers!143:168:keystone_lbo_model_working.xlsx::Scenario_Drivers!A146:V146, column C"",""statement"":""Keystone consolidated DSO is 68 days in the base scenario."",""type"":""claim"",""unit"":""days"",""value"":""68.0""}"
claim:1002,claim,,"{""deal"":""keystone"",""derivation"":null,""direction"":""context"",""epistemic"":""attested"",""id"":""claim:1002"",""locator"":""keystone_lbo_model_working.xlsx::Scenario_Drivers!143:168:keystone_lbo_model_working.xlsx::Scenario_Drivers!A152:V152, column C"",""statement"":""Keystone consolidated capex is 1.6% of revenue in the base scenario."",""type"":""claim"",""unit"":""%"",""value"":""0.016""}"
claim:1003,claim,,"{""deal"":""keystone"",""derivation"":null,""direction"":""context"",""epistemic"":""attested"",""id"":""claim:1003"",""locator"":""keystone_lbo_model_working.xlsx::Scenario_Drivers!143:168:keystone_lbo_model_working.xlsx::Scenario_Drivers!A155:V155, column D"",""statement"":""Keystone acquisition enterprise value is $8.4 million in the downside scenario."",""type"":""claim"",""unit"":""$m"",""value"":""8.4""}"
perimeter:keystone_acquisition_enterprise_value_under_firm_valuation_perimeter,perimeter,Keystone acquisition enterprise value under Firm valuation perimeter,"{""id"":""perimeter:keystone_acquisition_enterprise_value_under_firm_valuation_perimeter"",""label"":""Keystone acquisition enterprise value under Firm valuation perimeter"",""type"":""perimeter""}"
claim:1004,claim,,"{""deal"":""keystone"",""derivation"":null,""direction"":""context"",""epistemic"":""attested"",""id"":""claim:1004"",""locator"":""keystone_lbo_model_working.xlsx::Scenario_Drivers!143:168:keystone_lbo_model_working.xlsx::Scenario_Drivers!A162:V162, column H"",""statement"":""Keystone sponsor equity contribution is $7.5 million."",""type"":""claim"",""unit"":""$m"",""value"":""7.5""}"
perimeter:keystone_sponsor_equity_contribution_under_firm_valuation_perimeter,perimeter,Keystone sponsor equity contribution under Firm valuation perimeter,"{""id"":""perimeter:keystone_sponsor_equity_contribution_under_firm_valuation_perimeter"",""label"":""Keystone sponsor equity contribution under Firm valuation perimeter"",""type"":""perimeter""}"
claim:1005,claim,,"{""deal"":""keystone"",""derivation"":null,""direction"":""context"",""epistemic"":""attested"",""id"":""claim:1005"",""locator"":""keystone_lbo_model_working.xlsx::Scenario_Drivers!143:168:keystone_lbo_model_working.xlsx::Scenario_Drivers!A168:V168, column C"",""statement"":""Keystone consolidated leverage covenant limit is 4.25x in the base scenario."",""type"":""claim"",""unit"":""x"",""value"":""4.25""}"
perimeter:keystone_consolidated_leverage_covenant_limit_under_firm_valuation_perimeter,perimeter,Keystone consolidated leverage covenant limit under Firm valuation perimeter,"{""id"":""perimeter:keystone_consolidated_leverage_covenant_limit_under_firm_valuation_perimeter"",""label"":""Keystone consolidated leverage covenant limit under Firm valuation perimeter"",""type"":""perimeter""}"
claim:1006,claim,,"{""deal"":""keystone"",""derivation"":null,""direction"":""context"",""epistemic"":""attested"",""id"":""claim:1006"",""locator"":""keystone_lbo_model_working.xlsx::Scenario_Drivers!169:172:Sheet Scenario_Drivers, row 169, columns C–E"",""statement"":""SOFR rate is 4.25% in the base case for the initial forecast period (columns C–E)."",""type"":""claim"",""unit"":""%"",""value"":""0.0425""}"
perimeter:keystone_consolidated_sofr_rate_under_firm_lbo_model,perimeter,Keystone consolidated SOFR rate under firm LBO model,"{""id"":""perimeter:keystone_consolidated_sofr_rate_under_firm_lbo_model"",""label"":""Keystone consolidated SOFR rate under firm LBO model"",""type"":""perimeter""}"
claim:1007,claim,,"{""deal"":""keystone"",""derivation"":null,""direction"":""context"",""epistemic"":""attested"",""id"":""claim:1007"",""locator"":""keystone_lbo_model_working.xlsx::Scenario_Drivers!169:172:Sheet Scenario_Drivers, row 169, columns F–I"",""statement"":""SOFR rate is 3.75% in the base case for the mid-forecast period (columns F–I)."",""type"":""claim"",""unit"":""%"",""value"":""0.0375""}"
claim:1008,claim,,"{""deal"":""keystone"",""derivation"":null,""direction"":""context"",""epistemic"":""attested"",""id"":""claim:1008"",""locator"":""keystone_lbo_model_working.xlsx::Scenario_Drivers!169:172:Sheet Scenario_Drivers, row 169, columns J–M"",""statement"":""SOFR rate is 3.50% in the base case for the later-forecast period (columns J–M)."",""type"":""claim"",""unit"":""%"",""value"":""0.035""}"
claim:1009,claim,,"{""deal"":""keystone"",""derivation"":null,""direction"":""context"",""epistemic"":""attested"",""id"":""claim:1009"",""locator"":""keystone_lbo_model_working.xlsx::Scenario_Drivers!169:172:Sheet Scenario_Drivers, row 169, columns N–Q"",""statement"":""SOFR rate is 3.25% in the base case for the penultimate-forecast period (columns N–Q)."",""type"":""claim"",""unit"":""%"",""value"":""0.0325""}"
claim:1010,claim,,"{""deal"":""keystone"",""derivation"":null,""direction"":""context"",""epistemic"":""attested"",""id"":""claim:1010"",""locator"":""keystone_lbo_model_working.xlsx::Scenario_Drivers!169:172:Sheet Scenario_Drivers, row 169, columns R–V"",""statement"":""SOFR rate is 3.00% in the base case for the final-forecast period (columns R–V)."",""type"":""claim"",""unit"":""%"",""value"":""0.03""}"
claim:1011,claim,,"{""deal"":""keystone"",""derivation"":null,""direction"":""context"",""epistemic"":""attested"",""id"":""claim:1011"",""locator"":""keystone_lbo_model_working.xlsx::Scenario_Drivers!169:172:Sheet Scenario_Drivers, row 170, columns H–V"",""statement"":""Rate step-up is 0.75% beginning in period H (column H) and continuing through the forecast."",""type"":""claim"",""unit"":""%"",""value"":""0.0075""}"
perimeter:keystone_consolidated_rate_step-up_under_firm_lbo_model,perimeter,Keystone consolidated rate step-up under firm LBO model,"{""id"":""perimeter:keystone_consolidated_rate_step-up_under_firm_lbo_model"",""label"":""Keystone consolidated rate step-up under firm LBO model"",""type"":""perimeter""}"
claim:1012,claim,,"{""deal"":""keystone"",""derivation"":null,""direction"":""context"",""epistemic"":""attested"",""id"":""claim:1012"",""locator"":""keystone_lbo_model_working.xlsx::Scenario_Drivers!169:172:Sheet Scenario_Drivers, row 171, columns C–D"",""statement"":""Core PPA amortization is $0.75 million in the initial forecast periods (columns C–D)."",""type"":""claim"",""unit"":""$m"",""value"":""0.75""}"
perimeter:keystone_consolidated_core_ppa_amortization_under_firm_lbo_model,perimeter,Keystone consolidated core PPA amortization under firm LBO model,"{""id"":""perimeter:keystone_consolidated_core_ppa_amortization_under_firm_lbo_model"",""label"":""Keystone consolidated core PPA amortization under firm LBO model"",""type"":""perimeter""}"
claim:1013,claim,,"{""deal"":""keystone"",""derivation"":null,""direction"":""context"",""epistemic"":""attested"",""id"":""claim:1013"",""locator"":""keystone_lbo_model_working.xlsx::Scenario_Drivers!169:172:Sheet Scenario_Drivers, row 171, columns E–V"",""statement"":""Core PPA amortization is $0.853125 million from period E onward (columns E–V)."",""type"":""claim"",""unit"":""$m"",""value"":""0.853125""}"
claim:1014,claim,,"{""deal"":""keystone"",""derivation"":null,""direction"":""context"",""epistemic"":""attested"",""id"":""claim:1014"",""locator"":""keystone_lbo_model_working.xlsx::Scenario_Drivers!169:172:Sheet Scenario_Drivers, row 172, columns C, G, J, L, O, Q, S, U"",""statement"":""Seasonality factor is 0.25 (25%) in periods C, G, J, L, O, Q, S, and U."",""type"":""claim"",""unit"":""%"",""value"":""0.25""}"
perimeter:keystone_consolidated_seasonality_factor_under_firm_lbo_model,perimeter,Keystone consolidated seasonality factor under firm LBO model,"{""id"":""perimeter:keystone_consolidated_seasonality_factor_under_firm_lbo_model"",""label"":""Keystone consolidated seasonality factor under firm LBO model"",""type"":""perimeter""}"
claim:1015,claim,,"{""deal"":""keystone"",""derivation"":null,""direction"":""context"",""epistemic"":""attested"",""id"":""claim:1015"",""locator"":""keystone_lbo_model_working.xlsx::Scenario_Drivers!169:172:Sheet Scenario_Drivers, row 172, columns D, E, H, I, K, M, P, R, T, V"",""statement"":""Seasonality factor is 0.26 (26%) in periods D, E, H, I, K, M, P, R, T, and V."",""type"":""claim"",""unit"":""%"",""value"":""0.26""}"
claim:1016,claim,,"{""deal"":""keystone"",""derivation"":null,""direction"":""context"",""epistemic"":""attested"",""id"":""claim:1016"",""locator"":""keystone_lbo_model_working.xlsx::Scenario_Drivers!169:172:Sheet Scenario_Drivers, row 172, columns F, J, N, R, V"",""statement"":""Seasonality factor is 0.23 (23%) in periods F, J, N, R, and V."",""type"":""claim"",""unit"":""%"",""value"":""0.23""}"
claim:1017,claim,,"{""deal"":""keystone"",""derivation"":null,""direction"":""context"",""epistemic"":""attested"",""id"":""claim:1017"",""locator"":""keystone_lbo_model_working.xlsx::SB_Base!43:61:SB_Base!A43:V43"",""statement"":""Acquisition EV is a line item in the LBO model sources from Scenario_Drivers sheet, used to calculate cash flow impacts."",""type"":""claim"",""unit"":""$m"",""value"":""""}"
perimeter:keystone_consolidated_acquisition_enterprise_value,perimeter,Keystone consolidated acquisition enterprise value,"{""id"":""perimeter:keystone_consolidated_acquisition_enterprise_value"",""label"":""Keystone consolidated acquisition enterprise value"",""type"":""perimeter""}"
claim:1018,claim,,"{""deal"":""keystone"",""derivation"":null,""direction"":""context"",""epistemic"":""attested"",""id"":""claim:1018"",""locator"":""keystone_lbo_model_working.xlsx::SB_Base!43:61:SB_Base!A53:V53"",""statement"":""Capital expenditure is tracked as a cash flow line item in the model, negated for cash flow statement purposes."",""type"":""claim"",""unit"":""$m"",""value"":""""}"
claim:1019,claim,,"{""deal"":""keystone"",""derivation"":null,""direction"":""context"",""epistemic"":""attested"",""id"":""claim:1019"",""locator"":""keystone_lbo_model_working.xlsx::SB_Base!43:61:SB_Base!A52:V52"",""statement"":""Cash from operations is calculated as the sum of net income, total D&A, financing fee amortization, deferred tax adjustments, and change in net working capital."",""type"":""claim"",""unit"":""$m"",""value"":""""}"
perimeter:keystone_consolidated_operating_cash_flow,perimeter,Keystone consolidated operating cash flow,"{""id"":""perimeter:keystone_consolidated_operating_cash_flow"",""label"":""Keystone consolidated operating cash flow"",""type"":""perimeter""}"
claim:1020,claim,,"{""deal"":""keystone"",""derivation"":null,""direction"":""context"",""epistemic"":""attested"",""id"":""claim:1020"",""locator"":""keystone_lbo_model_working.xlsx::SB_Base!43:61:SB_Base!A47:V47"",""statement"":""Net income for cash flow purposes is sourced from row 28 of the operating model."",""type"":""claim"",""unit"":""$m"",""value"":""""}"
perimeter:keystone_consolidated_net_income,perimeter,Keystone consolidated net income,"{""id"":""perimeter:keystone_consolidated_net_income"",""label"":""Keystone consolidated net income"",""type"":""perimeter""}"
claim:1021,claim,,"{""deal"":""keystone"",""derivation"":null,""direction"":""context"",""epistemic"":""attested"",""id"":""claim:1021"",""locator"":""keystone_lbo_model_working.xlsx::SB_Base!43:61:SB_Base!A51:V51"",""statement"":""Change in net working capital is negated from row 38 for cash flow statement presentation."",""type"":""claim"",""unit"":""$m"",""value"":""""}"
perimeter:keystone_consolidated_change_in_net_working_capital,perimeter,Keystone consolidated change in net working capital,"{""id"":""perimeter:keystone_consolidated_change_in_net_working_capital"",""label"":""Keystone consolidated change in net working capital"",""type"":""perimeter""}"
claim:1022,claim,,"{""deal"":""keystone"",""derivation"":null,""direction"":""context"",""epistemic"":""attested"",""id"":""claim:1022"",""locator"":""keystone_lbo_model_working.xlsx::SB_Base!43:61:SB_Base!A57:V57"",""statement"":""Sponsor equity contribution is sourced from Scenario_Drivers sheet row 26 for each scenario column."",""type"":""claim"",""unit"":""$m"",""value"":""""}"
perimeter:keystone_consolidated_sponsor_equity_contribution,perimeter,Keystone consolidated sponsor equity contribution,"{""id"":""perimeter:keystone_consolidated_sponsor_equity_contribution"",""label"":""Keystone consolidated sponsor equity contribution"",""type"":""perimeter""}"
claim:1023,claim,,"{""deal"":""keystone"",""derivation"":null,""direction"":""context"",""epistemic"":""attested"",""id"":""claim:1023"",""locator"":""keystone_lbo_model_working.xlsx::SB_Base!43:61:SB_Base!A58:V58"",""statement"":""DDTL draw is sourced from Scenario_Drivers sheet row 25 for each scenario column."",""type"":""claim"",""unit"":""$m"",""value"":""""}"
perimeter:keystone_consolidated_delayed_draw_term_loan_draw,perimeter,Keystone consolidated delayed draw term loan draw,"{""id"":""perimeter:keystone_consolidated_delayed_draw_term_loan_draw"",""label"":""Keystone consolidated delayed draw term loan draw"",""type"":""perimeter""}"
claim:1024,claim,,"{""deal"":""keystone"",""derivation"":null,""direction"":""context"",""epistemic"":""attested"",""id"":""claim:1024"",""locator"":""keystone_lbo_model_working.xlsx::SB_Base!43:61:SB_Base!A59:V60"",""statement"":""Revolver draw and repayment are calculated based on minimum cash balance requirements and available revolver capacity, with conditional logic tied to Scenario_Drivers parameters."",""type"":""claim"",""unit"":""$m"",""value"":""""}"
perimeter:keystone_consolidated_revolver_draw_and_repayment,perimeter,Keystone consolidated revolver draw and repayment,"{""id"":""perimeter:keystone_consolidated_revolver_draw_and_repayment"",""label"":""Keystone consolidated revolver draw and repayment"",""type"":""perimeter""}"
claim:1025,claim,,"{""deal"":""keystone"",""derivation"":null,""direction"":""context"",""epistemic"":""attested"",""id"":""claim:1025"",""locator"":""keystone_lbo_model_working.xlsx::SB_Base!43:61:SB_Base!A61:V61"",""statement"":""Scheduled term amortization is calculated as the minimum of 10.7% and the opening term loan balance, applied as a negative cash flow."",""type"":""claim"",""unit"":""x"",""value"":""0.107""}"
perimeter:keystone_consolidated_scheduled_term_amortization_rate,perimeter,Keystone consolidated scheduled term amortization rate,"{""id"":""perimeter:keystone_consolidated_scheduled_term_amortization_rate"",""label"":""Keystone consolidated scheduled term amortization rate"",""type"":""perimeter""}"
claim:1026,claim,,"{""deal"":""keystone"",""derivation"":null,""direction"":""context"",""epistemic"":""attested"",""id"":""claim:1026"",""locator"":""keystone_lbo_model_working.xlsx::SB_Base!62:80:SB_Base!A62, formula structure across columns C62:V62"",""statement"":""The LBO model applies a 1.5% scheduled DDTL amortization rate, calculated as the minimum of 1.5% and the prior-period DDTL balance."",""type"":""claim"",""unit"":""x"",""value"":""0.015""}"
perimeter:keystone_consolidated_ddtl_under_firm_lbo_model_base_case,perimeter,Keystone consolidated DDTL under firm LBO model base case,"{""id"":""perimeter:keystone_consolidated_ddtl_under_firm_lbo_model_base_case"",""label"":""Keystone consolidated DDTL under firm LBO model base case"",""type"":""perimeter""}"
claim:1027,claim,,"{""deal"":""keystone"",""derivation"":null,""direction"":""context"",""epistemic"":""attested"",""id"":""claim:1027"",""locator"":""keystone_lbo_model_working.xlsx::SB_Base!100:116:SB_Base row 103, formula references Scenario_Drivers!C32:V32"",""statement"":""Covenant leverage limit is calculated and referenced from Scenario_Drivers sheet for each period in the LBO model."",""type"":""claim"",""unit"":""x"",""value"":""""}"
perimeter:keystone_consolidated_covenant_leverage_threshold_under_lbo_model_base_case,perimeter,Keystone consolidated covenant leverage threshold under LBO model base case,"{""id"":""perimeter:keystone_consolidated_covenant_leverage_threshold_under_lbo_model_base_case"",""label"":""Keystone consolidated covenant leverage threshold under LBO model base case"",""type"":""perimeter""}"
claim:1028,claim,,"{""deal"":""keystone"",""derivation"":null,""direction"":""context"",""epistemic"":""attested"",""id"":""claim:1028"",""locator"":""keystone_lbo_model_working.xlsx::SB_Base!100:116:SB_Base row 104, formula =C103-C98 through V103-V98"",""statement"":""Covenant headroom is calculated as the difference between covenant limit (row 103) and actual leverage (row 98)."",""type"":""claim"",""unit"":""x"",""value"":""""}"
metric:covenant_headroom,metric,Covenant Headroom,"{""id"":""metric:covenant_headroom"",""label"":""Covenant Headroom"",""type"":""metric""}"
perimeter:keystone_consolidated_covenant_leverage_headroom_under_lbo_model_base_case,perimeter,Keystone consolidated covenant leverage headroom under LBO model base case,"{""id"":""perimeter:keystone_consolidated_covenant_leverage_headroom_under_lbo_model_base_case"",""label"":""Keystone consolidated covenant leverage headroom under LBO model base case"",""type"":""perimeter""}"
claim:1029,claim,,"{""deal"":""keystone"",""derivation"":null,""direction"":""context"",""epistemic"":""attested"",""id"":""claim:1029"",""locator"":""keystone_lbo_model_working.xlsx::SB_Base!100:116:SB_Base row 100, formula =(C94-SUM(C27:C27)-SUM(C41:C41))/MAX(0.001,(-SUM(C22:C22)-SUM(C61:C61)-SUM(C62:C62)))"",""statement"":""Fixed charge coverage ratio is calculated as EBITDA (row 94) less certain adjustments divided by total debt service obligations."",""type"":""claim"",""unit"":""x"",""value"":""""}"
perimeter:keystone_consolidated_fixed_charge_coverage_ratio_under_lbo_model_base_case,perimeter,Keystone consolidated fixed charge coverage ratio under LBO model base case,"{""id"":""perimeter:keystone_consolidated_fixed_charge_coverage_ratio_under_lbo_model_base_case"",""label"":""Keystone consolidated fixed charge coverage ratio under LBO model base case"",""type"":""perimeter""}"
claim:1030,claim,,"{""deal"":""keystone"",""derivation"":null,""direction"":""context"",""epistemic"":""attested"",""id"":""claim:1030"",""locator"":""keystone_lbo_model_working.xlsx::SB_Base!100:116:SB_Base row 101, formula =MAX(0,Inputs!$B$20-C78-'Scenario_Drivers'!C28)"",""statement"":""Revolver availability is calculated as the revolver commitment (Inputs!$B$20) less drawn amount (row 78) and less any reserves (Scenario_Drivers sheet)."",""type"":""claim"",""unit"":""$mm"",""value"":""""}"
perimeter:keystone_consolidated_revolver_availability_under_lbo_model_base_case,perimeter,Keystone consolidated revolver availability under LBO model base case,"{""id"":""perimeter:keystone_consolidated_revolver_availability_under_lbo_model_base_case"",""label"":""Keystone consolidated revolver availability under LBO model base case"",""type"":""perimeter""}"
claim:1031,claim,,"{""deal"":""keystone"",""derivation"":null,""direction"":""context"",""epistemic"":""attested"",""id"":""claim:1031"",""locator"":""keystone_lbo_model_working.xlsx::SB_Base!100:116:SB_Base row 108, formula =3.0 (constant across all periods C108:V108)"",""statement"":""Minimum liquidity covenant threshold is set at $3.0 million for all periods in the LBO model."",""type"":""claim"",""unit"":""$mm"",""value"":""3.0""}"
perimeter:keystone_consolidated_minimum_liquidity_covenant_threshold_under_lbo_model_base_case,perimeter,Keystone consolidated minimum liquidity covenant threshold under LBO model base case,"{""id"":""perimeter:keystone_consolidated_minimum_liquidity_covenant_threshold_under_lbo_model_base_case"",""label"":""Keystone consolidated minimum liquidity covenant threshold under LBO model base case"",""type"":""perimeter""}"
claim:1032,claim,,"{""deal"":""keystone"",""derivation"":null,""direction"":""context"",""epistemic"":""attested"",""id"":""claim:1032"",""locator"":""keystone_lbo_model_working.xlsx::SB_Base!100:116:SB_Base row 105, formula =20%*C94"",""statement"":""The 20% EBITDA add-back cap is applied to EBITDA (row 94) for covenant calculation purposes."",""type"":""claim"",""unit"":"""",""value"":""0.2""}"
perimeter:keystone_consolidated_ebitda_add-back_cap_under_lbo_model_base_case,perimeter,Keystone consolidated EBITDA add-back cap under LBO model base case,"{""id"":""perimeter:keystone_consolidated_ebitda_add-back_cap_under_lbo_model_base_case"",""label"":""Keystone consolidated EBITDA add-back cap under LBO model base case"",""type"":""perimeter""}"
claim:1033,claim,,"{""deal"":""keystone"",""derivation"":null,""direction"":""context"",""epistemic"":""attested"",""id"":""claim:1033"",""locator"":""keystone_lbo_model_working.xlsx::SB_Base!100:116:SB_Base row 106, formula =15%*C94"",""statement"":""The 15% EBITDA add-back cap is applied to EBITDA (row 94) for alternative covenant calculation purposes."",""type"":""claim"",""unit"":"""",""value"":""0.15""}"
claim:1034,claim,,"{""deal"":""keystone"",""derivation"":null,""direction"":""context"",""epistemic"":""attested"",""id"":""claim:1034"",""locator"":""keystone_lbo_model_working.xlsx::SB_Base!100:116:SB_Base row 107, formula =C105-C96"",""statement"":""Applicable add-back headroom is calculated as the 20% add-back cap (row 105) less actual add-backs (row 96)."",""type"":""claim"",""unit"":""$mm"",""value"":""""}"
perimeter:keystone_consolidated_applicable_add-back_headroom_under_lbo_model_base_case,perimeter,Keystone consolidated applicable add-back headroom under LBO model base case,"{""id"":""perimeter:keystone_consolidated_applicable_add-back_headroom_under_lbo_model_base_case"",""label"":""Keystone consolidated applicable add-back headroom under LBO model base case"",""type"":""perimeter""}"
claim:1035,claim,,"{""deal"":""keystone"",""derivation"":null,""direction"":""context"",""epistemic"":""attested"",""id"":""claim:1035"",""locator"":""keystone_lbo_model_working.xlsx::SB_Down!5:23:SB_Down!A5:V5"",""statement"":""Revenue is modeled in the SB_Down downside scenario sheet with formulas referencing Scenario_Drivers row 39 across multiple forecast periods."",""type"":""claim"",""unit"":""$m"",""value"":""""}"
"period:sb_down_scenario,_multiple_periods",period,"SB_Down scenario, multiple periods","{""id"":""period:sb_down_scenario,_multiple_periods"",""label"":""SB_Down scenario, multiple periods"",""type"":""period""}"
perimeter:keystone_consolidated_revenue_under_downside_scenario,perimeter,Keystone consolidated revenue under downside scenario,"{""id"":""perimeter:keystone_consolidated_revenue_under_downside_scenario"",""label"":""Keystone consolidated revenue under downside scenario"",""type"":""perimeter""}"
claim:1036,claim,,"{""deal"":""keystone"",""derivation"":null,""direction"":""context"",""epistemic"":""attested"",""id"":""claim:1036"",""locator"":""keystone_lbo_model_working.xlsx::SB_Down!5:23:SB_Down!A6:V6"",""statement"":""Revenue growth rates are calculated in the SB_Down scenario as year-over-year percentage changes, with period C6 calculated as (C5/(74.0*Scenario_Drivers!C70))-1."",""type"":""claim"",""unit"":""%"",""value"":""""}"
perimeter:keystone_consolidated_revenue_growth_under_downside_scenario,perimeter,Keystone consolidated revenue growth under downside scenario,"{""id"":""perimeter:keystone_consolidated_revenue_growth_under_downside_scenario"",""label"":""Keystone consolidated revenue growth under downside scenario"",""type"":""perimeter""}"
claim:1037,claim,,"{""deal"":""keystone"",""derivation"":null,""direction"":""context"",""epistemic"":""attested"",""id"":""claim:1037"",""locator"":""keystone_lbo_model_working.xlsx::SB_Down!5:23:SB_Down!A7:V7"",""statement"":""Gross margin percentages are sourced from Scenario_Drivers row 40 for each period in the downside scenario."",""type"":""claim"",""unit"":""%"",""value"":""""}"
perimeter:keystone_consolidated_gross_margin_under_downside_scenario,perimeter,Keystone consolidated gross margin under downside scenario,"{""id"":""perimeter:keystone_consolidated_gross_margin_under_downside_scenario"",""label"":""Keystone consolidated gross margin under downside scenario"",""type"":""perimeter""}"
claim:1038,claim,,"{""deal"":""keystone"",""derivation"":null,""direction"":""context"",""epistemic"":""attested"",""id"":""claim:1038"",""locator"":""keystone_lbo_model_working.xlsx::SB_Down!5:23:SB_Down!A8:V8"",""statement"":""Gross profit is calculated as Revenue × Gross Margin for each period in the downside scenario."",""type"":""claim"",""unit"":""$m"",""value"":""""}"
perimeter:keystone_consolidated_gross_profit_under_downside_scenario,perimeter,Keystone consolidated gross profit under downside scenario,"{""id"":""perimeter:keystone_consolidated_gross_profit_under_downside_scenario"",""label"":""Keystone consolidated gross profit under downside scenario"",""type"":""perimeter""}"
claim:1039,claim,,"{""deal"":""keystone"",""derivation"":null,""direction"":""context"",""epistemic"":""attested"",""id"":""claim:1039"",""locator"":""keystone_lbo_model_working.xlsx::SB_Down!5:23:SB_Down!A10:V10"",""statement"":""Firm EBITDA is sourced from Scenario_Drivers row 41 for each period in the downside scenario."",""type"":""claim"",""unit"":""$m"",""value"":""""}"
perimeter:keystone_consolidated_firm_ebitda_under_downside_scenario,perimeter,Keystone consolidated Firm EBITDA under downside scenario,"{""id"":""perimeter:keystone_consolidated_firm_ebitda_under_downside_scenario"",""label"":""Keystone consolidated Firm EBITDA under downside scenario"",""type"":""perimeter""}"
claim:1040,claim,,"{""deal"":""keystone"",""derivation"":null,""direction"":""context"",""epistemic"":""attested"",""id"":""claim:1040"",""locator"":""keystone_lbo_model_working.xlsx::SB_Down!5:23:SB_Down!A11:V11"",""statement"":""One-time charges are sourced from Scenario_Drivers row 42 (negated) for each period in the downside scenario."",""type"":""claim"",""unit"":""$m"",""value"":""""}"
perimeter:keystone_consolidated_one-time_charges_under_downside_scenario,perimeter,Keystone consolidated one-time charges under downside scenario,"{""id"":""perimeter:keystone_consolidated_one-time_charges_under_downside_scenario"",""label"":""Keystone consolidated one-time charges under downside scenario"",""type"":""perimeter""}"
claim:1041,claim,,"{""deal"":""keystone"",""derivation"":null,""direction"":""context"",""epistemic"":""attested"",""id"":""claim:1041"",""locator"":""keystone_lbo_model_working.xlsx::SB_Down!5:23:SB_Down!A12:V12"",""statement"":""Reported EBITDA is calculated as Firm EBITDA plus One-time charges for each period in the downside scenario."",""type"":""claim"",""unit"":""$m"",""value"":""""}"
perimeter:keystone_consolidated_reported_ebitda_under_downside_scenario,perimeter,Keystone consolidated Reported EBITDA under downside scenario,"{""id"":""perimeter:keystone_consolidated_reported_ebitda_under_downside_scenario"",""label"":""Keystone consolidated Reported EBITDA under downside scenario"",""type"":""perimeter""}"
claim:1042,claim,,"{""deal"":""keystone"",""derivation"":null,""direction"":""context"",""epistemic"":""attested"",""id"":""claim:1042"",""locator"":""keystone_lbo_model_working.xlsx::SB_Down!5:23:SB_Down!A13:V13"",""statement"":""Covenant add-backs are sourced from Scenario_Drivers row 43 for each period in the downside scenario."",""type"":""claim"",""unit"":""$m"",""value"":""""}"
perimeter:keystone_consolidated_covenant_add-backs_under_downside_scenario,perimeter,Keystone consolidated covenant add-backs under downside scenario,"{""id"":""perimeter:keystone_consolidated_covenant_add-backs_under_downside_scenario"",""label"":""Keystone consolidated covenant add-backs under downside scenario"",""type"":""perimeter""}"
claim:1043,claim,,"{""deal"":""keystone"",""derivation"":null,""direction"":""context"",""epistemic"":""attested"",""id"":""claim:1043"",""locator"":""keystone_lbo_model_working.xlsx::SB_Down!5:23:SB_Down!A14:V14"",""statement"":""Covenant EBITDA is calculated as Reported EBITDA plus Covenant add-backs for each period in the downside scenario."",""type"":""claim"",""unit"":""$m"",""value"":""""}"
metric:covenant_ebitda,metric,Covenant EBITDA,"{""id"":""metric:covenant_ebitda"",""label"":""Covenant EBITDA"",""type"":""metric""}"
perimeter:keystone_consolidated_covenant_ebitda_under_downside_scenario,perimeter,Keystone consolidated Covenant EBITDA under downside scenario,"{""id"":""perimeter:keystone_consolidated_covenant_ebitda_under_downside_scenario"",""label"":""Keystone consolidated Covenant EBITDA under downside scenario"",""type"":""perimeter""}"
claim:1044,claim,,"{""deal"":""keystone"",""derivation"":null,""direction"":""context"",""epistemic"":""attested"",""id"":""claim:1044"",""locator"":""keystone_lbo_model_working.xlsx::SB_Down!5:23:SB_Down!A15:V15"",""statement"":""Firm EBITDA margin is calculated as Firm EBITDA divided by Revenue for each period in the downside scenario."",""type"":""claim"",""unit"":""%"",""value"":""""}"
perimeter:keystone_consolidated_firm_ebitda_margin_under_downside_scenario,perimeter,Keystone consolidated Firm EBITDA margin under downside scenario,"{""id"":""perimeter:keystone_consolidated_firm_ebitda_margin_under_downside_scenario"",""label"":""Keystone consolidated Firm EBITDA margin under downside scenario"",""type"":""perimeter""}"
claim:1045,claim,,"{""deal"":""keystone"",""derivation"":null,""direction"":""context"",""epistemic"":""attested"",""id"":""claim:1045"",""locator"":""keystone_lbo_model_working.xlsx::SB_Down!5:23:SB_Down!A17:V17"",""statement"":""Depreciation is calculated as Revenue multiplied by a fixed depreciation rate from Inputs!B17 for each period in the downside scenario."",""type"":""claim"",""unit"":""$m"",""value"":""""}"
perimeter:keystone_consolidated_depreciation_under_downside_scenario,perimeter,Keystone consolidated depreciation under downside scenario,"{""id"":""perimeter:keystone_consolidated_depreciation_under_downside_scenario"",""label"":""Keystone consolidated depreciation under downside scenario"",""type"":""perimeter""}"
claim:1046,claim,,"{""deal"":""keystone"",""derivation"":null,""direction"":""context"",""epistemic"":""attested"",""id"":""claim:1046"",""locator"":""keystone_lbo_model_working.xlsx::SB_Down!5:23:SB_Down!A18:V18"",""statement"":""Core PPA amortization is sourced from Scenario_Drivers row 69 for each period in the downside scenario."",""type"":""claim"",""unit"":""$m"",""value"":""""}"
perimeter:keystone_consolidated_core_ppa_amortization_under_downside_scenario,perimeter,Keystone consolidated core PPA amortization under downside scenario,"{""id"":""perimeter:keystone_consolidated_core_ppa_amortization_under_downside_scenario"",""label"":""Keystone consolidated core PPA amortization under downside scenario"",""type"":""perimeter""}"
claim:1047,claim,,"{""deal"":""keystone"",""derivation"":null,""direction"":""context"",""epistemic"":""attested"",""id"":""claim:1047"",""locator"":""keystone_lbo_model_working.xlsx::SB_Down!5:23:SB_Down!A19:V19"",""statement"":""Integration asset amortization is set to zero for all periods in the downside scenario."",""type"":""claim"",""unit"":""$m"",""value"":""""}"
perimeter:keystone_consolidated_integration_asset_amortization_under_downside_scenario,perimeter,Keystone consolidated integration asset amortization under downside scenario,"{""id"":""perimeter:keystone_consolidated_integration_asset_amortization_under_downside_scenario"",""label"":""Keystone consolidated integration asset amortization under downside scenario"",""type"":""perimeter""}"
claim:1048,claim,,"{""deal"":""keystone"",""derivation"":null,""direction"":""context"",""epistemic"":""attested"",""id"":""claim:1048"",""locator"":""keystone_lbo_model_working.xlsx::SB_Down!5:23:SB_Down!A20:V20"",""statement"":""Total D&A is calculated as the sum of Depreciation, Core PPA amortization, and Integration asset amortization for each period in the downside scenario."",""type"":""claim"",""unit"":""$m"",""value"":""""}"
perimeter:keystone_consolidated_total_depreciation_and_amortization_under_downside_scenario,perimeter,Keystone consolidated total depreciation and amortization under downside scenario,"{""id"":""perimeter:keystone_consolidated_total_depreciation_and_amortization_under_downside_scenario"",""label"":""Keystone consolidated total depreciation and amortization under downside scenario"",""type"":""perimeter""}"
claim:1049,claim,,"{""deal"":""keystone"",""derivation"":null,""direction"":""context"",""epistemic"":""attested"",""id"":""claim:1049"",""locator"":""keystone_lbo_model_working.xlsx::SB_Down!5:23:SB_Down!A21:V21"",""statement"":""EBIT is calculated as Reported EBITDA minus Total D&A for each period in the downside scenario."",""type"":""claim"",""unit"":""$m"",""value"":""""}"
perimeter:keystone_consolidated_ebit_under_downside_scenario,perimeter,Keystone consolidated EBIT under downside scenario,"{""id"":""perimeter:keystone_consolidated_ebit_under_downside_scenario"",""label"":""Keystone consolidated EBIT under downside scenario"",""type"":""perimeter""}"
claim:1050,claim,,"{""deal"":""keystone"",""derivation"":null,""direction"":""context"",""epistemic"":""attested"",""id"":""claim:1050"",""locator"":""keystone_lbo_model_working.xlsx::SB_Down!5:23:SB_Down!A22:V22"",""statement"":""Cash interest is calculated using complex formulas referencing debt balances, interest rates, and facility terms from multiple sheets for each period in the downside scenario."",""type"":""claim"",""unit"":""$m"",""value"":""""}"
perimeter:keystone_consolidated_cash_interest_under_downside_scenario,perimeter,Keystone consolidated cash interest under downside scenario,"{""id"":""perimeter:keystone_consolidated_cash_interest_under_downside_scenario"",""label"":""Keystone consolidated cash interest under downside scenario"",""type"":""perimeter""}"
claim:1051,claim,,"{""deal"":""keystone"",""derivation"":null,""direction"":""context"",""epistemic"":""attested"",""id"":""claim:1051"",""locator"":""keystone_lbo_model_working.xlsx::SB_Down!5:23:SB_Down!A23:V23"",""statement"":""Financing fee amortization is calculated as the minimum of the debt balance and 1.4/24 for each period in the downside scenario."",""type"":""claim"",""unit"":""$m"",""value"":""""}"
perimeter:keystone_consolidated_financing_fee_amortization_under_downside_scenario,perimeter,Keystone consolidated financing fee amortization under downside scenario,"{""id"":""perimeter:keystone_consolidated_financing_fee_amortization_under_downside_scenario"",""label"":""Keystone consolidated financing fee amortization under downside scenario"",""type"":""perimeter""}"
claim:1052,claim,,"{""deal"":""keystone"",""derivation"":""The formula -(IF(balance>0,MIN(0.015,balance),0)) establishes a 1.5% amortization floor on positive DDTL balances."",""direction"":""context"",""epistemic"":""derived"",""id"":""claim:1052"",""locator"":""keystone_lbo_model_working.xlsx::SB_Down!62:80:SB_Down sheet, row 62, formula structure MIN(0.015, balance)"",""statement"":""Scheduled DDTL amortization is calculated as the minimum of 1.5% of outstanding DDTL balance or zero if balance is zero, applied each period in the downside scenario."",""type"":""claim"",""unit"":""x"",""value"":""0.015""}"
perimeter:keystone_consolidated_ddtl_under_firm_lbo_model_downside_scenario,perimeter,Keystone consolidated DDTL under firm LBO model downside scenario,"{""id"":""perimeter:keystone_consolidated_ddtl_under_firm_lbo_model_downside_scenario"",""label"":""Keystone consolidated DDTL under firm LBO model downside scenario"",""type"":""perimeter""}"
claim:1053,claim,,"{""deal"":""keystone"",""derivation"":null,""direction"":""context"",""epistemic"":""attested"",""id"":""claim:1053"",""locator"":""keystone_lbo_model_working.xlsx::SB_Down!100:116:SB_Down!A103:V103"",""statement"":""Covenant limit is defined and calculated per period in the SB_Down scenario, sourced from Scenario_Drivers sheet row 66."",""type"":""claim"",""unit"":""x"",""value"":""""}"
period:sb_down_scenario,period,SB_Down scenario,"{""id"":""period:sb_down_scenario"",""label"":""SB_Down scenario"",""type"":""period""}"
perimeter:keystone_consolidated_under_downside_scenario,perimeter,Keystone consolidated under downside scenario,"{""id"":""perimeter:keystone_consolidated_under_downside_scenario"",""label"":""Keystone consolidated under downside scenario"",""type"":""perimeter""}"
claim:1054,claim,,"{""deal"":""keystone"",""derivation"":null,""direction"":""context"",""epistemic"":""attested"",""id"":""claim:1054"",""locator"":""keystone_lbo_model_working.xlsx::SB_Down!100:116:SB_Down!A104:V104"",""statement"":""Covenant headroom is calculated as the difference between covenant limit (row 103) and leverage ratio (row 98) for each period."",""type"":""claim"",""unit"":""x"",""value"":""""}"
claim:1055,claim,,"{""deal"":""keystone"",""derivation"":null,""direction"":""context"",""epistemic"":""attested"",""id"":""claim:1055"",""locator"":""keystone_lbo_model_working.xlsx::SB_Down!100:116:SB_Down!A105:V105"",""statement"":""20% add-back cap is applied to EBITDA (row 94) for covenant calculation purposes in the downside scenario."",""type"":""claim"",""unit"":"""",""value"":""0.2""}"
claim:1056,claim,,"{""deal"":""keystone"",""derivation"":null,""direction"":""context"",""epistemic"":""attested"",""id"":""claim:1056"",""locator"":""keystone_lbo_model_working.xlsx::SB_Down!100:116:SB_Down!A106:V106"",""statement"":""15% add-back cap is applied to EBITDA (row 94) for covenant calculation purposes in the downside scenario."",""type"":""claim"",""unit"":"""",""value"":""0.15""}"
claim:1057,claim,,"{""deal"":""keystone"",""derivation"":null,""direction"":""context"",""epistemic"":""attested"",""id"":""claim:1057"",""locator"":""keystone_lbo_model_working.xlsx::SB_Down!100:116:SB_Down!A107:V107"",""statement"":""Applicable add-back headroom is calculated as the difference between the 20% add-back cap (row 105) and actual add-backs (row 96) for each period."",""type"":""claim"",""unit"":""$mm"",""value"":""""}"
claim:1058,claim,,"{""deal"":""keystone"",""derivation"":null,""direction"":""context"",""epistemic"":""attested"",""id"":""claim:1058"",""locator"":""keystone_lbo_model_working.xlsx::SB_Down!100:116:SB_Down!A108:V108"",""statement"":""Minimum liquidity covenant is set at $3.0 million for all periods in the downside scenario."",""type"":""claim"",""unit"":""$mm"",""value"":""3.0""}"
claim:1059,claim,,"{""deal"":""keystone"",""derivation"":null,""direction"":""context"",""epistemic"":""attested"",""id"":""claim:1059"",""locator"":""keystone_lbo_model_working.xlsx::SB_Down!100:116:SB_Down!A101:V101"",""statement"":""Revolver availability is calculated as the maximum of zero and the difference between revolver capacity (Inputs B20) and revolver balance (row 78) and scenario-driven adjustment (Scenario_Drivers C62)."",""type"":""claim"",""unit"":""$mm"",""value"":""""}"
claim:1060,claim,,"{""deal"":""keystone"",""derivation"":null,""direction"":""context"",""epistemic"":""attested"",""id"":""claim:1060"",""locator"":""keystone_lbo_model_working.xlsx::SB_Down!100:116:SB_Down!A109:V109"",""statement"":""Liquidity headroom is calculated as the difference between total liquidity (row 102) and minimum liquidity requirement (row 108) for each period."",""type"":""claim"",""unit"":""$mm"",""value"":""""}"
claim:1061,claim,,"{""deal"":""keystone"",""derivation"":null,""direction"":""context"",""epistemic"":""attested"",""id"":""claim:1061"",""locator"":""keystone_lbo_model_working.xlsx::SB_Up!81:99:SB_Up sheet, rows 89–91; formula structure defines covenant net debt calculation"",""statement"":""Covenant net debt is defined as gross debt (sum of first-lien debt, revolver, and DDTL) less eligible cash (minimum of total cash and a specified cap from Inputs sheet)."",""type"":""claim"",""unit"":""$m"",""value"":""""}"
perimeter:keystone_consolidated_net_debt_under_lbo_model_upside_scenario,perimeter,Keystone consolidated net debt under LBO model upside scenario,"{""id"":""perimeter:keystone_consolidated_net_debt_under_lbo_model_upside_scenario"",""label"":""Keystone consolidated net debt under LBO model upside scenario"",""type"":""perimeter""}"
claim:1062,claim,,"{""deal"":""keystone"",""derivation"":null,""direction"":""context"",""epistemic"":""attested"",""id"":""claim:1062"",""locator"":""keystone_lbo_model_working.xlsx::SB_Up!81:99:SB_Up sheet, row 89; formula =SUM(C76:C78) and equivalent across periods"",""statement"":""Gross debt is defined as the sum of first-lien debt, revolver, and DDTL (rows 76–78)."",""type"":""claim"",""unit"":""$m"",""value"":""""}"
perimeter:keystone_consolidated_gross_debt_under_lbo_model_upside_scenario,perimeter,Keystone consolidated gross debt under LBO model upside scenario,"{""id"":""perimeter:keystone_consolidated_gross_debt_under_lbo_model_upside_scenario"",""label"":""Keystone consolidated gross debt under LBO model upside scenario"",""type"":""perimeter""}"
claim:1063,claim,,"{""deal"":""keystone"",""derivation"":null,""direction"":""context"",""epistemic"":""attested"",""id"":""claim:1063"",""locator"":""keystone_lbo_model_working.xlsx::SB_Up!81:99:SB_Up sheet, row 98; formula =C91/MAX(0.001,C97) and equivalent across periods"",""statement"":""Total net leverage is defined as covenant net debt divided by covenant EBITDA, with a floor of 0.001 applied to the denominator."",""type"":""claim"",""unit"":""x"",""value"":""""}"
perimeter:keystone_consolidated_total_net_leverage_under_lbo_model_upside_scenario,perimeter,Keystone consolidated total net leverage under LBO model upside scenario,"{""id"":""perimeter:keystone_consolidated_total_net_leverage_under_lbo_model_upside_scenario"",""label"":""Keystone consolidated total net leverage under LBO model upside scenario"",""type"":""perimeter""}"
claim:1064,claim,,"{""deal"":""keystone"",""derivation"":null,""direction"":""context"",""epistemic"":""attested"",""id"":""claim:1064"",""locator"":""keystone_lbo_model_working.xlsx::SB_Up!81:99:SB_Up sheet, row 99; formula =C89/MAX(0.001,C95) and equivalent across periods"",""statement"":""Gross leverage is defined as gross debt divided by LTM firm EBITDA, with a floor of 0.001 applied to the denominator."",""type"":""claim"",""unit"":""x"",""value"":""""}"
perimeter:keystone_consolidated_gross_leverage_under_lbo_model_upside_scenario,perimeter,Keystone consolidated gross leverage under LBO model upside scenario,"{""id"":""perimeter:keystone_consolidated_gross_leverage_under_lbo_model_upside_scenario"",""label"":""Keystone consolidated gross leverage under LBO model upside scenario"",""type"":""perimeter""}"
claim:1065,claim,,"{""deal"":""keystone"",""derivation"":null,""direction"":""context"",""epistemic"":""attested"",""id"":""claim:1065"",""locator"":""keystone_lbo_model_working.xlsx::SB_Up!81:99:SB_Up sheet, row 97; formula =SUM(C14:C14) for period C, expanding to =SUM(C14:D14) for period D, etc."",""statement"":""LTM covenant EBITDA is calculated as a rolling 12-month sum of row 14 (covenant EBITDA line item) across the forecast periods."",""type"":""claim"",""unit"":""$m"",""value"":""""}"
perimeter:keystone_consolidated_ltm_covenant_ebitda_under_lbo_model_upside_scenario,perimeter,Keystone consolidated LTM covenant EBITDA under LBO model upside scenario,"{""id"":""perimeter:keystone_consolidated_ltm_covenant_ebitda_under_lbo_model_upside_scenario"",""label"":""Keystone consolidated LTM covenant EBITDA under LBO model upside scenario"",""type"":""perimeter""}"
claim:1066,claim,,"{""deal"":""keystone"",""derivation"":null,""direction"":""context"",""epistemic"":""attested"",""id"":""claim:1066"",""locator"":""keystone_lbo_model_working.xlsx::SB_Up!81:99:SB_Up sheet, row 95; formula =SUM(C10:C10) for period C, expanding to =SUM(C10:D10) for period D, etc."",""statement"":""LTM firm EBITDA is calculated as a rolling 12-month sum of row 10 (firm EBITDA line item) across the forecast periods."",""type"":""claim"",""unit"":""$m"",""value"":""""}"
perimeter:keystone_consolidated_ltm_firm_ebitda_under_lbo_model_upside_scenario,perimeter,Keystone consolidated LTM firm EBITDA under LBO model upside scenario,"{""id"":""perimeter:keystone_consolidated_ltm_firm_ebitda_under_lbo_model_upside_scenario"",""label"":""Keystone consolidated LTM firm EBITDA under LBO model upside scenario"",""type"":""perimeter""}"
claim:1067,claim,,"{""deal"":""keystone"",""derivation"":null,""direction"":""context"",""epistemic"":""attested"",""id"":""claim:1067"",""locator"":""keystone_lbo_model_working.xlsx::SB_Up!81:99:SB_Up sheet, row 94; formula =SUM(C12:C12) for period C, expanding to =SUM(C12:D12) for period D, etc."",""statement"":""LTM reported EBITDA is calculated as a rolling 12-month sum of row 12 (reported EBITDA line item) across the forecast periods."",""type"":""claim"",""unit"":""$m"",""value"":""""}"
perimeter:keystone_consolidated_ltm_reported_ebitda_under_lbo_model_upside_scenario,perimeter,Keystone consolidated LTM reported EBITDA under LBO model upside scenario,"{""id"":""perimeter:keystone_consolidated_ltm_reported_ebitda_under_lbo_model_upside_scenario"",""label"":""Keystone consolidated LTM reported EBITDA under LBO model upside scenario"",""type"":""perimeter""}"
claim:1068,claim,,"{""deal"":""keystone"",""derivation"":null,""direction"":""context"",""epistemic"":""attested"",""id"":""claim:1068"",""locator"":""keystone_lbo_model_working.xlsx::SB_Up!81:99:SB_Up sheet, row 96; formula =SUM(C13:C13) for period C, expanding to =SUM(C13:D13) for period D, etc."",""statement"":""LTM add-backs is calculated as a rolling 12-month sum of row 13 (add-backs line item) across the forecast periods."",""type"":""claim"",""unit"":""$m"",""value"":""""}"
perimeter:keystone_consolidated_ltm_add-backs_under_lbo_model_upside_scenario,perimeter,Keystone consolidated LTM add-backs under LBO model upside scenario,"{""id"":""perimeter:keystone_consolidated_ltm_add-backs_under_lbo_model_upside_scenario"",""label"":""Keystone consolidated LTM add-backs under LBO model upside scenario"",""type"":""perimeter""}"
claim:1069,claim,,"{""deal"":""keystone"",""derivation"":null,""direction"":""context"",""epistemic"":""attested"",""id"":""claim:1069"",""locator"":""keystone_lbo_model_working.xlsx::SB_Up!81:99:SB_Up sheet, row 93; formula =SUM(C5:C5) for period C, expanding to =SUM(C5:D5) for period D, etc."",""statement"":""LTM revenue is calculated as a rolling 12-month sum of row 5 (revenue line item) across the forecast periods."",""type"":""claim"",""unit"":""$m"",""value"":""""}"
perimeter:keystone_consolidated_ltm_revenue_under_lbo_model_upside_scenario,perimeter,Keystone consolidated LTM revenue under LBO model upside scenario,"{""id"":""perimeter:keystone_consolidated_ltm_revenue_under_lbo_model_upside_scenario"",""label"":""Keystone consolidated LTM revenue under LBO model upside scenario"",""type"":""perimeter""}"
claim:1070,claim,,"{""deal"":""keystone"",""derivation"":null,""direction"":""context"",""epistemic"":""attested"",""id"":""claim:1070"",""locator"":""keystone_lbo_model_working.xlsx::SB_Up!100:116:SB_Up!A103:V103"",""statement"":""Covenant leverage limit is defined and calculated in the SB_Up scenario sheet, row 103, pulled from Scenario_Drivers sheet."",""type"":""claim"",""unit"":""x"",""value"":""""}"
perimeter:keystone_consolidated_covenant_leverage_threshold_under_lbo_model_upside_scenario,perimeter,Keystone consolidated covenant leverage threshold under LBO model upside scenario,"{""id"":""perimeter:keystone_consolidated_covenant_leverage_threshold_under_lbo_model_upside_scenario"",""label"":""Keystone consolidated covenant leverage threshold under LBO model upside scenario"",""type"":""perimeter""}"
claim:1071,claim,,"{""deal"":""keystone"",""derivation"":null,""direction"":""context"",""epistemic"":""attested"",""id"":""claim:1071"",""locator"":""keystone_lbo_model_working.xlsx::SB_Up!100:116:SB_Up!A104:V104"",""statement"":""Covenant headroom is calculated as the difference between covenant limit (row 103) and leverage ratio (row 98) in each period."",""type"":""claim"",""unit"":""x"",""value"":""""}"
perimeter:keystone_consolidated_covenant_headroom_under_lbo_model_upside_scenario,perimeter,Keystone consolidated covenant headroom under LBO model upside scenario,"{""id"":""perimeter:keystone_consolidated_covenant_headroom_under_lbo_model_upside_scenario"",""label"":""Keystone consolidated covenant headroom under LBO model upside scenario"",""type"":""perimeter""}"
claim:1072,claim,,"{""deal"":""keystone"",""derivation"":null,""direction"":""context"",""epistemic"":""attested"",""id"":""claim:1072"",""locator"":""keystone_lbo_model_working.xlsx::SB_Up!100:116:SB_Up!A100:V100"",""statement"":""Fixed charge coverage ratio is calculated as (EBITDA less certain adjustments) divided by (interest expense and other fixed charges), with a floor of 0.001 in the denominator."",""type"":""claim"",""unit"":""x"",""value"":""""}"
perimeter:keystone_consolidated_fixed_charge_coverage_ratio_under_lbo_model_upside_scenario,perimeter,Keystone consolidated fixed charge coverage ratio under LBO model upside scenario,"{""id"":""perimeter:keystone_consolidated_fixed_charge_coverage_ratio_under_lbo_model_upside_scenario"",""label"":""Keystone consolidated fixed charge coverage ratio under LBO model upside scenario"",""type"":""perimeter""}"
claim:1073,claim,,"{""deal"":""keystone"",""derivation"":null,""direction"":""context"",""epistemic"":""attested"",""id"":""claim:1073"",""locator"":""keystone_lbo_model_working.xlsx::SB_Up!100:116:SB_Up!A101:V101"",""statement"":""Revolver availability is calculated as the maximum of zero or (revolver commitment from Inputs sheet less current revolver balance less scenario-specific draw)."",""type"":""claim"",""unit"":""$mm"",""value"":""""}"
perimeter:keystone_consolidated_revolver_availability_under_lbo_model_upside_scenario,perimeter,Keystone consolidated revolver availability under LBO model upside scenario,"{""id"":""perimeter:keystone_consolidated_revolver_availability_under_lbo_model_upside_scenario"",""label"":""Keystone consolidated revolver availability under LBO model upside scenario"",""type"":""perimeter""}"
claim:1074,claim,,"{""deal"":""keystone"",""derivation"":null,""direction"":""context"",""epistemic"":""attested"",""id"":""claim:1074"",""locator"":""keystone_lbo_model_working.xlsx::SB_Up!100:116:SB_Up!A102:V102"",""statement"":""Total liquidity is calculated as cash on hand (row 67) plus revolver availability (row 101)."",""type"":""claim"",""unit"":""$mm"",""value"":""""}"
perimeter:keystone_consolidated_liquidity_under_lbo_model_upside_scenario,perimeter,Keystone consolidated liquidity under LBO model upside scenario,"{""id"":""perimeter:keystone_consolidated_liquidity_under_lbo_model_upside_scenario"",""label"":""Keystone consolidated liquidity under LBO model upside scenario"",""type"":""perimeter""}"
claim:1075,claim,,"{""deal"":""keystone"",""derivation"":null,""direction"":""context"",""epistemic"":""attested"",""id"":""claim:1075"",""locator"":""keystone_lbo_model_working.xlsx::SB_Up!100:116:SB_Up!A108:V108"",""statement"":""Minimum liquidity covenant is set at $3.0 million across all periods in the upside scenario."",""type"":""claim"",""unit"":""$mm"",""value"":""3.0""}"
perimeter:keystone_consolidated_minimum_liquidity_covenant_under_lbo_model_upside_scenario,perimeter,Keystone consolidated minimum liquidity covenant under LBO model upside scenario,"{""id"":""perimeter:keystone_consolidated_minimum_liquidity_covenant_under_lbo_model_upside_scenario"",""label"":""Keystone consolidated minimum liquidity covenant under LBO model upside scenario"",""type"":""perimeter""}"
claim:1076,claim,,"{""deal"":""keystone"",""derivation"":null,""direction"":""context"",""epistemic"":""attested"",""id"":""claim:1076"",""locator"":""keystone_lbo_model_working.xlsx::SB_Up!100:116:SB_Up!A109:V109"",""statement"":""Liquidity headroom is calculated as total liquidity (row 102) less minimum liquidity requirement (row 108)."",""type"":""claim"",""unit"":""$mm"",""value"":""""}"
perimeter:keystone_consolidated_liquidity_headroom_under_lbo_model_upside_scenario,perimeter,Keystone consolidated liquidity headroom under LBO model upside scenario,"{""id"":""perimeter:keystone_consolidated_liquidity_headroom_under_lbo_model_upside_scenario"",""label"":""Keystone consolidated liquidity headroom under LBO model upside scenario"",""type"":""perimeter""}"
claim:1077,claim,,"{""deal"":""keystone"",""derivation"":null,""direction"":""context"",""epistemic"":""attested"",""id"":""claim:1077"",""locator"":""keystone_lbo_model_working.xlsx::SB_Up!100:116:SB_Up!A105:V105"",""statement"":""The 20% add-back cap is calculated as 20% of EBITDA (row 94) across all periods."",""type"":""claim"",""unit"":""%"",""value"":""20.0""}"
perimeter:keystone_consolidated_ebitda_add-back_cap_under_lbo_model_upside_scenario,perimeter,Keystone consolidated EBITDA add-back cap under LBO model upside scenario,"{""id"":""perimeter:keystone_consolidated_ebitda_add-back_cap_under_lbo_model_upside_scenario"",""label"":""Keystone consolidated EBITDA add-back cap under LBO model upside scenario"",""type"":""perimeter""}"
claim:1078,claim,,"{""deal"":""keystone"",""derivation"":null,""direction"":""context"",""epistemic"":""attested"",""id"":""claim:1078"",""locator"":""keystone_lbo_model_working.xlsx::SB_Up!100:116:SB_Up!A106:V106"",""statement"":""The 15% add-back cap is calculated as 15% of EBITDA (row 94) across all periods."",""type"":""claim"",""unit"":""%"",""value"":""15.0""}"
claim:1079,claim,,"{""deal"":""keystone"",""derivation"":null,""direction"":""context"",""epistemic"":""attested"",""id"":""claim:1079"",""locator"":""keystone_lbo_model_working.xlsx::SB_Up!100:116:SB_Up!A107:V107"",""statement"":""Applicable add-back headroom is calculated as the 20% add-back cap (row 105) less actual add-backs (row 96)."",""type"":""claim"",""unit"":""$mm"",""value"":""""}"
perimeter:keystone_consolidated_applicable_add-back_headroom_under_lbo_model_upside_scenario,perimeter,Keystone consolidated applicable add-back headroom under LBO model upside scenario,"{""id"":""perimeter:keystone_consolidated_applicable_add-back_headroom_under_lbo_model_upside_scenario"",""label"":""Keystone consolidated applicable add-back headroom under LBO model upside scenario"",""type"":""perimeter""}"
claim:1080,claim,,"{""deal"":""keystone"",""derivation"":""Extracted from formula pattern in row 62: the constant 0.015 represents the 1.5% amortization floor applied when DDTL balance is positive."",""direction"":""context"",""epistemic"":""derived"",""id"":""claim:1080"",""locator"":""keystone_lbo_model_working.xlsx::SB_Up!62:80:Sheet SB_Up, row 62, columns C–V; formula structure -(IF(prior_balance>0,MIN(0.015,prior_balance),0))"",""statement"":""The LBO model applies a 1.5% scheduled DDTL amortization rate (MIN(0.015, outstanding balance)) across all forecast periods in the upside scenario."",""type"":""claim"",""unit"":""x"",""value"":""0.015""}"
perimeter:keystone_consolidated_ddtl_amortization_under_firm_lbo_model,perimeter,Keystone consolidated DDTL amortization under firm LBO model,"{""id"":""perimeter:keystone_consolidated_ddtl_amortization_under_firm_lbo_model"",""label"":""Keystone consolidated DDTL amortization under firm LBO model"",""type"":""perimeter""}"
claim:1081,claim,,"{""deal"":""keystone"",""derivation"":null,""direction"":""context"",""epistemic"":""attested"",""id"":""claim:1081"",""locator"":""keystone_lbo_model_working.xlsx::Acq_Base!43:61:Acq_Base!A43:V43"",""statement"":""Acquisition EV is sourced from Scenario_Drivers sheet and used as a cash outflow in the LBO model acquisition financing."",""type"":""claim"",""unit"":""$m"",""value"":""""}"
perimeter:keystone_consolidated_enterprise_value_at_acquisition,perimeter,Keystone consolidated enterprise value at acquisition,"{""id"":""perimeter:keystone_consolidated_enterprise_value_at_acquisition"",""label"":""Keystone consolidated enterprise value at acquisition"",""type"":""perimeter""}"
claim:1082,claim,,"{""deal"":""keystone"",""derivation"":null,""direction"":""context"",""epistemic"":""attested"",""id"":""claim:1082"",""locator"":""keystone_lbo_model_working.xlsx::Acq_Base!43:61:Acq_Base!A53:V53"",""statement"":""Capital expenditure is tracked as a cash outflow in the LBO model and sourced from the Scenario_Drivers sheet."",""type"":""claim"",""unit"":""$m"",""value"":""""}"
claim:1083,claim,,"{""deal"":""keystone"",""derivation"":""SUM(C47:C51) = Net Income + D&A + Financing Fee Amortization + Deferred Tax + Change in NWC"",""direction"":""context"",""epistemic"":""attested"",""id"":""claim:1083"",""locator"":""keystone_lbo_model_working.xlsx::Acq_Base!43:61:Acq_Base!A52:V52"",""statement"":""Cash from operations is calculated as the sum of net income, total D&A, financing fee amortization, deferred tax/non-cash tax, and change in NWC."",""type"":""claim"",""unit"":""$m"",""value"":""""}"
claim:1084,claim,,"{""deal"":""keystone"",""derivation"":null,""direction"":""context"",""epistemic"":""attested"",""id"":""claim:1084"",""locator"":""keystone_lbo_model_working.xlsx::Acq_Base!43:61:Acq_Base!A57:V57"",""statement"":""Sponsor equity contribution is sourced from the Scenario_Drivers sheet and represents the equity capital invested at acquisition."",""type"":""claim"",""unit"":""$m"",""value"":""""}"
perimeter:keystone_sponsor_equity_contribution_at_acquisition,perimeter,Keystone sponsor equity contribution at acquisition,"{""id"":""perimeter:keystone_sponsor_equity_contribution_at_acquisition"",""label"":""Keystone sponsor equity contribution at acquisition"",""type"":""perimeter""}"
claim:1085,claim,,"{""deal"":""keystone"",""derivation"":null,""direction"":""context"",""epistemic"":""attested"",""id"":""claim:1085"",""locator"":""keystone_lbo_model_working.xlsx::Acq_Base!43:61:Acq_Base!A58:V58"",""statement"":""DDTL draw is sourced from the Scenario_Drivers sheet and represents delayed draw term loan financing available at acquisition."",""type"":""claim"",""unit"":""$m"",""value"":""""}"
perimeter:keystone_delayed_draw_term_loan_availability_at_acquisition,perimeter,Keystone delayed draw term loan availability at acquisition,"{""id"":""perimeter:keystone_delayed_draw_term_loan_availability_at_acquisition"",""label"":""Keystone delayed draw term loan availability at acquisition"",""type"":""perimeter""}"
claim:1086,claim,,"{""deal"":""keystone"",""derivation"":""IF(Scenario_Drivers!C132>=0, MAX(0, Scenario_Drivers!C132-0), IF(Opening+CFO+CFI+Equity+DDTL+Amort+Repay < MinCash, MIN(MaxRev-MinCash, MinCash-(Opening+CFO+CFI+Equity+DDTL+Amort+Repay)), 0))"",""direction"":""context"",""epistemic"":""attested"",""id"":""claim:1086"",""locator"":""keystone_lbo_model_working.xlsx::Acq_Base!43:61:Acq_Base!A59:V59"",""statement"":""Revolver draw is calculated based on cash flow requirements and available revolver capacity, with conditional logic tied to minimum cash balance thresholds."",""type"":""claim"",""unit"":""$m"",""value"":""""}"
perimeter:keystone_revolver_draw_capacity,perimeter,Keystone revolver draw capacity,"{""id"":""perimeter:keystone_revolver_draw_capacity"",""label"":""Keystone revolver draw capacity"",""type"":""perimeter""}"
claim:1087,claim,,"{""deal"":""keystone"",""derivation"":""= -C38 (negative of NWC balance change)"",""direction"":""context"",""epistemic"":""attested"",""id"":""claim:1087"",""locator"":""keystone_lbo_model_working.xlsx::Acq_Base!43:61:Acq_Base!A51:V51"",""statement"":""Change in NWC is calculated as the negative of the NWC balance change and flows through operating cash flow."",""type"":""claim"",""unit"":""$m"",""value"":""""}"
claim:1088,claim,,"{""deal"":""keystone"",""derivation"":""= C20 (sourced from row 20)"",""direction"":""context"",""epistemic"":""attested"",""id"":""claim:1088"",""locator"":""keystone_lbo_model_working.xlsx::Acq_Base!43:61:Acq_Base!A48:V48"",""statement"":""Total D&A is added back to net income in the operating cash flow calculation."",""type"":""claim"",""unit"":""$m"",""value"":""""}"
perimeter:keystone_consolidated_total_depreciation_and_amortization,perimeter,Keystone consolidated total depreciation and amortization,"{""id"":""perimeter:keystone_consolidated_total_depreciation_and_amortization"",""label"":""Keystone consolidated total depreciation and amortization"",""type"":""perimeter""}"
claim:1089,claim,,"{""deal"":""keystone"",""derivation"":""= C23 (sourced from row 23)"",""direction"":""context"",""epistemic"":""attested"",""id"":""claim:1089"",""locator"":""keystone_lbo_model_working.xlsx::Acq_Base!43:61:Acq_Base!A49:V49"",""statement"":""Financing fee amortization is added back to net income in the operating cash flow calculation."",""type"":""claim"",""unit"":""$m"",""value"":""""}"
perimeter:keystone_consolidated_financing_fee_amortization,perimeter,Keystone consolidated financing fee amortization,"{""id"":""perimeter:keystone_consolidated_financing_fee_amortization"",""label"":""Keystone consolidated financing fee amortization"",""type"":""perimeter""}"
claim:1090,claim,,"{""deal"":""keystone"",""derivation"":null,""direction"":""context"",""epistemic"":""attested"",""id"":""claim:1090"",""locator"":""keystone_lbo_model_working.xlsx::Acq_Base!62:80:Sheet Acq_Base, row 62, formula MIN(0.015, outstanding balance)"",""statement"":""The LBO model applies a 1.5% scheduled amortization rate to DDTL balances when positive, as defined in the debt paydown formula."",""type"":""claim"",""unit"":""x"",""value"":""0.015""}"
claim:1091,claim,,"{""deal"":""keystone"",""derivation"":null,""direction"":""context"",""epistemic"":""attested"",""id"":""claim:1091"",""locator"":""keystone_lbo_model_working.xlsx::Acq_Base!62:80:Sheet Acq_Base, row 78, formula =SUM(C59:C60) and forward"",""statement"":""Revolver balance is calculated as the sum of revolver draws and revolver repayments in each period."",""type"":""claim"",""unit"":"""",""value"":""""}"
perimeter:keystone_consolidated_revolver_balance_under_firm_lbo_model_base_case,perimeter,Keystone consolidated revolver balance under firm LBO model base case,"{""id"":""perimeter:keystone_consolidated_revolver_balance_under_firm_lbo_model_base_case"",""label"":""Keystone consolidated revolver balance under firm LBO model base case"",""type"":""perimeter""}"
claim:1092,claim,,"{""deal"":""keystone"",""derivation"":null,""direction"":""context"",""epistemic"":""attested"",""id"":""claim:1092"",""locator"":""keystone_lbo_model_working.xlsx::Acq_Base!62:80:Sheet Acq_Base, rows 79–80, accounts payable and accrued liabilities linked to operating model"",""statement"":""Working capital is tracked through accounts receivable, inventory, accounts payable, and accrued liabilities line items on the balance sheet."",""type"":""claim"",""unit"":""$mm"",""value"":""""}"
perimeter:keystone_consolidated_balance_sheet_working_capital_components_under_firm_lbo_model_base_case,perimeter,Keystone consolidated balance sheet working capital components under firm LBO model base case,"{""id"":""perimeter:keystone_consolidated_balance_sheet_working_capital_components_under_firm_lbo_model_base_case"",""label"":""Keystone consolidated balance sheet working capital components under firm LBO model base case"",""type"":""perimeter""}"
claim:1093,claim,,"{""deal"":""keystone"",""derivation"":null,""direction"":""context"",""epistemic"":""attested"",""id"":""claim:1093"",""locator"":""keystone_lbo_model_working.xlsx::Acq_Base!62:80:Sheet Acq_Base, row 69, formula =opening+capex+acquisitions-depreciation"",""statement"":""PP&E net is calculated as opening balance plus capex additions and acquisitions less depreciation each period."",""type"":""claim"",""unit"":""$mm"",""value"":""""}"
perimeter:keystone_consolidated_pp&e_net_book_value_under_firm_lbo_model_base_case,perimeter,Keystone consolidated PP&E net book value under firm LBO model base case,"{""id"":""perimeter:keystone_consolidated_pp&e_net_book_value_under_firm_lbo_model_base_case"",""label"":""Keystone consolidated PP&E net book value under firm LBO model base case"",""type"":""perimeter""}"
claim:1094,claim,,"{""deal"":""keystone"",""derivation"":null,""direction"":""context"",""epistemic"":""attested"",""id"":""claim:1094"",""locator"":""keystone_lbo_model_working.xlsx::Acq_Base!100:116:Acq_Base!A100:B100"",""statement"":""Fixed charge coverage is defined as (EBITDA less specified add-backs and adjustments) divided by the sum of interest expense, debt service, and other fixed charges."",""type"":""claim"",""unit"":""x"",""value"":""""}"
perimeter:keystone_consolidated_under_firm_lbo_model_base_case,perimeter,Keystone consolidated under firm LBO model base case,"{""id"":""perimeter:keystone_consolidated_under_firm_lbo_model_base_case"",""label"":""Keystone consolidated under firm LBO model base case"",""type"":""perimeter""}"
claim:1095,claim,,"{""deal"":""keystone"",""derivation"":null,""direction"":""context"",""epistemic"":""attested"",""id"":""claim:1095"",""locator"":""keystone_lbo_model_working.xlsx::Acq_Base!100:116:Acq_Base!A101:B101"",""statement"":""Revolver availability is calculated as the revolver commitment limit (from Inputs sheet) less drawn revolver balance and less any scenario-specific reserve requirement."",""type"":""claim"",""unit"":""$mm"",""value"":""""}"
claim:1096,claim,,"{""deal"":""keystone"",""derivation"":null,""direction"":""context"",""epistemic"":""attested"",""id"":""claim:1096"",""locator"":""keystone_lbo_model_working.xlsx::Acq_Base!100:116:Acq_Base!A103:B103"",""statement"":""Covenant limit is sourced from the Scenario_Drivers sheet and represents the maximum allowable leverage or other covenant ratio."",""type"":""claim"",""unit"":""x"",""value"":""""}"
claim:1097,claim,,"{""deal"":""keystone"",""derivation"":null,""direction"":""context"",""epistemic"":""attested"",""id"":""claim:1097"",""locator"":""keystone_lbo_model_working.xlsx::Acq_Base!100:116:Acq_Base!A104:B104"",""statement"":""Covenant headroom is calculated as the covenant limit less the current leverage ratio or other covenant metric."",""type"":""claim"",""unit"":""x"",""value"":""""}"
claim:1098,claim,,"{""deal"":""keystone"",""derivation"":null,""direction"":""context"",""epistemic"":""attested"",""id"":""claim:1098"",""locator"":""keystone_lbo_model_working.xlsx::Acq_Base!100:116:Acq_Base!A105:B105"",""statement"":""The 20% add-back cap is defined as 20% of EBITDA and represents the maximum permitted add-back adjustment under the credit agreement."",""type"":""claim"",""unit"":""%"",""value"":""20.0""}"
claim:1099,claim,,"{""deal"":""keystone"",""derivation"":null,""direction"":""context"",""epistemic"":""attested"",""id"":""claim:1099"",""locator"":""keystone_lbo_model_working.xlsx::Acq_Base!100:116:Acq_Base!A106:B106"",""statement"":""The 15% add-back cap is defined as 15% of EBITDA and represents an alternative or secondary maximum permitted add-back adjustment."",""type"":""claim"",""unit"":""%"",""value"":""15.0""}"
claim:1100,claim,,"{""deal"":""keystone"",""derivation"":null,""direction"":""context"",""epistemic"":""attested"",""id"":""claim:1100"",""locator"":""keystone_lbo_model_working.xlsx::Acq_Base!100:116:Acq_Base!A107:B107"",""statement"":""Applicable add-back headroom is calculated as the applicable add-back cap (20% or 15% of EBITDA) less the actual add-backs taken."",""type"":""claim"",""unit"":""$mm"",""value"":""""}"
claim:1101,claim,,"{""deal"":""keystone"",""derivation"":null,""direction"":""context"",""epistemic"":""attested"",""id"":""claim:1101"",""locator"":""keystone_lbo_model_working.xlsx::Acq_Base!100:116:Acq_Base!A109:B109"",""statement"":""Liquidity headroom is calculated as total liquidity less the minimum liquidity requirement."",""type"":""claim"",""unit"":""$mm"",""value"":""""}"
claim:1102,claim,,"{""deal"":""keystone"",""derivation"":null,""direction"":""context"",""epistemic"":""attested"",""id"":""claim:1102"",""locator"":""keystone_lbo_model_working.xlsx::Combined_Risk!62:80:Combined_Risk sheet, row 62, formula MIN(0.015, DDTL balance)"",""statement"":""The LBO model applies a 1.5% scheduled DDTL amortization rate when DDTL balance is positive."",""type"":""claim"",""unit"":""x"",""value"":""0.015""}"
claim:1103,claim,,"{""deal"":""keystone"",""derivation"":null,""direction"":""context"",""epistemic"":""attested"",""id"":""claim:1103"",""locator"":""keystone_lbo_model_working.xlsx::Combined_Risk!62:80:Combined_Risk sheet, row 63, ECF sweep formula threshold at 3.0x"",""statement"":""The LBO model applies a 50% ECF sweep rate when leverage exceeds 3.0x."",""type"":""claim"",""unit"":""x"",""value"":""3.0""}"
perimeter:keystone_consolidated_leverage_under_firm_lbo_model,perimeter,Keystone consolidated leverage under firm LBO model,"{""id"":""perimeter:keystone_consolidated_leverage_under_firm_lbo_model"",""label"":""Keystone consolidated leverage under firm LBO model"",""type"":""perimeter""}"
claim:1104,claim,,"{""deal"":""keystone"",""derivation"":null,""direction"":""context"",""epistemic"":""attested"",""id"":""claim:1104"",""locator"":""keystone_lbo_model_working.xlsx::Combined_Risk!62:80:Combined_Risk sheet, row 63, ECF sweep formula threshold at 2.5x"",""statement"":""The LBO model applies a 25% ECF sweep rate when leverage is between 2.5x and 3.0x."",""type"":""claim"",""unit"":""x"",""value"":""2.5""}"
claim:1105,claim,,"{""deal"":""keystone"",""derivation"":null,""direction"":""context"",""epistemic"":""attested"",""id"":""claim:1105"",""locator"":""keystone_lbo_model_working.xlsx::Combined_Risk!62:80:Combined_Risk sheet, row 63, ECF sweep formula threshold at 3.5x"",""statement"":""The LBO model applies a 75% ECF sweep rate when leverage exceeds 3.5x."",""type"":""claim"",""unit"":""x"",""value"":""3.5""}"
claim:1106,claim,,"{""deal"":""keystone"",""derivation"":null,""direction"":""context"",""epistemic"":""attested"",""id"":""claim:1106"",""locator"":""keystone_lbo_model_working.xlsx::Combined_Risk!81:99:Combined_Risk!A89:V89"",""statement"":""Gross debt is defined as the sum of first-lien debt, second-lien debt, and revolver borrowings (rows 76–78)."",""type"":""claim"",""unit"":""$m"",""value"":""""}"
perimeter:keystone_consolidated_gross_debt_under_firm_valuation_perimeter,perimeter,Keystone consolidated gross debt under firm valuation perimeter,"{""id"":""perimeter:keystone_consolidated_gross_debt_under_firm_valuation_perimeter"",""label"":""Keystone consolidated gross debt under firm valuation perimeter"",""type"":""perimeter""}"
claim:1107,claim,,"{""deal"":""keystone"",""derivation"":null,""direction"":""context"",""epistemic"":""attested"",""id"":""claim:1107"",""locator"":""keystone_lbo_model_working.xlsx::Combined_Risk!81:99:Combined_Risk!A91:V91"",""statement"":""Covenant net debt is defined as gross debt minus eligible cash (capped at the maximum cash threshold from Inputs sheet)."",""type"":""claim"",""unit"":""$m"",""value"":""""}"
perimeter:keystone_consolidated_covenant_net_debt_under_firm_valuation_perimeter,perimeter,Keystone consolidated covenant net debt under firm valuation perimeter,"{""id"":""perimeter:keystone_consolidated_covenant_net_debt_under_firm_valuation_perimeter"",""label"":""Keystone consolidated covenant net debt under firm valuation perimeter"",""type"":""perimeter""}"
claim:1108,claim,,"{""deal"":""keystone"",""derivation"":null,""direction"":""context"",""epistemic"":""attested"",""id"":""claim:1108"",""locator"":""keystone_lbo_model_working.xlsx::Combined_Risk!81:99:Combined_Risk!A92:V92"",""statement"":""Economic net debt is defined as gross debt minus total cash (without cap restriction)."",""type"":""claim"",""unit"":""$m"",""value"":""""}"
perimeter:keystone_consolidated_economic_net_debt_under_firm_valuation_perimeter,perimeter,Keystone consolidated economic net debt under firm valuation perimeter,"{""id"":""perimeter:keystone_consolidated_economic_net_debt_under_firm_valuation_perimeter"",""label"":""Keystone consolidated economic net debt under firm valuation perimeter"",""type"":""perimeter""}"
claim:1109,claim,,"{""deal"":""keystone"",""derivation"":null,""direction"":""context"",""epistemic"":""attested"",""id"":""claim:1109"",""locator"":""keystone_lbo_model_working.xlsx::Combined_Risk!81:99:Combined_Risk!A98:V98"",""statement"":""Total net leverage is defined as covenant net debt divided by LTM covenant EBITDA."",""type"":""claim"",""unit"":""x"",""value"":""""}"
perimeter:keystone_consolidated_total_net_leverage_under_firm_valuation_perimeter,perimeter,Keystone consolidated total net leverage under firm valuation perimeter,"{""id"":""perimeter:keystone_consolidated_total_net_leverage_under_firm_valuation_perimeter"",""label"":""Keystone consolidated total net leverage under firm valuation perimeter"",""type"":""perimeter""}"
claim:1110,claim,,"{""deal"":""keystone"",""derivation"":null,""direction"":""context"",""epistemic"":""attested"",""id"":""claim:1110"",""locator"":""keystone_lbo_model_working.xlsx::Combined_Risk!81:99:Combined_Risk!A99:V99"",""statement"":""Gross leverage is defined as gross debt divided by LTM firm EBITDA."",""type"":""claim"",""unit"":""x"",""value"":""""}"
perimeter:keystone_consolidated_gross_leverage_under_firm_valuation_perimeter,perimeter,Keystone consolidated gross leverage under firm valuation perimeter,"{""id"":""perimeter:keystone_consolidated_gross_leverage_under_firm_valuation_perimeter"",""label"":""Keystone consolidated gross leverage under firm valuation perimeter"",""type"":""perimeter""}"
claim:1111,claim,,"{""deal"":""keystone"",""derivation"":null,""direction"":""context"",""epistemic"":""attested"",""id"":""claim:1111"",""locator"":""keystone_lbo_model_working.xlsx::Debt_Covenants!1:28:Debt_Covenants sheet, rows 4–5, Facility Terms table"",""statement"":""First-lien term loan commitment is $42.8m with opening draw of $42.8m, maturing Mar-31-2032, priced at SOFR + 5.50%, with 1.0% annual amortization."",""type"":""claim"",""unit"":""$m"",""value"":""42.8""}"
perimeter:keystone_consolidated_debt_facilities,perimeter,Keystone consolidated debt facilities,"{""id"":""perimeter:keystone_consolidated_debt_facilities"",""label"":""Keystone consolidated debt facilities"",""type"":""perimeter""}"
claim:1112,claim,,"{""deal"":""keystone"",""derivation"":null,""direction"":""context"",""epistemic"":""attested"",""id"":""claim:1112"",""locator"":""keystone_lbo_model_working.xlsx::Debt_Covenants!1:28:Debt_Covenants sheet, rows 4–6, Facility Terms table"",""statement"":""Revolver commitment is $7.5m with opening draw of $0m, maturing Sep-30-2031, priced at SOFR + 5.00%, with no amortization."",""type"":""claim"",""unit"":""$m"",""value"":""7.5""}"
claim:1113,claim,,"{""deal"":""keystone"",""derivation"":null,""direction"":""context"",""epistemic"":""attested"",""id"":""claim:1113"",""locator"":""keystone_lbo_model_working.xlsx::Debt_Covenants!1:28:Debt_Covenants sheet, rows 4–7, Facility Terms table"",""statement"":""DDTL commitment is $10m with opening draw of $0m, maturing Mar-31-2032, priced at SOFR + 5.75%, with 1.0% annual amortization after draw."",""type"":""claim"",""unit"":""$m"",""value"":""10.0""}"
claim:1114,claim,,"{""deal"":""keystone"",""derivation"":null,""direction"":""context"",""epistemic"":""attested"",""id"":""claim:1114"",""locator"":""keystone_lbo_model_working.xlsx::Debt_Covenants!1:28:Debt_Covenants sheet, rows 9–11, Original Financial Covenants table"",""statement"":""Total net leverage covenant threshold is 4.25x through 2027, tested quarterly, with steps down thereafter."",""type"":""claim"",""unit"":""x"",""value"":""4.25""}"
perimeter:keystone_consolidated_total_net_leverage_covenant_definition,perimeter,Keystone consolidated total net leverage covenant definition,"{""id"":""perimeter:keystone_consolidated_total_net_leverage_covenant_definition"",""label"":""Keystone consolidated total net leverage covenant definition"",""type"":""perimeter""}"
claim:1115,claim,,"{""deal"":""keystone"",""derivation"":null,""direction"":""context"",""epistemic"":""attested"",""id"":""claim:1115"",""locator"":""keystone_lbo_model_working.xlsx::Debt_Covenants!1:28:Debt_Covenants sheet, rows 9–12, Original Financial Covenants table"",""statement"":""Fixed charge coverage covenant minimum is 1.25x, tested quarterly on LTM basis."",""type"":""claim"",""unit"":""x"",""value"":""1.25""}"
perimeter:keystone_consolidated_fixed_charge_coverage_covenant_definition,perimeter,Keystone consolidated fixed charge coverage covenant definition,"{""id"":""perimeter:keystone_consolidated_fixed_charge_coverage_covenant_definition"",""label"":""Keystone consolidated fixed charge coverage covenant definition"",""type"":""perimeter""}"
claim:1116,claim,,"{""deal"":""keystone"",""derivation"":null,""direction"":""context"",""epistemic"":""attested"",""id"":""claim:1116"",""locator"":""keystone_lbo_model_working.xlsx::Debt_Covenants!1:28:Debt_Covenants sheet, rows 9–13, Original Financial Covenants table"",""statement"":""Minimum liquidity covenant is $3.0m, tested monthly, measured as cash plus revolver availability."",""type"":""claim"",""unit"":""$m"",""value"":""3.0""}"
perimeter:keystone_consolidated_minimum_liquidity_covenant_definition,perimeter,Keystone consolidated minimum liquidity covenant definition,"{""id"":""perimeter:keystone_consolidated_minimum_liquidity_covenant_definition"",""label"":""Keystone consolidated minimum liquidity covenant definition"",""type"":""perimeter""}"
claim:1117,claim,,"{""deal"":""keystone"",""derivation"":null,""direction"":""context"",""epistemic"":""attested"",""id"":""claim:1117"",""locator"":""keystone_lbo_model_working.xlsx::Debt_Covenants!1:28:Debt_Covenants sheet, rows 9–14, Original Financial Covenants table"",""statement"":""Eligible cash netting cap is $5.0m, tested quarterly, covenant only."",""type"":""claim"",""unit"":""$m"",""value"":""5.0""}"
perimeter:keystone_consolidated_eligible_cash_netting_covenant_definition,perimeter,Keystone consolidated eligible cash netting covenant definition,"{""id"":""perimeter:keystone_consolidated_eligible_cash_netting_covenant_definition"",""label"":""Keystone consolidated eligible cash netting covenant definition"",""type"":""perimeter""}"
claim:1118,claim,,"{""deal"":""keystone"",""derivation"":null,""direction"":""context"",""epistemic"":""attested"",""id"":""claim:1118"",""locator"":""keystone_lbo_model_working.xlsx::Debt_Covenants!1:28:Debt_Covenants sheet, rows 9–15, Original Financial Covenants table"",""statement"":""Add-back cap is 20% of pre-adjustment EBITDA, tested quarterly."",""type"":""claim"",""unit"":""%"",""value"":""20.0""}"
perimeter:keystone_consolidated_add-back_cap_covenant_definition,perimeter,Keystone consolidated add-back cap covenant definition,"{""id"":""perimeter:keystone_consolidated_add-back_cap_covenant_definition"",""label"":""Keystone consolidated add-back cap covenant definition"",""type"":""perimeter""}"
claim:1119,claim,,"{""deal"":""keystone"",""derivation"":null,""direction"":""context"",""epistemic"":""attested"",""id"":""claim:1119"",""locator"":""keystone_lbo_model_working.xlsx::Debt_Covenants!1:28:Debt_Covenants sheet, row 19, June 30, 2027 Compliance Certificate Reference Metrics"",""statement"":""LTM reported EBITDA as of June 30, 2027 is $9.4m."",""type"":""claim"",""unit"":""$m"",""value"":""9.4""}"
period:ltm,period,LTM,"{""id"":""period:ltm"",""label"":""LTM"",""type"":""period""}"
"perimeter:keystone_consolidated_ltm_reported_ebitda_as_of_june_30,_2027",perimeter,"Keystone consolidated LTM reported EBITDA as of June 30, 2027","{""id"":""perimeter:keystone_consolidated_ltm_reported_ebitda_as_of_june_30,_2027"",""label"":""Keystone consolidated LTM reported EBITDA as of June 30, 2027"",""type"":""perimeter""}"
claim:1120,claim,,"{""deal"":""keystone"",""derivation"":null,""direction"":""context"",""epistemic"":""attested"",""id"":""claim:1120"",""locator"":""keystone_lbo_model_working.xlsx::Debt_Covenants!1:28:Debt_Covenants sheet, row 20, June 30, 2027 Compliance Certificate Reference Metrics"",""statement"":""LTM add-backs as of June 30, 2027 are $1.4m, subject to 15% cap of $1.41m."",""type"":""claim"",""unit"":""$m"",""value"":""1.4""}"
"perimeter:keystone_consolidated_ltm_add-backs_subject_to_15%_cap_as_of_june_30,_2027",perimeter,"Keystone consolidated LTM add-backs subject to 15% cap as of June 30, 2027","{""id"":""perimeter:keystone_consolidated_ltm_add-backs_subject_to_15%_cap_as_of_june_30,_2027"",""label"":""Keystone consolidated LTM add-backs subject to 15% cap as of June 30, 2027"",""type"":""perimeter""}"
claim:1121,claim,,"{""deal"":""keystone"",""derivation"":null,""direction"":""context"",""epistemic"":""attested"",""id"":""claim:1121"",""locator"":""keystone_lbo_model_working.xlsx::Debt_Covenants!1:28:Debt_Covenants sheet, row 21, June 30, 2027 Compliance Certificate Reference Metrics"",""statement"":""LTM covenant EBITDA as of June 30, 2027 is $10.8m."",""type"":""claim"",""unit"":""$m"",""value"":""10.8""}"
"perimeter:keystone_consolidated_ltm_covenant_ebitda_as_of_june_30,_2027",perimeter,"Keystone consolidated LTM covenant EBITDA as of June 30, 2027","{""id"":""perimeter:keystone_consolidated_ltm_covenant_ebitda_as_of_june_30,_2027"",""label"":""Keystone consolidated LTM covenant EBITDA as of June 30, 2027"",""type"":""perimeter""}"
claim:1122,claim,,"{""deal"":""keystone"",""derivation"":null,""direction"":""context"",""epistemic"":""attested"",""id"":""claim:1122"",""locator"":""keystone_lbo_model_working.xlsx::Debt_Covenants!1:28:Debt_Covenants sheet, row 22, June 30, 2027 Compliance Certificate Reference Metrics"",""statement"":""Gross debt as of June 30, 2027 is $53m."",""type"":""claim"",""unit"":""$m"",""value"":""53.0""}"
"period:as_of_june_30,_2027",period,"As of June 30, 2027","{""id"":""period:as_of_june_30,_2027"",""label"":""As of June 30, 2027"",""type"":""period""}"
"perimeter:keystone_consolidated_gross_debt_as_of_june_30,_2027",perimeter,"Keystone consolidated gross debt as of June 30, 2027","{""id"":""perimeter:keystone_consolidated_gross_debt_as_of_june_30,_2027"",""label"":""Keystone consolidated gross debt as of June 30, 2027"",""type"":""perimeter""}"
claim:1123,claim,,"{""deal"":""keystone"",""derivation"":null,""direction"":""context"",""epistemic"":""attested"",""id"":""claim:1123"",""locator"":""keystone_lbo_model_working.xlsx::Debt_Covenants!1:28:Debt_Covenants sheet, row 24, June 30, 2027 Compliance Certificate Reference Metrics"",""statement"":""Covenant net debt as of June 30, 2027 is $50.8m."",""type"":""claim"",""unit"":""$m"",""value"":""50.8""}"
"perimeter:keystone_consolidated_covenant_net_debt_as_of_june_30,_2027",perimeter,"Keystone consolidated covenant net debt as of June 30, 2027","{""id"":""perimeter:keystone_consolidated_covenant_net_debt_as_of_june_30,_2027"",""label"":""Keystone consolidated covenant net debt as of June 30, 2027"",""type"":""perimeter""}"
claim:1124,claim,,"{""deal"":""keystone"",""derivation"":null,""direction"":""contradicts"",""epistemic"":""attested"",""id"":""claim:1124"",""locator"":""keystone_lbo_model_working.xlsx::Debt_Covenants!1:28:Debt_Covenants sheet, row 25, June 30, 2027 Compliance Certificate Reference Metrics"",""statement"":""Total net leverage as of June 30, 2027 is 4.7x, exceeding the 4.25x maximum covenant threshold."",""type"":""claim"",""unit"":""x"",""value"":""4.7""}"
"perimeter:keystone_consolidated_total_net_leverage_as_of_june_30,_2027",perimeter,"Keystone consolidated total net leverage as of June 30, 2027","{""id"":""perimeter:keystone_consolidated_total_net_leverage_as_of_june_30,_2027"",""label"":""Keystone consolidated total net leverage as of June 30, 2027"",""type"":""perimeter""}"
claim:1125,claim,,"{""deal"":""keystone"",""derivation"":null,""direction"":""contradicts"",""epistemic"":""attested"",""id"":""claim:1125"",""locator"":""keystone_lbo_model_working.xlsx::Debt_Covenants!1:28:Debt_Covenants sheet, row 27, June 30, 2027 Compliance Certificate Reference Metrics"",""statement"":""Revolver availability as of June 30, 2027 is $0.72m."",""type"":""claim"",""unit"":""$m"",""value"":""0.72""}"
"perimeter:keystone_consolidated_revolver_availability_as_of_june_30,_2027",perimeter,"Keystone consolidated revolver availability as of June 30, 2027","{""id"":""perimeter:keystone_consolidated_revolver_availability_as_of_june_30,_2027"",""label"":""Keystone consolidated revolver availability as of June 30, 2027"",""type"":""perimeter""}"
claim:1126,claim,,"{""deal"":""keystone"",""derivation"":null,""direction"":""contradicts"",""epistemic"":""attested"",""id"":""claim:1126"",""locator"":""keystone_lbo_model_working.xlsx::Debt_Covenants!1:28:Debt_Covenants sheet, row 28, June 30, 2027 Compliance Certificate Reference Metrics"",""statement"":""Liquidity as of June 30, 2027 is $2.92m, below the $3.0m minimum covenant requirement."",""type"":""claim"",""unit"":""$m"",""value"":""2.92""}"
"perimeter:keystone_consolidated_liquidity_as_of_june_30,_2027",perimeter,"Keystone consolidated liquidity as of June 30, 2027","{""id"":""perimeter:keystone_consolidated_liquidity_as_of_june_30,_2027"",""label"":""Keystone consolidated liquidity as of June 30, 2027"",""type"":""perimeter""}"
