src,tgt,rel,data
claim:0000,entity:astrelia,ABOUT,"{""rel"": ""ABOUT"", ""source"": ""claim:0000"", ""target"": ""entity:astrelia""}"
claim:0000,metric:revenue,MEASURES,"{""rel"": ""MEASURES"", ""source"": ""claim:0000"", ""target"": ""metric:revenue""}"
claim:0000,period:fy24a,IN_PERIOD,"{""rel"": ""IN_PERIOD"", ""source"": ""claim:0000"", ""target"": ""period:fy24a""}"
claim:0000,perimeter:astrelia_consolidated_revenue,SCOPED_TO,"{""rel"": ""SCOPED_TO"", ""source"": ""claim:0000"", ""target"": ""perimeter:astrelia_consolidated_revenue""}"
claim:0000,source:business_plan_extract,FROM_SOURCE,"{""rel"": ""FROM_SOURCE"", ""source"": ""claim:0000"", ""target"": ""source:business_plan_extract""}"
claim:0000,author:astrelia_management,BY_AUTHOR,"{""rel"": ""BY_AUTHOR"", ""source"": ""claim:0000"", ""target"": ""author:astrelia_management""}"
claim:0000,claim:0001,TRACKS,"{""rel"": ""TRACKS"", ""source"": ""claim:0000"", ""target"": ""claim:0001""}"
claim:0000,claim:0002,TRACKS,"{""rel"": ""TRACKS"", ""source"": ""claim:0000"", ""target"": ""claim:0002""}"
claim:0000,claim:0003,TRACKS,"{""rel"": ""TRACKS"", ""source"": ""claim:0000"", ""target"": ""claim:0003""}"
claim:0000,claim:0004,TRACKS,"{""rel"": ""TRACKS"", ""source"": ""claim:0000"", ""target"": ""claim:0004""}"
claim:0000,claim:0005,TRACKS,"{""rel"": ""TRACKS"", ""source"": ""claim:0000"", ""target"": ""claim:0005""}"
claim:0000,claim:0006,TRACKS,"{""rel"": ""TRACKS"", ""source"": ""claim:0000"", ""target"": ""claim:0006""}"
claim:0000,claim:0029,TRACKS,"{""rel"": ""TRACKS"", ""source"": ""claim:0000"", ""target"": ""claim:0029""}"
claim:0000,claim:0030,TRACKS,"{""rel"": ""TRACKS"", ""source"": ""claim:0000"", ""target"": ""claim:0030""}"
claim:0000,claim:0031,TRACKS,"{""rel"": ""TRACKS"", ""source"": ""claim:0000"", ""target"": ""claim:0031""}"
claim:0000,claim:0032,TRACKS,"{""rel"": ""TRACKS"", ""source"": ""claim:0000"", ""target"": ""claim:0032""}"
claim:0000,claim:0035,TRACKS,"{""rel"": ""TRACKS"", ""source"": ""claim:0000"", ""target"": ""claim:0035""}"
claim:0000,claim:0038,TRACKS,"{""rel"": ""TRACKS"", ""source"": ""claim:0000"", ""target"": ""claim:0038""}"
claim:0000,claim:0051,REFINES,"{""rel"": ""REFINES"", ""source"": ""claim:0000"", ""target"": ""claim:0051""}"
claim:0000,claim:0052,TRACKS,"{""rel"": ""TRACKS"", ""source"": ""claim:0000"", ""target"": ""claim:0052""}"
claim:0000,claim:0053,TRACKS,"{""rel"": ""TRACKS"", ""source"": ""claim:0000"", ""target"": ""claim:0053""}"
claim:0000,claim:0054,TRACKS,"{""rel"": ""TRACKS"", ""source"": ""claim:0000"", ""target"": ""claim:0054""}"
claim:0000,claim:0055,TRACKS,"{""rel"": ""TRACKS"", ""source"": ""claim:0000"", ""target"": ""claim:0055""}"
claim:0000,claim:0056,TRACKS,"{""rel"": ""TRACKS"", ""source"": ""claim:0000"", ""target"": ""claim:0056""}"
claim:0000,claim:0057,TRACKS,"{""rel"": ""TRACKS"", ""source"": ""claim:0000"", ""target"": ""claim:0057""}"
claim:0000,claim:0058,REFINES,"{""rel"": ""REFINES"", ""source"": ""claim:0000"", ""target"": ""claim:0058""}"
claim:0000,claim:0059,TRACKS,"{""rel"": ""TRACKS"", ""source"": ""claim:0000"", ""target"": ""claim:0059""}"
claim:0000,claim:0060,TRACKS,"{""rel"": ""TRACKS"", ""source"": ""claim:0000"", ""target"": ""claim:0060""}"
claim:0000,claim:0061,TRACKS,"{""rel"": ""TRACKS"", ""source"": ""claim:0000"", ""target"": ""claim:0061""}"
claim:0000,claim:0062,TRACKS,"{""rel"": ""TRACKS"", ""source"": ""claim:0000"", ""target"": ""claim:0062""}"
claim:0000,claim:0063,TRACKS,"{""rel"": ""TRACKS"", ""source"": ""claim:0000"", ""target"": ""claim:0063""}"
claim:0000,claim:0064,TRACKS,"{""rel"": ""TRACKS"", ""source"": ""claim:0000"", ""target"": ""claim:0064""}"
claim:0000,claim:0065,REFINES,"{""rel"": ""REFINES"", ""source"": ""claim:0000"", ""target"": ""claim:0065""}"
claim:0000,claim:0066,TRACKS,"{""rel"": ""TRACKS"", ""source"": ""claim:0000"", ""target"": ""claim:0066""}"
claim:0000,claim:0067,TRACKS,"{""rel"": ""TRACKS"", ""source"": ""claim:0000"", ""target"": ""claim:0067""}"
claim:0000,claim:0068,TRACKS,"{""rel"": ""TRACKS"", ""source"": ""claim:0000"", ""target"": ""claim:0068""}"
claim:0000,claim:0069,TRACKS,"{""rel"": ""TRACKS"", ""source"": ""claim:0000"", ""target"": ""claim:0069""}"
claim:0000,claim:0070,TRACKS,"{""rel"": ""TRACKS"", ""source"": ""claim:0000"", ""target"": ""claim:0070""}"
claim:0000,claim:0071,TRACKS,"{""rel"": ""TRACKS"", ""source"": ""claim:0000"", ""target"": ""claim:0071""}"
claim:0000,claim:0072,REFINES,"{""rel"": ""REFINES"", ""source"": ""claim:0000"", ""target"": ""claim:0072""}"
claim:0000,claim:0073,TRACKS,"{""rel"": ""TRACKS"", ""source"": ""claim:0000"", ""target"": ""claim:0073""}"
claim:0000,claim:0074,TRACKS,"{""rel"": ""TRACKS"", ""source"": ""claim:0000"", ""target"": ""claim:0074""}"
claim:0000,claim:0075,TRACKS,"{""rel"": ""TRACKS"", ""source"": ""claim:0000"", ""target"": ""claim:0075""}"
claim:0001,entity:astrelia,ABOUT,"{""rel"": ""ABOUT"", ""source"": ""claim:0001"", ""target"": ""entity:astrelia""}"
claim:0001,metric:revenue,MEASURES,"{""rel"": ""MEASURES"", ""source"": ""claim:0001"", ""target"": ""metric:revenue""}"
claim:0001,period:fy25a,IN_PERIOD,"{""rel"": ""IN_PERIOD"", ""source"": ""claim:0001"", ""target"": ""period:fy25a""}"
claim:0001,perimeter:astrelia_consolidated_revenue,SCOPED_TO,"{""rel"": ""SCOPED_TO"", ""source"": ""claim:0001"", ""target"": ""perimeter:astrelia_consolidated_revenue""}"
claim:0001,source:business_plan_extract,FROM_SOURCE,"{""rel"": ""FROM_SOURCE"", ""source"": ""claim:0001"", ""target"": ""source:business_plan_extract""}"
claim:0001,author:astrelia_management,BY_AUTHOR,"{""rel"": ""BY_AUTHOR"", ""source"": ""claim:0001"", ""target"": ""author:astrelia_management""}"
claim:0001,claim:0002,TRACKS,"{""rel"": ""TRACKS"", ""source"": ""claim:0001"", ""target"": ""claim:0002""}"
claim:0001,claim:0003,TRACKS,"{""rel"": ""TRACKS"", ""source"": ""claim:0001"", ""target"": ""claim:0003""}"
claim:0001,claim:0004,TRACKS,"{""rel"": ""TRACKS"", ""source"": ""claim:0001"", ""target"": ""claim:0004""}"
claim:0001,claim:0005,TRACKS,"{""rel"": ""TRACKS"", ""source"": ""claim:0001"", ""target"": ""claim:0005""}"
claim:0001,claim:0006,TRACKS,"{""rel"": ""TRACKS"", ""source"": ""claim:0001"", ""target"": ""claim:0006""}"
claim:0001,claim:0029,TRACKS,"{""rel"": ""TRACKS"", ""source"": ""claim:0001"", ""target"": ""claim:0029""}"
claim:0001,claim:0030,TRACKS,"{""rel"": ""TRACKS"", ""source"": ""claim:0001"", ""target"": ""claim:0030""}"
claim:0001,claim:0031,TRACKS,"{""rel"": ""TRACKS"", ""source"": ""claim:0001"", ""target"": ""claim:0031""}"
claim:0001,claim:0032,TRACKS,"{""rel"": ""TRACKS"", ""source"": ""claim:0001"", ""target"": ""claim:0032""}"
claim:0001,claim:0035,TRACKS,"{""rel"": ""TRACKS"", ""source"": ""claim:0001"", ""target"": ""claim:0035""}"
claim:0001,claim:0038,TRACKS,"{""rel"": ""TRACKS"", ""source"": ""claim:0001"", ""target"": ""claim:0038""}"
claim:0001,claim:0051,TRACKS,"{""rel"": ""TRACKS"", ""source"": ""claim:0001"", ""target"": ""claim:0051""}"
claim:0001,claim:0052,REFINES,"{""rel"": ""REFINES"", ""source"": ""claim:0001"", ""target"": ""claim:0052""}"
claim:0001,claim:0053,TRACKS,"{""rel"": ""TRACKS"", ""source"": ""claim:0001"", ""target"": ""claim:0053""}"
claim:0001,claim:0054,TRACKS,"{""rel"": ""TRACKS"", ""source"": ""claim:0001"", ""target"": ""claim:0054""}"
claim:0001,claim:0055,TRACKS,"{""rel"": ""TRACKS"", ""source"": ""claim:0001"", ""target"": ""claim:0055""}"
claim:0001,claim:0056,TRACKS,"{""rel"": ""TRACKS"", ""source"": ""claim:0001"", ""target"": ""claim:0056""}"
claim:0001,claim:0057,TRACKS,"{""rel"": ""TRACKS"", ""source"": ""claim:0001"", ""target"": ""claim:0057""}"
claim:0001,claim:0058,TRACKS,"{""rel"": ""TRACKS"", ""source"": ""claim:0001"", ""target"": ""claim:0058""}"
claim:0001,claim:0059,REFINES,"{""rel"": ""REFINES"", ""source"": ""claim:0001"", ""target"": ""claim:0059""}"
claim:0001,claim:0060,TRACKS,"{""rel"": ""TRACKS"", ""source"": ""claim:0001"", ""target"": ""claim:0060""}"
claim:0001,claim:0061,TRACKS,"{""rel"": ""TRACKS"", ""source"": ""claim:0001"", ""target"": ""claim:0061""}"
claim:0001,claim:0062,TRACKS,"{""rel"": ""TRACKS"", ""source"": ""claim:0001"", ""target"": ""claim:0062""}"
claim:0001,claim:0063,TRACKS,"{""rel"": ""TRACKS"", ""source"": ""claim:0001"", ""target"": ""claim:0063""}"
claim:0001,claim:0064,TRACKS,"{""rel"": ""TRACKS"", ""source"": ""claim:0001"", ""target"": ""claim:0064""}"
claim:0001,claim:0065,TRACKS,"{""rel"": ""TRACKS"", ""source"": ""claim:0001"", ""target"": ""claim:0065""}"
claim:0001,claim:0066,REFINES,"{""rel"": ""REFINES"", ""source"": ""claim:0001"", ""target"": ""claim:0066""}"
claim:0001,claim:0067,TRACKS,"{""rel"": ""TRACKS"", ""source"": ""claim:0001"", ""target"": ""claim:0067""}"
claim:0001,claim:0068,TRACKS,"{""rel"": ""TRACKS"", ""source"": ""claim:0001"", ""target"": ""claim:0068""}"
claim:0001,claim:0069,TRACKS,"{""rel"": ""TRACKS"", ""source"": ""claim:0001"", ""target"": ""claim:0069""}"
claim:0001,claim:0070,TRACKS,"{""rel"": ""TRACKS"", ""source"": ""claim:0001"", ""target"": ""claim:0070""}"
claim:0001,claim:0071,TRACKS,"{""rel"": ""TRACKS"", ""source"": ""claim:0001"", ""target"": ""claim:0071""}"
claim:0001,claim:0072,TRACKS,"{""rel"": ""TRACKS"", ""source"": ""claim:0001"", ""target"": ""claim:0072""}"
claim:0001,claim:0073,REFINES,"{""rel"": ""REFINES"", ""source"": ""claim:0001"", ""target"": ""claim:0073""}"
claim:0001,claim:0074,TRACKS,"{""rel"": ""TRACKS"", ""source"": ""claim:0001"", ""target"": ""claim:0074""}"
claim:0001,claim:0075,TRACKS,"{""rel"": ""TRACKS"", ""source"": ""claim:0001"", ""target"": ""claim:0075""}"
claim:0002,entity:astrelia,ABOUT,"{""rel"": ""ABOUT"", ""source"": ""claim:0002"", ""target"": ""entity:astrelia""}"
claim:0002,metric:revenue,MEASURES,"{""rel"": ""MEASURES"", ""source"": ""claim:0002"", ""target"": ""metric:revenue""}"
claim:0002,period:fy26e,IN_PERIOD,"{""rel"": ""IN_PERIOD"", ""source"": ""claim:0002"", ""target"": ""period:fy26e""}"
claim:0002,"perimeter:astrelia_consolidated_revenue,_management_forecast",SCOPED_TO,"{""rel"": ""SCOPED_TO"", ""source"": ""claim:0002"", ""target"": ""perimeter:astrelia_consolidated_revenue,_management_forecast""}"
claim:0002,source:business_plan_extract,FROM_SOURCE,"{""rel"": ""FROM_SOURCE"", ""source"": ""claim:0002"", ""target"": ""source:business_plan_extract""}"
claim:0002,author:astrelia_management,BY_AUTHOR,"{""rel"": ""BY_AUTHOR"", ""source"": ""claim:0002"", ""target"": ""author:astrelia_management""}"
claim:0002,claim:0003,TRACKS,"{""rel"": ""TRACKS"", ""source"": ""claim:0002"", ""target"": ""claim:0003""}"
claim:0002,claim:0004,TRACKS,"{""rel"": ""TRACKS"", ""source"": ""claim:0002"", ""target"": ""claim:0004""}"
claim:0002,claim:0005,TRACKS,"{""rel"": ""TRACKS"", ""source"": ""claim:0002"", ""target"": ""claim:0005""}"
claim:0002,claim:0006,TRACKS,"{""rel"": ""TRACKS"", ""source"": ""claim:0002"", ""target"": ""claim:0006""}"
claim:0002,claim:0029,TRACKS,"{""rel"": ""TRACKS"", ""source"": ""claim:0002"", ""target"": ""claim:0029""}"
claim:0002,claim:0030,TRACKS,"{""rel"": ""TRACKS"", ""source"": ""claim:0002"", ""target"": ""claim:0030""}"
claim:0002,claim:0031,TRACKS,"{""rel"": ""TRACKS"", ""source"": ""claim:0002"", ""target"": ""claim:0031""}"
claim:0002,claim:0032,TRACKS,"{""rel"": ""TRACKS"", ""source"": ""claim:0002"", ""target"": ""claim:0032""}"
claim:0002,claim:0035,TRACKS,"{""rel"": ""TRACKS"", ""source"": ""claim:0002"", ""target"": ""claim:0035""}"
claim:0002,claim:0038,TRACKS,"{""rel"": ""TRACKS"", ""source"": ""claim:0002"", ""target"": ""claim:0038""}"
claim:0002,claim:0051,TRACKS,"{""rel"": ""TRACKS"", ""source"": ""claim:0002"", ""target"": ""claim:0051""}"
claim:0002,claim:0052,TRACKS,"{""rel"": ""TRACKS"", ""source"": ""claim:0002"", ""target"": ""claim:0052""}"
claim:0002,claim:0053,REFINES,"{""rel"": ""REFINES"", ""source"": ""claim:0002"", ""target"": ""claim:0053""}"
claim:0002,claim:0054,TRACKS,"{""rel"": ""TRACKS"", ""source"": ""claim:0002"", ""target"": ""claim:0054""}"
claim:0002,claim:0055,TRACKS,"{""rel"": ""TRACKS"", ""source"": ""claim:0002"", ""target"": ""claim:0055""}"
claim:0002,claim:0056,TRACKS,"{""rel"": ""TRACKS"", ""source"": ""claim:0002"", ""target"": ""claim:0056""}"
claim:0002,claim:0057,TRACKS,"{""rel"": ""TRACKS"", ""source"": ""claim:0002"", ""target"": ""claim:0057""}"
claim:0002,claim:0058,TRACKS,"{""rel"": ""TRACKS"", ""source"": ""claim:0002"", ""target"": ""claim:0058""}"
claim:0002,claim:0059,TRACKS,"{""rel"": ""TRACKS"", ""source"": ""claim:0002"", ""target"": ""claim:0059""}"
claim:0002,claim:0060,REFINES,"{""rel"": ""REFINES"", ""source"": ""claim:0002"", ""target"": ""claim:0060""}"
claim:0002,claim:0061,TRACKS,"{""rel"": ""TRACKS"", ""source"": ""claim:0002"", ""target"": ""claim:0061""}"
claim:0002,claim:0062,TRACKS,"{""rel"": ""TRACKS"", ""source"": ""claim:0002"", ""target"": ""claim:0062""}"
claim:0002,claim:0063,TRACKS,"{""rel"": ""TRACKS"", ""source"": ""claim:0002"", ""target"": ""claim:0063""}"
claim:0002,claim:0064,TRACKS,"{""rel"": ""TRACKS"", ""source"": ""claim:0002"", ""target"": ""claim:0064""}"
claim:0002,claim:0065,TRACKS,"{""rel"": ""TRACKS"", ""source"": ""claim:0002"", ""target"": ""claim:0065""}"
claim:0002,claim:0066,TRACKS,"{""rel"": ""TRACKS"", ""source"": ""claim:0002"", ""target"": ""claim:0066""}"
claim:0002,claim:0067,REFINES,"{""rel"": ""REFINES"", ""source"": ""claim:0002"", ""target"": ""claim:0067""}"
claim:0002,claim:0068,TRACKS,"{""rel"": ""TRACKS"", ""source"": ""claim:0002"", ""target"": ""claim:0068""}"
claim:0002,claim:0069,TRACKS,"{""rel"": ""TRACKS"", ""source"": ""claim:0002"", ""target"": ""claim:0069""}"
claim:0002,claim:0070,TRACKS,"{""rel"": ""TRACKS"", ""source"": ""claim:0002"", ""target"": ""claim:0070""}"
claim:0002,claim:0071,TRACKS,"{""rel"": ""TRACKS"", ""source"": ""claim:0002"", ""target"": ""claim:0071""}"
claim:0002,claim:0072,TRACKS,"{""rel"": ""TRACKS"", ""source"": ""claim:0002"", ""target"": ""claim:0072""}"
claim:0002,claim:0073,TRACKS,"{""rel"": ""TRACKS"", ""source"": ""claim:0002"", ""target"": ""claim:0073""}"
claim:0002,claim:0074,REFINES,"{""rel"": ""REFINES"", ""source"": ""claim:0002"", ""target"": ""claim:0074""}"
claim:0002,claim:0075,TRACKS,"{""rel"": ""TRACKS"", ""source"": ""claim:0002"", ""target"": ""claim:0075""}"
claim:0003,entity:astrelia,ABOUT,"{""rel"": ""ABOUT"", ""source"": ""claim:0003"", ""target"": ""entity:astrelia""}"
claim:0003,metric:revenue,MEASURES,"{""rel"": ""MEASURES"", ""source"": ""claim:0003"", ""target"": ""metric:revenue""}"
claim:0003,period:fy27e,IN_PERIOD,"{""rel"": ""IN_PERIOD"", ""source"": ""claim:0003"", ""target"": ""period:fy27e""}"
claim:0003,"perimeter:astrelia_consolidated_revenue,_management_forecast",SCOPED_TO,"{""rel"": ""SCOPED_TO"", ""source"": ""claim:0003"", ""target"": ""perimeter:astrelia_consolidated_revenue,_management_forecast""}"
claim:0003,source:business_plan_extract,FROM_SOURCE,"{""rel"": ""FROM_SOURCE"", ""source"": ""claim:0003"", ""target"": ""source:business_plan_extract""}"
claim:0003,author:astrelia_management,BY_AUTHOR,"{""rel"": ""BY_AUTHOR"", ""source"": ""claim:0003"", ""target"": ""author:astrelia_management""}"
claim:0003,claim:0004,TRACKS,"{""rel"": ""TRACKS"", ""source"": ""claim:0003"", ""target"": ""claim:0004""}"
claim:0003,claim:0005,TRACKS,"{""rel"": ""TRACKS"", ""source"": ""claim:0003"", ""target"": ""claim:0005""}"
claim:0003,claim:0006,TRACKS,"{""rel"": ""TRACKS"", ""source"": ""claim:0003"", ""target"": ""claim:0006""}"
claim:0003,claim:0029,TRACKS,"{""rel"": ""TRACKS"", ""source"": ""claim:0003"", ""target"": ""claim:0029""}"
claim:0003,claim:0030,TRACKS,"{""rel"": ""TRACKS"", ""source"": ""claim:0003"", ""target"": ""claim:0030""}"
claim:0003,claim:0031,TRACKS,"{""rel"": ""TRACKS"", ""source"": ""claim:0003"", ""target"": ""claim:0031""}"
claim:0003,claim:0032,TRACKS,"{""rel"": ""TRACKS"", ""source"": ""claim:0003"", ""target"": ""claim:0032""}"
claim:0003,claim:0035,TRACKS,"{""rel"": ""TRACKS"", ""source"": ""claim:0003"", ""target"": ""claim:0035""}"
claim:0003,claim:0038,TRACKS,"{""rel"": ""TRACKS"", ""source"": ""claim:0003"", ""target"": ""claim:0038""}"
claim:0003,claim:0051,TRACKS,"{""rel"": ""TRACKS"", ""source"": ""claim:0003"", ""target"": ""claim:0051""}"
claim:0003,claim:0052,TRACKS,"{""rel"": ""TRACKS"", ""source"": ""claim:0003"", ""target"": ""claim:0052""}"
claim:0003,claim:0053,TRACKS,"{""rel"": ""TRACKS"", ""source"": ""claim:0003"", ""target"": ""claim:0053""}"
claim:0003,claim:0054,REFINES,"{""rel"": ""REFINES"", ""source"": ""claim:0003"", ""target"": ""claim:0054""}"
claim:0003,claim:0055,TRACKS,"{""rel"": ""TRACKS"", ""source"": ""claim:0003"", ""target"": ""claim:0055""}"
claim:0003,claim:0056,TRACKS,"{""rel"": ""TRACKS"", ""source"": ""claim:0003"", ""target"": ""claim:0056""}"
claim:0003,claim:0057,TRACKS,"{""rel"": ""TRACKS"", ""source"": ""claim:0003"", ""target"": ""claim:0057""}"
claim:0003,claim:0058,TRACKS,"{""rel"": ""TRACKS"", ""source"": ""claim:0003"", ""target"": ""claim:0058""}"
claim:0003,claim:0059,TRACKS,"{""rel"": ""TRACKS"", ""source"": ""claim:0003"", ""target"": ""claim:0059""}"
claim:0003,claim:0060,TRACKS,"{""rel"": ""TRACKS"", ""source"": ""claim:0003"", ""target"": ""claim:0060""}"
claim:0003,claim:0061,REFINES,"{""rel"": ""REFINES"", ""source"": ""claim:0003"", ""target"": ""claim:0061""}"
claim:0003,claim:0062,TRACKS,"{""rel"": ""TRACKS"", ""source"": ""claim:0003"", ""target"": ""claim:0062""}"
claim:0003,claim:0063,TRACKS,"{""rel"": ""TRACKS"", ""source"": ""claim:0003"", ""target"": ""claim:0063""}"
claim:0003,claim:0064,TRACKS,"{""rel"": ""TRACKS"", ""source"": ""claim:0003"", ""target"": ""claim:0064""}"
claim:0003,claim:0065,TRACKS,"{""rel"": ""TRACKS"", ""source"": ""claim:0003"", ""target"": ""claim:0065""}"
claim:0003,claim:0066,TRACKS,"{""rel"": ""TRACKS"", ""source"": ""claim:0003"", ""target"": ""claim:0066""}"
claim:0003,claim:0067,TRACKS,"{""rel"": ""TRACKS"", ""source"": ""claim:0003"", ""target"": ""claim:0067""}"
claim:0003,claim:0068,REFINES,"{""rel"": ""REFINES"", ""source"": ""claim:0003"", ""target"": ""claim:0068""}"
claim:0003,claim:0069,TRACKS,"{""rel"": ""TRACKS"", ""source"": ""claim:0003"", ""target"": ""claim:0069""}"
claim:0003,claim:0070,TRACKS,"{""rel"": ""TRACKS"", ""source"": ""claim:0003"", ""target"": ""claim:0070""}"
claim:0003,claim:0071,TRACKS,"{""rel"": ""TRACKS"", ""source"": ""claim:0003"", ""target"": ""claim:0071""}"
claim:0003,claim:0072,TRACKS,"{""rel"": ""TRACKS"", ""source"": ""claim:0003"", ""target"": ""claim:0072""}"
claim:0003,claim:0073,TRACKS,"{""rel"": ""TRACKS"", ""source"": ""claim:0003"", ""target"": ""claim:0073""}"
claim:0003,claim:0074,TRACKS,"{""rel"": ""TRACKS"", ""source"": ""claim:0003"", ""target"": ""claim:0074""}"
claim:0003,claim:0075,REFINES,"{""rel"": ""REFINES"", ""source"": ""claim:0003"", ""target"": ""claim:0075""}"
claim:0004,entity:astrelia,ABOUT,"{""rel"": ""ABOUT"", ""source"": ""claim:0004"", ""target"": ""entity:astrelia""}"
claim:0004,metric:revenue,MEASURES,"{""rel"": ""MEASURES"", ""source"": ""claim:0004"", ""target"": ""metric:revenue""}"
claim:0004,period:fy28e,IN_PERIOD,"{""rel"": ""IN_PERIOD"", ""source"": ""claim:0004"", ""target"": ""period:fy28e""}"
claim:0004,"perimeter:astrelia_consolidated_revenue,_management_forecast",SCOPED_TO,"{""rel"": ""SCOPED_TO"", ""source"": ""claim:0004"", ""target"": ""perimeter:astrelia_consolidated_revenue,_management_forecast""}"
claim:0004,source:business_plan_extract,FROM_SOURCE,"{""rel"": ""FROM_SOURCE"", ""source"": ""claim:0004"", ""target"": ""source:business_plan_extract""}"
claim:0004,author:astrelia_management,BY_AUTHOR,"{""rel"": ""BY_AUTHOR"", ""source"": ""claim:0004"", ""target"": ""author:astrelia_management""}"
claim:0004,claim:0005,TRACKS,"{""rel"": ""TRACKS"", ""source"": ""claim:0004"", ""target"": ""claim:0005""}"
claim:0004,claim:0006,TRACKS,"{""rel"": ""TRACKS"", ""source"": ""claim:0004"", ""target"": ""claim:0006""}"
claim:0004,claim:0029,TRACKS,"{""rel"": ""TRACKS"", ""source"": ""claim:0004"", ""target"": ""claim:0029""}"
claim:0004,claim:0030,TRACKS,"{""rel"": ""TRACKS"", ""source"": ""claim:0004"", ""target"": ""claim:0030""}"
claim:0004,claim:0031,TRACKS,"{""rel"": ""TRACKS"", ""source"": ""claim:0004"", ""target"": ""claim:0031""}"
claim:0004,claim:0032,TRACKS,"{""rel"": ""TRACKS"", ""source"": ""claim:0004"", ""target"": ""claim:0032""}"
claim:0004,claim:0035,TRACKS,"{""rel"": ""TRACKS"", ""source"": ""claim:0004"", ""target"": ""claim:0035""}"
claim:0004,claim:0038,TRACKS,"{""rel"": ""TRACKS"", ""source"": ""claim:0004"", ""target"": ""claim:0038""}"
claim:0004,claim:0051,TRACKS,"{""rel"": ""TRACKS"", ""source"": ""claim:0004"", ""target"": ""claim:0051""}"
claim:0004,claim:0052,TRACKS,"{""rel"": ""TRACKS"", ""source"": ""claim:0004"", ""target"": ""claim:0052""}"
claim:0004,claim:0053,TRACKS,"{""rel"": ""TRACKS"", ""source"": ""claim:0004"", ""target"": ""claim:0053""}"
claim:0004,claim:0054,TRACKS,"{""rel"": ""TRACKS"", ""source"": ""claim:0004"", ""target"": ""claim:0054""}"
claim:0004,claim:0055,REFINES,"{""rel"": ""REFINES"", ""source"": ""claim:0004"", ""target"": ""claim:0055""}"
claim:0004,claim:0056,TRACKS,"{""rel"": ""TRACKS"", ""source"": ""claim:0004"", ""target"": ""claim:0056""}"
claim:0004,claim:0057,TRACKS,"{""rel"": ""TRACKS"", ""source"": ""claim:0004"", ""target"": ""claim:0057""}"
claim:0004,claim:0058,TRACKS,"{""rel"": ""TRACKS"", ""source"": ""claim:0004"", ""target"": ""claim:0058""}"
claim:0004,claim:0059,TRACKS,"{""rel"": ""TRACKS"", ""source"": ""claim:0004"", ""target"": ""claim:0059""}"
claim:0004,claim:0060,TRACKS,"{""rel"": ""TRACKS"", ""source"": ""claim:0004"", ""target"": ""claim:0060""}"
claim:0004,claim:0061,TRACKS,"{""rel"": ""TRACKS"", ""source"": ""claim:0004"", ""target"": ""claim:0061""}"
claim:0004,claim:0062,REFINES,"{""rel"": ""REFINES"", ""source"": ""claim:0004"", ""target"": ""claim:0062""}"
claim:0004,claim:0063,TRACKS,"{""rel"": ""TRACKS"", ""source"": ""claim:0004"", ""target"": ""claim:0063""}"
claim:0004,claim:0064,TRACKS,"{""rel"": ""TRACKS"", ""source"": ""claim:0004"", ""target"": ""claim:0064""}"
claim:0004,claim:0065,TRACKS,"{""rel"": ""TRACKS"", ""source"": ""claim:0004"", ""target"": ""claim:0065""}"
claim:0004,claim:0066,TRACKS,"{""rel"": ""TRACKS"", ""source"": ""claim:0004"", ""target"": ""claim:0066""}"
claim:0004,claim:0067,TRACKS,"{""rel"": ""TRACKS"", ""source"": ""claim:0004"", ""target"": ""claim:0067""}"
claim:0004,claim:0068,TRACKS,"{""rel"": ""TRACKS"", ""source"": ""claim:0004"", ""target"": ""claim:0068""}"
claim:0004,claim:0069,REFINES,"{""rel"": ""REFINES"", ""source"": ""claim:0004"", ""target"": ""claim:0069""}"
claim:0004,claim:0070,TRACKS,"{""rel"": ""TRACKS"", ""source"": ""claim:0004"", ""target"": ""claim:0070""}"
claim:0004,claim:0071,TRACKS,"{""rel"": ""TRACKS"", ""source"": ""claim:0004"", ""target"": ""claim:0071""}"
claim:0004,claim:0072,TRACKS,"{""rel"": ""TRACKS"", ""source"": ""claim:0004"", ""target"": ""claim:0072""}"
claim:0004,claim:0073,TRACKS,"{""rel"": ""TRACKS"", ""source"": ""claim:0004"", ""target"": ""claim:0073""}"
claim:0004,claim:0074,TRACKS,"{""rel"": ""TRACKS"", ""source"": ""claim:0004"", ""target"": ""claim:0074""}"
claim:0004,claim:0075,TRACKS,"{""rel"": ""TRACKS"", ""source"": ""claim:0004"", ""target"": ""claim:0075""}"
claim:0005,entity:astrelia,ABOUT,"{""rel"": ""ABOUT"", ""source"": ""claim:0005"", ""target"": ""entity:astrelia""}"
claim:0005,metric:revenue,MEASURES,"{""rel"": ""MEASURES"", ""source"": ""claim:0005"", ""target"": ""metric:revenue""}"
claim:0005,period:fy29e,IN_PERIOD,"{""rel"": ""IN_PERIOD"", ""source"": ""claim:0005"", ""target"": ""period:fy29e""}"
claim:0005,"perimeter:astrelia_consolidated_revenue,_management_forecast",SCOPED_TO,"{""rel"": ""SCOPED_TO"", ""source"": ""claim:0005"", ""target"": ""perimeter:astrelia_consolidated_revenue,_management_forecast""}"
claim:0005,source:business_plan_extract,FROM_SOURCE,"{""rel"": ""FROM_SOURCE"", ""source"": ""claim:0005"", ""target"": ""source:business_plan_extract""}"
claim:0005,author:astrelia_management,BY_AUTHOR,"{""rel"": ""BY_AUTHOR"", ""source"": ""claim:0005"", ""target"": ""author:astrelia_management""}"
claim:0005,claim:0006,TRACKS,"{""rel"": ""TRACKS"", ""source"": ""claim:0005"", ""target"": ""claim:0006""}"
claim:0005,claim:0029,TRACKS,"{""rel"": ""TRACKS"", ""source"": ""claim:0005"", ""target"": ""claim:0029""}"
claim:0005,claim:0030,TRACKS,"{""rel"": ""TRACKS"", ""source"": ""claim:0005"", ""target"": ""claim:0030""}"
claim:0005,claim:0031,TRACKS,"{""rel"": ""TRACKS"", ""source"": ""claim:0005"", ""target"": ""claim:0031""}"
claim:0005,claim:0032,TRACKS,"{""rel"": ""TRACKS"", ""source"": ""claim:0005"", ""target"": ""claim:0032""}"
claim:0005,claim:0035,TRACKS,"{""rel"": ""TRACKS"", ""source"": ""claim:0005"", ""target"": ""claim:0035""}"
claim:0005,claim:0038,TRACKS,"{""rel"": ""TRACKS"", ""source"": ""claim:0005"", ""target"": ""claim:0038""}"
claim:0005,claim:0051,TRACKS,"{""rel"": ""TRACKS"", ""source"": ""claim:0005"", ""target"": ""claim:0051""}"
claim:0005,claim:0052,TRACKS,"{""rel"": ""TRACKS"", ""source"": ""claim:0005"", ""target"": ""claim:0052""}"
claim:0005,claim:0053,TRACKS,"{""rel"": ""TRACKS"", ""source"": ""claim:0005"", ""target"": ""claim:0053""}"
claim:0005,claim:0054,TRACKS,"{""rel"": ""TRACKS"", ""source"": ""claim:0005"", ""target"": ""claim:0054""}"
claim:0005,claim:0055,TRACKS,"{""rel"": ""TRACKS"", ""source"": ""claim:0005"", ""target"": ""claim:0055""}"
claim:0005,claim:0056,REFINES,"{""rel"": ""REFINES"", ""source"": ""claim:0005"", ""target"": ""claim:0056""}"
claim:0005,claim:0057,TRACKS,"{""rel"": ""TRACKS"", ""source"": ""claim:0005"", ""target"": ""claim:0057""}"
claim:0005,claim:0058,TRACKS,"{""rel"": ""TRACKS"", ""source"": ""claim:0005"", ""target"": ""claim:0058""}"
claim:0005,claim:0059,TRACKS,"{""rel"": ""TRACKS"", ""source"": ""claim:0005"", ""target"": ""claim:0059""}"
claim:0005,claim:0060,TRACKS,"{""rel"": ""TRACKS"", ""source"": ""claim:0005"", ""target"": ""claim:0060""}"
claim:0005,claim:0061,TRACKS,"{""rel"": ""TRACKS"", ""source"": ""claim:0005"", ""target"": ""claim:0061""}"
claim:0005,claim:0062,TRACKS,"{""rel"": ""TRACKS"", ""source"": ""claim:0005"", ""target"": ""claim:0062""}"
claim:0005,claim:0063,REFINES,"{""rel"": ""REFINES"", ""source"": ""claim:0005"", ""target"": ""claim:0063""}"
claim:0005,claim:0064,TRACKS,"{""rel"": ""TRACKS"", ""source"": ""claim:0005"", ""target"": ""claim:0064""}"
claim:0005,claim:0065,TRACKS,"{""rel"": ""TRACKS"", ""source"": ""claim:0005"", ""target"": ""claim:0065""}"
claim:0005,claim:0066,TRACKS,"{""rel"": ""TRACKS"", ""source"": ""claim:0005"", ""target"": ""claim:0066""}"
claim:0005,claim:0067,TRACKS,"{""rel"": ""TRACKS"", ""source"": ""claim:0005"", ""target"": ""claim:0067""}"
claim:0005,claim:0068,TRACKS,"{""rel"": ""TRACKS"", ""source"": ""claim:0005"", ""target"": ""claim:0068""}"
claim:0005,claim:0069,TRACKS,"{""rel"": ""TRACKS"", ""source"": ""claim:0005"", ""target"": ""claim:0069""}"
claim:0005,claim:0070,REFINES,"{""rel"": ""REFINES"", ""source"": ""claim:0005"", ""target"": ""claim:0070""}"
claim:0005,claim:0071,TRACKS,"{""rel"": ""TRACKS"", ""source"": ""claim:0005"", ""target"": ""claim:0071""}"
claim:0005,claim:0072,TRACKS,"{""rel"": ""TRACKS"", ""source"": ""claim:0005"", ""target"": ""claim:0072""}"
claim:0005,claim:0073,TRACKS,"{""rel"": ""TRACKS"", ""source"": ""claim:0005"", ""target"": ""claim:0073""}"
claim:0005,claim:0074,TRACKS,"{""rel"": ""TRACKS"", ""source"": ""claim:0005"", ""target"": ""claim:0074""}"
claim:0005,claim:0075,TRACKS,"{""rel"": ""TRACKS"", ""source"": ""claim:0005"", ""target"": ""claim:0075""}"
claim:0006,entity:astrelia,ABOUT,"{""rel"": ""ABOUT"", ""source"": ""claim:0006"", ""target"": ""entity:astrelia""}"
claim:0006,metric:revenue,MEASURES,"{""rel"": ""MEASURES"", ""source"": ""claim:0006"", ""target"": ""metric:revenue""}"
claim:0006,period:fy30e,IN_PERIOD,"{""rel"": ""IN_PERIOD"", ""source"": ""claim:0006"", ""target"": ""period:fy30e""}"
claim:0006,"perimeter:astrelia_consolidated_revenue,_management_forecast",SCOPED_TO,"{""rel"": ""SCOPED_TO"", ""source"": ""claim:0006"", ""target"": ""perimeter:astrelia_consolidated_revenue,_management_forecast""}"
claim:0006,source:business_plan_extract,FROM_SOURCE,"{""rel"": ""FROM_SOURCE"", ""source"": ""claim:0006"", ""target"": ""source:business_plan_extract""}"
claim:0006,author:astrelia_management,BY_AUTHOR,"{""rel"": ""BY_AUTHOR"", ""source"": ""claim:0006"", ""target"": ""author:astrelia_management""}"
claim:0006,claim:0029,TRACKS,"{""rel"": ""TRACKS"", ""source"": ""claim:0006"", ""target"": ""claim:0029""}"
claim:0006,claim:0030,TRACKS,"{""rel"": ""TRACKS"", ""source"": ""claim:0006"", ""target"": ""claim:0030""}"
claim:0006,claim:0031,TRACKS,"{""rel"": ""TRACKS"", ""source"": ""claim:0006"", ""target"": ""claim:0031""}"
claim:0006,claim:0032,TRACKS,"{""rel"": ""TRACKS"", ""source"": ""claim:0006"", ""target"": ""claim:0032""}"
claim:0006,claim:0035,REFINES,"{""rel"": ""REFINES"", ""source"": ""claim:0006"", ""target"": ""claim:0035""}"
claim:0006,claim:0038,REFINES,"{""rel"": ""REFINES"", ""source"": ""claim:0006"", ""target"": ""claim:0038""}"
claim:0006,claim:0051,TRACKS,"{""rel"": ""TRACKS"", ""source"": ""claim:0006"", ""target"": ""claim:0051""}"
claim:0006,claim:0052,TRACKS,"{""rel"": ""TRACKS"", ""source"": ""claim:0006"", ""target"": ""claim:0052""}"
claim:0006,claim:0053,TRACKS,"{""rel"": ""TRACKS"", ""source"": ""claim:0006"", ""target"": ""claim:0053""}"
claim:0006,claim:0054,TRACKS,"{""rel"": ""TRACKS"", ""source"": ""claim:0006"", ""target"": ""claim:0054""}"
claim:0006,claim:0055,TRACKS,"{""rel"": ""TRACKS"", ""source"": ""claim:0006"", ""target"": ""claim:0055""}"
claim:0006,claim:0056,TRACKS,"{""rel"": ""TRACKS"", ""source"": ""claim:0006"", ""target"": ""claim:0056""}"
claim:0006,claim:0057,REFINES,"{""rel"": ""REFINES"", ""source"": ""claim:0006"", ""target"": ""claim:0057""}"
claim:0006,claim:0058,TRACKS,"{""rel"": ""TRACKS"", ""source"": ""claim:0006"", ""target"": ""claim:0058""}"
claim:0006,claim:0059,TRACKS,"{""rel"": ""TRACKS"", ""source"": ""claim:0006"", ""target"": ""claim:0059""}"
claim:0006,claim:0060,TRACKS,"{""rel"": ""TRACKS"", ""source"": ""claim:0006"", ""target"": ""claim:0060""}"
claim:0006,claim:0061,TRACKS,"{""rel"": ""TRACKS"", ""source"": ""claim:0006"", ""target"": ""claim:0061""}"
claim:0006,claim:0062,TRACKS,"{""rel"": ""TRACKS"", ""source"": ""claim:0006"", ""target"": ""claim:0062""}"
claim:0006,claim:0063,TRACKS,"{""rel"": ""TRACKS"", ""source"": ""claim:0006"", ""target"": ""claim:0063""}"
claim:0006,claim:0064,REFINES,"{""rel"": ""REFINES"", ""source"": ""claim:0006"", ""target"": ""claim:0064""}"
claim:0006,claim:0065,TRACKS,"{""rel"": ""TRACKS"", ""source"": ""claim:0006"", ""target"": ""claim:0065""}"
claim:0006,claim:0066,TRACKS,"{""rel"": ""TRACKS"", ""source"": ""claim:0006"", ""target"": ""claim:0066""}"
claim:0006,claim:0067,TRACKS,"{""rel"": ""TRACKS"", ""source"": ""claim:0006"", ""target"": ""claim:0067""}"
claim:0006,claim:0068,TRACKS,"{""rel"": ""TRACKS"", ""source"": ""claim:0006"", ""target"": ""claim:0068""}"
claim:0006,claim:0069,TRACKS,"{""rel"": ""TRACKS"", ""source"": ""claim:0006"", ""target"": ""claim:0069""}"
claim:0006,claim:0070,TRACKS,"{""rel"": ""TRACKS"", ""source"": ""claim:0006"", ""target"": ""claim:0070""}"
claim:0006,claim:0071,REFINES,"{""rel"": ""REFINES"", ""source"": ""claim:0006"", ""target"": ""claim:0071""}"
claim:0006,claim:0072,TRACKS,"{""rel"": ""TRACKS"", ""source"": ""claim:0006"", ""target"": ""claim:0072""}"
claim:0006,claim:0073,TRACKS,"{""rel"": ""TRACKS"", ""source"": ""claim:0006"", ""target"": ""claim:0073""}"
claim:0006,claim:0074,TRACKS,"{""rel"": ""TRACKS"", ""source"": ""claim:0006"", ""target"": ""claim:0074""}"
claim:0006,claim:0075,TRACKS,"{""rel"": ""TRACKS"", ""source"": ""claim:0006"", ""target"": ""claim:0075""}"
claim:0007,entity:astrelia,ABOUT,"{""rel"": ""ABOUT"", ""source"": ""claim:0007"", ""target"": ""entity:astrelia""}"
claim:0007,metric:cogs,MEASURES,"{""rel"": ""MEASURES"", ""source"": ""claim:0007"", ""target"": ""metric:cogs""}"
claim:0007,period:fy24a,IN_PERIOD,"{""rel"": ""IN_PERIOD"", ""source"": ""claim:0007"", ""target"": ""period:fy24a""}"
claim:0007,perimeter:astrelia_consolidated_cost_of_goods_sold,SCOPED_TO,"{""rel"": ""SCOPED_TO"", ""source"": ""claim:0007"", ""target"": ""perimeter:astrelia_consolidated_cost_of_goods_sold""}"
claim:0007,source:business_plan_extract,FROM_SOURCE,"{""rel"": ""FROM_SOURCE"", ""source"": ""claim:0007"", ""target"": ""source:business_plan_extract""}"
claim:0007,author:astrelia_management,BY_AUTHOR,"{""rel"": ""BY_AUTHOR"", ""source"": ""claim:0007"", ""target"": ""author:astrelia_management""}"
claim:0007,claim:0008,TRACKS,"{""rel"": ""TRACKS"", ""source"": ""claim:0007"", ""target"": ""claim:0008""}"
claim:0008,entity:astrelia,ABOUT,"{""rel"": ""ABOUT"", ""source"": ""claim:0008"", ""target"": ""entity:astrelia""}"
claim:0008,metric:cogs,MEASURES,"{""rel"": ""MEASURES"", ""source"": ""claim:0008"", ""target"": ""metric:cogs""}"
claim:0008,period:fy25a,IN_PERIOD,"{""rel"": ""IN_PERIOD"", ""source"": ""claim:0008"", ""target"": ""period:fy25a""}"
claim:0008,perimeter:astrelia_consolidated_cost_of_goods_sold,SCOPED_TO,"{""rel"": ""SCOPED_TO"", ""source"": ""claim:0008"", ""target"": ""perimeter:astrelia_consolidated_cost_of_goods_sold""}"
claim:0008,source:business_plan_extract,FROM_SOURCE,"{""rel"": ""FROM_SOURCE"", ""source"": ""claim:0008"", ""target"": ""source:business_plan_extract""}"
claim:0008,author:astrelia_management,BY_AUTHOR,"{""rel"": ""BY_AUTHOR"", ""source"": ""claim:0008"", ""target"": ""author:astrelia_management""}"
claim:0009,entity:astrelia,ABOUT,"{""rel"": ""ABOUT"", ""source"": ""claim:0009"", ""target"": ""entity:astrelia""}"
claim:0009,metric:gross_margin,MEASURES,"{""rel"": ""MEASURES"", ""source"": ""claim:0009"", ""target"": ""metric:gross_margin""}"
claim:0009,period:fy24a,IN_PERIOD,"{""rel"": ""IN_PERIOD"", ""source"": ""claim:0009"", ""target"": ""period:fy24a""}"
claim:0009,perimeter:astrelia_consolidated_gross_margin,SCOPED_TO,"{""rel"": ""SCOPED_TO"", ""source"": ""claim:0009"", ""target"": ""perimeter:astrelia_consolidated_gross_margin""}"
claim:0009,source:business_plan_extract,FROM_SOURCE,"{""rel"": ""FROM_SOURCE"", ""source"": ""claim:0009"", ""target"": ""source:business_plan_extract""}"
claim:0009,author:astrelia_management,BY_AUTHOR,"{""rel"": ""BY_AUTHOR"", ""source"": ""claim:0009"", ""target"": ""author:astrelia_management""}"
claim:0009,claim:0010,TRACKS,"{""rel"": ""TRACKS"", ""source"": ""claim:0009"", ""target"": ""claim:0010""}"
claim:0009,claim:0011,REFINES,"{""rel"": ""REFINES"", ""source"": ""claim:0009"", ""target"": ""claim:0011""}"
claim:0009,claim:0012,TRACKS,"{""rel"": ""TRACKS"", ""source"": ""claim:0009"", ""target"": ""claim:0012""}"
claim:0009,claim:0000,DERIVES_FROM,"{""rel"": ""DERIVES_FROM"", ""source"": ""claim:0009"", ""target"": ""claim:0000""}"
claim:0009,claim:0001,DERIVES_FROM,"{""rel"": ""DERIVES_FROM"", ""source"": ""claim:0009"", ""target"": ""claim:0001""}"
claim:0009,claim:0002,DERIVES_FROM,"{""rel"": ""DERIVES_FROM"", ""source"": ""claim:0009"", ""target"": ""claim:0002""}"
claim:0009,claim:0003,DERIVES_FROM,"{""rel"": ""DERIVES_FROM"", ""source"": ""claim:0009"", ""target"": ""claim:0003""}"
claim:0009,claim:0004,DERIVES_FROM,"{""rel"": ""DERIVES_FROM"", ""source"": ""claim:0009"", ""target"": ""claim:0004""}"
claim:0009,claim:0005,DERIVES_FROM,"{""rel"": ""DERIVES_FROM"", ""source"": ""claim:0009"", ""target"": ""claim:0005""}"
claim:0009,claim:0006,DERIVES_FROM,"{""rel"": ""DERIVES_FROM"", ""source"": ""claim:0009"", ""target"": ""claim:0006""}"
claim:0010,entity:astrelia,ABOUT,"{""rel"": ""ABOUT"", ""source"": ""claim:0010"", ""target"": ""entity:astrelia""}"
claim:0010,metric:gross_margin,MEASURES,"{""rel"": ""MEASURES"", ""source"": ""claim:0010"", ""target"": ""metric:gross_margin""}"
claim:0010,period:fy25a,IN_PERIOD,"{""rel"": ""IN_PERIOD"", ""source"": ""claim:0010"", ""target"": ""period:fy25a""}"
claim:0010,perimeter:astrelia_consolidated_gross_margin,SCOPED_TO,"{""rel"": ""SCOPED_TO"", ""source"": ""claim:0010"", ""target"": ""perimeter:astrelia_consolidated_gross_margin""}"
claim:0010,source:business_plan_extract,FROM_SOURCE,"{""rel"": ""FROM_SOURCE"", ""source"": ""claim:0010"", ""target"": ""source:business_plan_extract""}"
claim:0010,author:astrelia_management,BY_AUTHOR,"{""rel"": ""BY_AUTHOR"", ""source"": ""claim:0010"", ""target"": ""author:astrelia_management""}"
claim:0010,claim:0011,TRACKS,"{""rel"": ""TRACKS"", ""source"": ""claim:0010"", ""target"": ""claim:0011""}"
claim:0010,claim:0012,REFINES,"{""rel"": ""REFINES"", ""source"": ""claim:0010"", ""target"": ""claim:0012""}"
claim:0010,claim:0000,DERIVES_FROM,"{""rel"": ""DERIVES_FROM"", ""source"": ""claim:0010"", ""target"": ""claim:0000""}"
claim:0010,claim:0001,DERIVES_FROM,"{""rel"": ""DERIVES_FROM"", ""source"": ""claim:0010"", ""target"": ""claim:0001""}"
claim:0010,claim:0002,DERIVES_FROM,"{""rel"": ""DERIVES_FROM"", ""source"": ""claim:0010"", ""target"": ""claim:0002""}"
claim:0010,claim:0003,DERIVES_FROM,"{""rel"": ""DERIVES_FROM"", ""source"": ""claim:0010"", ""target"": ""claim:0003""}"
claim:0010,claim:0004,DERIVES_FROM,"{""rel"": ""DERIVES_FROM"", ""source"": ""claim:0010"", ""target"": ""claim:0004""}"
claim:0010,claim:0005,DERIVES_FROM,"{""rel"": ""DERIVES_FROM"", ""source"": ""claim:0010"", ""target"": ""claim:0005""}"
claim:0010,claim:0006,DERIVES_FROM,"{""rel"": ""DERIVES_FROM"", ""source"": ""claim:0010"", ""target"": ""claim:0006""}"
claim:0011,entity:astrelia,ABOUT,"{""rel"": ""ABOUT"", ""source"": ""claim:0011"", ""target"": ""entity:astrelia""}"
claim:0011,metric:gross_margin_%,MEASURES,"{""rel"": ""MEASURES"", ""source"": ""claim:0011"", ""target"": ""metric:gross_margin_%""}"
claim:0011,period:fy24a,IN_PERIOD,"{""rel"": ""IN_PERIOD"", ""source"": ""claim:0011"", ""target"": ""period:fy24a""}"
claim:0011,perimeter:astrelia_consolidated_gross_margin_percentage,SCOPED_TO,"{""rel"": ""SCOPED_TO"", ""source"": ""claim:0011"", ""target"": ""perimeter:astrelia_consolidated_gross_margin_percentage""}"
claim:0011,source:business_plan_extract,FROM_SOURCE,"{""rel"": ""FROM_SOURCE"", ""source"": ""claim:0011"", ""target"": ""source:business_plan_extract""}"
claim:0011,author:astrelia_management,BY_AUTHOR,"{""rel"": ""BY_AUTHOR"", ""source"": ""claim:0011"", ""target"": ""author:astrelia_management""}"
claim:0011,claim:0012,TRACKS,"{""rel"": ""TRACKS"", ""source"": ""claim:0011"", ""target"": ""claim:0012""}"
claim:0011,claim:0000,DERIVES_FROM,"{""rel"": ""DERIVES_FROM"", ""source"": ""claim:0011"", ""target"": ""claim:0000""}"
claim:0011,claim:0001,DERIVES_FROM,"{""rel"": ""DERIVES_FROM"", ""source"": ""claim:0011"", ""target"": ""claim:0001""}"
claim:0011,claim:0002,DERIVES_FROM,"{""rel"": ""DERIVES_FROM"", ""source"": ""claim:0011"", ""target"": ""claim:0002""}"
claim:0011,claim:0003,DERIVES_FROM,"{""rel"": ""DERIVES_FROM"", ""source"": ""claim:0011"", ""target"": ""claim:0003""}"
claim:0011,claim:0004,DERIVES_FROM,"{""rel"": ""DERIVES_FROM"", ""source"": ""claim:0011"", ""target"": ""claim:0004""}"
claim:0011,claim:0005,DERIVES_FROM,"{""rel"": ""DERIVES_FROM"", ""source"": ""claim:0011"", ""target"": ""claim:0005""}"
claim:0011,claim:0006,DERIVES_FROM,"{""rel"": ""DERIVES_FROM"", ""source"": ""claim:0011"", ""target"": ""claim:0006""}"
claim:0011,claim:0009,DERIVES_FROM,"{""rel"": ""DERIVES_FROM"", ""source"": ""claim:0011"", ""target"": ""claim:0009""}"
claim:0011,claim:0010,DERIVES_FROM,"{""rel"": ""DERIVES_FROM"", ""source"": ""claim:0011"", ""target"": ""claim:0010""}"
claim:0012,entity:astrelia,ABOUT,"{""rel"": ""ABOUT"", ""source"": ""claim:0012"", ""target"": ""entity:astrelia""}"
claim:0012,metric:gross_margin_%,MEASURES,"{""rel"": ""MEASURES"", ""source"": ""claim:0012"", ""target"": ""metric:gross_margin_%""}"
claim:0012,period:fy25a,IN_PERIOD,"{""rel"": ""IN_PERIOD"", ""source"": ""claim:0012"", ""target"": ""period:fy25a""}"
claim:0012,perimeter:astrelia_consolidated_gross_margin_percentage,SCOPED_TO,"{""rel"": ""SCOPED_TO"", ""source"": ""claim:0012"", ""target"": ""perimeter:astrelia_consolidated_gross_margin_percentage""}"
claim:0012,source:business_plan_extract,FROM_SOURCE,"{""rel"": ""FROM_SOURCE"", ""source"": ""claim:0012"", ""target"": ""source:business_plan_extract""}"
claim:0012,author:astrelia_management,BY_AUTHOR,"{""rel"": ""BY_AUTHOR"", ""source"": ""claim:0012"", ""target"": ""author:astrelia_management""}"
claim:0012,claim:0000,DERIVES_FROM,"{""rel"": ""DERIVES_FROM"", ""source"": ""claim:0012"", ""target"": ""claim:0000""}"
claim:0012,claim:0001,DERIVES_FROM,"{""rel"": ""DERIVES_FROM"", ""source"": ""claim:0012"", ""target"": ""claim:0001""}"
claim:0012,claim:0002,DERIVES_FROM,"{""rel"": ""DERIVES_FROM"", ""source"": ""claim:0012"", ""target"": ""claim:0002""}"
claim:0012,claim:0003,DERIVES_FROM,"{""rel"": ""DERIVES_FROM"", ""source"": ""claim:0012"", ""target"": ""claim:0003""}"
claim:0012,claim:0004,DERIVES_FROM,"{""rel"": ""DERIVES_FROM"", ""source"": ""claim:0012"", ""target"": ""claim:0004""}"
claim:0012,claim:0005,DERIVES_FROM,"{""rel"": ""DERIVES_FROM"", ""source"": ""claim:0012"", ""target"": ""claim:0005""}"
claim:0012,claim:0006,DERIVES_FROM,"{""rel"": ""DERIVES_FROM"", ""source"": ""claim:0012"", ""target"": ""claim:0006""}"
claim:0012,claim:0009,DERIVES_FROM,"{""rel"": ""DERIVES_FROM"", ""source"": ""claim:0012"", ""target"": ""claim:0009""}"
claim:0012,claim:0010,DERIVES_FROM,"{""rel"": ""DERIVES_FROM"", ""source"": ""claim:0012"", ""target"": ""claim:0010""}"
claim:0013,entity:astrelia,ABOUT,"{""rel"": ""ABOUT"", ""source"": ""claim:0013"", ""target"": ""entity:astrelia""}"
claim:0013,metric:ebitda,MEASURES,"{""rel"": ""MEASURES"", ""source"": ""claim:0013"", ""target"": ""metric:ebitda""}"
claim:0013,period:fy24a,IN_PERIOD,"{""rel"": ""IN_PERIOD"", ""source"": ""claim:0013"", ""target"": ""period:fy24a""}"
claim:0013,perimeter:astrelia_consolidated_ebitda,SCOPED_TO,"{""rel"": ""SCOPED_TO"", ""source"": ""claim:0013"", ""target"": ""perimeter:astrelia_consolidated_ebitda""}"
claim:0013,source:business_plan_extract,FROM_SOURCE,"{""rel"": ""FROM_SOURCE"", ""source"": ""claim:0013"", ""target"": ""source:business_plan_extract""}"
claim:0013,author:astrelia_management,BY_AUTHOR,"{""rel"": ""BY_AUTHOR"", ""source"": ""claim:0013"", ""target"": ""author:astrelia_management""}"
claim:0013,claim:0014,TRACKS,"{""rel"": ""TRACKS"", ""source"": ""claim:0013"", ""target"": ""claim:0014""}"
claim:0013,claim:0015,TRACKS,"{""rel"": ""TRACKS"", ""source"": ""claim:0013"", ""target"": ""claim:0015""}"
claim:0013,claim:0016,TRACKS,"{""rel"": ""TRACKS"", ""source"": ""claim:0013"", ""target"": ""claim:0016""}"
claim:0013,claim:0017,TRACKS,"{""rel"": ""TRACKS"", ""source"": ""claim:0013"", ""target"": ""claim:0017""}"
claim:0013,claim:0018,TRACKS,"{""rel"": ""TRACKS"", ""source"": ""claim:0013"", ""target"": ""claim:0018""}"
claim:0013,claim:0019,TRACKS,"{""rel"": ""TRACKS"", ""source"": ""claim:0013"", ""target"": ""claim:0019""}"
claim:0013,claim:0020,REFINES,"{""rel"": ""REFINES"", ""source"": ""claim:0013"", ""target"": ""claim:0020""}"
claim:0013,claim:0021,TRACKS,"{""rel"": ""TRACKS"", ""source"": ""claim:0013"", ""target"": ""claim:0021""}"
claim:0013,claim:0022,TRACKS,"{""rel"": ""TRACKS"", ""source"": ""claim:0013"", ""target"": ""claim:0022""}"
claim:0013,claim:0023,TRACKS,"{""rel"": ""TRACKS"", ""source"": ""claim:0013"", ""target"": ""claim:0023""}"
claim:0013,claim:0024,TRACKS,"{""rel"": ""TRACKS"", ""source"": ""claim:0013"", ""target"": ""claim:0024""}"
claim:0013,claim:0025,TRACKS,"{""rel"": ""TRACKS"", ""source"": ""claim:0013"", ""target"": ""claim:0025""}"
claim:0013,claim:0026,TRACKS,"{""rel"": ""TRACKS"", ""source"": ""claim:0013"", ""target"": ""claim:0026""}"
claim:0013,claim:0027,REFINES,"{""rel"": ""REFINES"", ""source"": ""claim:0013"", ""target"": ""claim:0027""}"
claim:0013,claim:0028,TRACKS,"{""rel"": ""TRACKS"", ""source"": ""claim:0013"", ""target"": ""claim:0028""}"
claim:0013,claim:0033,TRACKS,"{""rel"": ""TRACKS"", ""source"": ""claim:0013"", ""target"": ""claim:0033""}"
claim:0013,claim:0034,TRACKS,"{""rel"": ""TRACKS"", ""source"": ""claim:0013"", ""target"": ""claim:0034""}"
claim:0013,claim:0036,TRACKS,"{""rel"": ""TRACKS"", ""source"": ""claim:0013"", ""target"": ""claim:0036""}"
claim:0013,claim:0037,TRACKS,"{""rel"": ""TRACKS"", ""source"": ""claim:0013"", ""target"": ""claim:0037""}"
claim:0013,claim:0039,TRACKS,"{""rel"": ""TRACKS"", ""source"": ""claim:0013"", ""target"": ""claim:0039""}"
claim:0013,claim:0040,TRACKS,"{""rel"": ""TRACKS"", ""source"": ""claim:0013"", ""target"": ""claim:0040""}"
claim:0014,entity:astrelia,ABOUT,"{""rel"": ""ABOUT"", ""source"": ""claim:0014"", ""target"": ""entity:astrelia""}"
claim:0014,metric:ebitda,MEASURES,"{""rel"": ""MEASURES"", ""source"": ""claim:0014"", ""target"": ""metric:ebitda""}"
claim:0014,period:fy25a,IN_PERIOD,"{""rel"": ""IN_PERIOD"", ""source"": ""claim:0014"", ""target"": ""period:fy25a""}"
claim:0014,perimeter:astrelia_consolidated_ebitda,SCOPED_TO,"{""rel"": ""SCOPED_TO"", ""source"": ""claim:0014"", ""target"": ""perimeter:astrelia_consolidated_ebitda""}"
claim:0014,source:business_plan_extract,FROM_SOURCE,"{""rel"": ""FROM_SOURCE"", ""source"": ""claim:0014"", ""target"": ""source:business_plan_extract""}"
claim:0014,author:astrelia_management,BY_AUTHOR,"{""rel"": ""BY_AUTHOR"", ""source"": ""claim:0014"", ""target"": ""author:astrelia_management""}"
claim:0014,claim:0015,TRACKS,"{""rel"": ""TRACKS"", ""source"": ""claim:0014"", ""target"": ""claim:0015""}"
claim:0014,claim:0016,TRACKS,"{""rel"": ""TRACKS"", ""source"": ""claim:0014"", ""target"": ""claim:0016""}"
claim:0014,claim:0017,TRACKS,"{""rel"": ""TRACKS"", ""source"": ""claim:0014"", ""target"": ""claim:0017""}"
claim:0014,claim:0018,TRACKS,"{""rel"": ""TRACKS"", ""source"": ""claim:0014"", ""target"": ""claim:0018""}"
claim:0014,claim:0019,TRACKS,"{""rel"": ""TRACKS"", ""source"": ""claim:0014"", ""target"": ""claim:0019""}"
claim:0014,claim:0020,TRACKS,"{""rel"": ""TRACKS"", ""source"": ""claim:0014"", ""target"": ""claim:0020""}"
claim:0014,claim:0021,REFINES,"{""rel"": ""REFINES"", ""source"": ""claim:0014"", ""target"": ""claim:0021""}"
claim:0014,claim:0022,TRACKS,"{""rel"": ""TRACKS"", ""source"": ""claim:0014"", ""target"": ""claim:0022""}"
claim:0014,claim:0023,TRACKS,"{""rel"": ""TRACKS"", ""source"": ""claim:0014"", ""target"": ""claim:0023""}"
claim:0014,claim:0024,TRACKS,"{""rel"": ""TRACKS"", ""source"": ""claim:0014"", ""target"": ""claim:0024""}"
claim:0014,claim:0025,TRACKS,"{""rel"": ""TRACKS"", ""source"": ""claim:0014"", ""target"": ""claim:0025""}"
claim:0014,claim:0026,TRACKS,"{""rel"": ""TRACKS"", ""source"": ""claim:0014"", ""target"": ""claim:0026""}"
claim:0014,claim:0027,TRACKS,"{""rel"": ""TRACKS"", ""source"": ""claim:0014"", ""target"": ""claim:0027""}"
claim:0014,claim:0028,REFINES,"{""rel"": ""REFINES"", ""source"": ""claim:0014"", ""target"": ""claim:0028""}"
claim:0014,claim:0033,TRACKS,"{""rel"": ""TRACKS"", ""source"": ""claim:0014"", ""target"": ""claim:0033""}"
claim:0014,claim:0034,TRACKS,"{""rel"": ""TRACKS"", ""source"": ""claim:0014"", ""target"": ""claim:0034""}"
claim:0014,claim:0036,TRACKS,"{""rel"": ""TRACKS"", ""source"": ""claim:0014"", ""target"": ""claim:0036""}"
claim:0014,claim:0037,TRACKS,"{""rel"": ""TRACKS"", ""source"": ""claim:0014"", ""target"": ""claim:0037""}"
claim:0014,claim:0039,TRACKS,"{""rel"": ""TRACKS"", ""source"": ""claim:0014"", ""target"": ""claim:0039""}"
claim:0014,claim:0040,TRACKS,"{""rel"": ""TRACKS"", ""source"": ""claim:0014"", ""target"": ""claim:0040""}"
claim:0015,entity:astrelia,ABOUT,"{""rel"": ""ABOUT"", ""source"": ""claim:0015"", ""target"": ""entity:astrelia""}"
claim:0015,metric:ebitda,MEASURES,"{""rel"": ""MEASURES"", ""source"": ""claim:0015"", ""target"": ""metric:ebitda""}"
claim:0015,period:fy26e,IN_PERIOD,"{""rel"": ""IN_PERIOD"", ""source"": ""claim:0015"", ""target"": ""period:fy26e""}"
claim:0015,"perimeter:astrelia_consolidated_ebitda,_management_forecast",SCOPED_TO,"{""rel"": ""SCOPED_TO"", ""source"": ""claim:0015"", ""target"": ""perimeter:astrelia_consolidated_ebitda,_management_forecast""}"
claim:0015,source:business_plan_extract,FROM_SOURCE,"{""rel"": ""FROM_SOURCE"", ""source"": ""claim:0015"", ""target"": ""source:business_plan_extract""}"
claim:0015,author:astrelia_management,BY_AUTHOR,"{""rel"": ""BY_AUTHOR"", ""source"": ""claim:0015"", ""target"": ""author:astrelia_management""}"
claim:0015,claim:0016,TRACKS,"{""rel"": ""TRACKS"", ""source"": ""claim:0015"", ""target"": ""claim:0016""}"
claim:0015,claim:0017,TRACKS,"{""rel"": ""TRACKS"", ""source"": ""claim:0015"", ""target"": ""claim:0017""}"
claim:0015,claim:0018,TRACKS,"{""rel"": ""TRACKS"", ""source"": ""claim:0015"", ""target"": ""claim:0018""}"
claim:0015,claim:0019,TRACKS,"{""rel"": ""TRACKS"", ""source"": ""claim:0015"", ""target"": ""claim:0019""}"
claim:0015,claim:0020,TRACKS,"{""rel"": ""TRACKS"", ""source"": ""claim:0015"", ""target"": ""claim:0020""}"
claim:0015,claim:0021,TRACKS,"{""rel"": ""TRACKS"", ""source"": ""claim:0015"", ""target"": ""claim:0021""}"
claim:0015,claim:0022,REFINES,"{""rel"": ""REFINES"", ""source"": ""claim:0015"", ""target"": ""claim:0022""}"
claim:0015,claim:0023,TRACKS,"{""rel"": ""TRACKS"", ""source"": ""claim:0015"", ""target"": ""claim:0023""}"
claim:0015,claim:0024,TRACKS,"{""rel"": ""TRACKS"", ""source"": ""claim:0015"", ""target"": ""claim:0024""}"
claim:0015,claim:0025,TRACKS,"{""rel"": ""TRACKS"", ""source"": ""claim:0015"", ""target"": ""claim:0025""}"
claim:0015,claim:0026,TRACKS,"{""rel"": ""TRACKS"", ""source"": ""claim:0015"", ""target"": ""claim:0026""}"
claim:0015,claim:0027,TRACKS,"{""rel"": ""TRACKS"", ""source"": ""claim:0015"", ""target"": ""claim:0027""}"
claim:0015,claim:0028,TRACKS,"{""rel"": ""TRACKS"", ""source"": ""claim:0015"", ""target"": ""claim:0028""}"
claim:0015,claim:0033,TRACKS,"{""rel"": ""TRACKS"", ""source"": ""claim:0015"", ""target"": ""claim:0033""}"
claim:0015,claim:0034,TRACKS,"{""rel"": ""TRACKS"", ""source"": ""claim:0015"", ""target"": ""claim:0034""}"
claim:0015,claim:0036,TRACKS,"{""rel"": ""TRACKS"", ""source"": ""claim:0015"", ""target"": ""claim:0036""}"
claim:0015,claim:0037,TRACKS,"{""rel"": ""TRACKS"", ""source"": ""claim:0015"", ""target"": ""claim:0037""}"
claim:0015,claim:0039,TRACKS,"{""rel"": ""TRACKS"", ""source"": ""claim:0015"", ""target"": ""claim:0039""}"
claim:0015,claim:0040,TRACKS,"{""rel"": ""TRACKS"", ""source"": ""claim:0015"", ""target"": ""claim:0040""}"
claim:0016,entity:astrelia,ABOUT,"{""rel"": ""ABOUT"", ""source"": ""claim:0016"", ""target"": ""entity:astrelia""}"
claim:0016,metric:ebitda,MEASURES,"{""rel"": ""MEASURES"", ""source"": ""claim:0016"", ""target"": ""metric:ebitda""}"
claim:0016,period:fy27e,IN_PERIOD,"{""rel"": ""IN_PERIOD"", ""source"": ""claim:0016"", ""target"": ""period:fy27e""}"
claim:0016,"perimeter:astrelia_consolidated_ebitda,_management_forecast",SCOPED_TO,"{""rel"": ""SCOPED_TO"", ""source"": ""claim:0016"", ""target"": ""perimeter:astrelia_consolidated_ebitda,_management_forecast""}"
claim:0016,source:business_plan_extract,FROM_SOURCE,"{""rel"": ""FROM_SOURCE"", ""source"": ""claim:0016"", ""target"": ""source:business_plan_extract""}"
claim:0016,author:astrelia_management,BY_AUTHOR,"{""rel"": ""BY_AUTHOR"", ""source"": ""claim:0016"", ""target"": ""author:astrelia_management""}"
claim:0016,claim:0017,TRACKS,"{""rel"": ""TRACKS"", ""source"": ""claim:0016"", ""target"": ""claim:0017""}"
claim:0016,claim:0018,TRACKS,"{""rel"": ""TRACKS"", ""source"": ""claim:0016"", ""target"": ""claim:0018""}"
claim:0016,claim:0019,TRACKS,"{""rel"": ""TRACKS"", ""source"": ""claim:0016"", ""target"": ""claim:0019""}"
claim:0016,claim:0020,TRACKS,"{""rel"": ""TRACKS"", ""source"": ""claim:0016"", ""target"": ""claim:0020""}"
claim:0016,claim:0021,TRACKS,"{""rel"": ""TRACKS"", ""source"": ""claim:0016"", ""target"": ""claim:0021""}"
claim:0016,claim:0022,TRACKS,"{""rel"": ""TRACKS"", ""source"": ""claim:0016"", ""target"": ""claim:0022""}"
claim:0016,claim:0023,REFINES,"{""rel"": ""REFINES"", ""source"": ""claim:0016"", ""target"": ""claim:0023""}"
claim:0016,claim:0024,TRACKS,"{""rel"": ""TRACKS"", ""source"": ""claim:0016"", ""target"": ""claim:0024""}"
claim:0016,claim:0025,TRACKS,"{""rel"": ""TRACKS"", ""source"": ""claim:0016"", ""target"": ""claim:0025""}"
claim:0016,claim:0026,TRACKS,"{""rel"": ""TRACKS"", ""source"": ""claim:0016"", ""target"": ""claim:0026""}"
claim:0016,claim:0027,TRACKS,"{""rel"": ""TRACKS"", ""source"": ""claim:0016"", ""target"": ""claim:0027""}"
claim:0016,claim:0028,TRACKS,"{""rel"": ""TRACKS"", ""source"": ""claim:0016"", ""target"": ""claim:0028""}"
claim:0016,claim:0033,TRACKS,"{""rel"": ""TRACKS"", ""source"": ""claim:0016"", ""target"": ""claim:0033""}"
claim:0016,claim:0034,TRACKS,"{""rel"": ""TRACKS"", ""source"": ""claim:0016"", ""target"": ""claim:0034""}"
claim:0016,claim:0036,TRACKS,"{""rel"": ""TRACKS"", ""source"": ""claim:0016"", ""target"": ""claim:0036""}"
claim:0016,claim:0037,TRACKS,"{""rel"": ""TRACKS"", ""source"": ""claim:0016"", ""target"": ""claim:0037""}"
claim:0016,claim:0039,TRACKS,"{""rel"": ""TRACKS"", ""source"": ""claim:0016"", ""target"": ""claim:0039""}"
claim:0016,claim:0040,TRACKS,"{""rel"": ""TRACKS"", ""source"": ""claim:0016"", ""target"": ""claim:0040""}"
claim:0017,entity:astrelia,ABOUT,"{""rel"": ""ABOUT"", ""source"": ""claim:0017"", ""target"": ""entity:astrelia""}"
claim:0017,metric:ebitda,MEASURES,"{""rel"": ""MEASURES"", ""source"": ""claim:0017"", ""target"": ""metric:ebitda""}"
claim:0017,period:fy28e,IN_PERIOD,"{""rel"": ""IN_PERIOD"", ""source"": ""claim:0017"", ""target"": ""period:fy28e""}"
claim:0017,"perimeter:astrelia_consolidated_ebitda,_management_forecast",SCOPED_TO,"{""rel"": ""SCOPED_TO"", ""source"": ""claim:0017"", ""target"": ""perimeter:astrelia_consolidated_ebitda,_management_forecast""}"
claim:0017,source:business_plan_extract,FROM_SOURCE,"{""rel"": ""FROM_SOURCE"", ""source"": ""claim:0017"", ""target"": ""source:business_plan_extract""}"
claim:0017,author:astrelia_management,BY_AUTHOR,"{""rel"": ""BY_AUTHOR"", ""source"": ""claim:0017"", ""target"": ""author:astrelia_management""}"
claim:0017,claim:0018,TRACKS,"{""rel"": ""TRACKS"", ""source"": ""claim:0017"", ""target"": ""claim:0018""}"
claim:0017,claim:0019,TRACKS,"{""rel"": ""TRACKS"", ""source"": ""claim:0017"", ""target"": ""claim:0019""}"
claim:0017,claim:0020,TRACKS,"{""rel"": ""TRACKS"", ""source"": ""claim:0017"", ""target"": ""claim:0020""}"
claim:0017,claim:0021,TRACKS,"{""rel"": ""TRACKS"", ""source"": ""claim:0017"", ""target"": ""claim:0021""}"
claim:0017,claim:0022,TRACKS,"{""rel"": ""TRACKS"", ""source"": ""claim:0017"", ""target"": ""claim:0022""}"
claim:0017,claim:0023,TRACKS,"{""rel"": ""TRACKS"", ""source"": ""claim:0017"", ""target"": ""claim:0023""}"
claim:0017,claim:0024,REFINES,"{""rel"": ""REFINES"", ""source"": ""claim:0017"", ""target"": ""claim:0024""}"
claim:0017,claim:0025,TRACKS,"{""rel"": ""TRACKS"", ""source"": ""claim:0017"", ""target"": ""claim:0025""}"
claim:0017,claim:0026,TRACKS,"{""rel"": ""TRACKS"", ""source"": ""claim:0017"", ""target"": ""claim:0026""}"
claim:0017,claim:0027,TRACKS,"{""rel"": ""TRACKS"", ""source"": ""claim:0017"", ""target"": ""claim:0027""}"
claim:0017,claim:0028,TRACKS,"{""rel"": ""TRACKS"", ""source"": ""claim:0017"", ""target"": ""claim:0028""}"
claim:0017,claim:0033,TRACKS,"{""rel"": ""TRACKS"", ""source"": ""claim:0017"", ""target"": ""claim:0033""}"
claim:0017,claim:0034,TRACKS,"{""rel"": ""TRACKS"", ""source"": ""claim:0017"", ""target"": ""claim:0034""}"
claim:0017,claim:0036,TRACKS,"{""rel"": ""TRACKS"", ""source"": ""claim:0017"", ""target"": ""claim:0036""}"
claim:0017,claim:0037,TRACKS,"{""rel"": ""TRACKS"", ""source"": ""claim:0017"", ""target"": ""claim:0037""}"
claim:0017,claim:0039,TRACKS,"{""rel"": ""TRACKS"", ""source"": ""claim:0017"", ""target"": ""claim:0039""}"
claim:0017,claim:0040,TRACKS,"{""rel"": ""TRACKS"", ""source"": ""claim:0017"", ""target"": ""claim:0040""}"
claim:0018,entity:astrelia,ABOUT,"{""rel"": ""ABOUT"", ""source"": ""claim:0018"", ""target"": ""entity:astrelia""}"
claim:0018,metric:ebitda,MEASURES,"{""rel"": ""MEASURES"", ""source"": ""claim:0018"", ""target"": ""metric:ebitda""}"
claim:0018,period:fy29e,IN_PERIOD,"{""rel"": ""IN_PERIOD"", ""source"": ""claim:0018"", ""target"": ""period:fy29e""}"
claim:0018,"perimeter:astrelia_consolidated_ebitda,_management_forecast",SCOPED_TO,"{""rel"": ""SCOPED_TO"", ""source"": ""claim:0018"", ""target"": ""perimeter:astrelia_consolidated_ebitda,_management_forecast""}"
claim:0018,source:business_plan_extract,FROM_SOURCE,"{""rel"": ""FROM_SOURCE"", ""source"": ""claim:0018"", ""target"": ""source:business_plan_extract""}"
claim:0018,author:astrelia_management,BY_AUTHOR,"{""rel"": ""BY_AUTHOR"", ""source"": ""claim:0018"", ""target"": ""author:astrelia_management""}"
claim:0018,claim:0019,TRACKS,"{""rel"": ""TRACKS"", ""source"": ""claim:0018"", ""target"": ""claim:0019""}"
claim:0018,claim:0020,TRACKS,"{""rel"": ""TRACKS"", ""source"": ""claim:0018"", ""target"": ""claim:0020""}"
claim:0018,claim:0021,TRACKS,"{""rel"": ""TRACKS"", ""source"": ""claim:0018"", ""target"": ""claim:0021""}"
claim:0018,claim:0022,TRACKS,"{""rel"": ""TRACKS"", ""source"": ""claim:0018"", ""target"": ""claim:0022""}"
claim:0018,claim:0023,TRACKS,"{""rel"": ""TRACKS"", ""source"": ""claim:0018"", ""target"": ""claim:0023""}"
claim:0018,claim:0024,TRACKS,"{""rel"": ""TRACKS"", ""source"": ""claim:0018"", ""target"": ""claim:0024""}"
claim:0018,claim:0025,REFINES,"{""rel"": ""REFINES"", ""source"": ""claim:0018"", ""target"": ""claim:0025""}"
claim:0018,claim:0026,TRACKS,"{""rel"": ""TRACKS"", ""source"": ""claim:0018"", ""target"": ""claim:0026""}"
claim:0018,claim:0027,TRACKS,"{""rel"": ""TRACKS"", ""source"": ""claim:0018"", ""target"": ""claim:0027""}"
claim:0018,claim:0028,TRACKS,"{""rel"": ""TRACKS"", ""source"": ""claim:0018"", ""target"": ""claim:0028""}"
claim:0018,claim:0033,TRACKS,"{""rel"": ""TRACKS"", ""source"": ""claim:0018"", ""target"": ""claim:0033""}"
claim:0018,claim:0034,TRACKS,"{""rel"": ""TRACKS"", ""source"": ""claim:0018"", ""target"": ""claim:0034""}"
claim:0018,claim:0036,TRACKS,"{""rel"": ""TRACKS"", ""source"": ""claim:0018"", ""target"": ""claim:0036""}"
claim:0018,claim:0037,TRACKS,"{""rel"": ""TRACKS"", ""source"": ""claim:0018"", ""target"": ""claim:0037""}"
claim:0018,claim:0039,TRACKS,"{""rel"": ""TRACKS"", ""source"": ""claim:0018"", ""target"": ""claim:0039""}"
claim:0018,claim:0040,TRACKS,"{""rel"": ""TRACKS"", ""source"": ""claim:0018"", ""target"": ""claim:0040""}"
claim:0019,entity:astrelia,ABOUT,"{""rel"": ""ABOUT"", ""source"": ""claim:0019"", ""target"": ""entity:astrelia""}"
claim:0019,metric:ebitda,MEASURES,"{""rel"": ""MEASURES"", ""source"": ""claim:0019"", ""target"": ""metric:ebitda""}"
claim:0019,period:fy30e,IN_PERIOD,"{""rel"": ""IN_PERIOD"", ""source"": ""claim:0019"", ""target"": ""period:fy30e""}"
claim:0019,"perimeter:astrelia_consolidated_ebitda,_management_forecast",SCOPED_TO,"{""rel"": ""SCOPED_TO"", ""source"": ""claim:0019"", ""target"": ""perimeter:astrelia_consolidated_ebitda,_management_forecast""}"
claim:0019,source:business_plan_extract,FROM_SOURCE,"{""rel"": ""FROM_SOURCE"", ""source"": ""claim:0019"", ""target"": ""source:business_plan_extract""}"
claim:0019,author:astrelia_management,BY_AUTHOR,"{""rel"": ""BY_AUTHOR"", ""source"": ""claim:0019"", ""target"": ""author:astrelia_management""}"
claim:0019,claim:0020,TRACKS,"{""rel"": ""TRACKS"", ""source"": ""claim:0019"", ""target"": ""claim:0020""}"
claim:0019,claim:0021,TRACKS,"{""rel"": ""TRACKS"", ""source"": ""claim:0019"", ""target"": ""claim:0021""}"
claim:0019,claim:0022,TRACKS,"{""rel"": ""TRACKS"", ""source"": ""claim:0019"", ""target"": ""claim:0022""}"
claim:0019,claim:0023,TRACKS,"{""rel"": ""TRACKS"", ""source"": ""claim:0019"", ""target"": ""claim:0023""}"
claim:0019,claim:0024,TRACKS,"{""rel"": ""TRACKS"", ""source"": ""claim:0019"", ""target"": ""claim:0024""}"
claim:0019,claim:0025,TRACKS,"{""rel"": ""TRACKS"", ""source"": ""claim:0019"", ""target"": ""claim:0025""}"
claim:0019,claim:0026,REFINES,"{""rel"": ""REFINES"", ""source"": ""claim:0019"", ""target"": ""claim:0026""}"
claim:0019,claim:0027,TRACKS,"{""rel"": ""TRACKS"", ""source"": ""claim:0019"", ""target"": ""claim:0027""}"
claim:0019,claim:0028,TRACKS,"{""rel"": ""TRACKS"", ""source"": ""claim:0019"", ""target"": ""claim:0028""}"
claim:0019,claim:0033,REFINES,"{""rel"": ""REFINES"", ""source"": ""claim:0019"", ""target"": ""claim:0033""}"
claim:0019,claim:0034,REFINES,"{""rel"": ""REFINES"", ""source"": ""claim:0019"", ""target"": ""claim:0034""}"
claim:0019,claim:0036,REFINES,"{""rel"": ""REFINES"", ""source"": ""claim:0019"", ""target"": ""claim:0036""}"
claim:0019,claim:0037,REFINES,"{""rel"": ""REFINES"", ""source"": ""claim:0019"", ""target"": ""claim:0037""}"
claim:0019,claim:0039,REFINES,"{""rel"": ""REFINES"", ""source"": ""claim:0019"", ""target"": ""claim:0039""}"
claim:0019,claim:0040,REFINES,"{""rel"": ""REFINES"", ""source"": ""claim:0019"", ""target"": ""claim:0040""}"
claim:0020,entity:astrelia,ABOUT,"{""rel"": ""ABOUT"", ""source"": ""claim:0020"", ""target"": ""entity:astrelia""}"
claim:0020,metric:ebitda_margin_%,MEASURES,"{""rel"": ""MEASURES"", ""source"": ""claim:0020"", ""target"": ""metric:ebitda_margin_%""}"
claim:0020,period:fy24a,IN_PERIOD,"{""rel"": ""IN_PERIOD"", ""source"": ""claim:0020"", ""target"": ""period:fy24a""}"
claim:0020,perimeter:astrelia_consolidated_ebitda_margin_percentage,SCOPED_TO,"{""rel"": ""SCOPED_TO"", ""source"": ""claim:0020"", ""target"": ""perimeter:astrelia_consolidated_ebitda_margin_percentage""}"
claim:0020,source:business_plan_extract,FROM_SOURCE,"{""rel"": ""FROM_SOURCE"", ""source"": ""claim:0020"", ""target"": ""source:business_plan_extract""}"
claim:0020,author:astrelia_management,BY_AUTHOR,"{""rel"": ""BY_AUTHOR"", ""source"": ""claim:0020"", ""target"": ""author:astrelia_management""}"
claim:0020,claim:0021,TRACKS,"{""rel"": ""TRACKS"", ""source"": ""claim:0020"", ""target"": ""claim:0021""}"
claim:0020,claim:0022,TRACKS,"{""rel"": ""TRACKS"", ""source"": ""claim:0020"", ""target"": ""claim:0022""}"
claim:0020,claim:0023,TRACKS,"{""rel"": ""TRACKS"", ""source"": ""claim:0020"", ""target"": ""claim:0023""}"
claim:0020,claim:0024,TRACKS,"{""rel"": ""TRACKS"", ""source"": ""claim:0020"", ""target"": ""claim:0024""}"
claim:0020,claim:0025,TRACKS,"{""rel"": ""TRACKS"", ""source"": ""claim:0020"", ""target"": ""claim:0025""}"
claim:0020,claim:0026,TRACKS,"{""rel"": ""TRACKS"", ""source"": ""claim:0020"", ""target"": ""claim:0026""}"
claim:0020,claim:0027,REFINES,"{""rel"": ""REFINES"", ""source"": ""claim:0020"", ""target"": ""claim:0027""}"
claim:0020,claim:0028,TRACKS,"{""rel"": ""TRACKS"", ""source"": ""claim:0020"", ""target"": ""claim:0028""}"
claim:0020,claim:0000,DERIVES_FROM,"{""rel"": ""DERIVES_FROM"", ""source"": ""claim:0020"", ""target"": ""claim:0000""}"
claim:0020,claim:0001,DERIVES_FROM,"{""rel"": ""DERIVES_FROM"", ""source"": ""claim:0020"", ""target"": ""claim:0001""}"
claim:0020,claim:0002,DERIVES_FROM,"{""rel"": ""DERIVES_FROM"", ""source"": ""claim:0020"", ""target"": ""claim:0002""}"
claim:0020,claim:0003,DERIVES_FROM,"{""rel"": ""DERIVES_FROM"", ""source"": ""claim:0020"", ""target"": ""claim:0003""}"
claim:0020,claim:0004,DERIVES_FROM,"{""rel"": ""DERIVES_FROM"", ""source"": ""claim:0020"", ""target"": ""claim:0004""}"
claim:0020,claim:0005,DERIVES_FROM,"{""rel"": ""DERIVES_FROM"", ""source"": ""claim:0020"", ""target"": ""claim:0005""}"
claim:0020,claim:0006,DERIVES_FROM,"{""rel"": ""DERIVES_FROM"", ""source"": ""claim:0020"", ""target"": ""claim:0006""}"
claim:0020,claim:0013,DERIVES_FROM,"{""rel"": ""DERIVES_FROM"", ""source"": ""claim:0020"", ""target"": ""claim:0013""}"
claim:0020,claim:0014,DERIVES_FROM,"{""rel"": ""DERIVES_FROM"", ""source"": ""claim:0020"", ""target"": ""claim:0014""}"
claim:0020,claim:0015,DERIVES_FROM,"{""rel"": ""DERIVES_FROM"", ""source"": ""claim:0020"", ""target"": ""claim:0015""}"
claim:0020,claim:0016,DERIVES_FROM,"{""rel"": ""DERIVES_FROM"", ""source"": ""claim:0020"", ""target"": ""claim:0016""}"
claim:0020,claim:0017,DERIVES_FROM,"{""rel"": ""DERIVES_FROM"", ""source"": ""claim:0020"", ""target"": ""claim:0017""}"
claim:0020,claim:0018,DERIVES_FROM,"{""rel"": ""DERIVES_FROM"", ""source"": ""claim:0020"", ""target"": ""claim:0018""}"
claim:0020,claim:0019,DERIVES_FROM,"{""rel"": ""DERIVES_FROM"", ""source"": ""claim:0020"", ""target"": ""claim:0019""}"
claim:0021,entity:astrelia,ABOUT,"{""rel"": ""ABOUT"", ""source"": ""claim:0021"", ""target"": ""entity:astrelia""}"
claim:0021,metric:ebitda_margin_%,MEASURES,"{""rel"": ""MEASURES"", ""source"": ""claim:0021"", ""target"": ""metric:ebitda_margin_%""}"
claim:0021,period:fy25a,IN_PERIOD,"{""rel"": ""IN_PERIOD"", ""source"": ""claim:0021"", ""target"": ""period:fy25a""}"
claim:0021,perimeter:astrelia_consolidated_ebitda_margin_percentage,SCOPED_TO,"{""rel"": ""SCOPED_TO"", ""source"": ""claim:0021"", ""target"": ""perimeter:astrelia_consolidated_ebitda_margin_percentage""}"
claim:0021,source:business_plan_extract,FROM_SOURCE,"{""rel"": ""FROM_SOURCE"", ""source"": ""claim:0021"", ""target"": ""source:business_plan_extract""}"
claim:0021,author:astrelia_management,BY_AUTHOR,"{""rel"": ""BY_AUTHOR"", ""source"": ""claim:0021"", ""target"": ""author:astrelia_management""}"
claim:0021,claim:0022,TRACKS,"{""rel"": ""TRACKS"", ""source"": ""claim:0021"", ""target"": ""claim:0022""}"
claim:0021,claim:0023,TRACKS,"{""rel"": ""TRACKS"", ""source"": ""claim:0021"", ""target"": ""claim:0023""}"
claim:0021,claim:0024,TRACKS,"{""rel"": ""TRACKS"", ""source"": ""claim:0021"", ""target"": ""claim:0024""}"
claim:0021,claim:0025,TRACKS,"{""rel"": ""TRACKS"", ""source"": ""claim:0021"", ""target"": ""claim:0025""}"
claim:0021,claim:0026,TRACKS,"{""rel"": ""TRACKS"", ""source"": ""claim:0021"", ""target"": ""claim:0026""}"
claim:0021,claim:0027,TRACKS,"{""rel"": ""TRACKS"", ""source"": ""claim:0021"", ""target"": ""claim:0027""}"
claim:0021,claim:0028,REFINES,"{""rel"": ""REFINES"", ""source"": ""claim:0021"", ""target"": ""claim:0028""}"
claim:0021,claim:0000,DERIVES_FROM,"{""rel"": ""DERIVES_FROM"", ""source"": ""claim:0021"", ""target"": ""claim:0000""}"
claim:0021,claim:0001,DERIVES_FROM,"{""rel"": ""DERIVES_FROM"", ""source"": ""claim:0021"", ""target"": ""claim:0001""}"
claim:0021,claim:0002,DERIVES_FROM,"{""rel"": ""DERIVES_FROM"", ""source"": ""claim:0021"", ""target"": ""claim:0002""}"
claim:0021,claim:0003,DERIVES_FROM,"{""rel"": ""DERIVES_FROM"", ""source"": ""claim:0021"", ""target"": ""claim:0003""}"
claim:0021,claim:0004,DERIVES_FROM,"{""rel"": ""DERIVES_FROM"", ""source"": ""claim:0021"", ""target"": ""claim:0004""}"
claim:0021,claim:0005,DERIVES_FROM,"{""rel"": ""DERIVES_FROM"", ""source"": ""claim:0021"", ""target"": ""claim:0005""}"
claim:0021,claim:0006,DERIVES_FROM,"{""rel"": ""DERIVES_FROM"", ""source"": ""claim:0021"", ""target"": ""claim:0006""}"
claim:0021,claim:0013,DERIVES_FROM,"{""rel"": ""DERIVES_FROM"", ""source"": ""claim:0021"", ""target"": ""claim:0013""}"
claim:0021,claim:0014,DERIVES_FROM,"{""rel"": ""DERIVES_FROM"", ""source"": ""claim:0021"", ""target"": ""claim:0014""}"
claim:0021,claim:0015,DERIVES_FROM,"{""rel"": ""DERIVES_FROM"", ""source"": ""claim:0021"", ""target"": ""claim:0015""}"
claim:0021,claim:0016,DERIVES_FROM,"{""rel"": ""DERIVES_FROM"", ""source"": ""claim:0021"", ""target"": ""claim:0016""}"
claim:0021,claim:0017,DERIVES_FROM,"{""rel"": ""DERIVES_FROM"", ""source"": ""claim:0021"", ""target"": ""claim:0017""}"
claim:0021,claim:0018,DERIVES_FROM,"{""rel"": ""DERIVES_FROM"", ""source"": ""claim:0021"", ""target"": ""claim:0018""}"
claim:0021,claim:0019,DERIVES_FROM,"{""rel"": ""DERIVES_FROM"", ""source"": ""claim:0021"", ""target"": ""claim:0019""}"
claim:0022,entity:astrelia,ABOUT,"{""rel"": ""ABOUT"", ""source"": ""claim:0022"", ""target"": ""entity:astrelia""}"
claim:0022,metric:ebitda_margin_%,MEASURES,"{""rel"": ""MEASURES"", ""source"": ""claim:0022"", ""target"": ""metric:ebitda_margin_%""}"
claim:0022,period:fy26e,IN_PERIOD,"{""rel"": ""IN_PERIOD"", ""source"": ""claim:0022"", ""target"": ""period:fy26e""}"
claim:0022,"perimeter:astrelia_consolidated_ebitda_margin_percentage,_management_forecast",SCOPED_TO,"{""rel"": ""SCOPED_TO"", ""source"": ""claim:0022"", ""target"": ""perimeter:astrelia_consolidated_ebitda_margin_percentage,_management_forecast""}"
claim:0022,source:business_plan_extract,FROM_SOURCE,"{""rel"": ""FROM_SOURCE"", ""source"": ""claim:0022"", ""target"": ""source:business_plan_extract""}"
claim:0022,author:astrelia_management,BY_AUTHOR,"{""rel"": ""BY_AUTHOR"", ""source"": ""claim:0022"", ""target"": ""author:astrelia_management""}"
claim:0022,claim:0023,TRACKS,"{""rel"": ""TRACKS"", ""source"": ""claim:0022"", ""target"": ""claim:0023""}"
claim:0022,claim:0024,TRACKS,"{""rel"": ""TRACKS"", ""source"": ""claim:0022"", ""target"": ""claim:0024""}"
claim:0022,claim:0025,TRACKS,"{""rel"": ""TRACKS"", ""source"": ""claim:0022"", ""target"": ""claim:0025""}"
claim:0022,claim:0026,TRACKS,"{""rel"": ""TRACKS"", ""source"": ""claim:0022"", ""target"": ""claim:0026""}"
claim:0022,claim:0027,TRACKS,"{""rel"": ""TRACKS"", ""source"": ""claim:0022"", ""target"": ""claim:0027""}"
claim:0022,claim:0028,TRACKS,"{""rel"": ""TRACKS"", ""source"": ""claim:0022"", ""target"": ""claim:0028""}"
claim:0022,claim:0000,DERIVES_FROM,"{""rel"": ""DERIVES_FROM"", ""source"": ""claim:0022"", ""target"": ""claim:0000""}"
claim:0022,claim:0001,DERIVES_FROM,"{""rel"": ""DERIVES_FROM"", ""source"": ""claim:0022"", ""target"": ""claim:0001""}"
claim:0022,claim:0002,DERIVES_FROM,"{""rel"": ""DERIVES_FROM"", ""source"": ""claim:0022"", ""target"": ""claim:0002""}"
claim:0022,claim:0003,DERIVES_FROM,"{""rel"": ""DERIVES_FROM"", ""source"": ""claim:0022"", ""target"": ""claim:0003""}"
claim:0022,claim:0004,DERIVES_FROM,"{""rel"": ""DERIVES_FROM"", ""source"": ""claim:0022"", ""target"": ""claim:0004""}"
claim:0022,claim:0005,DERIVES_FROM,"{""rel"": ""DERIVES_FROM"", ""source"": ""claim:0022"", ""target"": ""claim:0005""}"
claim:0022,claim:0006,DERIVES_FROM,"{""rel"": ""DERIVES_FROM"", ""source"": ""claim:0022"", ""target"": ""claim:0006""}"
claim:0022,claim:0013,DERIVES_FROM,"{""rel"": ""DERIVES_FROM"", ""source"": ""claim:0022"", ""target"": ""claim:0013""}"
claim:0022,claim:0014,DERIVES_FROM,"{""rel"": ""DERIVES_FROM"", ""source"": ""claim:0022"", ""target"": ""claim:0014""}"
claim:0022,claim:0015,DERIVES_FROM,"{""rel"": ""DERIVES_FROM"", ""source"": ""claim:0022"", ""target"": ""claim:0015""}"
claim:0022,claim:0016,DERIVES_FROM,"{""rel"": ""DERIVES_FROM"", ""source"": ""claim:0022"", ""target"": ""claim:0016""}"
claim:0022,claim:0017,DERIVES_FROM,"{""rel"": ""DERIVES_FROM"", ""source"": ""claim:0022"", ""target"": ""claim:0017""}"
claim:0022,claim:0018,DERIVES_FROM,"{""rel"": ""DERIVES_FROM"", ""source"": ""claim:0022"", ""target"": ""claim:0018""}"
claim:0022,claim:0019,DERIVES_FROM,"{""rel"": ""DERIVES_FROM"", ""source"": ""claim:0022"", ""target"": ""claim:0019""}"
claim:0023,entity:astrelia,ABOUT,"{""rel"": ""ABOUT"", ""source"": ""claim:0023"", ""target"": ""entity:astrelia""}"
claim:0023,metric:ebitda_margin_%,MEASURES,"{""rel"": ""MEASURES"", ""source"": ""claim:0023"", ""target"": ""metric:ebitda_margin_%""}"
claim:0023,period:fy27e,IN_PERIOD,"{""rel"": ""IN_PERIOD"", ""source"": ""claim:0023"", ""target"": ""period:fy27e""}"
claim:0023,"perimeter:astrelia_consolidated_ebitda_margin_percentage,_management_forecast",SCOPED_TO,"{""rel"": ""SCOPED_TO"", ""source"": ""claim:0023"", ""target"": ""perimeter:astrelia_consolidated_ebitda_margin_percentage,_management_forecast""}"
claim:0023,source:business_plan_extract,FROM_SOURCE,"{""rel"": ""FROM_SOURCE"", ""source"": ""claim:0023"", ""target"": ""source:business_plan_extract""}"
claim:0023,author:astrelia_management,BY_AUTHOR,"{""rel"": ""BY_AUTHOR"", ""source"": ""claim:0023"", ""target"": ""author:astrelia_management""}"
claim:0023,claim:0024,TRACKS,"{""rel"": ""TRACKS"", ""source"": ""claim:0023"", ""target"": ""claim:0024""}"
claim:0023,claim:0025,TRACKS,"{""rel"": ""TRACKS"", ""source"": ""claim:0023"", ""target"": ""claim:0025""}"
claim:0023,claim:0026,TRACKS,"{""rel"": ""TRACKS"", ""source"": ""claim:0023"", ""target"": ""claim:0026""}"
claim:0023,claim:0027,TRACKS,"{""rel"": ""TRACKS"", ""source"": ""claim:0023"", ""target"": ""claim:0027""}"
claim:0023,claim:0028,TRACKS,"{""rel"": ""TRACKS"", ""source"": ""claim:0023"", ""target"": ""claim:0028""}"
claim:0023,claim:0000,DERIVES_FROM,"{""rel"": ""DERIVES_FROM"", ""source"": ""claim:0023"", ""target"": ""claim:0000""}"
claim:0023,claim:0001,DERIVES_FROM,"{""rel"": ""DERIVES_FROM"", ""source"": ""claim:0023"", ""target"": ""claim:0001""}"
claim:0023,claim:0002,DERIVES_FROM,"{""rel"": ""DERIVES_FROM"", ""source"": ""claim:0023"", ""target"": ""claim:0002""}"
claim:0023,claim:0003,DERIVES_FROM,"{""rel"": ""DERIVES_FROM"", ""source"": ""claim:0023"", ""target"": ""claim:0003""}"
claim:0023,claim:0004,DERIVES_FROM,"{""rel"": ""DERIVES_FROM"", ""source"": ""claim:0023"", ""target"": ""claim:0004""}"
claim:0023,claim:0005,DERIVES_FROM,"{""rel"": ""DERIVES_FROM"", ""source"": ""claim:0023"", ""target"": ""claim:0005""}"
claim:0023,claim:0006,DERIVES_FROM,"{""rel"": ""DERIVES_FROM"", ""source"": ""claim:0023"", ""target"": ""claim:0006""}"
claim:0023,claim:0013,DERIVES_FROM,"{""rel"": ""DERIVES_FROM"", ""source"": ""claim:0023"", ""target"": ""claim:0013""}"
claim:0023,claim:0014,DERIVES_FROM,"{""rel"": ""DERIVES_FROM"", ""source"": ""claim:0023"", ""target"": ""claim:0014""}"
claim:0023,claim:0015,DERIVES_FROM,"{""rel"": ""DERIVES_FROM"", ""source"": ""claim:0023"", ""target"": ""claim:0015""}"
claim:0023,claim:0016,DERIVES_FROM,"{""rel"": ""DERIVES_FROM"", ""source"": ""claim:0023"", ""target"": ""claim:0016""}"
claim:0023,claim:0017,DERIVES_FROM,"{""rel"": ""DERIVES_FROM"", ""source"": ""claim:0023"", ""target"": ""claim:0017""}"
claim:0023,claim:0018,DERIVES_FROM,"{""rel"": ""DERIVES_FROM"", ""source"": ""claim:0023"", ""target"": ""claim:0018""}"
claim:0023,claim:0019,DERIVES_FROM,"{""rel"": ""DERIVES_FROM"", ""source"": ""claim:0023"", ""target"": ""claim:0019""}"
claim:0024,entity:astrelia,ABOUT,"{""rel"": ""ABOUT"", ""source"": ""claim:0024"", ""target"": ""entity:astrelia""}"
claim:0024,metric:ebitda_margin_%,MEASURES,"{""rel"": ""MEASURES"", ""source"": ""claim:0024"", ""target"": ""metric:ebitda_margin_%""}"
claim:0024,period:fy28e,IN_PERIOD,"{""rel"": ""IN_PERIOD"", ""source"": ""claim:0024"", ""target"": ""period:fy28e""}"
claim:0024,"perimeter:astrelia_consolidated_ebitda_margin_percentage,_management_forecast",SCOPED_TO,"{""rel"": ""SCOPED_TO"", ""source"": ""claim:0024"", ""target"": ""perimeter:astrelia_consolidated_ebitda_margin_percentage,_management_forecast""}"
claim:0024,source:business_plan_extract,FROM_SOURCE,"{""rel"": ""FROM_SOURCE"", ""source"": ""claim:0024"", ""target"": ""source:business_plan_extract""}"
claim:0024,author:astrelia_management,BY_AUTHOR,"{""rel"": ""BY_AUTHOR"", ""source"": ""claim:0024"", ""target"": ""author:astrelia_management""}"
claim:0024,claim:0025,TRACKS,"{""rel"": ""TRACKS"", ""source"": ""claim:0024"", ""target"": ""claim:0025""}"
claim:0024,claim:0026,TRACKS,"{""rel"": ""TRACKS"", ""source"": ""claim:0024"", ""target"": ""claim:0026""}"
claim:0024,claim:0027,TRACKS,"{""rel"": ""TRACKS"", ""source"": ""claim:0024"", ""target"": ""claim:0027""}"
claim:0024,claim:0028,TRACKS,"{""rel"": ""TRACKS"", ""source"": ""claim:0024"", ""target"": ""claim:0028""}"
claim:0024,claim:0000,DERIVES_FROM,"{""rel"": ""DERIVES_FROM"", ""source"": ""claim:0024"", ""target"": ""claim:0000""}"
claim:0024,claim:0001,DERIVES_FROM,"{""rel"": ""DERIVES_FROM"", ""source"": ""claim:0024"", ""target"": ""claim:0001""}"
claim:0024,claim:0002,DERIVES_FROM,"{""rel"": ""DERIVES_FROM"", ""source"": ""claim:0024"", ""target"": ""claim:0002""}"
claim:0024,claim:0003,DERIVES_FROM,"{""rel"": ""DERIVES_FROM"", ""source"": ""claim:0024"", ""target"": ""claim:0003""}"
claim:0024,claim:0004,DERIVES_FROM,"{""rel"": ""DERIVES_FROM"", ""source"": ""claim:0024"", ""target"": ""claim:0004""}"
claim:0024,claim:0005,DERIVES_FROM,"{""rel"": ""DERIVES_FROM"", ""source"": ""claim:0024"", ""target"": ""claim:0005""}"
claim:0024,claim:0006,DERIVES_FROM,"{""rel"": ""DERIVES_FROM"", ""source"": ""claim:0024"", ""target"": ""claim:0006""}"
claim:0024,claim:0013,DERIVES_FROM,"{""rel"": ""DERIVES_FROM"", ""source"": ""claim:0024"", ""target"": ""claim:0013""}"
claim:0024,claim:0014,DERIVES_FROM,"{""rel"": ""DERIVES_FROM"", ""source"": ""claim:0024"", ""target"": ""claim:0014""}"
claim:0024,claim:0015,DERIVES_FROM,"{""rel"": ""DERIVES_FROM"", ""source"": ""claim:0024"", ""target"": ""claim:0015""}"
claim:0024,claim:0016,DERIVES_FROM,"{""rel"": ""DERIVES_FROM"", ""source"": ""claim:0024"", ""target"": ""claim:0016""}"
claim:0024,claim:0017,DERIVES_FROM,"{""rel"": ""DERIVES_FROM"", ""source"": ""claim:0024"", ""target"": ""claim:0017""}"
claim:0024,claim:0018,DERIVES_FROM,"{""rel"": ""DERIVES_FROM"", ""source"": ""claim:0024"", ""target"": ""claim:0018""}"
claim:0024,claim:0019,DERIVES_FROM,"{""rel"": ""DERIVES_FROM"", ""source"": ""claim:0024"", ""target"": ""claim:0019""}"
claim:0025,entity:astrelia,ABOUT,"{""rel"": ""ABOUT"", ""source"": ""claim:0025"", ""target"": ""entity:astrelia""}"
claim:0025,metric:ebitda_margin_%,MEASURES,"{""rel"": ""MEASURES"", ""source"": ""claim:0025"", ""target"": ""metric:ebitda_margin_%""}"
claim:0025,period:fy29e,IN_PERIOD,"{""rel"": ""IN_PERIOD"", ""source"": ""claim:0025"", ""target"": ""period:fy29e""}"
claim:0025,"perimeter:astrelia_consolidated_ebitda_margin_percentage,_management_forecast",SCOPED_TO,"{""rel"": ""SCOPED_TO"", ""source"": ""claim:0025"", ""target"": ""perimeter:astrelia_consolidated_ebitda_margin_percentage,_management_forecast""}"
claim:0025,source:business_plan_extract,FROM_SOURCE,"{""rel"": ""FROM_SOURCE"", ""source"": ""claim:0025"", ""target"": ""source:business_plan_extract""}"
claim:0025,author:astrelia_management,BY_AUTHOR,"{""rel"": ""BY_AUTHOR"", ""source"": ""claim:0025"", ""target"": ""author:astrelia_management""}"
claim:0025,claim:0026,TRACKS,"{""rel"": ""TRACKS"", ""source"": ""claim:0025"", ""target"": ""claim:0026""}"
claim:0025,claim:0027,TRACKS,"{""rel"": ""TRACKS"", ""source"": ""claim:0025"", ""target"": ""claim:0027""}"
claim:0025,claim:0028,TRACKS,"{""rel"": ""TRACKS"", ""source"": ""claim:0025"", ""target"": ""claim:0028""}"
claim:0025,claim:0000,DERIVES_FROM,"{""rel"": ""DERIVES_FROM"", ""source"": ""claim:0025"", ""target"": ""claim:0000""}"
claim:0025,claim:0001,DERIVES_FROM,"{""rel"": ""DERIVES_FROM"", ""source"": ""claim:0025"", ""target"": ""claim:0001""}"
claim:0025,claim:0002,DERIVES_FROM,"{""rel"": ""DERIVES_FROM"", ""source"": ""claim:0025"", ""target"": ""claim:0002""}"
claim:0025,claim:0003,DERIVES_FROM,"{""rel"": ""DERIVES_FROM"", ""source"": ""claim:0025"", ""target"": ""claim:0003""}"
claim:0025,claim:0004,DERIVES_FROM,"{""rel"": ""DERIVES_FROM"", ""source"": ""claim:0025"", ""target"": ""claim:0004""}"
claim:0025,claim:0005,DERIVES_FROM,"{""rel"": ""DERIVES_FROM"", ""source"": ""claim:0025"", ""target"": ""claim:0005""}"
claim:0025,claim:0006,DERIVES_FROM,"{""rel"": ""DERIVES_FROM"", ""source"": ""claim:0025"", ""target"": ""claim:0006""}"
claim:0025,claim:0013,DERIVES_FROM,"{""rel"": ""DERIVES_FROM"", ""source"": ""claim:0025"", ""target"": ""claim:0013""}"
claim:0025,claim:0014,DERIVES_FROM,"{""rel"": ""DERIVES_FROM"", ""source"": ""claim:0025"", ""target"": ""claim:0014""}"
claim:0025,claim:0015,DERIVES_FROM,"{""rel"": ""DERIVES_FROM"", ""source"": ""claim:0025"", ""target"": ""claim:0015""}"
claim:0025,claim:0016,DERIVES_FROM,"{""rel"": ""DERIVES_FROM"", ""source"": ""claim:0025"", ""target"": ""claim:0016""}"
claim:0025,claim:0017,DERIVES_FROM,"{""rel"": ""DERIVES_FROM"", ""source"": ""claim:0025"", ""target"": ""claim:0017""}"
claim:0025,claim:0018,DERIVES_FROM,"{""rel"": ""DERIVES_FROM"", ""source"": ""claim:0025"", ""target"": ""claim:0018""}"
claim:0025,claim:0019,DERIVES_FROM,"{""rel"": ""DERIVES_FROM"", ""source"": ""claim:0025"", ""target"": ""claim:0019""}"
claim:0026,entity:astrelia,ABOUT,"{""rel"": ""ABOUT"", ""source"": ""claim:0026"", ""target"": ""entity:astrelia""}"
claim:0026,metric:ebitda_margin_%,MEASURES,"{""rel"": ""MEASURES"", ""source"": ""claim:0026"", ""target"": ""metric:ebitda_margin_%""}"
claim:0026,period:fy30e,IN_PERIOD,"{""rel"": ""IN_PERIOD"", ""source"": ""claim:0026"", ""target"": ""period:fy30e""}"
claim:0026,"perimeter:astrelia_consolidated_ebitda_margin_percentage,_management_forecast",SCOPED_TO,"{""rel"": ""SCOPED_TO"", ""source"": ""claim:0026"", ""target"": ""perimeter:astrelia_consolidated_ebitda_margin_percentage,_management_forecast""}"
claim:0026,source:business_plan_extract,FROM_SOURCE,"{""rel"": ""FROM_SOURCE"", ""source"": ""claim:0026"", ""target"": ""source:business_plan_extract""}"
claim:0026,author:astrelia_management,BY_AUTHOR,"{""rel"": ""BY_AUTHOR"", ""source"": ""claim:0026"", ""target"": ""author:astrelia_management""}"
claim:0026,claim:0027,TRACKS,"{""rel"": ""TRACKS"", ""source"": ""claim:0026"", ""target"": ""claim:0027""}"
claim:0026,claim:0028,TRACKS,"{""rel"": ""TRACKS"", ""source"": ""claim:0026"", ""target"": ""claim:0028""}"
claim:0026,claim:0000,DERIVES_FROM,"{""rel"": ""DERIVES_FROM"", ""source"": ""claim:0026"", ""target"": ""claim:0000""}"
claim:0026,claim:0001,DERIVES_FROM,"{""rel"": ""DERIVES_FROM"", ""source"": ""claim:0026"", ""target"": ""claim:0001""}"
claim:0026,claim:0002,DERIVES_FROM,"{""rel"": ""DERIVES_FROM"", ""source"": ""claim:0026"", ""target"": ""claim:0002""}"
claim:0026,claim:0003,DERIVES_FROM,"{""rel"": ""DERIVES_FROM"", ""source"": ""claim:0026"", ""target"": ""claim:0003""}"
claim:0026,claim:0004,DERIVES_FROM,"{""rel"": ""DERIVES_FROM"", ""source"": ""claim:0026"", ""target"": ""claim:0004""}"
claim:0026,claim:0005,DERIVES_FROM,"{""rel"": ""DERIVES_FROM"", ""source"": ""claim:0026"", ""target"": ""claim:0005""}"
claim:0026,claim:0006,DERIVES_FROM,"{""rel"": ""DERIVES_FROM"", ""source"": ""claim:0026"", ""target"": ""claim:0006""}"
claim:0026,claim:0013,DERIVES_FROM,"{""rel"": ""DERIVES_FROM"", ""source"": ""claim:0026"", ""target"": ""claim:0013""}"
claim:0026,claim:0014,DERIVES_FROM,"{""rel"": ""DERIVES_FROM"", ""source"": ""claim:0026"", ""target"": ""claim:0014""}"
claim:0026,claim:0015,DERIVES_FROM,"{""rel"": ""DERIVES_FROM"", ""source"": ""claim:0026"", ""target"": ""claim:0015""}"
claim:0026,claim:0016,DERIVES_FROM,"{""rel"": ""DERIVES_FROM"", ""source"": ""claim:0026"", ""target"": ""claim:0016""}"
claim:0026,claim:0017,DERIVES_FROM,"{""rel"": ""DERIVES_FROM"", ""source"": ""claim:0026"", ""target"": ""claim:0017""}"
claim:0026,claim:0018,DERIVES_FROM,"{""rel"": ""DERIVES_FROM"", ""source"": ""claim:0026"", ""target"": ""claim:0018""}"
claim:0026,claim:0019,DERIVES_FROM,"{""rel"": ""DERIVES_FROM"", ""source"": ""claim:0026"", ""target"": ""claim:0019""}"
claim:0027,entity:astrelia,ABOUT,"{""rel"": ""ABOUT"", ""source"": ""claim:0027"", ""target"": ""entity:astrelia""}"
claim:0027,metric:ebit,MEASURES,"{""rel"": ""MEASURES"", ""source"": ""claim:0027"", ""target"": ""metric:ebit""}"
claim:0027,period:fy24a,IN_PERIOD,"{""rel"": ""IN_PERIOD"", ""source"": ""claim:0027"", ""target"": ""period:fy24a""}"
claim:0027,perimeter:astrelia_consolidated_ebit,SCOPED_TO,"{""rel"": ""SCOPED_TO"", ""source"": ""claim:0027"", ""target"": ""perimeter:astrelia_consolidated_ebit""}"
claim:0027,source:business_plan_extract,FROM_SOURCE,"{""rel"": ""FROM_SOURCE"", ""source"": ""claim:0027"", ""target"": ""source:business_plan_extract""}"
claim:0027,author:astrelia_management,BY_AUTHOR,"{""rel"": ""BY_AUTHOR"", ""source"": ""claim:0027"", ""target"": ""author:astrelia_management""}"
claim:0027,claim:0028,TRACKS,"{""rel"": ""TRACKS"", ""source"": ""claim:0027"", ""target"": ""claim:0028""}"
claim:0027,claim:0033,TRACKS,"{""rel"": ""TRACKS"", ""source"": ""claim:0027"", ""target"": ""claim:0033""}"
claim:0027,claim:0034,TRACKS,"{""rel"": ""TRACKS"", ""source"": ""claim:0027"", ""target"": ""claim:0034""}"
claim:0027,claim:0036,TRACKS,"{""rel"": ""TRACKS"", ""source"": ""claim:0027"", ""target"": ""claim:0036""}"
claim:0027,claim:0037,TRACKS,"{""rel"": ""TRACKS"", ""source"": ""claim:0027"", ""target"": ""claim:0037""}"
claim:0027,claim:0039,TRACKS,"{""rel"": ""TRACKS"", ""source"": ""claim:0027"", ""target"": ""claim:0039""}"
claim:0027,claim:0040,TRACKS,"{""rel"": ""TRACKS"", ""source"": ""claim:0027"", ""target"": ""claim:0040""}"
claim:0028,entity:astrelia,ABOUT,"{""rel"": ""ABOUT"", ""source"": ""claim:0028"", ""target"": ""entity:astrelia""}"
claim:0028,metric:ebit,MEASURES,"{""rel"": ""MEASURES"", ""source"": ""claim:0028"", ""target"": ""metric:ebit""}"
claim:0028,period:fy25a,IN_PERIOD,"{""rel"": ""IN_PERIOD"", ""source"": ""claim:0028"", ""target"": ""period:fy25a""}"
claim:0028,perimeter:astrelia_consolidated_ebit,SCOPED_TO,"{""rel"": ""SCOPED_TO"", ""source"": ""claim:0028"", ""target"": ""perimeter:astrelia_consolidated_ebit""}"
claim:0028,source:business_plan_extract,FROM_SOURCE,"{""rel"": ""FROM_SOURCE"", ""source"": ""claim:0028"", ""target"": ""source:business_plan_extract""}"
claim:0028,author:astrelia_management,BY_AUTHOR,"{""rel"": ""BY_AUTHOR"", ""source"": ""claim:0028"", ""target"": ""author:astrelia_management""}"
claim:0028,claim:0033,TRACKS,"{""rel"": ""TRACKS"", ""source"": ""claim:0028"", ""target"": ""claim:0033""}"
claim:0028,claim:0034,TRACKS,"{""rel"": ""TRACKS"", ""source"": ""claim:0028"", ""target"": ""claim:0034""}"
claim:0028,claim:0036,TRACKS,"{""rel"": ""TRACKS"", ""source"": ""claim:0028"", ""target"": ""claim:0036""}"
claim:0028,claim:0037,TRACKS,"{""rel"": ""TRACKS"", ""source"": ""claim:0028"", ""target"": ""claim:0037""}"
claim:0028,claim:0039,TRACKS,"{""rel"": ""TRACKS"", ""source"": ""claim:0028"", ""target"": ""claim:0039""}"
claim:0028,claim:0040,TRACKS,"{""rel"": ""TRACKS"", ""source"": ""claim:0028"", ""target"": ""claim:0040""}"
claim:0029,entity:astrelia,ABOUT,"{""rel"": ""ABOUT"", ""source"": ""claim:0029"", ""target"": ""entity:astrelia""}"
claim:0029,metric:revenue_cagr,MEASURES,"{""rel"": ""MEASURES"", ""source"": ""claim:0029"", ""target"": ""metric:revenue_cagr""}"
claim:0029,period:fy25a–fy30e,IN_PERIOD,"{""rel"": ""IN_PERIOD"", ""source"": ""claim:0029"", ""target"": ""period:fy25a\u2013fy30e""}"
claim:0029,"perimeter:astrelia_consolidated_revenue,_management_forecast_cagr",SCOPED_TO,"{""rel"": ""SCOPED_TO"", ""source"": ""claim:0029"", ""target"": ""perimeter:astrelia_consolidated_revenue,_management_forecast_cagr""}"
claim:0029,source:business_plan_extract,FROM_SOURCE,"{""rel"": ""FROM_SOURCE"", ""source"": ""claim:0029"", ""target"": ""source:business_plan_extract""}"
claim:0029,author:astrelia_management,BY_AUTHOR,"{""rel"": ""BY_AUTHOR"", ""source"": ""claim:0029"", ""target"": ""author:astrelia_management""}"
claim:0029,claim:0000,DERIVES_FROM,"{""rel"": ""DERIVES_FROM"", ""source"": ""claim:0029"", ""target"": ""claim:0000""}"
claim:0029,claim:0001,DERIVES_FROM,"{""rel"": ""DERIVES_FROM"", ""source"": ""claim:0029"", ""target"": ""claim:0001""}"
claim:0029,claim:0002,DERIVES_FROM,"{""rel"": ""DERIVES_FROM"", ""source"": ""claim:0029"", ""target"": ""claim:0002""}"
claim:0029,claim:0003,DERIVES_FROM,"{""rel"": ""DERIVES_FROM"", ""source"": ""claim:0029"", ""target"": ""claim:0003""}"
claim:0029,claim:0004,DERIVES_FROM,"{""rel"": ""DERIVES_FROM"", ""source"": ""claim:0029"", ""target"": ""claim:0004""}"
claim:0029,claim:0005,DERIVES_FROM,"{""rel"": ""DERIVES_FROM"", ""source"": ""claim:0029"", ""target"": ""claim:0005""}"
claim:0029,claim:0006,DERIVES_FROM,"{""rel"": ""DERIVES_FROM"", ""source"": ""claim:0029"", ""target"": ""claim:0006""}"
claim:0030,entity:astrelia,ABOUT,"{""rel"": ""ABOUT"", ""source"": ""claim:0030"", ""target"": ""entity:astrelia""}"
claim:0030,metric:revenue_growth,MEASURES,"{""rel"": ""MEASURES"", ""source"": ""claim:0030"", ""target"": ""metric:revenue_growth""}"
claim:0030,period:fy25a–fy30e,IN_PERIOD,"{""rel"": ""IN_PERIOD"", ""source"": ""claim:0030"", ""target"": ""period:fy25a\u2013fy30e""}"
claim:0030,"perimeter:astrelia_consolidated_revenue_multiple_growth,_management_forecast",SCOPED_TO,"{""rel"": ""SCOPED_TO"", ""source"": ""claim:0030"", ""target"": ""perimeter:astrelia_consolidated_revenue_multiple_growth,_management_forecast""}"
claim:0030,source:business_plan_extract,FROM_SOURCE,"{""rel"": ""FROM_SOURCE"", ""source"": ""claim:0030"", ""target"": ""source:business_plan_extract""}"
claim:0030,author:astrelia_management,BY_AUTHOR,"{""rel"": ""BY_AUTHOR"", ""source"": ""claim:0030"", ""target"": ""author:astrelia_management""}"
claim:0030,claim:0031,CHALLENGES,"{""rel"": ""CHALLENGES"", ""source"": ""claim:0030"", ""target"": ""claim:0031""}"
claim:0030,claim:0032,CHALLENGES,"{""rel"": ""CHALLENGES"", ""source"": ""claim:0030"", ""target"": ""claim:0032""}"
claim:0030,claim:0000,DERIVES_FROM,"{""rel"": ""DERIVES_FROM"", ""source"": ""claim:0030"", ""target"": ""claim:0000""}"
claim:0030,claim:0001,DERIVES_FROM,"{""rel"": ""DERIVES_FROM"", ""source"": ""claim:0030"", ""target"": ""claim:0001""}"
claim:0030,claim:0002,DERIVES_FROM,"{""rel"": ""DERIVES_FROM"", ""source"": ""claim:0030"", ""target"": ""claim:0002""}"
claim:0030,claim:0003,DERIVES_FROM,"{""rel"": ""DERIVES_FROM"", ""source"": ""claim:0030"", ""target"": ""claim:0003""}"
claim:0030,claim:0004,DERIVES_FROM,"{""rel"": ""DERIVES_FROM"", ""source"": ""claim:0030"", ""target"": ""claim:0004""}"
claim:0030,claim:0005,DERIVES_FROM,"{""rel"": ""DERIVES_FROM"", ""source"": ""claim:0030"", ""target"": ""claim:0005""}"
claim:0030,claim:0006,DERIVES_FROM,"{""rel"": ""DERIVES_FROM"", ""source"": ""claim:0030"", ""target"": ""claim:0006""}"
claim:0031,entity:astrelia,ABOUT,"{""rel"": ""ABOUT"", ""source"": ""claim:0031"", ""target"": ""entity:astrelia""}"
claim:0031,metric:revenue_growth,MEASURES,"{""rel"": ""MEASURES"", ""source"": ""claim:0031"", ""target"": ""metric:revenue_growth""}"
claim:0031,period:fy25a–fy30e,IN_PERIOD,"{""rel"": ""IN_PERIOD"", ""source"": ""claim:0031"", ""target"": ""period:fy25a\u2013fy30e""}"
claim:0031,"perimeter:astrelia_consolidated_revenue_multiple_growth,_management_forecast",SCOPED_TO,"{""rel"": ""SCOPED_TO"", ""source"": ""claim:0031"", ""target"": ""perimeter:astrelia_consolidated_revenue_multiple_growth,_management_forecast""}"
claim:0031,source:business_plan_extract,FROM_SOURCE,"{""rel"": ""FROM_SOURCE"", ""source"": ""claim:0031"", ""target"": ""source:business_plan_extract""}"
claim:0031,author:astrelia_management,BY_AUTHOR,"{""rel"": ""BY_AUTHOR"", ""source"": ""claim:0031"", ""target"": ""author:astrelia_management""}"
claim:0032,entity:astrelia,ABOUT,"{""rel"": ""ABOUT"", ""source"": ""claim:0032"", ""target"": ""entity:astrelia""}"
claim:0032,metric:revenue_growth,MEASURES,"{""rel"": ""MEASURES"", ""source"": ""claim:0032"", ""target"": ""metric:revenue_growth""}"
claim:0032,period:fy25a–fy30e,IN_PERIOD,"{""rel"": ""IN_PERIOD"", ""source"": ""claim:0032"", ""target"": ""period:fy25a\u2013fy30e""}"
claim:0032,"perimeter:astrelia_consolidated_revenue_multiple_growth,_management_forecast",SCOPED_TO,"{""rel"": ""SCOPED_TO"", ""source"": ""claim:0032"", ""target"": ""perimeter:astrelia_consolidated_revenue_multiple_growth,_management_forecast""}"
claim:0032,source:business_plan_extract,FROM_SOURCE,"{""rel"": ""FROM_SOURCE"", ""source"": ""claim:0032"", ""target"": ""source:business_plan_extract""}"
claim:0032,author:astrelia_management,BY_AUTHOR,"{""rel"": ""BY_AUTHOR"", ""source"": ""claim:0032"", ""target"": ""author:astrelia_management""}"
claim:0033,entity:astrelia,ABOUT,"{""rel"": ""ABOUT"", ""source"": ""claim:0033"", ""target"": ""entity:astrelia""}"
claim:0033,metric:ebitda_base_case,MEASURES,"{""rel"": ""MEASURES"", ""source"": ""claim:0033"", ""target"": ""metric:ebitda_base_case""}"
claim:0033,period:fy30e,IN_PERIOD,"{""rel"": ""IN_PERIOD"", ""source"": ""claim:0033"", ""target"": ""period:fy30e""}"
claim:0033,"perimeter:astrelia_consolidated_ebitda,_management_base_case_forecast",SCOPED_TO,"{""rel"": ""SCOPED_TO"", ""source"": ""claim:0033"", ""target"": ""perimeter:astrelia_consolidated_ebitda,_management_base_case_forecast""}"
claim:0033,source:business_plan_extract,FROM_SOURCE,"{""rel"": ""FROM_SOURCE"", ""source"": ""claim:0033"", ""target"": ""source:business_plan_extract""}"
claim:0033,author:astrelia_management,BY_AUTHOR,"{""rel"": ""BY_AUTHOR"", ""source"": ""claim:0033"", ""target"": ""author:astrelia_management""}"
claim:0034,entity:astrelia,ABOUT,"{""rel"": ""ABOUT"", ""source"": ""claim:0034"", ""target"": ""entity:astrelia""}"
claim:0034,metric:ebitda_margin_base_case,MEASURES,"{""rel"": ""MEASURES"", ""source"": ""claim:0034"", ""target"": ""metric:ebitda_margin_base_case""}"
claim:0034,period:fy30e,IN_PERIOD,"{""rel"": ""IN_PERIOD"", ""source"": ""claim:0034"", ""target"": ""period:fy30e""}"
claim:0034,"perimeter:astrelia_consolidated_ebitda_margin,_management_base_case_forecast",SCOPED_TO,"{""rel"": ""SCOPED_TO"", ""source"": ""claim:0034"", ""target"": ""perimeter:astrelia_consolidated_ebitda_margin,_management_base_case_forecast""}"
claim:0034,source:business_plan_extract,FROM_SOURCE,"{""rel"": ""FROM_SOURCE"", ""source"": ""claim:0034"", ""target"": ""source:business_plan_extract""}"
claim:0034,author:astrelia_management,BY_AUTHOR,"{""rel"": ""BY_AUTHOR"", ""source"": ""claim:0034"", ""target"": ""author:astrelia_management""}"
claim:0035,entity:astrelia,ABOUT,"{""rel"": ""ABOUT"", ""source"": ""claim:0035"", ""target"": ""entity:astrelia""}"
claim:0035,metric:revenue_bull_case,MEASURES,"{""rel"": ""MEASURES"", ""source"": ""claim:0035"", ""target"": ""metric:revenue_bull_case""}"
claim:0035,period:fy30e,IN_PERIOD,"{""rel"": ""IN_PERIOD"", ""source"": ""claim:0035"", ""target"": ""period:fy30e""}"
claim:0035,"perimeter:astrelia_consolidated_revenue,_management_bull_case_forecast",SCOPED_TO,"{""rel"": ""SCOPED_TO"", ""source"": ""claim:0035"", ""target"": ""perimeter:astrelia_consolidated_revenue,_management_bull_case_forecast""}"
claim:0035,source:business_plan_extract,FROM_SOURCE,"{""rel"": ""FROM_SOURCE"", ""source"": ""claim:0035"", ""target"": ""source:business_plan_extract""}"
claim:0035,author:astrelia_management,BY_AUTHOR,"{""rel"": ""BY_AUTHOR"", ""source"": ""claim:0035"", ""target"": ""author:astrelia_management""}"
claim:0036,entity:astrelia,ABOUT,"{""rel"": ""ABOUT"", ""source"": ""claim:0036"", ""target"": ""entity:astrelia""}"
claim:0036,metric:ebitda_bull_case,MEASURES,"{""rel"": ""MEASURES"", ""source"": ""claim:0036"", ""target"": ""metric:ebitda_bull_case""}"
claim:0036,period:fy30e,IN_PERIOD,"{""rel"": ""IN_PERIOD"", ""source"": ""claim:0036"", ""target"": ""period:fy30e""}"
claim:0036,"perimeter:astrelia_consolidated_ebitda,_management_bull_case_forecast",SCOPED_TO,"{""rel"": ""SCOPED_TO"", ""source"": ""claim:0036"", ""target"": ""perimeter:astrelia_consolidated_ebitda,_management_bull_case_forecast""}"
claim:0036,source:business_plan_extract,FROM_SOURCE,"{""rel"": ""FROM_SOURCE"", ""source"": ""claim:0036"", ""target"": ""source:business_plan_extract""}"
claim:0036,author:astrelia_management,BY_AUTHOR,"{""rel"": ""BY_AUTHOR"", ""source"": ""claim:0036"", ""target"": ""author:astrelia_management""}"
claim:0037,entity:astrelia,ABOUT,"{""rel"": ""ABOUT"", ""source"": ""claim:0037"", ""target"": ""entity:astrelia""}"
claim:0037,metric:ebitda_margin_bull_case,MEASURES,"{""rel"": ""MEASURES"", ""source"": ""claim:0037"", ""target"": ""metric:ebitda_margin_bull_case""}"
claim:0037,period:fy30e,IN_PERIOD,"{""rel"": ""IN_PERIOD"", ""source"": ""claim:0037"", ""target"": ""period:fy30e""}"
claim:0037,"perimeter:astrelia_consolidated_ebitda_margin,_management_bull_case_forecast",SCOPED_TO,"{""rel"": ""SCOPED_TO"", ""source"": ""claim:0037"", ""target"": ""perimeter:astrelia_consolidated_ebitda_margin,_management_bull_case_forecast""}"
claim:0037,source:business_plan_extract,FROM_SOURCE,"{""rel"": ""FROM_SOURCE"", ""source"": ""claim:0037"", ""target"": ""source:business_plan_extract""}"
claim:0037,author:astrelia_management,BY_AUTHOR,"{""rel"": ""BY_AUTHOR"", ""source"": ""claim:0037"", ""target"": ""author:astrelia_management""}"
claim:0038,entity:astrelia,ABOUT,"{""rel"": ""ABOUT"", ""source"": ""claim:0038"", ""target"": ""entity:astrelia""}"
claim:0038,metric:revenue_bear_case,MEASURES,"{""rel"": ""MEASURES"", ""source"": ""claim:0038"", ""target"": ""metric:revenue_bear_case""}"
claim:0038,period:fy30e,IN_PERIOD,"{""rel"": ""IN_PERIOD"", ""source"": ""claim:0038"", ""target"": ""period:fy30e""}"
claim:0038,"perimeter:astrelia_consolidated_revenue,_management_bear_case_forecast",SCOPED_TO,"{""rel"": ""SCOPED_TO"", ""source"": ""claim:0038"", ""target"": ""perimeter:astrelia_consolidated_revenue,_management_bear_case_forecast""}"
claim:0038,source:business_plan_extract,FROM_SOURCE,"{""rel"": ""FROM_SOURCE"", ""source"": ""claim:0038"", ""target"": ""source:business_plan_extract""}"
claim:0038,author:astrelia_management,BY_AUTHOR,"{""rel"": ""BY_AUTHOR"", ""source"": ""claim:0038"", ""target"": ""author:astrelia_management""}"
claim:0039,entity:astrelia,ABOUT,"{""rel"": ""ABOUT"", ""source"": ""claim:0039"", ""target"": ""entity:astrelia""}"
claim:0039,metric:ebitda_bear_case,MEASURES,"{""rel"": ""MEASURES"", ""source"": ""claim:0039"", ""target"": ""metric:ebitda_bear_case""}"
claim:0039,period:fy30e,IN_PERIOD,"{""rel"": ""IN_PERIOD"", ""source"": ""claim:0039"", ""target"": ""period:fy30e""}"
claim:0039,"perimeter:astrelia_consolidated_ebitda,_management_bear_case_forecast",SCOPED_TO,"{""rel"": ""SCOPED_TO"", ""source"": ""claim:0039"", ""target"": ""perimeter:astrelia_consolidated_ebitda,_management_bear_case_forecast""}"
claim:0039,source:business_plan_extract,FROM_SOURCE,"{""rel"": ""FROM_SOURCE"", ""source"": ""claim:0039"", ""target"": ""source:business_plan_extract""}"
claim:0039,author:astrelia_management,BY_AUTHOR,"{""rel"": ""BY_AUTHOR"", ""source"": ""claim:0039"", ""target"": ""author:astrelia_management""}"
claim:0040,entity:astrelia,ABOUT,"{""rel"": ""ABOUT"", ""source"": ""claim:0040"", ""target"": ""entity:astrelia""}"
claim:0040,metric:ebitda_margin_bear_case,MEASURES,"{""rel"": ""MEASURES"", ""source"": ""claim:0040"", ""target"": ""metric:ebitda_margin_bear_case""}"
claim:0040,period:fy30e,IN_PERIOD,"{""rel"": ""IN_PERIOD"", ""source"": ""claim:0040"", ""target"": ""period:fy30e""}"
claim:0040,"perimeter:astrelia_consolidated_ebitda_margin,_management_bear_case_forecast",SCOPED_TO,"{""rel"": ""SCOPED_TO"", ""source"": ""claim:0040"", ""target"": ""perimeter:astrelia_consolidated_ebitda_margin,_management_bear_case_forecast""}"
claim:0040,source:business_plan_extract,FROM_SOURCE,"{""rel"": ""FROM_SOURCE"", ""source"": ""claim:0040"", ""target"": ""source:business_plan_extract""}"
claim:0040,author:astrelia_management,BY_AUTHOR,"{""rel"": ""BY_AUTHOR"", ""source"": ""claim:0040"", ""target"": ""author:astrelia_management""}"
claim:0041,entity:astrelia,ABOUT,"{""rel"": ""ABOUT"", ""source"": ""claim:0041"", ""target"": ""entity:astrelia""}"
claim:0041,metric:direct_personnel_costs,MEASURES,"{""rel"": ""MEASURES"", ""source"": ""claim:0041"", ""target"": ""metric:direct_personnel_costs""}"
claim:0041,period:fy24a,IN_PERIOD,"{""rel"": ""IN_PERIOD"", ""source"": ""claim:0041"", ""target"": ""period:fy24a""}"
claim:0041,perimeter:astrelia_consolidated_direct_personnel_costs,SCOPED_TO,"{""rel"": ""SCOPED_TO"", ""source"": ""claim:0041"", ""target"": ""perimeter:astrelia_consolidated_direct_personnel_costs""}"
claim:0041,source:business_plan_extract,FROM_SOURCE,"{""rel"": ""FROM_SOURCE"", ""source"": ""claim:0041"", ""target"": ""source:business_plan_extract""}"
claim:0041,author:astrelia_management,BY_AUTHOR,"{""rel"": ""BY_AUTHOR"", ""source"": ""claim:0041"", ""target"": ""author:astrelia_management""}"
claim:0041,area:operations,IN_AREA,"{""rel"": ""IN_AREA"", ""source"": ""claim:0041"", ""target"": ""area:operations""}"
claim:0041,claim:0042,TRACKS,"{""rel"": ""TRACKS"", ""source"": ""claim:0041"", ""target"": ""claim:0042""}"
claim:0041,claim:0043,REFINES,"{""rel"": ""REFINES"", ""source"": ""claim:0041"", ""target"": ""claim:0043""}"
claim:0041,claim:0044,TRACKS,"{""rel"": ""TRACKS"", ""source"": ""claim:0041"", ""target"": ""claim:0044""}"
claim:0042,entity:astrelia,ABOUT,"{""rel"": ""ABOUT"", ""source"": ""claim:0042"", ""target"": ""entity:astrelia""}"
claim:0042,metric:direct_personnel_costs,MEASURES,"{""rel"": ""MEASURES"", ""source"": ""claim:0042"", ""target"": ""metric:direct_personnel_costs""}"
claim:0042,period:fy25a,IN_PERIOD,"{""rel"": ""IN_PERIOD"", ""source"": ""claim:0042"", ""target"": ""period:fy25a""}"
claim:0042,perimeter:astrelia_consolidated_direct_personnel_costs,SCOPED_TO,"{""rel"": ""SCOPED_TO"", ""source"": ""claim:0042"", ""target"": ""perimeter:astrelia_consolidated_direct_personnel_costs""}"
claim:0042,source:business_plan_extract,FROM_SOURCE,"{""rel"": ""FROM_SOURCE"", ""source"": ""claim:0042"", ""target"": ""source:business_plan_extract""}"
claim:0042,author:astrelia_management,BY_AUTHOR,"{""rel"": ""BY_AUTHOR"", ""source"": ""claim:0042"", ""target"": ""author:astrelia_management""}"
claim:0042,area:operations,IN_AREA,"{""rel"": ""IN_AREA"", ""source"": ""claim:0042"", ""target"": ""area:operations""}"
claim:0042,claim:0043,TRACKS,"{""rel"": ""TRACKS"", ""source"": ""claim:0042"", ""target"": ""claim:0043""}"
claim:0042,claim:0044,REFINES,"{""rel"": ""REFINES"", ""source"": ""claim:0042"", ""target"": ""claim:0044""}"
claim:0043,entity:astrelia,ABOUT,"{""rel"": ""ABOUT"", ""source"": ""claim:0043"", ""target"": ""entity:astrelia""}"
claim:0043,metric:indirect_personnel_costs,MEASURES,"{""rel"": ""MEASURES"", ""source"": ""claim:0043"", ""target"": ""metric:indirect_personnel_costs""}"
claim:0043,period:fy24a,IN_PERIOD,"{""rel"": ""IN_PERIOD"", ""source"": ""claim:0043"", ""target"": ""period:fy24a""}"
claim:0043,perimeter:astrelia_consolidated_indirect_personnel_costs,SCOPED_TO,"{""rel"": ""SCOPED_TO"", ""source"": ""claim:0043"", ""target"": ""perimeter:astrelia_consolidated_indirect_personnel_costs""}"
claim:0043,source:business_plan_extract,FROM_SOURCE,"{""rel"": ""FROM_SOURCE"", ""source"": ""claim:0043"", ""target"": ""source:business_plan_extract""}"
claim:0043,author:astrelia_management,BY_AUTHOR,"{""rel"": ""BY_AUTHOR"", ""source"": ""claim:0043"", ""target"": ""author:astrelia_management""}"
claim:0043,area:operations,IN_AREA,"{""rel"": ""IN_AREA"", ""source"": ""claim:0043"", ""target"": ""area:operations""}"
claim:0043,claim:0044,TRACKS,"{""rel"": ""TRACKS"", ""source"": ""claim:0043"", ""target"": ""claim:0044""}"
claim:0044,entity:astrelia,ABOUT,"{""rel"": ""ABOUT"", ""source"": ""claim:0044"", ""target"": ""entity:astrelia""}"
claim:0044,metric:indirect_personnel_costs,MEASURES,"{""rel"": ""MEASURES"", ""source"": ""claim:0044"", ""target"": ""metric:indirect_personnel_costs""}"
claim:0044,period:fy25a,IN_PERIOD,"{""rel"": ""IN_PERIOD"", ""source"": ""claim:0044"", ""target"": ""period:fy25a""}"
claim:0044,perimeter:astrelia_consolidated_indirect_personnel_costs,SCOPED_TO,"{""rel"": ""SCOPED_TO"", ""source"": ""claim:0044"", ""target"": ""perimeter:astrelia_consolidated_indirect_personnel_costs""}"
claim:0044,source:business_plan_extract,FROM_SOURCE,"{""rel"": ""FROM_SOURCE"", ""source"": ""claim:0044"", ""target"": ""source:business_plan_extract""}"
claim:0044,author:astrelia_management,BY_AUTHOR,"{""rel"": ""BY_AUTHOR"", ""source"": ""claim:0044"", ""target"": ""author:astrelia_management""}"
claim:0044,area:operations,IN_AREA,"{""rel"": ""IN_AREA"", ""source"": ""claim:0044"", ""target"": ""area:operations""}"
claim:0045,entity:astrelia,ABOUT,"{""rel"": ""ABOUT"", ""source"": ""claim:0045"", ""target"": ""entity:astrelia""}"
claim:0045,metric:overhead_charged,MEASURES,"{""rel"": ""MEASURES"", ""source"": ""claim:0045"", ""target"": ""metric:overhead_charged""}"
claim:0045,period:fy24a,IN_PERIOD,"{""rel"": ""IN_PERIOD"", ""source"": ""claim:0045"", ""target"": ""period:fy24a""}"
claim:0045,perimeter:astrelia_consolidated_overhead_charged,SCOPED_TO,"{""rel"": ""SCOPED_TO"", ""source"": ""claim:0045"", ""target"": ""perimeter:astrelia_consolidated_overhead_charged""}"
claim:0045,source:business_plan_extract,FROM_SOURCE,"{""rel"": ""FROM_SOURCE"", ""source"": ""claim:0045"", ""target"": ""source:business_plan_extract""}"
claim:0045,author:astrelia_management,BY_AUTHOR,"{""rel"": ""BY_AUTHOR"", ""source"": ""claim:0045"", ""target"": ""author:astrelia_management""}"
claim:0045,area:operations,IN_AREA,"{""rel"": ""IN_AREA"", ""source"": ""claim:0045"", ""target"": ""area:operations""}"
claim:0045,claim:0046,TRACKS,"{""rel"": ""TRACKS"", ""source"": ""claim:0045"", ""target"": ""claim:0046""}"
claim:0046,entity:astrelia,ABOUT,"{""rel"": ""ABOUT"", ""source"": ""claim:0046"", ""target"": ""entity:astrelia""}"
claim:0046,metric:overhead_charged,MEASURES,"{""rel"": ""MEASURES"", ""source"": ""claim:0046"", ""target"": ""metric:overhead_charged""}"
claim:0046,period:fy25a,IN_PERIOD,"{""rel"": ""IN_PERIOD"", ""source"": ""claim:0046"", ""target"": ""period:fy25a""}"
claim:0046,perimeter:astrelia_consolidated_overhead_charged,SCOPED_TO,"{""rel"": ""SCOPED_TO"", ""source"": ""claim:0046"", ""target"": ""perimeter:astrelia_consolidated_overhead_charged""}"
claim:0046,source:business_plan_extract,FROM_SOURCE,"{""rel"": ""FROM_SOURCE"", ""source"": ""claim:0046"", ""target"": ""source:business_plan_extract""}"
claim:0046,author:astrelia_management,BY_AUTHOR,"{""rel"": ""BY_AUTHOR"", ""source"": ""claim:0046"", ""target"": ""author:astrelia_management""}"
claim:0046,area:operations,IN_AREA,"{""rel"": ""IN_AREA"", ""source"": ""claim:0046"", ""target"": ""area:operations""}"
claim:0047,entity:astrelia,ABOUT,"{""rel"": ""ABOUT"", ""source"": ""claim:0047"", ""target"": ""entity:astrelia""}"
claim:0047,metric:overhead_not_charged,MEASURES,"{""rel"": ""MEASURES"", ""source"": ""claim:0047"", ""target"": ""metric:overhead_not_charged""}"
claim:0047,period:fy24a,IN_PERIOD,"{""rel"": ""IN_PERIOD"", ""source"": ""claim:0047"", ""target"": ""period:fy24a""}"
claim:0047,perimeter:astrelia_consolidated_overhead_not_charged,SCOPED_TO,"{""rel"": ""SCOPED_TO"", ""source"": ""claim:0047"", ""target"": ""perimeter:astrelia_consolidated_overhead_not_charged""}"
claim:0047,source:business_plan_extract,FROM_SOURCE,"{""rel"": ""FROM_SOURCE"", ""source"": ""claim:0047"", ""target"": ""source:business_plan_extract""}"
claim:0047,author:astrelia_management,BY_AUTHOR,"{""rel"": ""BY_AUTHOR"", ""source"": ""claim:0047"", ""target"": ""author:astrelia_management""}"
claim:0047,area:operations,IN_AREA,"{""rel"": ""IN_AREA"", ""source"": ""claim:0047"", ""target"": ""area:operations""}"
claim:0047,claim:0048,TRACKS,"{""rel"": ""TRACKS"", ""source"": ""claim:0047"", ""target"": ""claim:0048""}"
claim:0048,entity:astrelia,ABOUT,"{""rel"": ""ABOUT"", ""source"": ""claim:0048"", ""target"": ""entity:astrelia""}"
claim:0048,metric:overhead_not_charged,MEASURES,"{""rel"": ""MEASURES"", ""source"": ""claim:0048"", ""target"": ""metric:overhead_not_charged""}"
claim:0048,period:fy25a,IN_PERIOD,"{""rel"": ""IN_PERIOD"", ""source"": ""claim:0048"", ""target"": ""period:fy25a""}"
claim:0048,perimeter:astrelia_consolidated_overhead_not_charged,SCOPED_TO,"{""rel"": ""SCOPED_TO"", ""source"": ""claim:0048"", ""target"": ""perimeter:astrelia_consolidated_overhead_not_charged""}"
claim:0048,source:business_plan_extract,FROM_SOURCE,"{""rel"": ""FROM_SOURCE"", ""source"": ""claim:0048"", ""target"": ""source:business_plan_extract""}"
claim:0048,author:astrelia_management,BY_AUTHOR,"{""rel"": ""BY_AUTHOR"", ""source"": ""claim:0048"", ""target"": ""author:astrelia_management""}"
claim:0048,area:operations,IN_AREA,"{""rel"": ""IN_AREA"", ""source"": ""claim:0048"", ""target"": ""area:operations""}"
claim:0049,entity:astrelia,ABOUT,"{""rel"": ""ABOUT"", ""source"": ""claim:0049"", ""target"": ""entity:astrelia""}"
claim:0049,metric:depreciation_&_amortization,MEASURES,"{""rel"": ""MEASURES"", ""source"": ""claim:0049"", ""target"": ""metric:depreciation_&_amortization""}"
claim:0049,period:fy24a,IN_PERIOD,"{""rel"": ""IN_PERIOD"", ""source"": ""claim:0049"", ""target"": ""period:fy24a""}"
claim:0049,perimeter:astrelia_consolidated_depreciation_and_amortization,SCOPED_TO,"{""rel"": ""SCOPED_TO"", ""source"": ""claim:0049"", ""target"": ""perimeter:astrelia_consolidated_depreciation_and_amortization""}"
claim:0049,source:business_plan_extract,FROM_SOURCE,"{""rel"": ""FROM_SOURCE"", ""source"": ""claim:0049"", ""target"": ""source:business_plan_extract""}"
claim:0049,author:astrelia_management,BY_AUTHOR,"{""rel"": ""BY_AUTHOR"", ""source"": ""claim:0049"", ""target"": ""author:astrelia_management""}"
claim:0049,claim:0050,TRACKS,"{""rel"": ""TRACKS"", ""source"": ""claim:0049"", ""target"": ""claim:0050""}"
claim:0050,entity:astrelia,ABOUT,"{""rel"": ""ABOUT"", ""source"": ""claim:0050"", ""target"": ""entity:astrelia""}"
claim:0050,metric:depreciation_&_amortization,MEASURES,"{""rel"": ""MEASURES"", ""source"": ""claim:0050"", ""target"": ""metric:depreciation_&_amortization""}"
claim:0050,period:fy25a,IN_PERIOD,"{""rel"": ""IN_PERIOD"", ""source"": ""claim:0050"", ""target"": ""period:fy25a""}"
claim:0050,perimeter:astrelia_consolidated_depreciation_and_amortization,SCOPED_TO,"{""rel"": ""SCOPED_TO"", ""source"": ""claim:0050"", ""target"": ""perimeter:astrelia_consolidated_depreciation_and_amortization""}"
claim:0050,source:business_plan_extract,FROM_SOURCE,"{""rel"": ""FROM_SOURCE"", ""source"": ""claim:0050"", ""target"": ""source:business_plan_extract""}"
claim:0050,author:astrelia_management,BY_AUTHOR,"{""rel"": ""BY_AUTHOR"", ""source"": ""claim:0050"", ""target"": ""author:astrelia_management""}"
claim:0051,entity:astrelia,ABOUT,"{""rel"": ""ABOUT"", ""source"": ""claim:0051"", ""target"": ""entity:astrelia""}"
claim:0051,metric:defense_segment_revenue,MEASURES,"{""rel"": ""MEASURES"", ""source"": ""claim:0051"", ""target"": ""metric:defense_segment_revenue""}"
claim:0051,period:fy24a,IN_PERIOD,"{""rel"": ""IN_PERIOD"", ""source"": ""claim:0051"", ""target"": ""period:fy24a""}"
claim:0051,perimeter:astrelia_defense_segment_revenue,SCOPED_TO,"{""rel"": ""SCOPED_TO"", ""source"": ""claim:0051"", ""target"": ""perimeter:astrelia_defense_segment_revenue""}"
claim:0051,source:business_plan_extract,FROM_SOURCE,"{""rel"": ""FROM_SOURCE"", ""source"": ""claim:0051"", ""target"": ""source:business_plan_extract""}"
claim:0051,author:astrelia_management,BY_AUTHOR,"{""rel"": ""BY_AUTHOR"", ""source"": ""claim:0051"", ""target"": ""author:astrelia_management""}"
claim:0051,area:market,IN_AREA,"{""rel"": ""IN_AREA"", ""source"": ""claim:0051"", ""target"": ""area:market""}"
claim:0052,entity:astrelia,ABOUT,"{""rel"": ""ABOUT"", ""source"": ""claim:0052"", ""target"": ""entity:astrelia""}"
claim:0052,metric:defense_segment_backlog_revenue,MEASURES,"{""rel"": ""MEASURES"", ""source"": ""claim:0052"", ""target"": ""metric:defense_segment_backlog_revenue""}"
claim:0052,period:fy25a,IN_PERIOD,"{""rel"": ""IN_PERIOD"", ""source"": ""claim:0052"", ""target"": ""period:fy25a""}"
claim:0052,perimeter:astrelia_defense_segment_backlog_revenue,SCOPED_TO,"{""rel"": ""SCOPED_TO"", ""source"": ""claim:0052"", ""target"": ""perimeter:astrelia_defense_segment_backlog_revenue""}"
claim:0052,source:business_plan_extract,FROM_SOURCE,"{""rel"": ""FROM_SOURCE"", ""source"": ""claim:0052"", ""target"": ""source:business_plan_extract""}"
claim:0052,author:astrelia_management,BY_AUTHOR,"{""rel"": ""BY_AUTHOR"", ""source"": ""claim:0052"", ""target"": ""author:astrelia_management""}"
claim:0052,area:market,IN_AREA,"{""rel"": ""IN_AREA"", ""source"": ""claim:0052"", ""target"": ""area:market""}"
claim:0052,claim:0053,TRACKS,"{""rel"": ""TRACKS"", ""source"": ""claim:0052"", ""target"": ""claim:0053""}"
claim:0052,claim:0054,TRACKS,"{""rel"": ""TRACKS"", ""source"": ""claim:0052"", ""target"": ""claim:0054""}"
claim:0052,claim:0055,TRACKS,"{""rel"": ""TRACKS"", ""source"": ""claim:0052"", ""target"": ""claim:0055""}"
claim:0052,claim:0056,TRACKS,"{""rel"": ""TRACKS"", ""source"": ""claim:0052"", ""target"": ""claim:0056""}"
claim:0052,claim:0057,TRACKS,"{""rel"": ""TRACKS"", ""source"": ""claim:0052"", ""target"": ""claim:0057""}"
claim:0053,entity:astrelia,ABOUT,"{""rel"": ""ABOUT"", ""source"": ""claim:0053"", ""target"": ""entity:astrelia""}"
claim:0053,metric:defense_segment_backlog_revenue,MEASURES,"{""rel"": ""MEASURES"", ""source"": ""claim:0053"", ""target"": ""metric:defense_segment_backlog_revenue""}"
claim:0053,period:fy26e,IN_PERIOD,"{""rel"": ""IN_PERIOD"", ""source"": ""claim:0053"", ""target"": ""period:fy26e""}"
claim:0053,"perimeter:astrelia_defense_segment_backlog_revenue,_management_forecast",SCOPED_TO,"{""rel"": ""SCOPED_TO"", ""source"": ""claim:0053"", ""target"": ""perimeter:astrelia_defense_segment_backlog_revenue,_management_forecast""}"
claim:0053,source:business_plan_extract,FROM_SOURCE,"{""rel"": ""FROM_SOURCE"", ""source"": ""claim:0053"", ""target"": ""source:business_plan_extract""}"
claim:0053,author:astrelia_management,BY_AUTHOR,"{""rel"": ""BY_AUTHOR"", ""source"": ""claim:0053"", ""target"": ""author:astrelia_management""}"
claim:0053,area:market,IN_AREA,"{""rel"": ""IN_AREA"", ""source"": ""claim:0053"", ""target"": ""area:market""}"
claim:0053,claim:0054,TRACKS,"{""rel"": ""TRACKS"", ""source"": ""claim:0053"", ""target"": ""claim:0054""}"
claim:0053,claim:0055,TRACKS,"{""rel"": ""TRACKS"", ""source"": ""claim:0053"", ""target"": ""claim:0055""}"
claim:0053,claim:0056,TRACKS,"{""rel"": ""TRACKS"", ""source"": ""claim:0053"", ""target"": ""claim:0056""}"
claim:0053,claim:0057,TRACKS,"{""rel"": ""TRACKS"", ""source"": ""claim:0053"", ""target"": ""claim:0057""}"
claim:0054,entity:astrelia,ABOUT,"{""rel"": ""ABOUT"", ""source"": ""claim:0054"", ""target"": ""entity:astrelia""}"
claim:0054,metric:defense_segment_backlog_revenue,MEASURES,"{""rel"": ""MEASURES"", ""source"": ""claim:0054"", ""target"": ""metric:defense_segment_backlog_revenue""}"
claim:0054,period:fy27e,IN_PERIOD,"{""rel"": ""IN_PERIOD"", ""source"": ""claim:0054"", ""target"": ""period:fy27e""}"
claim:0054,"perimeter:astrelia_defense_segment_backlog_revenue,_management_forecast",SCOPED_TO,"{""rel"": ""SCOPED_TO"", ""source"": ""claim:0054"", ""target"": ""perimeter:astrelia_defense_segment_backlog_revenue,_management_forecast""}"
claim:0054,source:business_plan_extract,FROM_SOURCE,"{""rel"": ""FROM_SOURCE"", ""source"": ""claim:0054"", ""target"": ""source:business_plan_extract""}"
claim:0054,author:astrelia_management,BY_AUTHOR,"{""rel"": ""BY_AUTHOR"", ""source"": ""claim:0054"", ""target"": ""author:astrelia_management""}"
claim:0054,area:market,IN_AREA,"{""rel"": ""IN_AREA"", ""source"": ""claim:0054"", ""target"": ""area:market""}"
claim:0054,claim:0055,TRACKS,"{""rel"": ""TRACKS"", ""source"": ""claim:0054"", ""target"": ""claim:0055""}"
claim:0054,claim:0056,TRACKS,"{""rel"": ""TRACKS"", ""source"": ""claim:0054"", ""target"": ""claim:0056""}"
claim:0054,claim:0057,TRACKS,"{""rel"": ""TRACKS"", ""source"": ""claim:0054"", ""target"": ""claim:0057""}"
claim:0055,entity:astrelia,ABOUT,"{""rel"": ""ABOUT"", ""source"": ""claim:0055"", ""target"": ""entity:astrelia""}"
claim:0055,metric:defense_segment_backlog_revenue,MEASURES,"{""rel"": ""MEASURES"", ""source"": ""claim:0055"", ""target"": ""metric:defense_segment_backlog_revenue""}"
claim:0055,period:fy28e,IN_PERIOD,"{""rel"": ""IN_PERIOD"", ""source"": ""claim:0055"", ""target"": ""period:fy28e""}"
claim:0055,"perimeter:astrelia_defense_segment_backlog_revenue,_management_forecast",SCOPED_TO,"{""rel"": ""SCOPED_TO"", ""source"": ""claim:0055"", ""target"": ""perimeter:astrelia_defense_segment_backlog_revenue,_management_forecast""}"
claim:0055,source:business_plan_extract,FROM_SOURCE,"{""rel"": ""FROM_SOURCE"", ""source"": ""claim:0055"", ""target"": ""source:business_plan_extract""}"
claim:0055,author:astrelia_management,BY_AUTHOR,"{""rel"": ""BY_AUTHOR"", ""source"": ""claim:0055"", ""target"": ""author:astrelia_management""}"
claim:0055,area:market,IN_AREA,"{""rel"": ""IN_AREA"", ""source"": ""claim:0055"", ""target"": ""area:market""}"
claim:0055,claim:0056,TRACKS,"{""rel"": ""TRACKS"", ""source"": ""claim:0055"", ""target"": ""claim:0056""}"
claim:0055,claim:0057,TRACKS,"{""rel"": ""TRACKS"", ""source"": ""claim:0055"", ""target"": ""claim:0057""}"
claim:0056,entity:astrelia,ABOUT,"{""rel"": ""ABOUT"", ""source"": ""claim:0056"", ""target"": ""entity:astrelia""}"
claim:0056,metric:defense_segment_backlog_revenue,MEASURES,"{""rel"": ""MEASURES"", ""source"": ""claim:0056"", ""target"": ""metric:defense_segment_backlog_revenue""}"
claim:0056,period:fy29e,IN_PERIOD,"{""rel"": ""IN_PERIOD"", ""source"": ""claim:0056"", ""target"": ""period:fy29e""}"
claim:0056,"perimeter:astrelia_defense_segment_backlog_revenue,_management_forecast",SCOPED_TO,"{""rel"": ""SCOPED_TO"", ""source"": ""claim:0056"", ""target"": ""perimeter:astrelia_defense_segment_backlog_revenue,_management_forecast""}"
claim:0056,source:business_plan_extract,FROM_SOURCE,"{""rel"": ""FROM_SOURCE"", ""source"": ""claim:0056"", ""target"": ""source:business_plan_extract""}"
claim:0056,author:astrelia_management,BY_AUTHOR,"{""rel"": ""BY_AUTHOR"", ""source"": ""claim:0056"", ""target"": ""author:astrelia_management""}"
claim:0056,area:market,IN_AREA,"{""rel"": ""IN_AREA"", ""source"": ""claim:0056"", ""target"": ""area:market""}"
claim:0056,claim:0057,TRACKS,"{""rel"": ""TRACKS"", ""source"": ""claim:0056"", ""target"": ""claim:0057""}"
claim:0057,entity:astrelia,ABOUT,"{""rel"": ""ABOUT"", ""source"": ""claim:0057"", ""target"": ""entity:astrelia""}"
claim:0057,metric:defense_segment_backlog_revenue,MEASURES,"{""rel"": ""MEASURES"", ""source"": ""claim:0057"", ""target"": ""metric:defense_segment_backlog_revenue""}"
claim:0057,period:fy30e,IN_PERIOD,"{""rel"": ""IN_PERIOD"", ""source"": ""claim:0057"", ""target"": ""period:fy30e""}"
claim:0057,"perimeter:astrelia_defense_segment_backlog_revenue,_management_forecast",SCOPED_TO,"{""rel"": ""SCOPED_TO"", ""source"": ""claim:0057"", ""target"": ""perimeter:astrelia_defense_segment_backlog_revenue,_management_forecast""}"
claim:0057,source:business_plan_extract,FROM_SOURCE,"{""rel"": ""FROM_SOURCE"", ""source"": ""claim:0057"", ""target"": ""source:business_plan_extract""}"
claim:0057,author:astrelia_management,BY_AUTHOR,"{""rel"": ""BY_AUTHOR"", ""source"": ""claim:0057"", ""target"": ""author:astrelia_management""}"
claim:0057,area:market,IN_AREA,"{""rel"": ""IN_AREA"", ""source"": ""claim:0057"", ""target"": ""area:market""}"
claim:0058,entity:astrelia,ABOUT,"{""rel"": ""ABOUT"", ""source"": ""claim:0058"", ""target"": ""entity:astrelia""}"
claim:0058,metric:defense_segment_high-probability_revenue,MEASURES,"{""rel"": ""MEASURES"", ""source"": ""claim:0058"", ""target"": ""metric:defense_segment_high-probability_revenue""}"
claim:0058,period:fy24a,IN_PERIOD,"{""rel"": ""IN_PERIOD"", ""source"": ""claim:0058"", ""target"": ""period:fy24a""}"
claim:0058,perimeter:astrelia_defense_segment_high-probability_revenue,SCOPED_TO,"{""rel"": ""SCOPED_TO"", ""source"": ""claim:0058"", ""target"": ""perimeter:astrelia_defense_segment_high-probability_revenue""}"
claim:0058,source:business_plan_extract,FROM_SOURCE,"{""rel"": ""FROM_SOURCE"", ""source"": ""claim:0058"", ""target"": ""source:business_plan_extract""}"
claim:0058,author:astrelia_management,BY_AUTHOR,"{""rel"": ""BY_AUTHOR"", ""source"": ""claim:0058"", ""target"": ""author:astrelia_management""}"
claim:0058,area:market,IN_AREA,"{""rel"": ""IN_AREA"", ""source"": ""claim:0058"", ""target"": ""area:market""}"
claim:0058,claim:0059,TRACKS,"{""rel"": ""TRACKS"", ""source"": ""claim:0058"", ""target"": ""claim:0059""}"
claim:0058,claim:0060,TRACKS,"{""rel"": ""TRACKS"", ""source"": ""claim:0058"", ""target"": ""claim:0060""}"
claim:0058,claim:0061,TRACKS,"{""rel"": ""TRACKS"", ""source"": ""claim:0058"", ""target"": ""claim:0061""}"
claim:0058,claim:0062,TRACKS,"{""rel"": ""TRACKS"", ""source"": ""claim:0058"", ""target"": ""claim:0062""}"
claim:0058,claim:0063,TRACKS,"{""rel"": ""TRACKS"", ""source"": ""claim:0058"", ""target"": ""claim:0063""}"
claim:0058,claim:0064,TRACKS,"{""rel"": ""TRACKS"", ""source"": ""claim:0058"", ""target"": ""claim:0064""}"
claim:0059,entity:astrelia,ABOUT,"{""rel"": ""ABOUT"", ""source"": ""claim:0059"", ""target"": ""entity:astrelia""}"
claim:0059,metric:defense_segment_high-probability_revenue,MEASURES,"{""rel"": ""MEASURES"", ""source"": ""claim:0059"", ""target"": ""metric:defense_segment_high-probability_revenue""}"
claim:0059,period:fy25a,IN_PERIOD,"{""rel"": ""IN_PERIOD"", ""source"": ""claim:0059"", ""target"": ""period:fy25a""}"
claim:0059,perimeter:astrelia_defense_segment_high-probability_revenue,SCOPED_TO,"{""rel"": ""SCOPED_TO"", ""source"": ""claim:0059"", ""target"": ""perimeter:astrelia_defense_segment_high-probability_revenue""}"
claim:0059,source:business_plan_extract,FROM_SOURCE,"{""rel"": ""FROM_SOURCE"", ""source"": ""claim:0059"", ""target"": ""source:business_plan_extract""}"
claim:0059,author:astrelia_management,BY_AUTHOR,"{""rel"": ""BY_AUTHOR"", ""source"": ""claim:0059"", ""target"": ""author:astrelia_management""}"
claim:0059,area:market,IN_AREA,"{""rel"": ""IN_AREA"", ""source"": ""claim:0059"", ""target"": ""area:market""}"
claim:0059,claim:0060,TRACKS,"{""rel"": ""TRACKS"", ""source"": ""claim:0059"", ""target"": ""claim:0060""}"
claim:0059,claim:0061,TRACKS,"{""rel"": ""TRACKS"", ""source"": ""claim:0059"", ""target"": ""claim:0061""}"
claim:0059,claim:0062,TRACKS,"{""rel"": ""TRACKS"", ""source"": ""claim:0059"", ""target"": ""claim:0062""}"
claim:0059,claim:0063,TRACKS,"{""rel"": ""TRACKS"", ""source"": ""claim:0059"", ""target"": ""claim:0063""}"
claim:0059,claim:0064,TRACKS,"{""rel"": ""TRACKS"", ""source"": ""claim:0059"", ""target"": ""claim:0064""}"
claim:0060,entity:astrelia,ABOUT,"{""rel"": ""ABOUT"", ""source"": ""claim:0060"", ""target"": ""entity:astrelia""}"
claim:0060,metric:defense_segment_high-probability_revenue,MEASURES,"{""rel"": ""MEASURES"", ""source"": ""claim:0060"", ""target"": ""metric:defense_segment_high-probability_revenue""}"
claim:0060,period:fy26e,IN_PERIOD,"{""rel"": ""IN_PERIOD"", ""source"": ""claim:0060"", ""target"": ""period:fy26e""}"
claim:0060,"perimeter:astrelia_defense_segment_high-probability_revenue,_management_forecast",SCOPED_TO,"{""rel"": ""SCOPED_TO"", ""source"": ""claim:0060"", ""target"": ""perimeter:astrelia_defense_segment_high-probability_revenue,_management_forecast""}"
claim:0060,source:business_plan_extract,FROM_SOURCE,"{""rel"": ""FROM_SOURCE"", ""source"": ""claim:0060"", ""target"": ""source:business_plan_extract""}"
claim:0060,author:astrelia_management,BY_AUTHOR,"{""rel"": ""BY_AUTHOR"", ""source"": ""claim:0060"", ""target"": ""author:astrelia_management""}"
claim:0060,area:market,IN_AREA,"{""rel"": ""IN_AREA"", ""source"": ""claim:0060"", ""target"": ""area:market""}"
claim:0060,claim:0061,TRACKS,"{""rel"": ""TRACKS"", ""source"": ""claim:0060"", ""target"": ""claim:0061""}"
claim:0060,claim:0062,TRACKS,"{""rel"": ""TRACKS"", ""source"": ""claim:0060"", ""target"": ""claim:0062""}"
claim:0060,claim:0063,TRACKS,"{""rel"": ""TRACKS"", ""source"": ""claim:0060"", ""target"": ""claim:0063""}"
claim:0060,claim:0064,TRACKS,"{""rel"": ""TRACKS"", ""source"": ""claim:0060"", ""target"": ""claim:0064""}"
claim:0061,entity:astrelia,ABOUT,"{""rel"": ""ABOUT"", ""source"": ""claim:0061"", ""target"": ""entity:astrelia""}"
claim:0061,metric:defense_segment_high-probability_revenue,MEASURES,"{""rel"": ""MEASURES"", ""source"": ""claim:0061"", ""target"": ""metric:defense_segment_high-probability_revenue""}"
claim:0061,period:fy27e,IN_PERIOD,"{""rel"": ""IN_PERIOD"", ""source"": ""claim:0061"", ""target"": ""period:fy27e""}"
claim:0061,"perimeter:astrelia_defense_segment_high-probability_revenue,_management_forecast",SCOPED_TO,"{""rel"": ""SCOPED_TO"", ""source"": ""claim:0061"", ""target"": ""perimeter:astrelia_defense_segment_high-probability_revenue,_management_forecast""}"
claim:0061,source:business_plan_extract,FROM_SOURCE,"{""rel"": ""FROM_SOURCE"", ""source"": ""claim:0061"", ""target"": ""source:business_plan_extract""}"
claim:0061,author:astrelia_management,BY_AUTHOR,"{""rel"": ""BY_AUTHOR"", ""source"": ""claim:0061"", ""target"": ""author:astrelia_management""}"
claim:0061,area:market,IN_AREA,"{""rel"": ""IN_AREA"", ""source"": ""claim:0061"", ""target"": ""area:market""}"
claim:0061,claim:0062,TRACKS,"{""rel"": ""TRACKS"", ""source"": ""claim:0061"", ""target"": ""claim:0062""}"
claim:0061,claim:0063,TRACKS,"{""rel"": ""TRACKS"", ""source"": ""claim:0061"", ""target"": ""claim:0063""}"
claim:0061,claim:0064,TRACKS,"{""rel"": ""TRACKS"", ""source"": ""claim:0061"", ""target"": ""claim:0064""}"
claim:0062,entity:astrelia,ABOUT,"{""rel"": ""ABOUT"", ""source"": ""claim:0062"", ""target"": ""entity:astrelia""}"
claim:0062,metric:defense_segment_high-probability_revenue,MEASURES,"{""rel"": ""MEASURES"", ""source"": ""claim:0062"", ""target"": ""metric:defense_segment_high-probability_revenue""}"
claim:0062,period:fy28e,IN_PERIOD,"{""rel"": ""IN_PERIOD"", ""source"": ""claim:0062"", ""target"": ""period:fy28e""}"
claim:0062,"perimeter:astrelia_defense_segment_high-probability_revenue,_management_forecast",SCOPED_TO,"{""rel"": ""SCOPED_TO"", ""source"": ""claim:0062"", ""target"": ""perimeter:astrelia_defense_segment_high-probability_revenue,_management_forecast""}"
claim:0062,source:business_plan_extract,FROM_SOURCE,"{""rel"": ""FROM_SOURCE"", ""source"": ""claim:0062"", ""target"": ""source:business_plan_extract""}"
claim:0062,author:astrelia_management,BY_AUTHOR,"{""rel"": ""BY_AUTHOR"", ""source"": ""claim:0062"", ""target"": ""author:astrelia_management""}"
claim:0062,area:market,IN_AREA,"{""rel"": ""IN_AREA"", ""source"": ""claim:0062"", ""target"": ""area:market""}"
claim:0062,claim:0063,TRACKS,"{""rel"": ""TRACKS"", ""source"": ""claim:0062"", ""target"": ""claim:0063""}"
claim:0062,claim:0064,TRACKS,"{""rel"": ""TRACKS"", ""source"": ""claim:0062"", ""target"": ""claim:0064""}"
claim:0063,entity:astrelia,ABOUT,"{""rel"": ""ABOUT"", ""source"": ""claim:0063"", ""target"": ""entity:astrelia""}"
claim:0063,metric:defense_segment_high-probability_revenue,MEASURES,"{""rel"": ""MEASURES"", ""source"": ""claim:0063"", ""target"": ""metric:defense_segment_high-probability_revenue""}"
claim:0063,period:fy29e,IN_PERIOD,"{""rel"": ""IN_PERIOD"", ""source"": ""claim:0063"", ""target"": ""period:fy29e""}"
claim:0063,"perimeter:astrelia_defense_segment_high-probability_revenue,_management_forecast",SCOPED_TO,"{""rel"": ""SCOPED_TO"", ""source"": ""claim:0063"", ""target"": ""perimeter:astrelia_defense_segment_high-probability_revenue,_management_forecast""}"
claim:0063,source:business_plan_extract,FROM_SOURCE,"{""rel"": ""FROM_SOURCE"", ""source"": ""claim:0063"", ""target"": ""source:business_plan_extract""}"
claim:0063,author:astrelia_management,BY_AUTHOR,"{""rel"": ""BY_AUTHOR"", ""source"": ""claim:0063"", ""target"": ""author:astrelia_management""}"
claim:0063,area:market,IN_AREA,"{""rel"": ""IN_AREA"", ""source"": ""claim:0063"", ""target"": ""area:market""}"
claim:0063,claim:0064,TRACKS,"{""rel"": ""TRACKS"", ""source"": ""claim:0063"", ""target"": ""claim:0064""}"
claim:0064,entity:astrelia,ABOUT,"{""rel"": ""ABOUT"", ""source"": ""claim:0064"", ""target"": ""entity:astrelia""}"
claim:0064,metric:defense_segment_high-probability_revenue,MEASURES,"{""rel"": ""MEASURES"", ""source"": ""claim:0064"", ""target"": ""metric:defense_segment_high-probability_revenue""}"
claim:0064,period:fy30e,IN_PERIOD,"{""rel"": ""IN_PERIOD"", ""source"": ""claim:0064"", ""target"": ""period:fy30e""}"
claim:0064,"perimeter:astrelia_defense_segment_high-probability_revenue,_management_forecast",SCOPED_TO,"{""rel"": ""SCOPED_TO"", ""source"": ""claim:0064"", ""target"": ""perimeter:astrelia_defense_segment_high-probability_revenue,_management_forecast""}"
claim:0064,source:business_plan_extract,FROM_SOURCE,"{""rel"": ""FROM_SOURCE"", ""source"": ""claim:0064"", ""target"": ""source:business_plan_extract""}"
claim:0064,author:astrelia_management,BY_AUTHOR,"{""rel"": ""BY_AUTHOR"", ""source"": ""claim:0064"", ""target"": ""author:astrelia_management""}"
claim:0064,area:market,IN_AREA,"{""rel"": ""IN_AREA"", ""source"": ""claim:0064"", ""target"": ""area:market""}"
claim:0065,entity:astrelia,ABOUT,"{""rel"": ""ABOUT"", ""source"": ""claim:0065"", ""target"": ""entity:astrelia""}"
claim:0065,metric:defense_segment_pipeline_revenue,MEASURES,"{""rel"": ""MEASURES"", ""source"": ""claim:0065"", ""target"": ""metric:defense_segment_pipeline_revenue""}"
claim:0065,period:fy24a,IN_PERIOD,"{""rel"": ""IN_PERIOD"", ""source"": ""claim:0065"", ""target"": ""period:fy24a""}"
claim:0065,perimeter:astrelia_defense_segment_pipeline_revenue,SCOPED_TO,"{""rel"": ""SCOPED_TO"", ""source"": ""claim:0065"", ""target"": ""perimeter:astrelia_defense_segment_pipeline_revenue""}"
claim:0065,source:business_plan_extract,FROM_SOURCE,"{""rel"": ""FROM_SOURCE"", ""source"": ""claim:0065"", ""target"": ""source:business_plan_extract""}"
claim:0065,author:astrelia_management,BY_AUTHOR,"{""rel"": ""BY_AUTHOR"", ""source"": ""claim:0065"", ""target"": ""author:astrelia_management""}"
claim:0065,area:market,IN_AREA,"{""rel"": ""IN_AREA"", ""source"": ""claim:0065"", ""target"": ""area:market""}"
claim:0065,claim:0066,TRACKS,"{""rel"": ""TRACKS"", ""source"": ""claim:0065"", ""target"": ""claim:0066""}"
claim:0065,claim:0067,TRACKS,"{""rel"": ""TRACKS"", ""source"": ""claim:0065"", ""target"": ""claim:0067""}"
claim:0065,claim:0068,TRACKS,"{""rel"": ""TRACKS"", ""source"": ""claim:0065"", ""target"": ""claim:0068""}"
claim:0065,claim:0069,TRACKS,"{""rel"": ""TRACKS"", ""source"": ""claim:0065"", ""target"": ""claim:0069""}"
claim:0065,claim:0070,TRACKS,"{""rel"": ""TRACKS"", ""source"": ""claim:0065"", ""target"": ""claim:0070""}"
claim:0065,claim:0071,TRACKS,"{""rel"": ""TRACKS"", ""source"": ""claim:0065"", ""target"": ""claim:0071""}"
claim:0066,entity:astrelia,ABOUT,"{""rel"": ""ABOUT"", ""source"": ""claim:0066"", ""target"": ""entity:astrelia""}"
claim:0066,metric:defense_segment_pipeline_revenue,MEASURES,"{""rel"": ""MEASURES"", ""source"": ""claim:0066"", ""target"": ""metric:defense_segment_pipeline_revenue""}"
claim:0066,period:fy25a,IN_PERIOD,"{""rel"": ""IN_PERIOD"", ""source"": ""claim:0066"", ""target"": ""period:fy25a""}"
claim:0066,perimeter:astrelia_defense_segment_pipeline_revenue,SCOPED_TO,"{""rel"": ""SCOPED_TO"", ""source"": ""claim:0066"", ""target"": ""perimeter:astrelia_defense_segment_pipeline_revenue""}"
claim:0066,source:business_plan_extract,FROM_SOURCE,"{""rel"": ""FROM_SOURCE"", ""source"": ""claim:0066"", ""target"": ""source:business_plan_extract""}"
claim:0066,author:astrelia_management,BY_AUTHOR,"{""rel"": ""BY_AUTHOR"", ""source"": ""claim:0066"", ""target"": ""author:astrelia_management""}"
claim:0066,area:market,IN_AREA,"{""rel"": ""IN_AREA"", ""source"": ""claim:0066"", ""target"": ""area:market""}"
claim:0066,claim:0067,TRACKS,"{""rel"": ""TRACKS"", ""source"": ""claim:0066"", ""target"": ""claim:0067""}"
claim:0066,claim:0068,TRACKS,"{""rel"": ""TRACKS"", ""source"": ""claim:0066"", ""target"": ""claim:0068""}"
claim:0066,claim:0069,TRACKS,"{""rel"": ""TRACKS"", ""source"": ""claim:0066"", ""target"": ""claim:0069""}"
claim:0066,claim:0070,TRACKS,"{""rel"": ""TRACKS"", ""source"": ""claim:0066"", ""target"": ""claim:0070""}"
claim:0066,claim:0071,TRACKS,"{""rel"": ""TRACKS"", ""source"": ""claim:0066"", ""target"": ""claim:0071""}"
claim:0067,entity:astrelia,ABOUT,"{""rel"": ""ABOUT"", ""source"": ""claim:0067"", ""target"": ""entity:astrelia""}"
claim:0067,metric:defense_segment_pipeline_revenue,MEASURES,"{""rel"": ""MEASURES"", ""source"": ""claim:0067"", ""target"": ""metric:defense_segment_pipeline_revenue""}"
claim:0067,period:fy26e,IN_PERIOD,"{""rel"": ""IN_PERIOD"", ""source"": ""claim:0067"", ""target"": ""period:fy26e""}"
claim:0067,"perimeter:astrelia_defense_segment_pipeline_revenue,_management_forecast",SCOPED_TO,"{""rel"": ""SCOPED_TO"", ""source"": ""claim:0067"", ""target"": ""perimeter:astrelia_defense_segment_pipeline_revenue,_management_forecast""}"
claim:0067,source:business_plan_extract,FROM_SOURCE,"{""rel"": ""FROM_SOURCE"", ""source"": ""claim:0067"", ""target"": ""source:business_plan_extract""}"
claim:0067,author:astrelia_management,BY_AUTHOR,"{""rel"": ""BY_AUTHOR"", ""source"": ""claim:0067"", ""target"": ""author:astrelia_management""}"
claim:0067,area:market,IN_AREA,"{""rel"": ""IN_AREA"", ""source"": ""claim:0067"", ""target"": ""area:market""}"
claim:0067,claim:0068,TRACKS,"{""rel"": ""TRACKS"", ""source"": ""claim:0067"", ""target"": ""claim:0068""}"
claim:0067,claim:0069,TRACKS,"{""rel"": ""TRACKS"", ""source"": ""claim:0067"", ""target"": ""claim:0069""}"
claim:0067,claim:0070,TRACKS,"{""rel"": ""TRACKS"", ""source"": ""claim:0067"", ""target"": ""claim:0070""}"
claim:0067,claim:0071,TRACKS,"{""rel"": ""TRACKS"", ""source"": ""claim:0067"", ""target"": ""claim:0071""}"
claim:0068,entity:astrelia,ABOUT,"{""rel"": ""ABOUT"", ""source"": ""claim:0068"", ""target"": ""entity:astrelia""}"
claim:0068,metric:defense_segment_pipeline_revenue,MEASURES,"{""rel"": ""MEASURES"", ""source"": ""claim:0068"", ""target"": ""metric:defense_segment_pipeline_revenue""}"
claim:0068,period:fy27e,IN_PERIOD,"{""rel"": ""IN_PERIOD"", ""source"": ""claim:0068"", ""target"": ""period:fy27e""}"
claim:0068,"perimeter:astrelia_defense_segment_pipeline_revenue,_management_forecast",SCOPED_TO,"{""rel"": ""SCOPED_TO"", ""source"": ""claim:0068"", ""target"": ""perimeter:astrelia_defense_segment_pipeline_revenue,_management_forecast""}"
claim:0068,source:business_plan_extract,FROM_SOURCE,"{""rel"": ""FROM_SOURCE"", ""source"": ""claim:0068"", ""target"": ""source:business_plan_extract""}"
claim:0068,author:astrelia_management,BY_AUTHOR,"{""rel"": ""BY_AUTHOR"", ""source"": ""claim:0068"", ""target"": ""author:astrelia_management""}"
claim:0068,area:market,IN_AREA,"{""rel"": ""IN_AREA"", ""source"": ""claim:0068"", ""target"": ""area:market""}"
claim:0068,claim:0069,TRACKS,"{""rel"": ""TRACKS"", ""source"": ""claim:0068"", ""target"": ""claim:0069""}"
claim:0068,claim:0070,TRACKS,"{""rel"": ""TRACKS"", ""source"": ""claim:0068"", ""target"": ""claim:0070""}"
claim:0068,claim:0071,TRACKS,"{""rel"": ""TRACKS"", ""source"": ""claim:0068"", ""target"": ""claim:0071""}"
claim:0069,entity:astrelia,ABOUT,"{""rel"": ""ABOUT"", ""source"": ""claim:0069"", ""target"": ""entity:astrelia""}"
claim:0069,metric:defense_segment_pipeline_revenue,MEASURES,"{""rel"": ""MEASURES"", ""source"": ""claim:0069"", ""target"": ""metric:defense_segment_pipeline_revenue""}"
claim:0069,period:fy28e,IN_PERIOD,"{""rel"": ""IN_PERIOD"", ""source"": ""claim:0069"", ""target"": ""period:fy28e""}"
claim:0069,"perimeter:astrelia_defense_segment_pipeline_revenue,_management_forecast",SCOPED_TO,"{""rel"": ""SCOPED_TO"", ""source"": ""claim:0069"", ""target"": ""perimeter:astrelia_defense_segment_pipeline_revenue,_management_forecast""}"
claim:0069,source:business_plan_extract,FROM_SOURCE,"{""rel"": ""FROM_SOURCE"", ""source"": ""claim:0069"", ""target"": ""source:business_plan_extract""}"
claim:0069,author:astrelia_management,BY_AUTHOR,"{""rel"": ""BY_AUTHOR"", ""source"": ""claim:0069"", ""target"": ""author:astrelia_management""}"
claim:0069,area:market,IN_AREA,"{""rel"": ""IN_AREA"", ""source"": ""claim:0069"", ""target"": ""area:market""}"
claim:0069,claim:0070,TRACKS,"{""rel"": ""TRACKS"", ""source"": ""claim:0069"", ""target"": ""claim:0070""}"
claim:0069,claim:0071,TRACKS,"{""rel"": ""TRACKS"", ""source"": ""claim:0069"", ""target"": ""claim:0071""}"
claim:0070,entity:astrelia,ABOUT,"{""rel"": ""ABOUT"", ""source"": ""claim:0070"", ""target"": ""entity:astrelia""}"
claim:0070,metric:defense_segment_pipeline_revenue,MEASURES,"{""rel"": ""MEASURES"", ""source"": ""claim:0070"", ""target"": ""metric:defense_segment_pipeline_revenue""}"
claim:0070,period:fy29e,IN_PERIOD,"{""rel"": ""IN_PERIOD"", ""source"": ""claim:0070"", ""target"": ""period:fy29e""}"
claim:0070,"perimeter:astrelia_defense_segment_pipeline_revenue,_management_forecast",SCOPED_TO,"{""rel"": ""SCOPED_TO"", ""source"": ""claim:0070"", ""target"": ""perimeter:astrelia_defense_segment_pipeline_revenue,_management_forecast""}"
claim:0070,source:business_plan_extract,FROM_SOURCE,"{""rel"": ""FROM_SOURCE"", ""source"": ""claim:0070"", ""target"": ""source:business_plan_extract""}"
claim:0070,author:astrelia_management,BY_AUTHOR,"{""rel"": ""BY_AUTHOR"", ""source"": ""claim:0070"", ""target"": ""author:astrelia_management""}"
claim:0070,area:market,IN_AREA,"{""rel"": ""IN_AREA"", ""source"": ""claim:0070"", ""target"": ""area:market""}"
claim:0070,claim:0071,TRACKS,"{""rel"": ""TRACKS"", ""source"": ""claim:0070"", ""target"": ""claim:0071""}"
claim:0071,entity:astrelia,ABOUT,"{""rel"": ""ABOUT"", ""source"": ""claim:0071"", ""target"": ""entity:astrelia""}"
claim:0071,metric:defense_segment_pipeline_revenue,MEASURES,"{""rel"": ""MEASURES"", ""source"": ""claim:0071"", ""target"": ""metric:defense_segment_pipeline_revenue""}"
claim:0071,period:fy30e,IN_PERIOD,"{""rel"": ""IN_PERIOD"", ""source"": ""claim:0071"", ""target"": ""period:fy30e""}"
claim:0071,"perimeter:astrelia_defense_segment_pipeline_revenue,_management_forecast",SCOPED_TO,"{""rel"": ""SCOPED_TO"", ""source"": ""claim:0071"", ""target"": ""perimeter:astrelia_defense_segment_pipeline_revenue,_management_forecast""}"
claim:0071,source:business_plan_extract,FROM_SOURCE,"{""rel"": ""FROM_SOURCE"", ""source"": ""claim:0071"", ""target"": ""source:business_plan_extract""}"
claim:0071,author:astrelia_management,BY_AUTHOR,"{""rel"": ""BY_AUTHOR"", ""source"": ""claim:0071"", ""target"": ""author:astrelia_management""}"
claim:0071,area:market,IN_AREA,"{""rel"": ""IN_AREA"", ""source"": ""claim:0071"", ""target"": ""area:market""}"
claim:0072,entity:astrelia,ABOUT,"{""rel"": ""ABOUT"", ""source"": ""claim:0072"", ""target"": ""entity:astrelia""}"
claim:0072,metric:earth_observation_segment_backlog_revenue,MEASURES,"{""rel"": ""MEASURES"", ""source"": ""claim:0072"", ""target"": ""metric:earth_observation_segment_backlog_revenue""}"
claim:0072,period:fy24a,IN_PERIOD,"{""rel"": ""IN_PERIOD"", ""source"": ""claim:0072"", ""target"": ""period:fy24a""}"
claim:0072,perimeter:astrelia_earth_observation_segment_backlog_revenue,SCOPED_TO,"{""rel"": ""SCOPED_TO"", ""source"": ""claim:0072"", ""target"": ""perimeter:astrelia_earth_observation_segment_backlog_revenue""}"
claim:0072,source:business_plan_extract,FROM_SOURCE,"{""rel"": ""FROM_SOURCE"", ""source"": ""claim:0072"", ""target"": ""source:business_plan_extract""}"
claim:0072,author:astrelia_management,BY_AUTHOR,"{""rel"": ""BY_AUTHOR"", ""source"": ""claim:0072"", ""target"": ""author:astrelia_management""}"
claim:0072,area:market,IN_AREA,"{""rel"": ""IN_AREA"", ""source"": ""claim:0072"", ""target"": ""area:market""}"
claim:0072,claim:0073,TRACKS,"{""rel"": ""TRACKS"", ""source"": ""claim:0072"", ""target"": ""claim:0073""}"
claim:0072,claim:0074,TRACKS,"{""rel"": ""TRACKS"", ""source"": ""claim:0072"", ""target"": ""claim:0074""}"
claim:0072,claim:0075,TRACKS,"{""rel"": ""TRACKS"", ""source"": ""claim:0072"", ""target"": ""claim:0075""}"
claim:0073,entity:astrelia,ABOUT,"{""rel"": ""ABOUT"", ""source"": ""claim:0073"", ""target"": ""entity:astrelia""}"
claim:0073,metric:earth_observation_segment_backlog_revenue,MEASURES,"{""rel"": ""MEASURES"", ""source"": ""claim:0073"", ""target"": ""metric:earth_observation_segment_backlog_revenue""}"
claim:0073,period:fy25a,IN_PERIOD,"{""rel"": ""IN_PERIOD"", ""source"": ""claim:0073"", ""target"": ""period:fy25a""}"
claim:0073,perimeter:astrelia_earth_observation_segment_backlog_revenue,SCOPED_TO,"{""rel"": ""SCOPED_TO"", ""source"": ""claim:0073"", ""target"": ""perimeter:astrelia_earth_observation_segment_backlog_revenue""}"
claim:0073,source:business_plan_extract,FROM_SOURCE,"{""rel"": ""FROM_SOURCE"", ""source"": ""claim:0073"", ""target"": ""source:business_plan_extract""}"
claim:0073,author:astrelia_management,BY_AUTHOR,"{""rel"": ""BY_AUTHOR"", ""source"": ""claim:0073"", ""target"": ""author:astrelia_management""}"
claim:0073,area:market,IN_AREA,"{""rel"": ""IN_AREA"", ""source"": ""claim:0073"", ""target"": ""area:market""}"
claim:0073,claim:0074,TRACKS,"{""rel"": ""TRACKS"", ""source"": ""claim:0073"", ""target"": ""claim:0074""}"
claim:0073,claim:0075,TRACKS,"{""rel"": ""TRACKS"", ""source"": ""claim:0073"", ""target"": ""claim:0075""}"
claim:0074,entity:astrelia,ABOUT,"{""rel"": ""ABOUT"", ""source"": ""claim:0074"", ""target"": ""entity:astrelia""}"
claim:0074,metric:earth_observation_segment_backlog_revenue,MEASURES,"{""rel"": ""MEASURES"", ""source"": ""claim:0074"", ""target"": ""metric:earth_observation_segment_backlog_revenue""}"
claim:0074,period:fy26e,IN_PERIOD,"{""rel"": ""IN_PERIOD"", ""source"": ""claim:0074"", ""target"": ""period:fy26e""}"
claim:0074,"perimeter:astrelia_earth_observation_segment_backlog_revenue,_management_forecast",SCOPED_TO,"{""rel"": ""SCOPED_TO"", ""source"": ""claim:0074"", ""target"": ""perimeter:astrelia_earth_observation_segment_backlog_revenue,_management_forecast""}"
claim:0074,source:business_plan_extract,FROM_SOURCE,"{""rel"": ""FROM_SOURCE"", ""source"": ""claim:0074"", ""target"": ""source:business_plan_extract""}"
claim:0074,author:astrelia_management,BY_AUTHOR,"{""rel"": ""BY_AUTHOR"", ""source"": ""claim:0074"", ""target"": ""author:astrelia_management""}"
claim:0074,area:market,IN_AREA,"{""rel"": ""IN_AREA"", ""source"": ""claim:0074"", ""target"": ""area:market""}"
claim:0074,claim:0075,TRACKS,"{""rel"": ""TRACKS"", ""source"": ""claim:0074"", ""target"": ""claim:0075""}"
claim:0075,entity:astrelia,ABOUT,"{""rel"": ""ABOUT"", ""source"": ""claim:0075"", ""target"": ""entity:astrelia""}"
claim:0075,metric:earth_observation_segment_backlog_revenue,MEASURES,"{""rel"": ""MEASURES"", ""source"": ""claim:0075"", ""target"": ""metric:earth_observation_segment_backlog_revenue""}"
claim:0075,period:fy27e,IN_PERIOD,"{""rel"": ""IN_PERIOD"", ""source"": ""claim:0075"", ""target"": ""period:fy27e""}"
claim:0075,"perimeter:astrelia_earth_observation_segment_backlog_revenue,_management_forecast",SCOPED_TO,"{""rel"": ""SCOPED_TO"", ""source"": ""claim:0075"", ""target"": ""perimeter:astrelia_earth_observation_segment_backlog_revenue,_management_forecast""}"
claim:0075,source:business_plan_extract,FROM_SOURCE,"{""rel"": ""FROM_SOURCE"", ""source"": ""claim:0075"", ""target"": ""source:business_plan_extract""}"
claim:0075,author:astrelia_management,BY_AUTHOR,"{""rel"": ""BY_AUTHOR"", ""source"": ""claim:0075"", ""target"": ""author:astrelia_management""}"
claim:0075,area:market,IN_AREA,"{""rel"": ""IN_AREA"", ""source"": ""claim:0075"", ""target"": ""area:market""}"
